{"schemaVersion":1,"dataKind":"ranking-year","indicatorId":"MILITARY_SPENDING_PERCENT_GDP","year":1950,"valuesByCountry":{"ARG":2.914286,"AUS":2.877901,"CAN":2.427451,"CHL":2.6397,"CRI":0,"DNK":1.664503,"FRA":4.654181,"GBR":7.208433,"GRC":6.008832,"ISL":0,"LUX":1.337468,"MEX":0.863747,"NOR":2.368473,"PER":2.832057,"PRT":2.342609,"USA":5.081963}}