{"schemaVersion":1,"dataKind":"ranking-year","indicatorId":"MILITARY_SPENDING_PERCENT_GDP","year":1951,"valuesByCountry":{"AUS":3.73506,"CAN":4.662253,"CHL":3.069556,"CRI":0,"DNK":2.052989,"FRA":5.986863,"GBR":8.295196,"GRC":6.636858,"HND":0.960938,"ISL":0,"ITA":3.77709,"LKA":0.245485,"LUX":1.558348,"MEX":0.764151,"NOR":3.048228,"PER":2.918694,"USA":10.167021,"ZAF":1.620538}}