{"schemaVersion":1,"dataKind":"ranking-year","indicatorId":"MILITARY_SPENDING_PERCENT_GDP","year":1952,"valuesByCountry":{"AUS":5.180596,"CAN":6.798768,"CHL":2.573077,"CRI":0,"DNK":2.739504,"FRA":7.22792,"GBR":10.373949,"GRC":6.428884,"HND":0.914329,"ISL":0,"ITA":3.994121,"JPN":2.070935,"LKA":0.337704,"LUX":2.372111,"MEX":0.721754,"NOR":4.008296,"PER":2.656936,"USA":13.860081,"ZAF":1.739542}}