{"schemaVersion":1,"dataKind":"ranking-year","indicatorId":"MILITARY_SPENDING_PERCENT_GDP","year":1953,"valuesByCountry":{"AUS":4.79986,"BEL":4.862558,"BOL":0.527547,"BRA":3.595506,"CAN":7.373556,"CHL":2.780007,"CRI":0,"DEU":3.947963,"DNK":3.363347,"ECU":1.941592,"FRA":7.571529,"GBR":10.960455,"GRC":5.114602,"HND":0.962569,"ISL":0,"ITA":3.327557,"JPN":2.031072,"KOR":2.362869,"LKA":0.448908,"LUX":2.885817,"MEX":0.811545,"NOR":5.077809,"PAK":6.31677,"PER":2.777532,"PRT":2.487269,"USA":13.580272,"ZAF":1.351771}}