{"schemaVersion":1,"dataKind":"ranking-year","indicatorId":"MILITARY_SPENDING_PERCENT_GDP","year":1954,"valuesByCountry":{"AUS":3.968254,"BEL":4.880254,"CAN":6.862727,"CHL":1.690967,"CRI":0,"DEU":3.722902,"DNK":3.194369,"ESP":2.290868,"FRA":6.120786,"GBR":10.056822,"GRC":5.493515,"HND":0.995605,"ISL":0,"ITA":3.532193,"JPN":2.193151,"KOR":5.853659,"LKA":0.671403,"LUX":3.258369,"MEX":0.875346,"NOR":5.004605,"PAK":5.353675,"PER":2.691173,"PRT":2.575508,"USA":11.736596,"ZAF":1.202289}}