{"schemaVersion":1,"dataKind":"ranking-year","indicatorId":"MILITARY_SPENDING_PERCENT_GDP","year":1955,"valuesByCountry":{"AUS":3.859614,"BEL":3.783412,"BOL":0.316884,"CAN":6.177778,"CHL":2.3,"CRI":0,"DEU":3.826139,"DNK":3.181189,"ESP":2.3107,"FRA":5.384835,"GBR":9.085132,"GRC":5.113615,"GTM":1.310712,"HND":1.101093,"ISL":0,"ITA":3.251679,"JPN":2.102874,"KOR":6.242263,"LKA":0.545203,"LUX":3.228044,"MEX":0.786848,"NOR":3.925365,"PAK":5.573748,"PER":2.768045,"PRT":2.603133,"USA":10.156245,"VEN":2.576571,"ZAF":1.216052}}