{"schemaVersion":1,"dataKind":"ranking-year","indicatorId":"MILITARY_SPENDING_PERCENT_GDP","year":1956,"valuesByCountry":{"AUS":3.670699,"BEL":3.558163,"BOL":0.355895,"CAN":5.685825,"CHL":2.3,"CRI":0,"DEU":3.395179,"DNK":3.026286,"ESP":2.260094,"FRA":6.460393,"GBR":8.562548,"GRC":5.941593,"GTM":1.268656,"HND":1.122174,"IND":2.020049,"ISL":0,"ITA":3.166196,"JPN":1.745877,"KOR":8.327781,"LKA":0.677006,"LUX":1.895434,"MAR":1.180654,"MEX":0.738569,"NLD":5.793747,"NOR":3.521229,"NZL":3.108758,"PAK":5.025079,"PER":2.981724,"PRT":2.480163,"SDN":1.12,"USA":9.901012,"VEN":2.754902,"ZAF":1.292943}}