{"schemaVersion":1,"dataKind":"ranking-year","indicatorId":"MILITARY_SPENDING_PERCENT_GDP","year":1957,"valuesByCountry":{"AUS":3.317214,"AUT":1.626846,"BEL":3.608399,"BOL":0.818611,"BRA":4.403521,"CAN":5.34932,"CHE":2.831432,"CHL":3.05,"CRI":0,"DEU":3.88006,"DNK":3.078795,"ECU":2.411294,"ESP":2.234643,"FRA":6.160596,"GBR":7.986622,"GRC":5.002741,"GTM":1.299225,"HND":1.645554,"IND":2.475,"IRQ":6.542694,"ISL":0,"ITA":3.085874,"JPN":1.496551,"KOR":6.796117,"LKA":0.911807,"LUX":1.947197,"MAR":1.759003,"MEX":0.734199,"MYS":3.745611,"NLD":5.316838,"NOR":3.58657,"NZL":2.858427,"PAK":4.172738,"PER":2.921895,"PRT":2.465889,"SDN":1.636667,"THA":3.575985,"USA":9.992439,"VEN":3.216472,"ZAF":1.300202}}