{"schemaVersion":1,"dataKind":"ranking-year","indicatorId":"MILITARY_SPENDING_PERCENT_GDP","year":1958,"valuesByCountry":{"AUS":3.254561,"AUT":1.812384,"BEL":3.570957,"BRA":4.067521,"CAN":4.937796,"CHE":2.988434,"CHL":2.7,"COL":2.354591,"CRI":0,"DEU":2.777266,"DNK":2.877111,"DOM":5.310447,"ECU":2.282293,"ESP":1.933435,"FIN":1.707965,"FRA":5.68753,"GBR":7.62453,"GHA":1.003516,"GRC":4.766143,"GTM":1.237996,"HND":1.716535,"IND":1.92249,"IRL":1.448952,"IRQ":6.075353,"ISL":0,"ITA":3.042134,"JPN":1.432187,"KOR":7.427447,"LKA":1.240101,"LUX":1.925519,"MAR":2.141983,"MEX":0.687403,"MYS":4.064542,"NLD":4.718195,"NOR":3.506009,"NZL":2.825291,"PAK":4.253033,"PER":2.896903,"PHL":1.958746,"PRT":2.440196,"SDN":1.519757,"THA":3.248622,"USA":10.071764,"VEN":3.433127,"ZAF":0.98094}}