{"schemaVersion":1,"dataKind":"ranking-year","indicatorId":"MILITARY_SPENDING_PERCENT_GDP","year":1959,"valuesByCountry":{"ARG":0.813,"AUS":3.103289,"AUT":1.702111,"BEL":3.518336,"BRA":2.963363,"CAN":4.399768,"CHE":2.710817,"CHL":2.15,"COL":1.830867,"CRI":0,"DEU":4.148519,"DNK":2.589014,"ECU":1.902675,"ESP":1.905453,"FIN":1.874929,"FRA":5.635247,"GBR":7.290603,"GHA":1.030826,"GRC":4.856466,"GTM":1.266142,"HND":1.513678,"IND":2.136072,"IRL":1.418392,"IRQ":6.712798,"ISL":0,"ITA":2.953894,"JOR":22.540107,"JPN":1.264187,"KOR":7.638889,"LKA":1.230568,"LUX":1.757051,"MAR":2.469734,"MEX":0.64488,"MYS":3.07581,"NLD":4.023828,"NOR":3.575812,"NZL":2.817284,"PAK":4.335617,"PER":2.796474,"PHL":1.839133,"PRT":2.597087,"SDN":1.710059,"THA":3.014767,"USA":9.438773,"VEN":2.958209,"ZAF":0.880671}}