{"schemaVersion":1,"dataKind":"ranking-year","indicatorId":"MILITARY_SPENDING_PERCENT_GDP","year":1960,"valuesByCountry":{"ARG":1.55,"AUS":2.369545,"AUT":1.458186,"BEL":3.397348,"BEN":0.871585,"BFA":0.682018,"BRA":2.679135,"CAN":4.185257,"CHE":2.34145,"CHL":3.118406,"COL":1.884323,"CRI":0,"DEU":3.752395,"DNK":2.728878,"DOM":5.231526,"ECU":2.376237,"ESP":2.250747,"FIN":1.769041,"FRA":5.428486,"GBR":7.092486,"GHA":1.706659,"GRC":4.857303,"GTM":1.157922,"HND":1.168405,"IND":2.004012,"IRL":1.330387,"IRN":2.294909,"IRQ":7.050632,"ISL":0,"ISR":7.460248,"ITA":2.713826,"JOR":20.396745,"JPN":1.080595,"KOR":7.157548,"LBY":1.592,"LKA":1.183052,"LUX":1.003878,"MAR":2.315732,"MEX":0.673509,"MYS":2.676441,"NGA":0.695833,"NLD":3.703902,"NOR":3.200436,"NZL":2.690733,"PAK":4.312663,"PER":2.508001,"PHL":1.778459,"PRT":2.555671,"PRY":2.528964,"SDN":1.917404,"SWE":3.776971,"SYR":10.517747,"THA":2.465265,"TUN":2.004788,"TUR":3.531571,"USA":8.993125,"VEN":3.058044,"ZAF":0.950977}}