{"schemaVersion":1,"dataKind":"ranking-year","indicatorId":"MILITARY_SPENDING_PERCENT_GDP","year":1961,"valuesByCountry":{"ARG":2.14,"AUS":2.41514,"AUT":1.309338,"BEL":3.25907,"BEN":1.395288,"BFA":0.834369,"BOL":1.203464,"BRA":2.364066,"CAN":4.128312,"CHE":2.469077,"CHL":3.527447,"COL":2.143256,"CRI":0,"DEU":3.722578,"DNK":2.586812,"DOM":5.229794,"ECU":2.046767,"ESP":2.031245,"ETH":1.855878,"FIN":1.836182,"FRA":5.295608,"GBR":6.921388,"GHA":2.103004,"GRC":4.24357,"GTM":1.122221,"HND":1.075843,"IND":2.07436,"IRL":1.320142,"IRN":2.346642,"IRQ":6.851399,"ISL":0,"ISR":7.865016,"ITA":2.573869,"JOR":16.507077,"JPN":0.91666,"KOR":6.72615,"LBY":1.855072,"LKA":1.183273,"LUX":1.107038,"MAR":2.702434,"MDG":1.502152,"MEX":0.65178,"MLI":2.702247,"MMR":6.12346,"MYS":2.23291,"NGA":0.849453,"NLD":4.087284,"NOR":3.004204,"NZL":2.485627,"PAK":4.097891,"PER":2.644757,"PHL":1.702908,"PRT":3.887502,"PRY":2.27915,"SDN":1.844961,"SLE":0.726554,"SOM":0.230825,"SWE":3.720613,"SYR":9.544917,"TGO":0.265563,"THA":2.097677,"TUN":2.215909,"TUR":3.764543,"USA":9.156032,"VEN":1.422222,"ZAF":1.467849}}