{"schemaVersion":1,"dataKind":"ranking-year","indicatorId":"MILITARY_SPENDING_PERCENT_GDP","year":1962,"valuesByCountry":{"ARG":2.66,"AUS":2.363695,"AUT":1.352072,"BDI":3.943794,"BEL":3.284752,"BEN":1.751634,"BFA":2.345703,"BOL":1.1587,"BRA":2.398683,"CAN":3.999216,"CHE":2.567568,"CHL":3.043709,"CIV":1.275534,"COL":3.099415,"CRI":0,"DEU":4.475135,"DNK":3.018273,"DOM":4.319654,"ECU":2.045454,"EGY":6.675479,"ESP":2.267746,"ETH":1.93219,"FIN":2.513178,"FRA":5.158871,"GBR":6.944166,"GHA":2.001003,"GRC":4.04843,"GTM":1.045308,"HND":0.988387,"IND":2.7454,"IRL":1.29022,"IRN":2.307411,"IRQ":6.910817,"ISL":0,"ISR":9.160792,"ITA":2.633838,"JOR":18.1455,"JPN":0.882982,"KOR":6.867196,"LBY":3.104167,"LKA":1.082855,"LUX":1.286696,"MAR":2.565913,"MDG":1.537313,"MEX":0.689655,"MLI":2.891304,"MMR":5.690711,"MYS":2.187041,"NGA":1.096979,"NLD":4.122775,"NOR":3.241518,"NZL":2.309937,"PAK":3.655873,"PER":2.425068,"PHL":1.808816,"PRT":4.226674,"PRY":2.297392,"SDN":2.059524,"SLE":0.714214,"SOM":0.25447,"SWE":3.863444,"SYR":13.469985,"TGO":0.546875,"THA":2.628547,"TUN":1.729605,"TUR":3.711083,"UGA":0.11329,"USA":9.331673,"VEN":2.312902,"ZAF":2.254837}}