{"schemaVersion":1,"dataKind":"ranking-year","indicatorId":"MILITARY_SPENDING_PERCENT_GDP","year":1963,"valuesByCountry":{"ARG":1.68,"AUS":2.446635,"AUT":1.579668,"BDI":0.434783,"BEL":3.216631,"BEN":1.736842,"BFA":2.383057,"BOL":1.326412,"BRA":2.260839,"CAN":3.62065,"CHE":2.516337,"CHL":2.865396,"CIV":0.998989,"COL":3.51514,"CRI":0,"DEU":4.876583,"DNK":3.041524,"DOM":3.865213,"DZA":2.511485,"ECU":1.765212,"EGY":8.664688,"ESP":1.969633,"ETH":2.428367,"FIN":1.927142,"FRA":4.740086,"GBR":6.800743,"GHA":2.016349,"GRC":3.824485,"GTM":1.173008,"HND":0.931707,"IND":4.025306,"IRL":1.242817,"IRN":2.590357,"IRQ":8.250885,"ISL":0,"ISR":9.753574,"ITA":2.753438,"JOR":17.118513,"JPN":0.902912,"KEN":0.20649,"KOR":4.823859,"LBY":2.407942,"LKA":0.897792,"LUX":1.181274,"MAR":3.195616,"MDG":1.46037,"MEX":0.718686,"MLI":2.646914,"MMR":6.847141,"MYS":2.420614,"NGA":1.103191,"NLD":4.010834,"NOR":3.208427,"NZL":2.198289,"PAK":3.648413,"PER":3.316391,"PHL":1.855862,"PRT":3.955789,"PRY":2.398854,"SAU":5.902698,"SDN":2.149123,"SLE":0.763132,"SOM":0.290155,"SWE":3.967277,"TGO":0.839955,"THA":2.61604,"TUN":1.508011,"TUR":3.387339,"UGA":0.369318,"USA":8.831891,"VEN":2.553588,"ZAF":2.064608}}