{"schemaVersion":1,"dataKind":"ranking-year","indicatorId":"MILITARY_SPENDING_PERCENT_GDP","year":1964,"valuesByCountry":{"ARG":1.15,"AUS":2.648243,"AUT":1.8873,"BDI":0.44562,"BEL":3.213472,"BEN":2.181699,"BFA":2.605159,"BRA":2.014498,"CAN":3.402063,"CHE":2.535856,"CHL":2.635187,"CIV":1.14393,"COD":3.9e-05,"COL":3.180804,"CRI":0,"DEU":4.363985,"DNK":2.842914,"DOM":3.783495,"DZA":3.496454,"ECU":1.909954,"EGY":10.32839,"ESP":1.930559,"ETH":2.921584,"FIN":1.859273,"FRA":4.54025,"GBR":6.596056,"GHA":1.921989,"GRC":3.573562,"GTM":1.003834,"HND":1.280088,"IND":3.819237,"IRL":1.303208,"IRN":2.881827,"IRQ":7.956514,"ISL":0,"ISR":8.984627,"ITA":2.727356,"JOR":14.842176,"JPN":0.875046,"KEN":0.589888,"KOR":4.13444,"LBN":3.65625,"LBY":1.84375,"LKA":0.851726,"LUX":1.378998,"MAR":2.835869,"MDG":1.45875,"MEX":0.677507,"MLI":2.868778,"MMR":6.022346,"MYS":3.163552,"NGA":1.233704,"NLD":3.932653,"NOR":3.119164,"NZL":2.472834,"PAK":3.86589,"PER":3.340228,"PHL":1.704942,"PRT":4.111497,"PRY":2.403766,"SAU":5.966305,"SDN":3.142241,"SLE":0.780771,"SOM":0.330488,"SWE":3.866198,"SYR":8.642973,"TGO":2.157113,"THA":2.430025,"TUN":1.744186,"TUR":3.422465,"UGA":0.651163,"USA":8.051281,"VEN":2.446689,"ZAF":2.695609}}