{"schemaVersion":1,"dataKind":"ranking-year","indicatorId":"MILITARY_SPENDING_PERCENT_GDP","year":1965,"valuesByCountry":{"ARG":1.07,"AUS":2.952293,"AUT":1.507213,"BDI":1.352337,"BEL":2.973064,"BEN":2.106509,"BFA":1.524823,"BRA":3.352092,"CAN":2.930261,"CHE":2.467959,"CHL":2.885713,"CIV":1.319699,"COL":3.190947,"CRI":0,"DEU":4.072117,"DNK":2.832138,"DOM":4.21207,"DZA":3.418635,"ECU":2.069565,"EGY":10.117435,"ESP":1.884867,"ETH":3.229935,"FIN":1.79734,"FRA":4.39532,"GBR":6.436979,"GHA":1.732606,"GRC":3.498465,"GTM":1.39559,"HND":1.229105,"IND":3.871415,"IRL":1.326908,"IRN":3.249525,"IRQ":8.873267,"ISL":0,"ISR":8.569154,"ITA":2.74758,"JOR":13.409905,"JPN":0.899714,"KEN":0.990335,"KOR":4.410475,"LBN":3.888731,"LBR":1.177497,"LBY":1.857143,"LKA":0.85261,"LUX":1.35073,"MAR":2.429331,"MDG":1.590854,"MEX":0.59127,"MLI":2.519912,"MMR":6.695621,"MWI":0.701998,"MYS":4.01105,"NGA":1.401452,"NLD":3.57129,"NOR":3.397937,"NZL":2.355558,"PAK":5.904668,"PER":3.098346,"PHL":1.5492,"PRT":3.813613,"PRY":2.633088,"SAU":7.690089,"SDN":4.115304,"SLE":0.722648,"SLV":0.738684,"SOM":0.296956,"SWE":3.912631,"SYR":8.877953,"TGO":1.895386,"THA":2.325919,"TUN":1.287719,"TUR":3.554419,"UGA":1.132939,"USA":7.587247,"VEN":2.636436,"ZAF":2.630829,"ZWE":1.189568}}