{"schemaVersion":1,"dataKind":"ranking-year","indicatorId":"MILITARY_SPENDING_PERCENT_GDP","year":1966,"valuesByCountry":{"ARG":1.168,"AUS":3.451383,"AUT":1.624405,"BDI":1.382288,"BEL":3.112586,"BEN":1.900233,"BFA":1.649485,"BRA":3.021982,"CAN":2.683282,"CHE":2.530793,"CHL":2.735921,"CIV":1.263566,"COD":4.3e-05,"COL":3.165245,"CRI":0,"DEU":3.891183,"DNK":2.63675,"DOM":3.46272,"DZA":3.512594,"ECU":1.824222,"EGY":8.718269,"ESP":2.079619,"ETH":3.107199,"FIN":1.713951,"FRA":4.290103,"GBR":6.249037,"GHA":2.226614,"GRC":3.584687,"GTM":1.373455,"HND":1.181818,"IND":3.572371,"IRL":1.23436,"IRN":3.818995,"IRQ":8.520558,"ISL":0,"ISR":9.434673,"ITA":2.98872,"JOR":19.494261,"JPN":0.879421,"KEN":1.133268,"KOR":4.688874,"LBN":4.163434,"LBR":1.145194,"LBY":2.914923,"LKA":0.872916,"LUX":1.341392,"MAR":2.67757,"MDG":1.542275,"MEX":0.576379,"MLI":2.408034,"MMR":6.125579,"MWI":0.645793,"MYS":4.728255,"NGA":1.101151,"NLD":3.370284,"NOR":3.56796,"NZL":2.639267,"PAK":6.730522,"PER":2.843567,"PHL":1.651727,"PRT":3.852896,"PRY":2.916845,"SAU":11.324232,"SDN":3.525151,"SLE":0.692631,"SLV":0.70908,"SOM":0.353645,"SWE":3.858013,"SYR":7.747177,"TGO":1.337478,"THA":2.165368,"TUN":1.317475,"TUR":3.143981,"UGA":1.437236,"USA":8.4353,"VEN":2.656883,"ZAF":2.704873,"ZWE":1.322462}}