{"schemaVersion":1,"dataKind":"ranking-year","indicatorId":"MILITARY_SPENDING_PERCENT_GDP","year":1967,"valuesByCountry":{"ARG":1.4,"AUS":3.793764,"AUT":1.609166,"BDI":1.332607,"BEL":3.134582,"BEN":1.976252,"BFA":1.325073,"BRA":2.856972,"CAN":2.747927,"CHE":2.382374,"CHL":2.713633,"CIV":1.312659,"COL":3.117365,"CRI":0,"DEU":4.058782,"DNK":2.588211,"DOM":3.191869,"DZA":3.0191,"ECU":1.804423,"EGY":8.907699,"ESP":1.851957,"ETH":2.486225,"FIN":1.615521,"FRA":4.295246,"GAB":1.107784,"GBR":6.235704,"GRC":4.345708,"GTM":1.457146,"HND":1.137124,"IND":3.223924,"IRL":1.187127,"IRN":4.457992,"IRQ":8.427062,"ISL":0,"ISR":15.442514,"ITA":2.767747,"JOR":23.492462,"JPN":0.83623,"KEN":1.304994,"KOR":4.685143,"LBN":4.842932,"LBR":1.168582,"LBY":3.360947,"LKA":0.845137,"LUX":1.102537,"MAR":2.617647,"MDG":1.550026,"MEX":0.545217,"MLI":2.403846,"MMR":5.201799,"MWI":0.716937,"MYS":4.497029,"NGA":5.808201,"NLD":3.523336,"NOR":3.512563,"NZL":2.623715,"PAK":5.404604,"PER":4.703633,"PHL":1.739939,"PRT":4.46379,"PRY":3.031559,"SAU":11.511831,"SDN":3.654618,"SLE":0.796947,"SLV":0.694254,"SOM":0.387944,"SWE":3.611452,"SYR":8.213962,"TGO":1.33974,"THA":2.426817,"TUN":1.421053,"TUR":3.259574,"TZA":1.423124,"UGA":1.623482,"USA":9.417796,"VEN":2.858515,"ZAF":2.788019,"ZWE":1.360057}}