{"schemaVersion":1,"dataKind":"ranking-year","indicatorId":"MILITARY_SPENDING_PERCENT_GDP","year":1968,"valuesByCountry":{"ARG":1.685714,"AUS":3.837274,"AUT":1.542675,"BDI":1.414223,"BEL":3.11509,"BEN":2.072125,"BFA":1.178481,"BOL":1.350152,"BRA":2.64974,"CAN":2.543642,"CHE":2.176518,"CHL":2.527068,"CIV":1.16049,"COD":4.2e-05,"COL":2.385372,"CRI":0,"DEU":3.390604,"DNK":2.675934,"DOM":3.245171,"DZA":2.614728,"ECU":1.923973,"EGY":11.133044,"ESP":2.297673,"ETH":2.195616,"FIN":1.755074,"FRA":4.136846,"GAB":1.015089,"GBR":5.941105,"GHA":2.655882,"GRC":4.69018,"GTM":1.266687,"HND":1.08545,"IND":3.245569,"IRL":1.132851,"IRN":5.176364,"IRQ":9.220854,"ISL":0,"ISR":17.428015,"ITA":2.648962,"JOR":24.063819,"JPN":0.793867,"KEN":1.218343,"KOR":4.730642,"LBN":4.844372,"LBR":1.101879,"LBY":2.855946,"LKA":0.794532,"LUX":0.913193,"MAR":3.004572,"MDG":1.546218,"MEX":0.548511,"MLI":1.990812,"MMR":5.023197,"MUS":0.155797,"MWI":0.69543,"MYS":4.453163,"NGA":9.159138,"NIC":1.459645,"NLD":3.256335,"NOR":3.607843,"NZL":2.727683,"PAK":5.103906,"PER":2.357374,"PHL":1.867472,"PRT":4.502816,"PRY":3.21105,"SAU":8.087455,"SDN":3.75,"SLE":0.804869,"SLV":0.655571,"SOM":0.407227,"SWE":3.476547,"SYR":12.164879,"TGO":1.358863,"THA":2.75456,"TTO":0.670378,"TUN":1.442685,"TUR":3.275556,"TZA":1.473203,"UGA":1.794081,"USA":9.268454,"VEN":2.677376,"ZAF":2.761175,"ZWE":2.068127}}