{"schemaVersion":1,"dataKind":"ranking-year","indicatorId":"MILITARY_SPENDING_PERCENT_GDP","year":1969,"valuesByCountry":{"ARG":1.9375,"AUS":3.38592,"AUT":1.499257,"BDI":1.754491,"BEL":2.931815,"BEN":1.894737,"BFA":1.246722,"BOL":1.318225,"BRA":2.61559,"CAN":2.273785,"CHE":2.197924,"CHL":2.2609,"CIV":1.148796,"COD":4.2e-05,"COL":2.054924,"CRI":0,"DEU":3.382875,"DNK":2.391608,"DOM":2.647824,"DZA":2.386867,"ECU":2.370616,"EGY":14.336053,"ESP":2.434168,"ETH":2.020665,"FIN":1.437478,"FRA":3.679752,"GAB":1.367596,"GBR":5.502196,"GHA":2.501251,"GRC":4.788786,"GTM":1.026,"HND":1.068249,"IND":3.140815,"IRL":1.09928,"IRN":5.969054,"IRQ":11.380085,"ISL":0,"ISR":19.089317,"ITA":2.422401,"JOR":20.175045,"JPN":0.772551,"KEN":1.080069,"KOR":4.694395,"LBN":4.644031,"LBR":0.993485,"LBY":3.762887,"LKA":0.807396,"LUX":0.816406,"MAR":2.390217,"MDG":1.507246,"MEX":0.60016,"MLI":2.175516,"MMR":5.310429,"MUS":0.180502,"MWI":0.667962,"MYS":3.922268,"NGA":10.316958,"NIC":1.377015,"NLD":3.228929,"NOR":3.604252,"NZL":2.566225,"PAK":5.512042,"PER":2.38756,"PHL":2.090888,"PRT":4.139017,"PRY":3.161486,"SAU":9.570516,"SDN":5.197256,"SLE":0.872658,"SLV":0.715462,"SOM":0.41958,"SWE":3.459281,"SYR":10.826169,"TGO":1.282235,"THA":2.991367,"TTO":0.675372,"TUN":1.314235,"TUR":3.079338,"TZA":1.734978,"UGA":1.824581,"USA":8.633264,"VEN":2.498923,"ZAF":2.608479,"ZWE":2.422769}}