{"schemaVersion":1,"dataKind":"ranking-year","indicatorId":"MILITARY_SPENDING_PERCENT_GDP","year":1970,"valuesByCountry":{"AFG":1.629606,"ARG":1.877778,"AUS":2.966036,"AUT":1.38013,"BEL":2.91864,"BEN":1.625282,"BFA":1.172239,"BOL":1.612216,"BRA":2.88729,"CAN":2.18898,"CHE":2.103347,"CHL":4.450451,"CIV":1.181007,"CMR":1.872128,"COD":5.5e-05,"COG":4.860403,"COL":2.259547,"CRI":0,"DEU":2.998672,"DNK":2.42912,"DOM":2.416695,"DZA":2.130539,"ECU":1.83369,"EGY":15.987883,"ESP":2.286616,"ETH":1.88311,"FIN":1.375854,"FJI":0.187696,"FRA":3.458558,"GAB":1.432402,"GBR":5.197413,"GHA":2.118194,"GRC":4.197302,"GTM":1.696429,"HND":1.369295,"HUN":4.030075,"IND":3.185183,"IRL":1.158609,"IRN":5.856903,"IRQ":11.168226,"ISL":0,"ISR":23.447056,"ITA":2.05821,"JOR":18.508026,"JPN":0.77323,"KEN":1.057483,"KOR":4.403347,"KWT":2.392788,"LBN":4.33621,"LBR":1.098731,"LBY":6.072931,"LKA":0.916642,"LUX":0.754877,"MAR":2.316006,"MDG":1.351243,"MEX":0.497412,"MLI":2.228047,"MMR":5.601945,"MUS":0.219466,"MWI":0.641146,"MYS":5.165272,"NGA":5.27925,"NIC":1.584261,"NLD":2.866236,"NOR":3.472839,"NPL":0.593019,"NZL":2.63203,"PAK":6.158388,"PER":3.50644,"PHL":2.156757,"PRT":4.137881,"PRY":3.315872,"SAU":9.403527,"SDN":4.954008,"SGP":5.399081,"SLE":0.934985,"SLV":0.629834,"SOM":0.496014,"SWE":3.358668,"SYR":11.220588,"TGO":1.368395,"THA":3.065299,"TTO":0.754396,"TUN":1.561673,"TUR":3.256489,"TZA":2.299978,"UGA":1.973029,"USA":8.032744,"VEN":2.294016,"ZAF":2.333745,"ZWE":2.438701}}