{"schemaVersion":1,"dataKind":"ranking-year","indicatorId":"MILITARY_SPENDING_PERCENT_GDP","year":1971,"valuesByCountry":{"ARG":1.807692,"AUS":2.763152,"AUT":1.246107,"BDI":1.032409,"BEL":2.898926,"BEN":1.601042,"BFA":1.177165,"BOL":1.391586,"BRA":2.619047,"CAN":2.131486,"CHE":2.052527,"CHL":6.264815,"CIV":1.500341,"CMR":1.84267,"COD":4.9e-05,"COG":4.600243,"COL":3.374174,"CRI":0,"DEU":3.046034,"DNK":2.362222,"DOM":2.19622,"DZA":2.087585,"ECU":1.854025,"EGY":17.187012,"ESP":2.107972,"ETH":1.906072,"FIN":1.449047,"FJI":0.217084,"FRA":3.316093,"GAB":1.440533,"GBR":5.076331,"GHA":1.701319,"GRC":4.119199,"GTM":1.118501,"HND":1.470019,"HUN":3.741685,"IND":3.652454,"IRL":1.243945,"IRN":3.047012,"IRQ":10.516111,"ISL":0,"ISR":22.799803,"ITA":2.238971,"JOR":17.152962,"JPN":0.824119,"KEN":1.227715,"KOR":4.734989,"KWT":1.892185,"LBN":4.000741,"LBR":1.185944,"LBY":5.32268,"LKA":1.362633,"LUX":0.788807,"MAR":2.628625,"MDG":1.316574,"MEX":0.487656,"MLI":1.916168,"MMR":5.651225,"MUS":0.223945,"MWI":0.581517,"MYS":5.372443,"NGA":4.39212,"NIC":1.505737,"NLD":2.83883,"NOR":3.391504,"NPL":0.617911,"NZL":2.316701,"OMN":9.652278,"PAK":6.735533,"PER":3.619516,"PHL":2.069991,"PRT":4.331766,"PRY":3.225225,"SAU":8.640194,"SDN":4.603365,"SGP":5.641703,"SLE":0.898738,"SLV":0.71802,"SOM":0.483051,"SWE":3.410037,"SYR":8.436291,"TGO":1.408313,"THA":3.560976,"TTO":0.961321,"TUN":1.475261,"TUR":3.499794,"TZA":3.097616,"UGA":3.468664,"USA":6.94307,"VEN":2.699408,"ZAF":2.458193,"ZWE":2.288062}}