{"schemaVersion":1,"dataKind":"ranking-year","indicatorId":"MILITARY_SPENDING_PERCENT_GDP","year":1972,"valuesByCountry":{"ARG":1.82381,"AUS":2.685621,"AUT":1.202287,"BDI":1.458671,"BEL":2.88076,"BEN":1.487794,"BFA":1.139854,"BOL":1.595542,"BRA":2.435812,"CAN":2.011818,"CHE":1.968126,"CHL":6.625414,"CIV":1.695634,"CMR":1.762855,"COD":4e-05,"COG":3.52967,"COL":1.967196,"CRI":0,"DEU":3.152831,"DNK":2.179973,"DOM":1.987521,"DZA":1.795844,"ECU":1.990023,"EGY":13.56453,"ESP":2.317782,"ETH":1.93641,"FIN":1.530846,"FJI":0.248851,"FRA":3.230305,"GAB":1.55023,"GBR":5.171048,"GHA":1.42984,"GRC":3.956525,"GTM":1.141987,"HND":1.836007,"HUN":3.273657,"IND":3.717947,"IRL":1.328811,"IRN":2.27537,"IRQ":10.641092,"ISL":0,"ISR":20.371019,"ITA":2.391176,"JOR":18.355185,"JPN":0.842475,"KEN":1.541812,"KOR":5.010068,"KWT":2.038934,"LBN":5.090338,"LBR":1.100244,"LBY":3.709677,"LKA":1.185807,"LUX":0.81692,"MAR":2.843915,"MDG":1.488193,"MEX":0.536568,"MLI":2.375566,"MMR":5.45164,"MUS":0.202514,"MWI":0.6022,"MYS":4.978903,"NGA":5.390269,"NIC":1.86729,"NLD":2.81854,"NOR":3.291466,"NPL":0.647556,"NZL":2.183268,"OMN":14.861506,"PAK":6.865956,"PER":3.630811,"PHL":2.336157,"PRT":4.061044,"PRY":3.846463,"SAU":10.081552,"SDN":4.19175,"SGP":5.085808,"SLE":0.953064,"SLV":0.881573,"SOM":0.453608,"SWE":3.407964,"SYR":10.771565,"TGO":1.475644,"THA":3.474247,"TTO":0.841941,"TUN":1.41452,"TUR":3.445521,"TZA":3.432689,"UGA":4.062172,"URY":2.198068,"USA":6.519757,"VEN":2.829268,"ZAF":2.372669,"ZWE":2.182843}}