{"schemaVersion":1,"dataKind":"ranking-year","indicatorId":"MILITARY_SPENDING_PERCENT_GDP","year":1973,"valuesByCountry":{"AFG":1.86891,"ARG":1.848571,"AUS":2.379347,"AUT":1.184989,"BDI":1.946212,"BEL":2.835311,"BEN":1.677528,"BFA":1.235187,"BGD":0.656721,"BOL":1.622636,"BRA":2.154651,"CAN":1.832602,"CHE":1.861449,"CHL":6.283821,"CIV":1.130343,"CMR":1.760674,"COD":3.5e-05,"COG":4.220273,"COL":1.690245,"CRI":0,"DEU":3.144977,"DNK":1.975808,"DOM":1.791274,"DZA":1.688162,"ECU":1.97657,"EGY":13.513514,"ESP":2.110742,"ETH":1.925554,"FIN":1.453702,"FJI":0.218741,"FRA":3.143719,"GAB":1.303538,"GBR":4.906161,"GHA":1.364934,"GRC":3.517709,"GTM":0.910754,"GUY":1.645963,"HND":1.683377,"HUN":3.006993,"IND":3.158644,"IRL":1.312695,"IRN":1.864705,"IRQ":12.258362,"ISL":0,"ISR":27.856093,"ITA":2.195817,"JOR":18.665158,"JPN":0.815014,"KEN":1.659278,"KOR":4.034732,"KWT":2.524938,"LBN":3.815289,"LBR":0.968992,"LBY":3.984862,"LKA":0.87481,"LUX":0.782485,"MAR":3.061798,"MDG":1.523858,"MEX":0.544218,"MLI":2.655809,"MMR":5.113946,"MUS":0.188985,"MWI":1.06044,"MYS":3.872243,"NGA":5.478468,"NIC":1.420567,"NLD":2.702997,"NOR":3.133605,"NPL":0.657681,"NZL":1.973041,"OMN":18.595041,"PAK":6.210643,"PER":3.92539,"PHL":2.813805,"PRT":3.479563,"PRY":3.417437,"RWA":1.884892,"SAU":10.840448,"SDN":3.162119,"SGP":4.704631,"SLE":1.042461,"SLV":0.864971,"SOM":0.505495,"SWE":3.278587,"SYR":15.069466,"TGO":1.694915,"THA":2.882243,"TTO":0.683449,"TUN":1.398419,"TUR":3.349451,"TZA":4.174617,"UGA":3.495779,"URY":3.764155,"USA":5.893871,"VEN":2.47099,"ZAF":2.64691,"ZWE":2.625854}}