{"schemaVersion":1,"dataKind":"ranking-year","indicatorId":"MILITARY_SPENDING_PERCENT_GDP","year":1974,"valuesByCountry":{"AFG":1.610825,"ARG":1.659184,"AUS":2.262803,"AUT":1.276883,"BDI":2.225083,"BEL":2.761416,"BEN":1.442379,"BFA":1.151908,"BGD":0.604303,"BOL":1.836654,"BRA":1.941353,"CAN":1.783813,"CHE":1.875974,"CHL":7.109561,"CIV":1.339648,"CMR":1.691941,"COD":5.3e-05,"COG":4.240876,"COL":1.57578,"CRI":0,"DEU":3.246031,"DNK":2.234844,"DOM":1.965066,"DZA":1.957668,"ECU":2.01589,"EGY":17.274244,"ESP":2.207564,"ETH":2.794582,"FIN":1.270179,"FJI":0.242222,"FRA":3.086441,"GAB":0.67958,"GBR":5.069427,"GHA":1.581545,"GRC":4.824469,"GTM":0.898308,"GUY":2.850575,"HND":1.598865,"HUN":3.207841,"IDN":2.705921,"IND":3.202826,"IRL":1.406932,"IRN":8.75035,"IRQ":12.494819,"ISL":0,"ISR":27.655286,"ITA":2.070627,"JOR":17.509987,"JPN":0.862068,"KEN":1.777003,"KOR":4.541446,"KWT":2.957765,"LBR":0.934292,"LBY":3.29127,"LKA":0.795086,"LUX":0.758206,"MAR":3.145833,"MDG":1.670689,"MEX":0.565744,"MLI":2.865916,"MMR":4.021087,"MUS":0.139925,"MWI":0.966956,"MYS":4.182343,"NGA":4.344011,"NIC":1.453413,"NLD":2.653472,"NOR":3.035535,"NPL":0.607236,"NZL":2.065379,"OMN":15.527704,"PAK":6.090996,"PER":3.932961,"PHL":3.558039,"PRT":4.34228,"PRY":2.564572,"RWA":1.471545,"SDN":2.567836,"SGP":4.294172,"SLE":1.213897,"SLV":0.801397,"SOM":0.727149,"SWE":3.215397,"SYR":12.660145,"TGO":1.491955,"THA":2.655439,"TTO":0.420374,"TUN":1.311539,"TUR":3.193021,"TZA":5.355133,"UGA":3.624842,"URY":4.531456,"USA":5.954111,"VEN":2.307761,"ZAF":3.085199,"ZWE":2.976998}}