{"schemaVersion":1,"dataKind":"ranking-year","indicatorId":"MILITARY_SPENDING_PERCENT_GDP","year":1975,"valuesByCountry":{"AFG":1.722066,"ARG":2.041958,"AUS":2.267316,"AUT":1.451278,"BDI":2.056807,"BEL":3.065035,"BEN":1.492908,"BFA":2.811184,"BGD":0.844783,"BHR":1.52618,"BOL":2.371237,"BRA":1.972144,"CAN":1.863542,"CHE":1.900753,"CHL":6.742537,"CIV":1.17843,"CMR":1.727594,"COD":4.5e-05,"COG":4.497494,"COL":1.740268,"CRI":0,"DEU":3.268003,"DNK":2.39725,"DOM":1.831013,"DZA":2.131094,"ECU":2.366809,"EGY":15.431846,"ESP":2.004262,"ETH":4.492062,"FIN":1.50816,"FJI":0.300498,"FRA":3.197145,"GAB":0.780709,"GBR":5.339603,"GHA":1.714935,"GRC":5.847322,"GTM":1.231487,"GUY":6.958106,"HND":1.903915,"HUN":3.335405,"IDN":3.492189,"IND":3.534599,"IRL":1.625959,"IRN":12.069193,"IRQ":11.674622,"ISL":0,"ISR":30.463803,"ITA":1.975232,"JOR":15.246637,"JPN":0.907387,"KEN":1.878903,"KOR":4.878716,"LBR":0.952381,"LBY":2.253968,"LKA":0.80359,"LUX":0.962665,"MAR":4.602913,"MDG":1.637146,"MEX":0.573584,"MLI":3.166023,"MMR":3.774971,"MUS":0.191745,"MWI":1.526808,"MYS":4.724163,"NER":0.870843,"NGA":8.124068,"NIC":1.746094,"NLD":2.84386,"NOR":3.20843,"NPL":0.682173,"NZL":2.084762,"OMN":24.958575,"PAK":6.32152,"PER":5.216285,"PNG":0.603586,"PRT":3.095108,"PRY":3.125004,"RWA":1.628788,"SDN":2.251082,"SGP":4.649257,"SLE":1.030208,"SLV":0.830738,"SOM":0.516201,"SWE":3.081603,"SYR":15.948925,"TGO":1.856586,"THA":2.795233,"TTO":0.438199,"TUN":1.739979,"TUR":5.119454,"TZA":5.360055,"UGA":2.822935,"URY":4.286064,"USA":5.622679,"VEN":2.591025,"ZAF":3.874955,"ZWE":3.399446}}