{"schemaVersion":1,"dataKind":"ranking-year","indicatorId":"MILITARY_SPENDING_PERCENT_GDP","year":1976,"valuesByCountry":{"AFG":2.046087,"ARG":3.781291,"AUS":2.216612,"AUT":1.365197,"BDI":2.223601,"BEL":3.09337,"BEN":1.281648,"BFA":3.123829,"BGD":1.523679,"BHR":1.752287,"BOL":2.367157,"BRA":2.002753,"CAN":1.765928,"CHE":2.162581,"CHL":6.085051,"CIV":1.118886,"CMR":1.762325,"COD":3.4e-05,"COG":4.731834,"COL":1.493603,"CRI":0,"DEU":3.121038,"DNK":2.204203,"DOM":1.928382,"DZA":2.701721,"ECU":2.200688,"EGY":13.726896,"ESP":2.321047,"ETH":4.131723,"FIN":1.340125,"FJI":0.396151,"FRA":3.15614,"GAB":0.668474,"GBR":5.175503,"GHA":1.56681,"GRC":5.829227,"GTM":1.27139,"GUY":8.352601,"HND":1.75816,"HUN":3.006239,"IDN":3.421868,"IND":3.477883,"IRL":1.615162,"IRN":11.247972,"IRQ":11.1631,"ISL":0,"ISR":29.245593,"ITA":1.828144,"JAM":0.925308,"JOR":17.241015,"JPN":0.891651,"KEN":2.484743,"KOR":5.908156,"LBN":12.124909,"LBR":1.072566,"LBY":1.968616,"LKA":0.659239,"LSO":1.551791,"LUX":0.986217,"MAR":6.220434,"MDG":1.88021,"MEX":0.598104,"MLI":2.911534,"MMR":3.793707,"MUS":0.187075,"MWI":1.373366,"MYS":3.980773,"NER":0.821774,"NGA":5.791398,"NIC":2.067364,"NLD":2.688909,"NOR":3.12403,"NPL":0.856261,"NZL":1.936033,"OMN":23.009725,"PAK":5.889472,"PER":5.676913,"PHL":3.931338,"PNG":1.631259,"PRT":2.358347,"PRY":2.989957,"RWA":1.613893,"SDN":2.666667,"SGP":5.044361,"SLE":1.092095,"SLV":0.881847,"SOM":0.517513,"SWE":3.003113,"SYR":14.725986,"TGO":2.495231,"THA":3.131421,"TTO":0.504474,"TUN":1.86239,"TUR":4.943027,"TWN":6.236315,"TZA":4.688972,"UGA":3.185284,"URY":3.481564,"USA":5.191071,"VEN":1.887491,"ZAF":4.727991,"ZWE":4.626714}}