{"schemaVersion":1,"dataKind":"ranking-year","indicatorId":"MILITARY_SPENDING_PERCENT_GDP","year":1977,"valuesByCountry":{"AFG":2.011475,"ARG":4.0086,"AUS":2.247202,"AUT":1.345952,"BDI":2.533382,"BEL":3.143249,"BEN":1.678788,"BFA":3.043267,"BGD":1.569978,"BHR":2.077922,"BOL":2.247499,"BRA":1.687726,"BWA":1.356573,"CAN":1.805764,"CHE":2.022087,"CHL":6.915245,"CIV":0.794769,"CMR":1.71585,"COD":3.5e-05,"COG":4.95322,"COL":1.438487,"CRI":0,"DEU":3.024216,"DNK":2.216303,"DOM":1.885723,"DZA":2.24195,"ECU":3.080372,"EGY":13.112058,"ESP":2.314233,"ETH":3.967781,"FIN":1.405352,"FJI":0.507576,"FRA":3.231569,"GAB":1.029702,"GBR":4.923278,"GHA":1.253247,"GRC":5.918536,"GTM":1.372138,"GUY":6.074583,"HND":1.904762,"HUN":2.955326,"IDN":3.206089,"IND":3.162772,"IRL":1.525177,"IRN":10.18983,"IRQ":9.812813,"ISL":0,"ISR":23.087213,"ITA":1.890809,"JAM":0.941001,"JOR":12.529295,"JPN":0.890681,"KEN":3.740176,"KOR":6.034939,"KWT":5.293682,"LBN":4.732284,"LBR":1.15156,"LBY":2.463994,"LKA":0.684374,"LSO":1.438132,"LUX":1.003383,"MAR":6.619775,"MDG":2.307199,"MEX":0.534256,"MLI":3.129584,"MMR":4.039773,"MUS":0.172731,"MWI":1.689904,"MYS":4.854669,"NER":0.936634,"NGA":6.024118,"NIC":2.465463,"NLD":2.954458,"NOR":3.098177,"NPL":0.892143,"NZL":2.115898,"OMN":18.781686,"PAK":5.547412,"PER":8.214387,"PHL":3.621309,"PNG":1.250089,"PRT":2.070209,"PRY":2.888645,"RWA":2.152235,"SAU":15.648818,"SDN":2.615603,"SGP":5.677162,"SLE":1.088417,"SLV":0.971842,"SOM":0.460756,"SWE":3.101082,"SWZ":1.782319,"SYR":14.504128,"TGO":3.072275,"THA":3.481773,"TTO":0.489526,"TUN":2.381496,"TUR":4.713623,"TWN":6.917674,"TZA":5.476652,"UGA":2.036068,"URY":3.74592,"USA":5.155617,"VEN":2.067947,"ZAF":5.263335,"ZWE":6.538127}}