{"schemaVersion":1,"dataKind":"ranking-year","indicatorId":"MILITARY_SPENDING_PERCENT_GDP","year":1978,"valuesByCountry":{"ARG":4.719144,"AUS":2.215689,"AUT":1.429213,"BDI":2.796374,"BEL":3.261522,"BEN":1.194307,"BFA":3.283146,"BGD":1.268985,"BHR":4.958131,"BOL":2.59897,"BRA":1.599672,"BWA":2.874909,"CAN":1.848887,"CHE":1.967364,"CHL":6.728122,"CIV":1.098093,"CMR":1.665117,"COD":3.3e-05,"COG":4.319718,"COL":1.550319,"CRI":0,"DEU":3.035315,"DJI":0.020942,"DNK":2.271821,"DOM":2.175566,"DZA":2.375229,"ECU":2.142726,"EGY":9.940713,"ESP":2.357957,"ETH":4.810902,"FIN":1.429444,"FJI":0.873095,"FRA":3.151487,"GBR":4.733043,"GHA":0.851282,"GRC":5.575445,"GTM":1.181122,"GUY":3.890845,"HND":2.269616,"HUN":3.239638,"IDN":3.163194,"IND":3.126332,"IRL":1.483084,"IRN":11.113205,"IRQ":8.117759,"ISL":0,"ISR":22.891135,"ITA":1.879755,"JOR":11.717493,"JPN":0.891286,"KEN":5.199292,"KOR":6.371451,"KWT":4.760788,"LBN":8.489601,"LBR":1.240937,"LBY":3.799226,"LKA":0.803,"LSO":1.505608,"LUX":1.028493,"MAR":5.836809,"MDG":2.419852,"MEX":0.504834,"MLI":3.213958,"MMR":3.921384,"MUS":0.172579,"MWI":2.694517,"MYS":3.711133,"NER":0.928174,"NGA":5.326048,"NIC":3.221946,"NLD":2.747071,"NOR":2.841319,"NPL":0.858464,"NZL":2.209871,"OMN":20.949942,"PAK":5.5033,"PER":6.199702,"PHL":2.581767,"PNG":1.26645,"PRT":2.093885,"PRY":2.958532,"RWA":1.588163,"SAU":16.736574,"SDN":2.040691,"SGP":5.195237,"SLE":0.999882,"SLV":1.118526,"SOM":0.994988,"SWE":3.147775,"SWZ":2.433096,"SYR":14.70561,"TGO":2.714286,"THA":3.923714,"TTO":0.514059,"TUN":2.488023,"TUR":4.187306,"TWN":7.019278,"TZA":10.109111,"UGA":1.96665,"URY":3.62108,"USA":4.943087,"VEN":2.105761,"ZAF":4.562199,"ZWE":7.991314}}