{"schemaVersion":1,"dataKind":"ranking-year","indicatorId":"MILITARY_SPENDING_PERCENT_GDP","year":1979,"valuesByCountry":{"ARG":4.673356,"AUS":2.192729,"AUT":1.433846,"BDI":2.643715,"BEL":3.261345,"BEN":1.93046,"BFA":2.698614,"BGD":0.844752,"BHR":5.892752,"BOL":2.708461,"BRA":1.521932,"BWA":3.501499,"CAN":1.711246,"CHE":2.039799,"CHL":6.332556,"CIV":1.123772,"CMR":1.655364,"COD":3e-05,"COG":4.393713,"COL":1.673929,"CRI":0,"DEU":2.950448,"DJI":0.017505,"DNK":2.251527,"DOM":2.182294,"DZA":2.138696,"ECU":1.987494,"EGY":6.468938,"ESP":2.497065,"ETH":6.886588,"FIN":1.479009,"FJI":0.938857,"FRA":3.139395,"GAB":1.877133,"GBR":4.679758,"GHA":0.646304,"GRC":5.181248,"GTM":1.306678,"GUY":3.715013,"HND":2.239548,"HUN":3.239044,"IDN":3.020259,"IND":3.261329,"IRL":1.582201,"IRN":5.797247,"IRQ":6.148768,"ISL":0,"ISR":19.384693,"ITA":1.873959,"JOR":12.213803,"JPN":0.907392,"KEN":5.501606,"KOR":5.525877,"KWT":3.548528,"LBN":10.071749,"LBR":1.154649,"LBY":3.220749,"LKA":0.834463,"LSO":1.851208,"LUX":1.016876,"MAR":5.633462,"MDG":2.927239,"MEX":0.505297,"MLI":2.966102,"MMR":3.557581,"MUS":0.204843,"MWI":4.065934,"MYS":3.670515,"NER":0.839125,"NGA":4.322334,"NIC":3.104787,"NLD":2.840233,"NOR":2.766546,"NPL":0.911206,"NZL":2.159636,"OMN":15.640747,"PAK":5.453274,"PER":3.352436,"PHL":2.964931,"PNG":1.21031,"PRT":2.028621,"PRY":2.026398,"RWA":1.747433,"SAU":15.768812,"SDN":2.593152,"SEN":3.431135,"SGP":4.652016,"SLE":1.107656,"SLV":1.577654,"SOM":0.974661,"SWE":3.123357,"SWZ":2.458417,"SYR":15.928568,"TGO":2.24906,"THA":4.380919,"TTO":0.591401,"TUN":2.238193,"TUR":3.357259,"TWN":7.584454,"TZA":8.502605,"UGA":1.6872,"URY":3.800434,"USA":4.951992,"VEN":1.915856,"ZAF":3.863074,"ZWE":8.520521}}