{"schemaVersion":1,"dataKind":"ranking-year","indicatorId":"MILITARY_SPENDING_PERCENT_GDP","year":1980,"valuesByCountry":{"ALB":6.052022,"ARG":3.098958,"AUS":2.248957,"AUT":1.420246,"BDI":2.918803,"BEL":3.250195,"BEN":2.031651,"BFA":2.746691,"BGD":0.739023,"BHR":5.698891,"BOL":3.1724,"BRA":1.138434,"BWA":3.207621,"CAN":1.764449,"CHE":1.678607,"CHL":6.482093,"CIV":1.164287,"CMR":1.555818,"COG":3.365982,"COL":1.830122,"CRI":0,"DEU":2.947628,"DJI":0.53554,"DNK":2.363093,"DOM":1.583543,"DZA":2.102063,"ECU":1.781225,"EGY":6.16031,"ESP":2.489896,"ETH":8.708582,"FIN":1.670935,"FJI":0.862051,"FRA":3.155205,"GAB":1.603628,"GBR":5.019903,"GHA":0.773575,"GIN":0.902358,"GRC":4.660806,"GTM":1.316852,"GUY":3.700265,"HND":2.221356,"HUN":3.34258,"IDN":2.917218,"IND":3.133781,"IRL":1.665267,"IRN":5.34315,"IRQ":5.511525,"ISL":0,"ISR":18.919337,"ITA":1.763643,"JOR":10.645879,"JPN":0.906794,"KEN":4.51532,"KOR":6.398772,"KWT":3.313991,"LBN":12.357143,"LBR":1.491751,"LBY":2.672718,"LKA":0.765779,"LSO":3.158537,"LUX":1.153186,"MAR":5.940073,"MDG":2.768919,"MEX":0.416107,"MLI":2.079296,"MMR":3.42213,"MOZ":1.857143,"MUS":0.489249,"MWI":1.758354,"MYS":4.230134,"NER":0.671391,"NGA":3.295604,"NIC":3.34618,"NLD":2.784299,"NOR":2.619019,"NPL":1.032076,"NZL":3.022791,"OMN":14.909881,"PAK":5.523244,"PER":4.559068,"PHL":2.709755,"PNG":1.403083,"POL":2.65233,"PRT":2.026725,"PRY":2.181449,"QAT":7.868681,"ROU":2.204543,"RWA":1.876852,"SAU":12.613359,"SDN":2.302705,"SEN":2.75527,"SGP":4.636861,"SLE":0.587408,"SLV":1.736336,"SOM":0.549735,"SWE":2.923452,"SWZ":2.423539,"SYR":17.249854,"TGO":2.194631,"THA":4.244455,"TTO":0.592172,"TUN":2.028719,"TUR":3.900313,"TWN":7.290042,"TZA":4.520633,"UGA":2.217225,"URY":4.696109,"USA":5.153537,"VEN":1.695515,"ZAF":3.304634,"ZWE":6.629086}}