{"schemaVersion":1,"dataKind":"ranking-year","indicatorId":"MILITARY_SPENDING_PERCENT_GDP","year":1981,"valuesByCountry":{"ALB":5.848317,"ARG":3.465347,"AUS":2.296602,"AUT":1.380052,"BDI":3.03033,"BEL":3.366049,"BEN":1.551371,"BFA":2.84269,"BGD":0.837886,"BHR":6.902582,"BLZ":1.158757,"BOL":3.902203,"BRA":1.143149,"BWA":2.978298,"CAN":1.709916,"CHE":1.662802,"CHL":7.022119,"CIV":1.091036,"CMR":1.818916,"COG":3.187096,"COL":1.75512,"CRI":0,"DEU":3.027785,"DJI":1.415326,"DNK":2.438666,"DOM":1.720128,"DZA":1.818049,"ECU":1.67784,"EGY":7.41691,"ESP":2.582109,"ETH":7.536958,"FIN":1.545587,"FJI":0.919421,"FRA":3.246133,"GAB":2.286803,"GBR":4.983763,"GHA":0.741114,"GIN":0.793828,"GRC":5.735701,"GTM":1.889449,"GUY":3.944897,"HND":2.145771,"HUN":3.333761,"IDN":2.884622,"IND":3.186248,"IRL":1.580607,"IRN":8.190381,"IRQ":10.829534,"ISL":0,"ISR":20.262269,"ITA":1.821113,"JAM":1.507942,"JOR":10.008974,"JPN":0.916648,"KEN":4.225325,"KOR":6.415857,"KWT":4.127007,"LBN":9.583333,"LBR":3.112817,"LBY":1.605215,"LKA":0.626798,"LSO":3.31151,"LUX":1.210273,"MAR":6.384594,"MDG":2.978454,"MEX":0.513301,"MLI":1.960762,"MMR":3.45682,"MOZ":2.785714,"MUS":0.466745,"MWI":1.274492,"MYS":5.785153,"NER":0.631754,"NGA":2.770072,"NIC":4.335591,"NLD":2.863119,"NOR":2.623972,"NPL":0.992053,"NZL":2.729375,"OMN":15.713426,"PAK":5.710871,"PER":3.98482,"PHL":2.755721,"PNG":1.409639,"POL":2.913186,"PRT":2.002674,"PRY":2.52786,"QAT":12.216802,"ROU":2.201224,"RWA":2.039152,"SAU":13.265239,"SDN":1.781807,"SEN":2.734415,"SGP":4.741355,"SLE":0.543834,"SLV":2.279546,"SOM":0.60771,"SWE":2.948237,"SWZ":2.166101,"SYR":14.546118,"TGO":2.372481,"THA":4.063163,"TTO":0.513444,"TUN":2.481078,"TUR":3.824532,"TWN":6.648041,"TZA":5.584294,"UGA":1.888036,"URY":6.255461,"USA":5.646541,"VEN":1.521686,"ZAF":3.638129,"ZWE":4.864318}}