{"schemaVersion":1,"dataKind":"ranking-year","indicatorId":"MILITARY_SPENDING_PERCENT_GDP","year":1982,"valuesByCountry":{"ALB":5.651596,"ARG":2.704558,"AUS":2.393265,"AUT":1.412997,"BDI":3.507025,"BEL":3.269945,"BEN":1.049299,"BFA":3.003304,"BGD":0.973225,"BHR":8.535162,"BLZ":1.437322,"BOL":1.981847,"BRA":1.303534,"BWA":2.694744,"CAN":1.954344,"CHE":1.728195,"CHL":8.877268,"CIV":1.142168,"CMR":1.990519,"COG":3.345046,"COL":1.713851,"CRI":0,"DEU":3.020236,"DJI":7.485064,"DNK":2.419895,"DOM":1.58204,"DZA":2.063097,"ECU":1.654003,"EGY":7.188961,"ESP":2.660307,"ETH":7.539018,"FIN":1.64375,"FJI":1.154968,"FRA":3.223839,"GAB":2.447641,"GBR":5.381327,"GHA":0.541347,"GIN":0.639109,"GNB":0.008695,"GRC":5.626593,"GTM":2.025719,"GUY":5.126556,"HND":2.30756,"HUN":3.243307,"IDN":2.901928,"IND":3.345118,"IRL":1.591237,"IRN":7.906891,"ISL":0,"ISR":18.38821,"ITA":2.005373,"JAM":1.627721,"JOR":9.939695,"JPN":0.926376,"KEN":4.572783,"KOR":6.240894,"KWT":5.954297,"LBN":9.286451,"LBR":5.017942,"LBY":2.04918,"LKA":0.544741,"LSO":4.357737,"LUX":1.192267,"MAR":6.220868,"MEX":0.495419,"MLI":2.106795,"MMR":3.218261,"MOZ":2.818841,"MUS":0.26226,"MWI":0.93637,"MYS":5.367615,"NER":0.633484,"NGA":2.267202,"NLD":3.141471,"NOR":2.744592,"NPL":1.089454,"NZL":2.582858,"OMN":16.666029,"PAK":6.375717,"PER":5.112652,"PHL":2.597288,"POL":3.245582,"PRT":2.035134,"PRY":3.803298,"QAT":19.277387,"ROU":2.040216,"RWA":2.003056,"SAU":17.720246,"SDN":2.440476,"SEN":2.349511,"SGP":4.65119,"SLE":0.432847,"SLV":2.776337,"SOM":0.288267,"SWE":2.853755,"SWZ":2.199561,"SYR":15.5594,"TGO":2.259177,"THA":4.120369,"TUN":3.691904,"TUR":4.298151,"TWN":6.990323,"TZA":5.497602,"UGA":1.975985,"URY":6.449307,"USA":6.814057,"VEN":2.248773,"ZAF":3.614093,"ZWE":5.122545}}