{"schemaVersion":1,"dataKind":"ranking-year","indicatorId":"MILITARY_SPENDING_PERCENT_GDP","year":1983,"valuesByCountry":{"ALB":5.441282,"ARG":2.738813,"AUS":2.519812,"AUT":1.391176,"BDI":3.104809,"BEL":3.191413,"BEN":1.188971,"BFA":2.932183,"BGD":1.20448,"BHR":4.790336,"BLZ":1.534099,"BOL":1.499321,"BRA":1.25458,"BWA":2.326338,"CAN":2.081196,"CHE":1.748806,"CHL":7.575223,"CIV":1.115047,"CMR":1.890684,"COL":2.219938,"CRI":0,"DEU":3.012949,"DJI":7.659693,"DNK":2.364743,"DOM":1.366505,"DZA":1.951213,"ECU":1.574778,"EGY":7.958674,"ESP":2.936273,"ETH":7.179618,"FIN":1.823264,"FJI":1.241421,"FRA":3.237132,"GAB":2.553587,"GBR":5.396886,"GHA":0.34118,"GMB":0.340909,"GNB":0.013478,"GRC":5.172477,"GTM":2.035934,"GUY":4.516349,"HND":2.274943,"HUN":3.335937,"IDN":2.398129,"IND":3.323069,"IRL":1.492631,"IRN":7.097081,"ISL":0,"ISR":15.546889,"ITA":2.016501,"JAM":1.385989,"JOR":9.850838,"JPN":0.952297,"KEN":4.195234,"KOR":5.726814,"KWT":6.830511,"LBN":13.455621,"LBR":4.706097,"LKA":0.889137,"LSO":4.013057,"LUX":1.204541,"MAR":4.505659,"MEX":0.522866,"MLI":1.98366,"MMR":3.070369,"MOZ":3.540909,"MUS":0.269137,"MWI":0.743802,"MYS":4.423372,"NER":0.685199,"NGA":2.219841,"NLD":2.848585,"NOR":2.794972,"NPL":1.252925,"NZL":2.438359,"OMN":17.15937,"PAK":6.643798,"PER":4.845956,"PHL":2.409253,"POL":2.902946,"PRT":1.909277,"PRY":3.645242,"QAT":13.958483,"ROU":1.985087,"RWA":1.895144,"SAU":16.972927,"SDN":3.268686,"SEN":2.545885,"SGP":4.071469,"SLE":0.360748,"SLV":3.55145,"SOM":0.239325,"SWE":2.737823,"SWZ":2.255866,"SYR":14.638905,"TCD":3.124564,"TGO":2.09698,"THA":3.953359,"TUN":4.167258,"TUR":3.937605,"TWN":6.336391,"TZA":5.414319,"UGA":2.218538,"URY":5.381984,"USA":6.321144,"VEN":2.97074,"ZAF":3.604648,"ZWE":5.560851}}