{"schemaVersion":1,"dataKind":"ranking-year","indicatorId":"MILITARY_SPENDING_PERCENT_GDP","year":1984,"valuesByCountry":{"ALB":6.117505,"ARG":2.162039,"AUS":2.505234,"AUT":1.414158,"BDI":2.975401,"BEL":3.007902,"BEN":1.458699,"BFA":3.017167,"BGD":1.090151,"BHR":4.179306,"BLZ":1.543635,"BOL":2.170842,"BRA":1.199541,"BRN":2.574084,"BWA":2.437271,"CAN":2.117189,"CHE":1.701248,"CHL":7.605406,"CIV":1.02559,"CMR":1.740219,"COG":2.253104,"COL":2.325895,"CPV":2.792399,"CRI":0,"DEU":2.912666,"DNK":2.235471,"DOM":1.198896,"DZA":1.755124,"ECU":1.485232,"EGY":8.265232,"ESP":2.966006,"ETH":7.969148,"FIN":1.604042,"FJI":1.222608,"FRA":3.187369,"GAB":2.255494,"GBR":5.508079,"GHA":0.593212,"GMB":0.477502,"GNB":0.015024,"GRC":4.835444,"GTM":2.190849,"GUY":4.674706,"HND":2.440494,"HUN":3.147675,"IDN":2.28542,"IND":3.416876,"IRL":1.412439,"IRN":6.354854,"ISL":0,"ISR":16.182229,"ITA":2.008608,"JAM":1.059732,"JOR":9.2163,"JPN":0.958404,"KEN":3.476912,"KOR":5.254535,"KWT":6.754864,"LBN":10.968727,"LBR":2.940483,"LKA":0.922431,"LSO":3.979144,"LUX":1.153546,"MAR":4.018191,"MDG":1.873156,"MEX":0.659819,"MLI":1.972607,"MMR":2.923671,"MOZ":4.0,"MUS":0.252089,"MWI":0.638702,"MYS":3.752357,"NER":0.727757,"NGA":1.556795,"NLD":2.861724,"NOR":2.544434,"NPL":1.220614,"NZL":2.377624,"OMN":16.893042,"PAK":6.659491,"PER":3.357558,"PHL":1.634759,"POL":3.055037,"PRT":1.861323,"PRY":3.508185,"QAT":12.733925,"ROU":1.906727,"RWA":1.604023,"SAU":19.004348,"SDN":4.084519,"SEN":2.407953,"SGP":4.698815,"SLE":0.302184,"SLV":6.443282,"SOM":0.143128,"SWE":2.671961,"SWZ":2.030802,"SYR":17.686018,"TCD":2.952007,"TGO":2.18515,"THA":4.064439,"TUN":2.755341,"TUR":3.597094,"TWN":5.725781,"TZA":5.247564,"UGA":2.626699,"URY":4.575646,"USA":6.236417,"VEN":2.292052,"ZAF":3.695607,"ZMB":3.00142,"ZWE":5.67765}}