{"schemaVersion":1,"dataKind":"ranking-year","indicatorId":"MILITARY_SPENDING_PERCENT_GDP","year":1985,"valuesByCountry":{"AGO":1.7e-05,"ALB":5.651426,"ARG":2.299717,"AUS":2.523268,"AUT":1.512624,"BDI":2.751173,"BEL":2.931234,"BEN":1.304932,"BFA":1.836525,"BGD":0.965878,"BHR":4.588158,"BLZ":1.559539,"BOL":2.013993,"BRA":1.429523,"BRN":2.887788,"BWA":2.184731,"CAN":2.097376,"CHE":1.824972,"CHL":6.900609,"CIV":0.99697,"CMR":1.339836,"COG":2.575196,"COL":2.054017,"CPV":2.463444,"CRI":0,"CYP":1.270292,"DEU":2.854094,"DNK":2.104672,"DOM":1.210052,"DZA":1.643707,"ECU":1.779739,"EGY":7.856933,"ESP":2.954722,"ETH":6.823904,"FIN":1.676579,"FJI":1.133158,"FRA":3.143933,"GAB":2.859047,"GBR":5.320705,"GHA":1.000443,"GMB":0.551226,"GNB":0.010903,"GRC":4.692567,"GTM":2.00737,"GUY":8.436864,"HND":2.582772,"HUN":4.972429,"IDN":2.170599,"IND":3.56903,"IRL":1.416044,"IRN":6.512418,"ISL":0,"ISR":16.600644,"ITA":1.936369,"JAM":0.89106,"JOR":10.048109,"JPN":0.959398,"KEN":2.375757,"KOR":5.225532,"KWT":6.434109,"LBN":6.286976,"LBR":2.954305,"LKA":3.16077,"LSO":4.314099,"LUX":0.960269,"MAR":5.390435,"MDG":1.780055,"MEX":0.676313,"MLI":2.142416,"MLT":1.276251,"MMR":2.978264,"MOZ":3.282051,"MRT":5.945895,"MUS":0.219641,"MWI":0.717151,"MYS":3.451659,"NER":0.743836,"NGA":1.436786,"NLD":2.768218,"NOR":2.796,"NPL":1.195827,"NZL":2.364626,"OMN":15.561466,"PAK":6.922134,"PER":3.870149,"PHL":1.982573,"PNG":1.558878,"POL":3.015797,"PRT":1.843543,"PRY":3.757635,"QAT":24.846415,"ROU":4.299281,"RWA":1.588371,"SAU":16.995201,"SDN":3.399698,"SEN":2.192863,"SGP":5.656613,"SLE":0.22483,"SLV":6.589716,"SOM":0.05071,"SWE":2.673008,"SWZ":1.841121,"SYC":4.290813,"SYR":16.555122,"TCD":2.824319,"TGO":2.507983,"THA":4.189115,"TUN":2.335573,"TUR":3.531043,"TWN":6.092242,"TZA":5.387076,"UGA":2.661729,"URY":4.304221,"USA":6.453219,"VEN":1.369619,"ZAF":3.698334,"ZMB":2.361459,"ZWE":5.486669}}