{"schemaVersion":1,"dataKind":"ranking-year","indicatorId":"MILITARY_SPENDING_PERCENT_GDP","year":1986,"valuesByCountry":{"AGO":1.7e-05,"ALB":5.626187,"ARG":2.313679,"AUS":2.54043,"AUT":1.508759,"BDI":2.805413,"BEL":2.953773,"BEN":1.355097,"BFA":2.621893,"BGD":1.030584,"BHR":5.837762,"BOL":2.345549,"BRA":1.220389,"BRN":4.67073,"BWA":2.663596,"CAN":2.109197,"CHE":1.661022,"CHL":6.288002,"CIV":1.053529,"CMR":1.217823,"COL":1.94462,"CPV":2.335531,"CRI":0,"CYP":1.577158,"DEU":2.7774,"DNK":1.944819,"DOM":1.344154,"DZA":1.787214,"ECU":1.837387,"EGY":7.498131,"ESP":2.625037,"ETH":6.697238,"FIN":1.72391,"FJI":1.043962,"FRA":3.085765,"GAB":3.995928,"GBR":5.059824,"GHA":0.900517,"GMB":0.563939,"GNB":0.024396,"GRC":4.128015,"GTM":1.667498,"GUY":5.355856,"HND":2.770119,"HUN":3.223733,"IDN":2.009765,"IND":4.106469,"IRL":1.423205,"IRN":6.079336,"ISL":0,"ISR":14.767713,"ITA":1.977143,"JAM":0.853933,"JOR":9.77456,"JPN":0.962811,"KEN":2.503575,"KHM":1.146851,"KOR":4.948256,"KWT":7.23621,"LBN":5.26384,"LBR":2.895363,"LKA":2.696658,"LSO":4.839987,"LUX":0.922118,"MAR":4.30446,"MDG":1.551935,"MEX":0.634622,"MLI":2.026769,"MLT":1.269184,"MMR":2.879142,"MOZ":3.209302,"MRT":5.036763,"MUS":0.19797,"MWI":0.858181,"MYS":3.223734,"NER":0.769504,"NGA":1.311554,"NLD":2.72512,"NOR":2.808417,"NPL":1.182851,"NZL":2.367587,"OMN":15.866578,"PAK":6.991656,"PER":3.349296,"PHL":1.988054,"PNG":1.564933,"POL":2.941404,"PRT":1.915825,"PRY":3.804066,"ROU":4.445711,"RWA":1.795535,"SDN":3.227248,"SEN":2.040041,"SGP":5.442512,"SLE":0.345391,"SLV":4.329957,"SOM":28.948242,"SWE":2.586568,"SWZ":1.634512,"SYC":4.674419,"SYR":14.449681,"TCD":2.958425,"TGO":2.845059,"THA":3.795328,"TUN":2.086676,"TUR":3.637992,"TWN":5.443372,"TZA":5.744621,"UGA":2.905918,"URY":4.12128,"USA":6.626523,"VEN":1.649971,"ZAF":3.820576,"ZMB":3.664122,"ZWE":5.50382}}