{"schemaVersion":1,"dataKind":"ranking-year","indicatorId":"MILITARY_SPENDING_PERCENT_GDP","year":1987,"valuesByCountry":{"AGO":22.25,"ALB":5.862229,"ARG":2.284387,"AUS":2.372989,"AUT":1.416678,"BDI":2.64914,"BEL":2.901795,"BEN":1.569599,"BFA":2.252586,"BGD":1.056867,"BHR":5.253254,"BOL":2.377263,"BRA":1.743994,"BRN":3.792515,"BWA":4.794415,"CAN":2.062576,"CHE":1.561866,"CHL":5.638071,"CIV":1.217099,"CMR":1.250025,"COG":4.374167,"COL":1.983135,"CPV":2.103676,"CRI":0,"CYP":5.391478,"DEU":2.759454,"DNK":2.031647,"DOM":1.01814,"DZA":1.856376,"ECU":1.966316,"EGY":6.528743,"ESP":2.614701,"ETH":6.855674,"FIN":1.645533,"FJI":1.969527,"FRA":3.120452,"GBR":4.686668,"GHA":0.892627,"GMB":0.631087,"GNB":0.058087,"GRC":4.25552,"GTM":1.75071,"GUY":3.086089,"HND":2.95003,"HUN":3.155577,"IDN":1.722188,"IND":4.231318,"IRL":1.2823,"IRN":5.889108,"ISL":0,"ISR":16.900145,"ITA":2.060354,"JAM":0.770446,"JOR":9.577581,"JPN":0.965511,"KEN":3.133743,"KHM":1.574245,"KOR":4.468606,"KWT":5.976255,"LBN":1.121847,"LBR":2.287212,"LKA":3.393147,"LSO":4.181313,"LUX":1.013799,"MAR":4.369315,"MDG":1.42904,"MEX":0.580342,"MLI":2.116786,"MLT":1.456258,"MMR":1.972401,"MNG":5.833885,"MOZ":3.506494,"MRT":4.669587,"MUS":0.194038,"MWI":0.763658,"MYS":4.1475,"NER":0.63521,"NGA":0.769794,"NLD":2.713467,"NOR":2.978324,"NPL":1.159182,"NZL":2.407277,"OMN":13.202315,"PAK":6.97188,"PAN":1.84098,"PER":3.411496,"PHL":1.965247,"PNG":1.610783,"POL":2.762692,"PRT":1.859302,"PRY":2.773192,"QAT":15.889533,"ROU":3.914029,"RWA":1.675234,"SAU":16.896414,"SDN":2.552713,"SEN":1.981188,"SGP":4.870612,"SLE":0.251559,"SLV":4.469164,"SOM":16.956211,"SWE":2.653291,"SWZ":1.429292,"SYC":4.541873,"SYR":11.21821,"TCD":1.833066,"TGO":3.503491,"THA":3.361387,"TUN":1.823185,"TUR":3.328585,"TWN":4.932791,"TZA":3.151879,"UGA":2.586,"URY":3.039422,"USA":6.420274,"VEN":1.633698,"VNM":3.953768,"ZAF":4.19217,"ZMB":3.220685,"ZWE":5.823889}}