{"schemaVersion":1,"dataKind":"ranking-year","indicatorId":"MILITARY_SPENDING_PERCENT_GDP","year":1988,"valuesByCountry":{"AGO":21.9805,"ALB":5.617317,"ARG":2.124939,"AUS":2.158061,"AUT":1.299181,"BDI":3.145245,"BEL":2.628748,"BEN":1.564091,"BFA":2.310813,"BGD":1.135151,"BHR":5.603046,"BOL":2.020981,"BRA":2.118072,"BRN":6.629977,"BWA":4.899677,"CAN":1.986767,"CHE":1.564805,"CHL":4.139996,"CIV":1.249141,"CMR":1.284796,"COL":2.199245,"CPV":1.913886,"CRI":0,"CYP":5.700256,"DEU":2.628673,"DNK":2.087471,"DOM":0.880047,"DZA":1.749699,"ECU":1.616116,"EGY":5.060877,"ESP":2.489375,"ETH":8.501436,"FIN":1.607691,"FJI":2.052015,"FRA":3.000341,"GBR":4.214288,"GHA":0.437881,"GMB":0.810531,"GRC":4.198232,"GTM":1.869077,"GUY":2.663766,"HND":2.853746,"HTI":0.086739,"HUN":3.596223,"IDN":1.530841,"IND":3.728672,"IRL":1.199434,"IRN":6.269778,"ISL":0,"ISR":15.947095,"ITA":2.072857,"JAM":0.807991,"JOR":9.363615,"JPN":0.949709,"KEN":2.945553,"KHM":1.278204,"KOR":4.281216,"KWT":8.236619,"LBN":1.186578,"LBR":2.407782,"LKA":2.371183,"LSO":3.369755,"LUX":1.05318,"MAR":4.128516,"MDG":1.347183,"MEX":0.536145,"MLI":2.213468,"MLT":1.221067,"MMR":2.140852,"MNG":6.341243,"MOZ":3.01259,"MRT":4.489751,"MUS":0.219642,"MWI":0.618993,"MYS":2.426112,"NGA":0.884351,"NLD":2.610909,"NOR":2.840755,"NPL":0.883106,"NZL":2.115673,"OMN":13.699798,"PAK":6.785811,"PAN":2.110986,"PER":2.185201,"PHL":2.458889,"PNG":1.266286,"POL":2.592055,"PRT":1.885426,"PRY":3.195473,"QAT":16.272351,"ROU":4.205471,"RWA":1.594261,"SAU":15.151882,"SDN":3.551965,"SEN":2.111785,"SGP":4.547865,"SLE":0.301586,"SLV":4.271324,"SOM":17.435717,"SWE":2.585287,"SWZ":1.26009,"SYC":4.280385,"SYR":7.853929,"TCD":3.562752,"TGO":3.124909,"THA":2.933501,"TUN":2.103476,"TUR":2.932209,"TWN":5.144286,"TZA":2.447544,"UGA":2.459882,"URY":3.156647,"USA":6.071278,"VEN":1.816105,"VNM":7.10161,"ZAF":4.623759,"ZMB":2.388344,"ZWE":5.208707}}