{"schemaVersion":1,"dataKind":"ranking-year","indicatorId":"MILITARY_SPENDING_PERCENT_GDP","year":1989,"valuesByCountry":{"AGO":19.432333,"ALB":5.167613,"ARG":1.880366,"AUS":2.045937,"AUT":1.234155,"BDI":3.349522,"BEL":2.460854,"BEN":1.307896,"BFA":2.740774,"BGD":1.182991,"BGR":4.396271,"BHR":5.644662,"BLZ":1.199111,"BOL":2.156289,"BRA":2.68625,"BRN":6.210436,"BWA":3.56901,"CAN":1.934614,"CHE":1.524165,"CHL":3.59003,"CHN":2.447101,"CIV":1.330375,"CMR":1.333689,"COL":2.188184,"CRI":0,"CYP":5.369355,"DEU":2.520697,"DNK":2.02422,"DOM":0.800368,"DZA":1.540124,"ECU":1.426698,"EGY":3.968099,"ESP":2.359675,"ETH":10.276648,"FIN":1.534314,"FJI":2.270107,"FRA":2.917835,"GBR":4.040954,"GHA":0.430847,"GMB":0.958392,"GNB":0.181085,"GRC":3.765869,"GTM":1.802852,"GUY":1.583737,"HND":2.670795,"HTI":0.082774,"HUN":2.786162,"IDN":1.389136,"IND":3.53418,"IRL":1.105476,"IRN":4.55798,"ISL":0,"ISR":12.445733,"ITA":2.026427,"JAM":0.929263,"JOR":9.070781,"JPN":0.940781,"KEN":2.740852,"KHM":1.992454,"KOR":4.290235,"KWT":8.539829,"LKA":1.798595,"LSO":4.307715,"LUX":0.87272,"MAR":4.392917,"MDG":1.210865,"MEX":0.517256,"MLI":2.112011,"MLT":1.108185,"MMR":2.959107,"MNG":6.251195,"MOZ":3.373425,"MRT":3.961137,"MUS":0.290016,"MWI":0.613138,"MYS":2.623702,"NGA":0.579895,"NLD":2.517404,"NOR":2.85732,"NPL":0.901646,"NZL":2.181289,"OMN":12.5,"PAK":6.532725,"PAN":2.08491,"PER":2.190476,"PHL":2.242923,"PNG":1.496536,"POL":1.817122,"PRT":1.887503,"PRY":2.425764,"QAT":13.077575,"ROU":4.797296,"RWA":1.753759,"SAU":13.390317,"SEN":2.027696,"SGP":4.492898,"SLE":0.524456,"SLV":4.872346,"SOM":1.529992,"SWE":2.508834,"SWZ":1.252872,"SYC":4.276832,"SYR":7.972541,"TCD":2.733141,"TGO":3.094069,"THA":2.684667,"TUN":2.11455,"TUR":3.148727,"TWN":5.28213,"TZA":2.382635,"UGA":2.729978,"URY":3.529127,"USA":5.871206,"VEN":2.793597,"VNM":7.286513,"ZAF":4.357885,"ZMB":4.195269,"ZWE":4.931031}}