{"schemaVersion":1,"dataKind":"ranking-year","indicatorId":"MILITARY_SPENDING_PERCENT_GDP","year":1990,"valuesByCountry":{"AGO":17.463667,"ALB":5.888301,"ARG":1.450909,"AUS":2.07353,"AUT":1.19566,"BDI":3.448712,"BEL":2.35544,"BEN":1.225157,"BFA":2.704893,"BGD":1.10778,"BGR":3.833443,"BHR":5.284792,"BLZ":1.273985,"BOL":2.815883,"BRA":2.363841,"BRN":6.437735,"BWA":4.445158,"CAN":1.958794,"CHE":1.572147,"CHL":3.401655,"CHN":2.454016,"CIV":0.964775,"CMR":1.474567,"COL":1.860159,"CRI":0,"CYP":7.374036,"DEU":2.506764,"DNK":1.950757,"DOM":0.675729,"DZA":1.461071,"ECU":1.351222,"EGY":3.4677,"ESP":2.293305,"ETH":9.65797,"FIN":1.563351,"FJI":2.108755,"FRA":2.84464,"GBR":3.983218,"GHA":0.27651,"GMB":0.461266,"GRC":3.79826,"GTM":1.728012,"GUY":0.905828,"HND":2.201484,"HTI":0.093006,"HUN":2.563538,"IDN":1.410493,"IND":3.146215,"IRL":1.203503,"IRN":2.94265,"ISL":0,"ISR":12.362686,"ITA":1.880798,"JAM":0.840785,"JOR":7.751068,"JPN":0.941792,"KEN":2.888215,"KHM":2.071376,"KOR":4.002304,"KWT":48.517267,"LBN":7.551951,"LKA":2.328487,"LSO":3.550476,"LUX":0.872595,"MAR":4.148825,"MDG":1.231511,"MEX":0.433081,"MLI":1.956494,"MLT":0.914918,"MMR":3.395891,"MNG":4.281385,"MOZ":2.389058,"MRT":3.827926,"MUS":0.346095,"MWI":0.575811,"MYS":2.555403,"NAM":6.421003,"NGA":0.833115,"NLD":2.36902,"NOR":2.833992,"NPL":0.877699,"NZL":2.311182,"OMN":12.390941,"PAK":6.52232,"PAN":1.256359,"PER":2.682379,"PHL":2.147247,"PNG":1.419134,"POL":2.612486,"PRT":1.840828,"PRY":2.131876,"QAT":10.743879,"ROU":4.547415,"RWA":3.729166,"SAU":14.024293,"SDN":4.813325,"SEN":1.633469,"SGP":4.632144,"SLE":0.820769,"SLV":3.413666,"SWE":2.56898,"SWZ":1.275975,"SYC":4.026232,"SYR":6.868087,"TCD":1.380288,"TGO":3.122486,"THA":2.59425,"TUN":1.839457,"TUR":3.527706,"TWN":5.229882,"TZA":2.046484,"UGA":2.968526,"URY":3.527402,"USA":5.605175,"VEN":1.518037,"VNM":7.910857,"YEM":6.551183,"ZAF":3.896351,"ZMB":3.410825,"ZWE":4.103904}}