{"schemaVersion":1,"dataKind":"ranking-year","indicatorId":"MILITARY_SPENDING_PERCENT_GDP","year":1991,"valuesByCountry":{"AGO":7.1025,"ALB":5.79127,"ARG":1.506927,"AUS":2.160888,"AUT":1.154217,"BDI":3.786271,"BEL":2.287693,"BFA":2.166869,"BGD":1.089448,"BGR":3.043232,"BHR":5.703751,"BLZ":1.27545,"BOL":2.688325,"BRA":1.963333,"BRN":6.40435,"BWA":4.60347,"CAF":1.568069,"CAN":1.895444,"CHE":1.537825,"CHL":2.849843,"CHN":2.311243,"CIV":0.994004,"CMR":1.514552,"COL":1.853482,"CRI":0,"CYP":7.264776,"DEU":1.973823,"DJI":6.650885,"DNK":1.919759,"DOM":0.348155,"DZA":1.210834,"ECU":1.271472,"EGY":3.611745,"ESP":2.129192,"ETH":5.705132,"FIN":1.781231,"FJI":2.166788,"FRA":2.849219,"GBR":4.116802,"GHA":0.368975,"GIN":2.380554,"GMB":0.504243,"GRC":3.484865,"GTM":1.268437,"GUY":0.582893,"HND":1.544686,"HTI":0.102727,"HUN":2.16147,"IDN":1.324064,"IND":2.909974,"IRL":1.253935,"IRN":2.169708,"ISL":0,"ISR":15.586983,"ITA":1.858853,"JAM":0.758525,"JOR":9.97309,"JPN":0.940822,"KEN":2.354258,"KHM":2.327897,"KOR":3.711128,"KWT":117.349823,"LBN":5.154889,"LBR":7.183908,"LKA":3.082088,"LSO":2.888847,"LUX":0.898097,"MAR":4.142843,"MDG":1.296349,"MEX":0.435402,"MLT":0.87112,"MMR":3.171005,"MNG":3.231535,"MOZ":1.86268,"MRT":3.600512,"MUS":0.367422,"MWI":0.440591,"MYS":3.199284,"NAM":5.615255,"NGA":0.773691,"NIC":4.002216,"NLD":2.248532,"NOR":2.697551,"NPL":0.868795,"NZL":2.278799,"OMN":11.06391,"PAK":6.570953,"PAN":1.228547,"PER":2.019816,"PHL":2.010721,"PNG":0.924686,"POL":2.25165,"PRT":1.829955,"PRY":2.829327,"QAT":13.011255,"ROU":4.773335,"RWA":5.509172,"SAU":12.469808,"SDN":4.992301,"SEN":1.547056,"SGP":4.448357,"SLE":1.279201,"SLV":2.732577,"SWE":2.454306,"SWZ":1.384517,"SYC":4.424019,"SYR":10.425787,"TGO":2.859351,"THA":2.645025,"TUN":1.833709,"TUR":3.754364,"TWN":4.972082,"TZA":2.181778,"UGA":2.507998,"URY":2.394712,"USA":4.883429,"VEN":1.840335,"VNM":5.595317,"YEM":7.011219,"ZAF":3.222634,"ZMB":2.337446,"ZWE":3.979365}}