{"schemaVersion":1,"dataKind":"ranking-year","indicatorId":"MILITARY_SPENDING_PERCENT_GDP","year":1992,"valuesByCountry":{"AGO":5.682831,"ALB":4.670888,"ARG":1.421222,"ARM":2.20339,"AUS":2.164693,"AUT":1.099214,"AZE":2.400226,"BDI":3.595638,"BEL":1.832333,"BFA":2.049652,"BGD":1.201203,"BGR":2.972634,"BHR":5.878072,"BLR":2.210173,"BLZ":0.796196,"BOL":2.506119,"BRA":1.521529,"BRN":6.245145,"BWA":4.482809,"CAF":1.642125,"CAN":1.861688,"CHE":1.523709,"CHL":2.62851,"CHN":2.473736,"CIV":1.017087,"CMR":1.532606,"COG":3.829289,"COL":2.106678,"CPV":0.992592,"CRI":0,"CYP":9.129286,"DEU":1.83608,"DJI":6.760028,"DNK":1.855151,"DOM":0.559087,"DZA":2.140132,"ECU":1.213305,"EGY":3.215501,"ESP":2.042804,"ETH":3.441708,"FIN":1.907131,"FJI":1.840414,"FRA":2.727568,"GBR":3.864718,"GHA":0.377347,"GIN":1.694641,"GMB":0.40965,"GRC":3.629801,"GTM":1.47262,"GUY":0.969692,"HRV":7.607386,"HTI":0.110964,"HUN":2.179653,"IDN":1.356876,"IND":2.70484,"IRL":1.204119,"IRN":1.789305,"ISL":0,"ISR":10.925078,"ITA":1.751977,"JAM":1.107838,"JOR":6.924249,"JPN":0.948312,"KEN":1.900747,"KGZ":1.642308,"KHM":3.145933,"KOR":3.690273,"KWT":31.786024,"LAO":8.675312,"LBN":7.983998,"LBR":10.134228,"LKA":3.36764,"LSO":2.706454,"LUX":0.915601,"MAR":4.298048,"MDG":0.769922,"MEX":0.469455,"MLT":0.973183,"MMR":3.354518,"MNG":1.909437,"MOZ":2.129753,"MRT":2.689066,"MUS":0.354424,"MWI":0.574406,"MYS":2.986422,"NAM":4.250419,"NGA":0.564011,"NIC":2.632753,"NLD":2.213003,"NOR":2.907171,"NPL":0.857173,"NZL":2.09692,"OMN":12.184093,"PAK":6.698188,"PAN":1.083474,"PER":2.507035,"PHL":2.036462,"PNG":0.890351,"POL":2.230999,"PRT":1.805244,"PRY":2.36889,"ROU":4.247683,"RUS":4.427032,"RWA":4.290602,"SAU":11.284158,"SDN":4.389364,"SEN":1.444,"SGP":4.471369,"SLE":1.687783,"SLV":2.253577,"SVN":2.247233,"SWE":2.444193,"SWZ":1.632712,"SYC":4.727387,"SYR":8.990663,"TCD":1.37465,"TGO":2.931229,"THA":2.657423,"TJK":0.000366,"TUN":1.706126,"TUR":3.870567,"TWN":4.697508,"TZA":2.106039,"UGA":1.659178,"URY":2.849515,"USA":4.970467,"VEN":1.643479,"VNM":3.374588,"YEM":7.277043,"ZAF":2.817651,"ZMB":2.70505,"ZWE":3.802772}}