{"schemaVersion":1,"dataKind":"ranking-year","indicatorId":"MILITARY_SPENDING_PERCENT_GDP","year":1993,"valuesByCountry":{"AGO":17.522589,"ALB":3.199451,"ARG":1.422803,"ARM":2.296644,"AUS":2.172377,"AUT":1.115585,"AZE":5.000468,"BDI":3.720276,"BEL":1.735966,"BFA":1.86253,"BGD":1.281343,"BGR":2.609272,"BHR":5.369855,"BLR":1.253588,"BLZ":0.855902,"BOL":1.91635,"BRA":1.927923,"BRN":5.740232,"BWA":4.933492,"CAF":1.497088,"CAN":1.821754,"CHE":1.366964,"CHL":2.706923,"CHN":1.988267,"CIV":0.973501,"CMR":1.326125,"COD":5.226086,"COG":3.644869,"COL":2.525267,"CPV":0.756581,"CRI":0,"CYP":4.074953,"CZE":2.330404,"DEU":1.67726,"DJI":6.158737,"DNK":1.874085,"DOM":0.75507,"DZA":2.505632,"ECU":1.505344,"EGY":3.097737,"ERI":21.329114,"ESP":2.011872,"EST":0.761752,"ETH":3.071688,"FIN":1.868012,"FJI":1.808559,"FRA":2.721684,"GBR":3.59065,"GHA":0.421952,"GIN":1.340709,"GMB":0.27922,"GRC":3.600125,"GTM":1.26706,"GUY":0.950952,"HND":1.15783,"HRV":10.726757,"HTI":0.093423,"HUN":1.906568,"IDN":1.223558,"IND":2.823542,"IRL":1.139225,"IRN":1.700361,"ISL":0,"ISR":11.523244,"ITA":1.786768,"JAM":0.821906,"JOR":6.977109,"JPN":0.950664,"KAZ":1.06262,"KEN":1.837742,"KGZ":1.531794,"KHM":1.761289,"KOR":3.417895,"KWT":12.440219,"LAO":8.107511,"LBN":6.011279,"LBR":18.983791,"LKA":3.431786,"LSO":2.475473,"LTU":0.812261,"LUX":0.782728,"LVA":0.735295,"MAR":4.655572,"MDA":0.530067,"MDG":1.122324,"MEX":0.400441,"MLI":1.563793,"MLT":1.001961,"MMR":3.523109,"MNG":1.712363,"MOZ":2.059077,"MRT":2.412423,"MUS":0.330254,"MWI":0.508895,"MYS":2.875245,"NAM":2.464524,"NGA":0.933218,"NIC":2.102326,"NLD":2.027829,"NOR":2.633619,"NPL":0.83509,"NZL":1.935702,"OMN":11.525731,"PAK":6.427313,"PAN":1.198645,"PER":2.746102,"PHL":2.157536,"PNG":0.917458,"POL":2.469187,"PRT":1.786507,"PRY":2.178548,"ROU":2.740608,"RUS":4.181325,"RWA":4.536375,"SAU":12.465372,"SDN":4.921118,"SEN":1.668304,"SGP":4.091765,"SLE":1.306629,"SLV":1.678729,"SVK":1.99636,"SVN":1.817301,"SWE":2.356571,"SWZ":1.748047,"SYC":2.759613,"SYR":7.2381,"TCD":1.745582,"TGO":4.030656,"THA":2.524824,"TJK":0.003477,"TTO":0.494774,"TUN":1.732114,"TUR":3.921417,"TWN":4.959554,"TZA":1.379278,"UGA":1.931367,"UKR":0.434646,"URY":2.792398,"USA":4.60435,"VEN":2.145254,"VNM":2.258695,"YEM":7.06392,"ZAF":2.495524,"ZMB":1.429398,"ZWE":3.300304}}