{"schemaVersion":1,"dataKind":"ranking-year","indicatorId":"MILITARY_SPENDING_PERCENT_GDP","year":1994,"valuesByCountry":{"AGO":5.709281,"ALB":2.547819,"ARG":1.457039,"AUS":2.110653,"AUT":1.094453,"AZE":1.946585,"BDI":3.921111,"BEL":1.677143,"BFA":1.422885,"BGD":1.401109,"BGR":2.492617,"BHR":5.111302,"BLR":1.136974,"BLZ":1.102489,"BOL":2.250301,"BRA":2.016008,"BRN":5.982471,"BWA":4.00812,"CAF":1.255883,"CAN":1.69668,"CHE":1.332284,"CHL":2.597545,"CHN":1.740445,"CIV":0.731598,"CMR":1.31034,"COL":2.508407,"CPV":0.838879,"CRI":0,"CYP":4.023989,"CZE":2.283401,"DEU":1.536604,"DJI":5.757445,"DNK":1.7426,"DOM":0.733766,"DZA":3.14643,"ECU":1.315691,"EGY":3.153935,"ERI":12.715942,"ESP":2.001337,"EST":1.04163,"ETH":2.868439,"FIN":1.755604,"FJI":1.702637,"FRA":2.690732,"GBR":3.381934,"GHA":0.426587,"GIN":1.356117,"GMB":0.255557,"GNB":0.317965,"GNQ":1.986423,"GRC":3.581972,"GTM":1.178535,"GUY":1.005937,"HRV":11.148177,"HTI":0.074278,"HUN":1.824134,"IDN":1.266156,"IND":2.664674,"IRL":1.108733,"IRN":2.07301,"ISL":0,"ISR":10.119966,"ITA":1.713743,"JAM":0.629921,"JOR":6.539457,"JPN":0.887248,"KAZ":0.838732,"KEN":1.641253,"KGZ":2.586362,"KHM":3.842343,"KOR":3.192753,"KWT":13.259239,"LAO":7.522004,"LBN":6.997713,"LBR":29.727685,"LKA":3.729338,"LSO":2.741122,"LTU":0.493378,"LUX":0.820812,"LVA":0.838757,"MAR":4.493819,"MDA":0.773794,"MDG":0.926473,"MEX":0.476011,"MLI":1.438026,"MLT":1.024059,"MMR":3.541121,"MNG":1.654356,"MOZ":2.46322,"MRT":2.240862,"MUS":0.333146,"MWI":0.582363,"MYS":2.847115,"NAM":1.751234,"NER":1.232372,"NGA":0.781452,"NIC":1.1895,"NLD":1.913061,"NOR":2.676981,"NPL":0.792865,"NZL":1.853368,"OMN":11.766453,"PAK":5.923548,"PAN":1.192557,"PER":2.474198,"PHL":2.172447,"PNG":1.013205,"POL":2.273232,"PRT":1.681213,"PRY":2.046766,"ROU":3.114728,"RUS":4.523701,"RWA":3.437877,"SAU":10.644782,"SDN":3.897835,"SEN":1.34762,"SGP":3.791435,"SLE":1.250753,"SLV":1.352221,"SVK":1.939519,"SVN":1.654075,"SWE":2.253803,"SWZ":1.81809,"SYC":2.443685,"SYR":7.364143,"TCD":1.217723,"TGO":2.584311,"THA":2.502383,"TJK":0.00172,"TKM":1.797647,"TTO":0.489219,"TUN":1.742123,"TUR":4.051359,"TWN":4.66487,"TZA":1.294114,"UGA":2.015782,"UKR":2.417772,"URY":2.577706,"USA":4.215265,"UZB":1.527482,"VEN":1.590747,"VNM":2.649355,"YEM":8.398759,"ZAF":2.561966,"ZMB":1.719245,"ZWE":3.114713}}