{"schemaVersion":1,"dataKind":"ranking-year","indicatorId":"MILITARY_SPENDING_PERCENT_GDP","year":1995,"valuesByCountry":{"AGO":4.707393,"ALB":1.752352,"ARG":1.473073,"ARM":4.059312,"AUS":2.016638,"AUT":1.073232,"AZE":2.736901,"BDI":4.209073,"BEL":1.544641,"BFA":1.383043,"BGD":1.411457,"BGR":1.638346,"BHR":5.183232,"BLR":0.924375,"BLZ":1.027386,"BOL":2.096162,"BRA":1.862137,"BRN":5.477266,"BWA":3.50648,"CAF":1.166782,"CAN":1.55409,"CHE":1.355811,"CHL":2.562065,"CHN":1.677768,"CMR":1.251645,"COL":2.831627,"CPV":1.265081,"CRI":0,"CYP":3.041034,"CZE":1.758855,"DEU":1.487272,"DJI":5.791646,"DNK":1.68676,"DOM":0.549478,"DZA":2.935027,"ECU":1.987604,"EGY":3.082036,"ERI":19.539112,"ESP":1.917022,"EST":0.930586,"ETH":2.225616,"FIN":1.422541,"FJI":1.625787,"FRA":2.515422,"GBR":2.838375,"GHA":0.335748,"GMB":0.304616,"GNB":0.495568,"GNQ":2.045617,"GRC":3.096637,"GTM":1.080427,"GUY":0.91552,"HRV":9.101528,"HTI":0.08192,"HUN":1.313959,"IDN":1.22631,"IND":2.578484,"IRL":1.015363,"IRN":2.154166,"ISL":0,"ISR":7.427869,"ITA":1.459637,"JAM":0.538709,"JOR":4.454249,"JPN":0.8859,"KAZ":1.032422,"KEN":1.646716,"KGZ":3.458616,"KHM":3.577311,"KOR":2.892333,"KWT":13.581581,"LAO":5.834196,"LBN":6.711928,"LKA":5.861132,"LSO":3.241889,"LTU":0.45148,"LUX":0.682177,"LVA":0.831537,"MAR":4.34741,"MDA":0.925967,"MDG":0.859888,"MEX":0.411045,"MLI":1.497017,"MLT":0.83963,"MMR":3.684832,"MNG":1.620506,"MOZ":1.093042,"MRT":2.260155,"MUS":0.332826,"MWI":0.32379,"MYS":2.751345,"NAM":1.947899,"NER":0.970976,"NGA":0.483559,"NIC":1.10282,"NLD":1.768738,"NOR":2.307457,"NPL":0.767151,"NZL":1.842497,"OMN":10.967648,"PAK":5.820225,"PAN":1.115757,"PER":2.635324,"PHL":2.294132,"PNG":0.775516,"POL":1.9038,"PRT":1.707158,"PRY":2.283425,"ROU":2.613448,"RUS":3.78443,"RWA":0.607803,"SAU":9.278468,"SDN":2.073045,"SEN":1.310099,"SGP":4.182558,"SLE":1.237011,"SLV":1.175058,"SVK":3.100703,"SVN":1.566095,"SWE":2.145548,"SWZ":1.693339,"SYC":2.28118,"SYR":6.949691,"TCD":0.898556,"TGO":1.857526,"THA":2.273782,"TJK":1.098613,"TKM":2.315846,"TUN":1.744708,"TUR":2.814773,"TWN":4.11037,"TZA":1.627214,"UGA":2.101511,"UKR":2.734948,"URY":2.714637,"USA":3.860246,"UZB":0.883907,"VEN":1.549062,"YEM":6.350578,"ZAF":2.117864,"ZMB":1.451688,"ZWE":3.181653}}