{"schemaVersion":1,"dataKind":"ranking-year","indicatorId":"MILITARY_SPENDING_PERCENT_GDP","year":1996,"valuesByCountry":{"AGO":2.447848,"ALB":1.413312,"ARG":1.241227,"ARM":3.281867,"AUS":1.926743,"AUT":1.049683,"AZE":2.25423,"BDI":5.856885,"BEL":1.519317,"BFA":1.287088,"BGD":1.383862,"BGR":1.73743,"BHR":5.27394,"BLR":0.615582,"BLZ":0.965789,"BOL":1.986808,"BRA":1.654843,"BRN":6.249494,"BWA":2.899521,"CAF":1.210192,"CAN":1.403753,"CHE":1.283757,"CHL":2.423299,"CHN":1.643643,"CIV":0.611814,"CMR":1.224838,"COD":1.546801,"COL":4.445393,"CPV":0.844175,"CRI":0,"CYP":4.524715,"CZE":1.657586,"DEU":1.457372,"DJI":5.080479,"DNK":1.646144,"DOM":0.633652,"DZA":3.094088,"ECU":1.689725,"EGY":2.974812,"ERI":20.344819,"ESP":1.814439,"EST":0.866311,"ETH":2.117138,"FIN":1.530472,"FJI":1.424246,"FRA":2.437663,"GBR":2.705673,"GEO":2.210173,"GHA":0.286904,"GMB":0.397307,"GNB":0.566593,"GRC":3.237321,"GTM":0.895717,"GUY":0.787831,"HRV":8.075132,"HUN":1.249682,"IDN":1.264393,"IND":2.472768,"IRL":0.990896,"IRN":2.244865,"ISL":0,"ISR":7.280817,"ITA":1.581428,"JAM":0.567657,"JOR":6.026918,"JPN":0.87718,"KAZ":1.201994,"KEN":1.417955,"KGZ":2.988273,"KHM":3.238455,"KOR":2.74348,"KWT":10.292648,"LAO":4.186707,"LBN":5.661852,"LKA":5.519783,"LSO":2.824674,"LTU":0.501284,"LUX":0.677178,"LVA":0.657944,"MAR":3.949093,"MDA":0.906694,"MDG":1.237634,"MEX":0.435691,"MKD":2.813677,"MLI":1.428411,"MLT":0.871057,"MMR":3.493428,"MNG":1.776947,"MOZ":0.894206,"MRT":2.626341,"MUS":0.29339,"MWI":0.361847,"MYS":2.400564,"NAM":1.903604,"NER":0.861401,"NGA":0.406178,"NIC":0.949705,"NLD":1.73455,"NOR":2.163042,"NPL":0.733931,"NZL":1.792662,"OMN":9.407078,"PAK":6.037166,"PAN":1.085592,"PER":2.502027,"PHL":2.268408,"PNG":1.017311,"POL":1.917392,"PRT":1.60164,"PRY":2.06379,"ROU":2.369073,"RUS":3.756559,"RWA":5.328556,"SAU":8.468078,"SDN":1.269326,"SEN":1.243918,"SGP":4.258079,"SLE":0.849856,"SLV":1.074409,"SRB":3.160006,"SVK":2.934189,"SVN":1.537028,"SWE":2.124798,"SWZ":1.652578,"SYC":2.095749,"SYR":6.041916,"TCD":1.001667,"THA":2.151525,"TJK":1.289141,"TKM":2.190602,"TUN":1.867535,"TUR":3.000428,"TWN":4.022385,"TZA":1.55535,"UGA":2.210911,"UKR":3.178834,"URY":2.805938,"USA":3.554982,"UZB":0.984546,"VEN":1.039483,"YEM":5.281346,"ZAF":1.755879,"ZMB":1.05181,"ZWE":2.882772}}