{"schemaVersion":1,"dataKind":"ranking-year","indicatorId":"MILITARY_SPENDING_PERCENT_GDP","year":1997,"valuesByCountry":{"AGO":5.972268,"ALB":1.320135,"ARE":6.759061,"ARG":1.140139,"ARM":3.909399,"AUS":1.861753,"AUT":1.046434,"AZE":2.32405,"BDI":6.359653,"BEL":1.457866,"BFA":1.417055,"BGD":1.427625,"BGR":2.15948,"BHR":5.068487,"BLR":0.740186,"BLZ":1.052654,"BOL":2.27361,"BRA":1.577688,"BRN":7.183965,"BWA":3.197205,"CAN":1.246243,"CHE":1.220864,"CHL":2.473643,"CHN":1.62227,"CIV":0.577204,"CMR":1.301242,"COD":1.410851,"COL":2.801788,"CPV":0.831007,"CRI":0,"CYP":5.573911,"CZE":1.580303,"DEU":1.402708,"DJI":5.474986,"DNK":1.618724,"DOM":0.796926,"DZA":3.637403,"ECU":1.811067,"EGY":2.841485,"ERI":11.860415,"ESP":1.722816,"EST":1.028865,"ETH":3.343177,"FIN":1.535155,"FJI":1.36496,"FRA":2.393957,"GBR":2.542016,"GEO":1.253588,"GHA":0.287938,"GIN":1.172819,"GMB":0.407576,"GNB":0.650521,"GRC":3.296027,"GTM":0.742818,"HRV":7.478052,"HUN":1.468339,"IDN":1.497742,"IND":2.647732,"IRL":0.923621,"IRN":2.498875,"ISL":0,"ISR":7.083353,"ITA":1.618935,"JAM":0.655055,"JOR":6.131506,"JPN":0.887267,"KAZ":1.112939,"KEN":1.340639,"KGZ":3.112267,"KHM":3.003361,"KOR":2.663388,"KWT":8.086476,"LAO":3.839007,"LBN":4.305155,"LBY":4.011123,"LKA":4.630602,"LSO":2.712177,"LTU":0.743585,"LUX":0.685334,"LVA":0.598268,"MAR":4.192659,"MDA":0.902773,"MDG":1.481912,"MEX":0.417244,"MKD":2.128247,"MLI":1.496852,"MLT":0.822349,"MMR":2.313722,"MNG":1.638735,"MOZ":0.862076,"MRT":2.96726,"MUS":0.234079,"MWI":0.406114,"MYS":2.085559,"NAM":2.301355,"NER":0.932595,"NGA":0.435836,"NIC":0.89467,"NLD":1.638181,"NOR":2.016051,"NPL":0.717628,"NZL":1.719474,"OMN":9.357911,"PAK":5.621216,"PAN":1.170171,"PER":1.99677,"PHL":1.914461,"PNG":1.075354,"POL":1.996495,"PRT":1.541548,"PRY":1.68568,"ROU":3.01765,"RUS":4.039809,"RWA":4.173526,"SAU":11.000935,"SDN":0.954329,"SEN":1.196912,"SGP":4.451806,"SLE":0.480483,"SLV":1.007766,"SRB":3.367403,"SVK":2.26784,"SVN":1.402871,"SWE":1.939673,"SWZ":1.494839,"SYC":2.02481,"SYR":5.882755,"TCD":0.697722,"THA":2.173923,"TJK":1.695095,"TKM":4.252754,"TUN":1.726385,"TUR":2.953551,"TWN":3.728828,"TZA":1.543545,"UGA":2.116707,"UKR":3.988241,"URY":2.399721,"USA":3.405562,"UZB":1.118812,"VEN":1.795285,"YEM":5.805753,"ZAF":1.582134,"ZMB":1.007661,"ZWE":2.998267}}