{"schemaVersion":1,"dataKind":"ranking-year","indicatorId":"MILITARY_SPENDING_PERCENT_GDP","year":1998,"valuesByCountry":{"AGO":2.642012,"ALB":1.289083,"ARE":8.629721,"ARG":1.136318,"ARM":3.528096,"AUS":1.865642,"AUT":1.018073,"AZE":2.412356,"BDI":6.572273,"BEL":1.417396,"BFA":1.276363,"BGD":1.416941,"BGR":2.131516,"BHR":5.333104,"BLR":1.000533,"BOL":2.691111,"BRA":1.662292,"BRN":7.529844,"BWA":3.779399,"CAN":1.256294,"CHE":1.185204,"CHL":2.576201,"CHN":1.642197,"CMR":1.396509,"COD":0.428454,"COL":3.440986,"CPV":0.85854,"CRI":0,"CYP":4.676318,"CZE":1.735598,"DEU":1.381657,"DJI":5.650875,"DNK":1.609071,"DOM":0.780062,"DZA":3.965674,"ECU":2.018954,"EGY":2.659383,"ERI":32.497067,"ESP":1.75732,"EST":1.056773,"ETH":7.276936,"FIN":1.463176,"FJI":1.259189,"FRA":2.246809,"GBR":2.482131,"GEO":1.136974,"GHA":0.334708,"GIN":1.254992,"GMB":0.384834,"GNB":1.404762,"GRC":3.455415,"GTM":0.72084,"HRV":5.545558,"HUN":1.267752,"IDN":1.019117,"IND":2.727311,"IRL":0.823068,"IRN":2.629079,"ISL":0,"ISR":6.623157,"ITA":1.636213,"JAM":0.544948,"JOR":6.274622,"JPN":0.911943,"KAZ":1.149738,"KEN":1.220123,"KGZ":2.667562,"KHM":2.662048,"KOR":2.794442,"KWT":8.79656,"LAO":2.594217,"LBN":4.023252,"LBY":4.669988,"LKA":4.643464,"LSO":2.851928,"LTU":1.22394,"LUX":0.710385,"LVA":0.60478,"MAR":3.456334,"MDA":0.624855,"MDG":1.348927,"MEX":0.405988,"MKD":2.09824,"MLI":1.404632,"MLT":0.725207,"MMR":2.398551,"MNG":1.906538,"MOZ":0.887477,"MRT":1.862441,"MUS":0.202815,"MWI":0.338642,"MYS":1.605335,"NAM":2.321837,"NER":1.061224,"NGA":0.548312,"NIC":0.735362,"NLD":1.558534,"NOR":2.155828,"NPL":0.755393,"NZL":1.710572,"OMN":8.216092,"PAK":5.415095,"PAN":0.951292,"PER":2.016661,"PHL":1.697293,"PNG":0.87922,"POL":1.991658,"PRT":1.423019,"PRY":1.543154,"ROU":3.004175,"RUS":2.732649,"RWA":4.377647,"SAU":14.311037,"SDN":2.37965,"SEN":1.179142,"SGP":5.209796,"SLE":0.643667,"SLV":0.922943,"SRB":3.057131,"SVK":1.735351,"SVN":1.365309,"SWE":1.894597,"SWZ":1.647209,"SYC":1.732916,"SYR":5.808381,"TCD":0.598524,"THA":1.856368,"TJK":1.713032,"TKM":3.342025,"TUN":1.677972,"TUR":3.181131,"TWN":3.296379,"TZA":1.601972,"UGA":2.442356,"UKR":3.244032,"URY":2.258134,"USA":3.201558,"VEN":1.588555,"YEM":6.081569,"ZAF":1.383167,"ZWE":2.529135}}