{"schemaVersion":1,"dataKind":"ranking-year","indicatorId":"MILITARY_SPENDING_PERCENT_GDP","year":1999,"valuesByCountry":{"AGO":17.334692,"ALB":1.298972,"ARE":7.669538,"ARG":1.22036,"ARM":3.697374,"AUS":1.883996,"AUT":0.980246,"AZE":2.62511,"BDI":6.257644,"BEL":1.393931,"BEN":0.485389,"BFA":1.231912,"BGD":1.420029,"BGR":2.619501,"BHR":5.503622,"BLR":1.068489,"BOL":2.133287,"BRA":1.645475,"BRN":6.130418,"BWA":3.092074,"CAN":1.241703,"CHE":1.086212,"CHL":2.702683,"CHN":1.854785,"CMR":1.443852,"COD":1.158151,"COL":3.762742,"CPV":0.838543,"CRI":0,"CYP":2.733851,"CZE":1.838687,"DEU":1.380348,"DJI":5.47809,"DNK":1.565537,"DOM":0.816244,"DZA":3.75508,"ECU":1.555982,"EGY":2.569767,"ERI":34.377768,"ESP":1.755235,"EST":1.280403,"ETH":9.506943,"FIN":1.223104,"FJI":1.131806,"FRA":2.198153,"GBR":2.406764,"GEO":0.924375,"GHA":0.333671,"GIN":1.595131,"GMB":0.325833,"GRC":3.494209,"GTM":0.675601,"HRV":4.383067,"HUN":1.429903,"IDN":0.810813,"IND":2.957196,"IRL":0.750077,"IRN":2.404552,"ISL":0,"ISR":6.216333,"ITA":1.675226,"JAM":0.511052,"JOR":6.282233,"JPN":0.919666,"KAZ":0.819607,"KEN":1.186974,"KGZ":2.685206,"KHM":2.510029,"KOR":2.492577,"KWT":7.590224,"LAO":1.057743,"LBN":4.770439,"LBY":3.106672,"LKA":4.030164,"LSO":3.562451,"LTU":0.965771,"LUX":0.642406,"LVA":0.772369,"MAR":2.900457,"MDA":0.511299,"MDG":1.210229,"MEX":0.420264,"MKD":1.713821,"MLI":1.49229,"MLT":0.68064,"MMR":2.020134,"MNG":1.835012,"MOZ":0.899191,"MRT":2.273638,"MUS":0.208135,"MWI":0.33217,"MYS":2.101482,"NAM":3.124033,"NER":1.166908,"NGA":0.855416,"NIC":0.719493,"NLD":1.569751,"NOR":2.03788,"NPL":0.771946,"NZL":1.648475,"OMN":7.516788,"PAK":5.189899,"PAN":0.974137,"PER":1.930631,"PHL":1.615776,"PNG":0.691395,"POL":1.890142,"PRT":1.42627,"PRY":1.388768,"ROU":2.640259,"RUS":3.073288,"RWA":4.448105,"SAU":11.381936,"SDN":4.009756,"SEN":1.202127,"SGP":5.207261,"SLE":1.093195,"SLV":0.920549,"SRB":3.532162,"SVK":1.569853,"SVN":1.215609,"SWE":1.87691,"SWZ":1.684506,"SYC":1.782925,"SYR":5.81058,"TCD":0.885369,"THA":1.623798,"TJK":1.392045,"TKM":3.113965,"TUN":1.556076,"TUR":3.87721,"TWN":3.149063,"TZA":1.487663,"UGA":2.655734,"UKR":2.883528,"URY":2.394461,"USA":3.085677,"UZB":1.306402,"VEN":1.437199,"YEM":5.172722,"ZAF":1.272053,"ZMB":1.648318,"ZWE":2.238083}}