{"schemaVersion":1,"dataKind":"ranking-year","indicatorId":"MILITARY_SPENDING_PERCENT_GDP","year":2000,"valuesByCountry":{"AGO":6.392603,"ALB":1.262866,"ARE":8.323722,"ARG":1.148823,"ARM":3.560025,"AUS":1.820958,"AUT":0.983961,"AZE":2.267862,"BDI":4.862402,"BEL":1.350865,"BEN":0.412852,"BFA":1.238046,"BGD":1.404231,"BGR":2.652456,"BHR":3.961671,"BLR":1.373839,"BLZ":0.671335,"BOL":2.062972,"BRA":1.730726,"BRN":4.069205,"BWA":3.191243,"CAN":1.11435,"CHE":1.02928,"CHL":2.688616,"CHN":1.817123,"CMR":1.324749,"COD":0.220261,"COL":3.031684,"CPV":1.154026,"CRI":0,"CYP":2.82209,"CZE":1.86147,"DEU":1.344216,"DJI":5.069101,"DNK":1.458466,"DOM":1.030096,"DZA":3.433394,"ECU":1.517339,"EGY":2.551265,"ERI":32.655671,"ESP":1.725518,"EST":1.376132,"ETH":7.690239,"FIN":1.24001,"FJI":1.756243,"FRA":2.092189,"GAB":1.691705,"GBR":2.353769,"GEO":0.615582,"GHA":0.44363,"GIN":1.534638,"GMB":0.315794,"GNB":2.62803,"GRC":3.594799,"GTM":0.918402,"GUY":1.765977,"HND":0.729929,"HRV":3.024582,"HUN":1.51421,"IDN":0.684484,"IND":2.94893,"IRL":0.694961,"IRN":2.295042,"ISL":0,"ISR":6.016783,"ITA":1.733397,"JAM":0.48632,"JOR":6.256556,"JPN":0.902539,"KAZ":0.784645,"KEN":1.313742,"KGZ":2.878896,"KHM":2.185804,"KOR":2.309863,"KWT":7.150149,"LAO":0.791543,"LBN":5.3921,"LBY":2.748393,"LKA":5.033873,"LSO":3.284926,"LTU":1.21549,"LUX":0.604715,"LVA":0.901767,"MAR":2.210962,"MDA":0.395142,"MDG":1.217514,"MEX":0.408518,"MKD":1.850821,"MLI":1.47865,"MLT":0.628078,"MMR":2.180277,"MNG":2.022481,"MOZ":0.933475,"MRT":2.928005,"MUS":0.200719,"MWI":0.275495,"MYS":1.634676,"NAM":2.706733,"NER":1.164611,"NGA":0.543532,"NIC":0.782751,"NLD":1.433421,"NOR":1.704423,"NPL":0.78399,"NZL":1.596617,"OMN":7.085709,"PAK":4.168723,"PAN":0,"PER":1.788967,"PHL":1.608227,"PNG":0.639108,"POL":1.819045,"PRT":1.407036,"PRY":1.244939,"ROU":2.498914,"RUS":3.30703,"RWA":3.535503,"SAU":10.534403,"SDN":4.471292,"SEN":1.04836,"SGP":4.507572,"SLE":1.578011,"SLV":0.840331,"SRB":4.60092,"SVK":1.653704,"SVN":1.10309,"SWE":1.821745,"SWZ":1.460232,"SYC":1.679333,"SYR":5.453656,"TCD":0.999606,"THA":1.488112,"TJK":0.598175,"TUN":1.547904,"TUR":3.637411,"TWN":2.660587,"TZA":1.487264,"UGA":1.764608,"UKR":3.511083,"URY":2.435977,"USA":3.112242,"UZB":0.91881,"VEN":1.52657,"YEM":4.915392,"ZAF":1.387289,"ZWE":3.053792}}