{"schemaVersion":1,"dataKind":"ranking-year","indicatorId":"MILITARY_SPENDING_PERCENT_GDP","year":2001,"valuesByCountry":{"AGO":4.524354,"ALB":1.309839,"ARE":5.612106,"ARG":1.184234,"ARM":3.127249,"AUS":1.859727,"AUT":0.911232,"AZE":2.312063,"BDI":6.071737,"BEL":1.283523,"BEN":0.357971,"BFA":1.155515,"BGD":1.338361,"BGR":2.86252,"BHR":4.148082,"BLR":3.33917,"BLZ":0.675825,"BOL":2.320447,"BRA":1.951882,"BRN":3.886398,"BWA":3.831223,"CAN":1.133356,"CHE":0.99188,"CHL":2.647049,"CHN":1.960203,"CMR":1.29036,"COG":1.792225,"COL":3.323873,"CPV":0.753615,"CRI":0,"CYP":3.153222,"CZE":1.735528,"DEU":1.307898,"DNK":1.531543,"DOM":1.213496,"DZA":3.520463,"ECU":1.660393,"EGY":2.985569,"ERI":22.136792,"ESP":1.629584,"EST":1.500977,"ETH":4.392657,"FIN":1.14312,"FJI":1.824584,"FRA":2.041484,"GAB":1.793952,"GBR":2.385624,"GEO":0.740186,"GHA":0.264453,"GIN":3.100211,"GMB":0.234862,"GNB":1.626727,"GRC":3.356276,"GTM":1.052063,"GUY":2.017946,"HND":0.822611,"HRV":2.705751,"HUN":1.570747,"IDN":0.572793,"IND":2.924436,"IRL":0.702765,"IRN":2.418179,"ISL":0,"ISR":6.213621,"ITA":1.666874,"JAM":0.504359,"JOR":5.893079,"JPN":0.918223,"KAZ":0.999817,"KEN":1.504755,"KGZ":2.345037,"KHM":1.7056,"KOR":2.280234,"KWT":7.700626,"LAO":0.717115,"LBN":5.447896,"LBY":2.32842,"LKA":4.286991,"LSO":2.744178,"LTU":1.361026,"LUX":0.749585,"LVA":1.061803,"MAR":3.726136,"MDA":0.402592,"MDG":1.435848,"MEX":0.405679,"MKD":6.100396,"MLI":1.295172,"MLT":0.66619,"MMR":1.839657,"MNG":1.781658,"MOZ":0.895889,"MRT":4.002384,"MUS":0.19458,"MWI":0.303541,"MYS":2.084923,"NAM":3.008741,"NER":1.32016,"NGA":0.780316,"NIC":0.683525,"NLD":1.434751,"NOR":1.702232,"NPL":0.960767,"NZL":1.500372,"OMN":8.19564,"PAK":3.878934,"PAN":0,"PER":1.75202,"PHL":1.471379,"PNG":0.547295,"POL":1.892704,"PRT":1.445062,"PRY":1.074635,"ROU":2.420745,"RUS":3.546319,"RWA":3.396226,"SAU":11.419005,"SDN":2.469318,"SEN":1.115667,"SGP":4.798907,"SLE":1.722719,"SLV":1.09067,"SRB":3.63303,"SVK":1.843338,"SVN":1.313477,"SWE":1.702292,"SWZ":1.255748,"SYC":1.778266,"SYR":5.48055,"TCD":0.993718,"THA":1.429885,"TJK":0.580784,"TTO":0.155635,"TUN":1.521112,"TUR":3.568862,"TWN":2.666158,"TZA":1.451605,"UGA":1.683245,"UKR":2.769267,"URY":2.502578,"USA":3.12381,"UZB":0.665921,"VEN":1.555108,"YEM":5.481015,"ZAF":1.483161,"ZWE":2.549804}}