{"schemaVersion":1,"dataKind":"ranking-year","indicatorId":"MILITARY_SPENDING_PERCENT_GDP","year":2002,"valuesByCountry":{"AGO":2.869932,"ALB":1.296668,"ARE":4.875532,"ARG":1.09188,"ARM":2.697715,"AUS":1.864904,"AUT":0.888297,"AZE":2.243314,"BDI":5.441679,"BEL":1.223761,"BEN":0.622819,"BFA":1.177935,"BGD":1.245181,"BGR":2.779677,"BHR":4.611107,"BIH":3.904373,"BLR":5.218307,"BLZ":0.639045,"BOL":1.990334,"BRA":1.895771,"BRN":3.870783,"BWA":4.110206,"CAF":1.086956,"CAN":1.116869,"CHE":0.956388,"CHL":2.531543,"CHN":2.032737,"CMR":1.338507,"COG":2.123352,"COL":3.417128,"CPV":0.66548,"CRI":0,"CYP":2.130161,"CZE":1.809011,"DEU":1.31344,"DNK":1.506859,"DOM":1.058919,"DZA":3.41472,"ECU":1.866623,"EGY":3.278455,"ERI":20.671878,"ESP":1.455974,"EST":1.656261,"ETH":3.756734,"FIN":1.153463,"FJI":1.548567,"FRA":2.058573,"GAB":1.78317,"GBR":2.471147,"GEO":1.000533,"GHA":0.260306,"GIN":3.32468,"GMB":0.244381,"GNB":1.558603,"GRC":3.165657,"GTM":0.762245,"GUY":2.293287,"HND":0.809188,"HRV":2.708808,"HUN":1.595669,"IDN":0.70012,"IND":2.826867,"IRL":0.633833,"IRN":2.174576,"ISL":0,"ISR":6.32357,"ITA":1.693943,"JAM":0.585431,"JOR":5.446014,"JPN":0.926382,"KAZ":0.998338,"KEN":1.632408,"KGZ":2.726698,"KHM":1.446291,"KOR":2.169448,"KWT":7.399194,"LAO":0.583935,"LBN":4.753301,"LBY":2.141846,"LKA":3.342589,"LSO":2.516393,"LTU":1.270938,"LUX":0.651711,"LVA":1.591799,"MAR":3.491788,"MDA":0.419847,"MDG":1.313162,"MEX":0.391316,"MKD":2.645598,"MLI":1.26885,"MLT":0.637561,"MMR":1.399555,"MNG":1.795567,"MOZ":0.899206,"MRT":2.739384,"MUS":0.19627,"MWI":0.301011,"MYS":2.219131,"NAM":2.617845,"NER":0.963348,"NGA":0.954338,"NIC":0.865166,"NLD":1.421552,"NOR":2.075319,"NPL":1.266331,"NZL":1.400275,"OMN":8.100666,"PAK":4.07377,"PAN":0,"PER":1.54184,"PHL":1.47389,"PNG":0.371638,"POL":1.890974,"PRT":1.464813,"PRY":0.971237,"QAT":3.92997,"ROU":2.287296,"RUS":3.756277,"RWA":3.048934,"SAU":9.758064,"SDN":2.671916,"SEN":1.10124,"SGP":4.893237,"SLE":1.359705,"SLV":1.130239,"SRB":3.784103,"SVK":1.776389,"SVN":1.408479,"SWE":1.628652,"SWZ":1.393555,"SYC":1.677375,"SYR":5.412501,"TCD":1.118813,"THA":1.32828,"TJK":1.048837,"TTO":0.213074,"TUN":1.492643,"TUR":3.758816,"TWN":2.449461,"TZA":1.302598,"UGA":1.634675,"UKR":2.6762,"URY":2.53014,"USA":3.447618,"UZB":0.476877,"VEN":1.153374,"YEM":6.895608,"ZAF":1.52931,"ZWE":6.306474}}