{"schemaVersion":1,"dataKind":"ranking-year","indicatorId":"MILITARY_SPENDING_PERCENT_GDP","year":2003,"valuesByCountry":{"AGO":3.761479,"ALB":1.324225,"ARE":4.692306,"ARG":1.060895,"ARM":2.728372,"AUS":1.839608,"AUT":0.915452,"AZE":2.426363,"BDI":5.533435,"BEL":1.221194,"BEN":0.647223,"BFA":1.073055,"BGD":1.199623,"BGR":2.691201,"BHR":4.658833,"BIH":2.416698,"BLR":9.159117,"BLZ":0.676966,"BOL":2.145483,"BRA":1.503478,"BRN":3.71142,"BWA":4.007367,"CAF":1.263854,"CAN":1.111937,"CHE":0.92663,"CHL":2.702971,"CHN":1.968285,"CIV":1.006752,"CMR":1.383807,"COD":0.880646,"COG":2.432293,"COL":3.463989,"CPV":0.648754,"CRI":0,"CYP":1.985163,"CZE":1.877522,"DEU":1.298696,"DNK":1.464667,"DOM":0.764145,"DZA":3.002625,"ECU":2.386549,"EGY":3.177285,"ERI":20.865745,"ESP":1.422544,"EST":1.735509,"ETH":3.296288,"FIN":1.445474,"FJI":1.486501,"FRA":2.106471,"GAB":1.668328,"GBR":2.539299,"GEO":1.068489,"GHA":0.303758,"GIN":2.441181,"GMB":0.227389,"GNB":1.575423,"GRC":2.562781,"GTM":0.815655,"GUY":2.199717,"HND":0.998265,"HRV":2.026147,"HUN":1.645211,"IDN":0.909285,"IND":2.677777,"IRL":0.587456,"IRN":2.40504,"ISL":0,"ISR":6.196222,"ITA":1.6984,"JAM":0.581596,"JOR":6.001059,"JPN":0.928978,"KAZ":1.029927,"KEN":1.6501,"KGZ":2.86587,"KHM":1.336103,"KOR":2.175241,"KWT":6.543924,"LAO":0.492157,"LBN":4.675691,"LBY":2.017524,"LKA":2.868912,"LSO":2.369001,"LTU":1.120834,"LUX":0.671057,"LVA":1.682203,"MAR":3.494208,"MDA":0.416381,"MDG":1.324757,"MEX":0.386714,"MKD":2.341701,"MLI":1.419333,"MLT":0.629825,"MMR":1.955784,"MNG":1.509694,"MOZ":0.907894,"MRT":3.995276,"MUS":0.187103,"MWI":0.290336,"MYS":2.614807,"NAM":2.624913,"NER":0.931764,"NGA":0.570708,"NIC":0.860737,"NLD":1.437946,"NOR":1.969404,"NPL":1.392821,"NZL":1.327582,"OMN":7.962035,"PAK":4.091427,"PAN":0,"PER":1.509499,"PHL":1.550845,"PNG":0.345763,"POL":1.898904,"PRT":1.43358,"PRY":0.825755,"QAT":3.333995,"ROU":2.088487,"RUS":3.670838,"RWA":2.44713,"SAU":8.687118,"SDN":1.864212,"SEN":1.115443,"SGP":4.837527,"SLE":1.277885,"SLV":0.841381,"SRB":3.096536,"SVK":1.849753,"SVN":1.419905,"SWE":1.588163,"SWZ":1.477398,"SYC":1.734316,"SYR":6.248324,"TCD":0.970601,"TGO":1.3657,"THA":1.232906,"TJK":1.118791,"TTO":0.294294,"TUN":1.483886,"TUR":3.258772,"TWN":2.354443,"TZA":1.074307,"UGA":1.691688,"UKR":2.745579,"URY":2.237545,"USA":3.827161,"UZB":0.429913,"VEN":1.182691,"VNM":2.128641,"YEM":6.854552,"ZAF":1.468811,"ZWE":2.034677}}