{"schemaVersion":1,"dataKind":"ranking-year","indicatorId":"MILITARY_SPENDING_PERCENT_GDP","year":2004,"valuesByCountry":{"AFG":2.431254,"AGO":3.47118,"ALB":1.364044,"ARE":4.611478,"ARG":0.883295,"ARM":2.741997,"AUS":1.819168,"AUT":0.897058,"AZE":2.629481,"BDI":4.903267,"BEL":1.156594,"BEN":0.67615,"BFA":1.207006,"BGD":1.187166,"BGR":2.373712,"BHR":4.044929,"BIH":1.889603,"BLR":8.520118,"BLZ":0.704683,"BOL":1.896503,"BRA":1.461268,"BRN":2.53273,"BWA":3.505874,"CAF":1.153088,"CAN":1.104189,"CHE":0.888925,"CHL":2.71229,"CHN":1.910324,"CIV":1.096073,"CMR":1.401604,"COD":1.336604,"COG":2.44018,"COL":3.465015,"CPV":0.630978,"CRI":0,"CYP":1.955769,"CZE":1.699643,"DEU":1.250728,"DJI":5.607179,"DNK":1.42024,"DOM":0.687618,"DZA":3.048757,"ECU":2.017335,"EGY":2.877531,"ESP":1.430221,"EST":1.687182,"ETH":3.130536,"FIN":1.467719,"FJI":1.583876,"FRA":2.114166,"GAB":1.613166,"GBR":2.479595,"GEO":1.373839,"GHA":0.277571,"GIN":2.228564,"GMB":0.192621,"GRC":2.672028,"GTM":0.479416,"GUY":2.809325,"HND":0.682693,"HRV":1.740388,"HUN":1.473449,"IDN":0.945715,"IND":2.828752,"IRL":0.5679,"IRN":2.834558,"IRQ":1.675578,"ISL":0,"ISR":6.123491,"ITA":1.672289,"JAM":0.53597,"JOR":5.141721,"JPN":0.917534,"KAZ":0.98824,"KEN":1.614194,"KGZ":2.848511,"KHM":1.176516,"KOR":2.165788,"KWT":5.804461,"LAO":0.433725,"LBN":4.511192,"LBR":0.354738,"LBY":2.011746,"LKA":2.997358,"LSO":2.131663,"LTU":1.191041,"LUX":0.670465,"LVA":1.65869,"MAR":3.249468,"MDA":0.360979,"MDG":1.248227,"MEX":0.348327,"MKD":2.380104,"MLI":1.421999,"MLT":0.663925,"MMR":1.813412,"MNG":1.38273,"MOZ":0.978052,"MRT":3.83812,"MUS":0.166217,"MWI":0.44877,"MYS":2.263062,"NAM":2.52759,"NER":1.091187,"NGA":0.490997,"NIC":0.730793,"NLD":1.420689,"NOR":1.842435,"NPL":1.568681,"NZL":1.176795,"OMN":7.86038,"PAK":3.956034,"PAN":0,"PER":1.382224,"PHL":1.360627,"PNG":0.389122,"POL":1.864694,"PRT":1.506091,"PRY":0.87763,"QAT":2.43386,"ROU":2.007658,"RUS":3.300354,"RWA":1.973466,"SAU":8.081556,"SDN":4.65651,"SEN":1.057825,"SGP":4.384287,"SLE":0.97491,"SLV":0.810214,"SRB":2.753416,"SVK":1.655769,"SVN":1.44379,"SWE":1.434077,"SWZ":1.57952,"SYC":1.89764,"SYR":5.541839,"TCD":0.742433,"TGO":1.406048,"THA":1.128357,"TJK":1.131336,"TTO":0.563327,"TUN":1.425902,"TUR":2.662591,"TWN":2.257628,"TZA":0.994615,"UGA":1.766156,"UKR":2.506824,"URY":2.040728,"USA":4.016313,"VEN":1.288302,"VNM":2.01438,"YEM":5.301366,"ZAF":1.355729,"ZMB":1.5809,"ZWE":2.705758}}