{"schemaVersion":1,"dataKind":"ranking-year","indicatorId":"MILITARY_SPENDING_PERCENT_GDP","year":2005,"valuesByCountry":{"AFG":1.992066,"AGO":3.692241,"ALB":1.333965,"ARE":3.656471,"ARG":0.847155,"ARM":2.871931,"AUS":1.793348,"AUT":0.855937,"AZE":2.29907,"BDI":4.43619,"BEL":1.096641,"BEN":0.680971,"BFA":1.201895,"BGD":1.157137,"BGR":2.23535,"BHR":3.214381,"BIH":1.54422,"BLR":5.606597,"BLZ":0.763177,"BOL":1.717004,"BRA":1.524013,"BRN":2.349428,"BWA":2.858004,"CAF":1.08976,"CAN":1.107105,"CHE":0.833064,"CHL":2.534763,"CHN":1.846344,"CIV":1.058065,"CMR":1.143901,"COD":1.31014,"COG":1.518138,"COL":3.37468,"CPV":0.649497,"CRI":0,"CYP":2.03747,"CZE":1.777258,"DEU":1.232756,"DJI":4.507757,"DNK":1.308111,"DOM":0.766536,"DZA":2.732286,"ECU":2.368489,"EGY":2.71422,"ESP":1.387178,"EST":1.449772,"ETH":2.812218,"FIN":1.464705,"FJI":1.323595,"FRA":2.028137,"GAB":1.248682,"GBR":2.41649,"GEO":3.33917,"GHA":0.260967,"GMB":0.277027,"GNB":1.894599,"GRC":2.90168,"GTM":0.383914,"GUY":1.410486,"HND":0.641478,"HRV":1.744037,"HUN":1.411244,"IDN":0.750789,"IND":2.910588,"IRL":0.540613,"IRN":3.036654,"IRQ":2.24258,"ISL":0,"ISR":5.980996,"ITA":1.595161,"JAM":0.527664,"JOR":4.795323,"JPN":0.908608,"KAZ":1.036321,"KEN":1.690587,"KGZ":3.077692,"KHM":1.00419,"KOR":2.280402,"KWT":4.343026,"LAO":0.392509,"LBN":4.477395,"LBR":0.850106,"LBY":1.414334,"LKA":2.639533,"LSO":2.04926,"LTU":1.163118,"LUX":0.647271,"LVA":1.671421,"MAR":3.257997,"MDA":0.400235,"MDG":1.071942,"MEX":0.340405,"MKD":2.029263,"MLI":1.384312,"MLT":0.822527,"MMR":1.576906,"MNE":2.694363,"MNG":1.017286,"MOZ":0.7019,"MRT":3.051556,"MUS":0.160674,"MWI":0.742374,"MYS":2.173929,"NAM":2.645205,"NER":0.715212,"NGA":0.397423,"NIC":0.700404,"NLD":1.390832,"NOR":1.575885,"NPL":1.687532,"NZL":1.139906,"OMN":7.714034,"PAK":3.897019,"PAN":0,"PER":1.581273,"PHL":1.277884,"PNG":0.416638,"POL":1.920652,"PRT":1.593792,"PRY":0.72148,"QAT":1.993016,"ROU":2.006994,"RUS":3.331237,"RWA":1.743056,"SAU":7.730599,"SDN":3.311281,"SEN":1.130465,"SGP":4.275043,"SLE":0.859492,"SLV":0.904205,"SRB":2.221696,"SVK":1.686096,"SVN":1.430408,"SWE":1.408883,"SWZ":2.033224,"SYC":1.602352,"SYR":5.02642,"TCD":0.610589,"TGO":1.45744,"THA":0.986192,"TLS":1.780229,"TTO":0.604538,"TUN":1.451601,"TUR":2.376705,"TWN":2.140957,"TZA":0.823941,"UGA":1.684323,"UKR":2.792489,"URY":2.000386,"USA":4.089232,"VEN":1.831714,"VNM":1.780961,"YEM":4.868317,"ZAF":1.234811,"ZMB":1.848323,"ZWE":1.452576}}