{"schemaVersion":1,"dataKind":"ranking-year","indicatorId":"MILITARY_SPENDING_PERCENT_GDP","year":2006,"valuesByCountry":{"AFG":1.896234,"AGO":3.761495,"ALB":1.540719,"ARE":3.225974,"ARG":0.788234,"ARM":2.947613,"AUS":1.814417,"AUT":0.7914,"AZE":3.417759,"BDI":3.511718,"BEL":1.056123,"BEN":0.665723,"BFA":1.110322,"BGD":1.185742,"BGR":2.081762,"BHR":3.102948,"BIH":1.386533,"BLR":3.65485,"BLZ":0.802722,"BOL":1.466227,"BRA":1.481085,"BRN":2.303963,"BWA":2.754546,"CAN":1.122525,"CHE":0.753808,"CHL":2.506082,"CHN":1.843218,"CIV":1.08658,"CMR":1.229794,"COD":1.324603,"COG":1.569343,"COL":3.295825,"CPV":0.564741,"CRI":0,"CYP":1.899998,"CZE":1.568115,"DEU":1.178987,"DJI":4.587634,"DNK":1.375056,"DOM":0.683423,"DZA":2.513707,"ECU":2.079195,"EGY":2.606219,"ESP":1.370007,"EST":1.387334,"ETH":2.307149,"FIN":1.442702,"FJI":1.608599,"FRA":1.977377,"GAB":1.282619,"GBR":2.361269,"GEO":5.218307,"GHA":0.262214,"GMB":0.260242,"GRC":2.829693,"GTM":0.431829,"GUY":0.805815,"HND":0.69243,"HRV":1.666634,"HUN":1.219742,"IDN":0.658703,"IND":2.680382,"IRL":0.513151,"IRN":3.315194,"IRQ":1.897572,"ISL":0,"ISR":5.81441,"ITA":1.514343,"JAM":0.608922,"JOR":4.659324,"JPN":0.893975,"KAZ":0.978999,"KEN":1.455177,"KGZ":3.168898,"KHM":0.9087,"KOR":2.298924,"KWT":3.542646,"LAO":0.343163,"LBN":4.581431,"LBR":0.353922,"LBY":1.022321,"LKA":2.798774,"LSO":2.074225,"LTU":1.167792,"LUX":0.576444,"LVA":1.79996,"MAR":3.109797,"MDA":0.482634,"MDG":0.977431,"MEX":0.297483,"MKD":1.836538,"MLI":1.391415,"MLT":0.655774,"MNE":2.290713,"MNG":0.961657,"MOZ":0.603998,"MRT":2.693647,"MUS":0.153857,"MWI":0.552309,"MYS":2.007597,"NAM":2.501249,"NGA":0.348375,"NIC":0.551256,"NLD":1.386515,"NOR":1.444668,"NPL":1.530033,"NZL":1.240828,"OMN":7.099094,"PAK":3.645255,"PAN":0,"PER":1.456215,"PHL":1.259095,"PNG":0.37692,"POL":1.913693,"PRT":1.512085,"PRY":0.793455,"QAT":1.750508,"ROU":1.845125,"RUS":3.246357,"RWA":1.64391,"SAU":7.848365,"SDN":3.640512,"SEN":1.271057,"SGP":3.922911,"SLE":0.890937,"SLV":0.888131,"SRB":2.117429,"SVK":1.594348,"SVN":1.550851,"SWE":1.319962,"SWZ":1.672893,"SYC":1.41343,"SYR":4.394447,"TCD":2.177841,"THA":0.950123,"TLS":3.769282,"TTO":0.621276,"TUN":1.446362,"TUR":2.329323,"TWN":1.978113,"TZA":0.792124,"UGA":1.503426,"UKR":2.771592,"URY":2.006178,"USA":4.041342,"VEN":1.978492,"VNM":1.938365,"YEM":4.308467,"ZAF":1.153872,"ZMB":1.743945,"ZWE":1.986242}}