{"schemaVersion":1,"dataKind":"ranking-year","indicatorId":"MILITARY_SPENDING_PERCENT_GDP","year":2007,"valuesByCountry":{"AFG":2.566267,"AGO":3.114054,"ALB":1.752644,"ARE":3.280521,"ARG":0.792548,"ARM":3.042575,"AUS":1.80777,"AUT":0.906104,"AZE":2.864195,"BDI":3.414595,"BEL":1.098019,"BFA":1.415727,"BGD":1.19443,"BGR":2.22854,"BHR":2.95699,"BIH":1.236153,"BLR":3.029179,"BLZ":0.833216,"BOL":1.489048,"BRA":1.466292,"BRN":2.380152,"BWA":2.900015,"CAF":1.089077,"CAN":1.18579,"CHE":0.718232,"CHL":2.330981,"CHN":1.724074,"CIV":1.150833,"CMR":1.241593,"COD":1.106116,"COG":1.916289,"COL":3.286302,"CPV":0.48126,"CRI":0,"CYP":1.6846,"CZE":1.424788,"DEU":1.152792,"DJI":2.901075,"DNK":1.304023,"DOM":0.627619,"DZA":2.769329,"ECU":2.627951,"EGY":2.379635,"ESP":1.363106,"EST":1.657236,"ETH":1.910078,"FIN":1.28761,"FJI":2.2371,"FRA":1.910958,"GBR":2.365572,"GEO":9.159117,"GHA":0.370333,"GMB":0.355318,"GNQ":1.501826,"GRC":2.719175,"GTM":0.398457,"GUY":0.9144,"HND":0.776008,"HRV":1.610986,"HUN":1.267788,"IDN":0.712362,"IND":2.478247,"IRL":0.508755,"IRN":2.653983,"IRQ":2.239928,"ISL":0,"ISR":6.088161,"ITA":1.440918,"JAM":0.652458,"JOR":5.851283,"JPN":0.876392,"KAZ":1.296877,"KEN":1.547912,"KGZ":3.057501,"KHM":0.780175,"KOR":2.270935,"KWT":3.590327,"LAO":0.312174,"LBN":4.641005,"LBR":0.259375,"LBY":0.939443,"LKA":3.260608,"LSO":2.368155,"LTU":1.112731,"LUX":0.555232,"LVA":1.636499,"MAR":3.046954,"MDA":0.516194,"MDG":0.961182,"MEX":0.383092,"MKD":1.95007,"MLI":1.355034,"MLT":0.618983,"MNE":1.744058,"MNG":1.053272,"MOZ":0.634746,"MUS":0.142725,"MWI":0.538318,"MYS":1.958503,"NAM":2.610425,"NGA":0.370355,"NIC":0.531726,"NLD":1.346875,"NOR":1.459172,"NPL":1.353582,"NZL":1.182071,"OMN":6.717564,"PAK":3.511986,"PAN":0,"PER":1.303938,"PHL":1.291426,"PNG":0.411603,"POL":1.998798,"PRT":1.377908,"PRY":0.741437,"QAT":1.959842,"ROU":1.493618,"RUS":3.118542,"RWA":1.365678,"SAU":8.52705,"SDN":4.083231,"SEN":1.379592,"SGP":3.602553,"SLE":0.842696,"SLV":0.973445,"SRB":2.164431,"SVK":1.477983,"SVN":1.448554,"SWE":1.303171,"SWZ":1.644412,"SYC":1.468284,"SYR":4.100544,"TCD":3.249498,"THA":1.019189,"TLS":4.372697,"TTO":0.568669,"TUN":1.260994,"TUR":2.187263,"TWN":2.004652,"TZA":0.762065,"UGA":1.394472,"UKR":2.870003,"URY":1.777167,"USA":4.073351,"VEN":1.888993,"VNM":2.304757,"YEM":4.850723,"ZAF":1.05852,"ZMB":2.063707}}