{"schemaVersion":1,"dataKind":"ranking-year","indicatorId":"MILITARY_SPENDING_PERCENT_GDP","year":2008,"valuesByCountry":{"AFG":2.335546,"AGO":3.57312,"ALB":1.928407,"ARE":3.668023,"ARG":0.762756,"ARM":3.395579,"AUS":1.791121,"AUT":0.876421,"AZE":3.291211,"BDI":2.720891,"BEL":1.221915,"BEN":0.663959,"BFA":1.242913,"BGD":1.1239,"BGR":2.131864,"BHR":2.800161,"BIH":1.220612,"BLR":2.912124,"BLZ":1.077911,"BOL":2.193952,"BRA":1.441924,"BRN":2.261792,"BWA":3.09762,"CAF":1.549881,"CAN":1.245518,"CHE":0.722484,"CHL":2.583652,"CHN":1.689198,"CIV":1.101705,"CMR":1.255591,"COD":0.697348,"COG":1.790279,"COL":3.737247,"CPV":0.548601,"CRI":0,"CYP":1.629705,"CZE":1.234088,"DEU":1.189054,"DJI":2.627583,"DNK":1.348827,"DOM":0.699862,"DZA":2.867406,"ECU":2.692207,"EGY":2.180785,"ESP":1.36762,"EST":1.767106,"ETH":1.525407,"FIN":1.391025,"FJI":1.520953,"FRA":1.899345,"GBR":2.475539,"GEO":8.520118,"GHA":0.294034,"GMB":1.094918,"GNQ":1.482309,"GRC":3.023724,"GTM":0.468231,"GUY":1.008881,"HND":0.953979,"HRV":1.823312,"HUN":1.180493,"IDN":0.578946,"IND":2.631461,"IRL":0.576988,"IRN":2.683342,"IRQ":2.36776,"ISL":0,"ISR":6.174838,"ITA":1.530051,"JAM":0.953354,"JOR":5.994972,"JPN":0.898439,"KAZ":1.154669,"KEN":1.61585,"KGZ":2.904872,"KHM":0.678731,"KOR":2.388508,"KOS":0.016303,"KWT":3.006073,"LAO":0.273821,"LBN":4.016241,"LBR":0.233115,"LBY":1.268662,"LKA":3.243602,"LSO":1.547921,"LTU":1.130811,"LUX":0.299766,"LVA":1.704359,"MAR":3.183501,"MDA":0.608536,"MDG":0.962892,"MEX":0.373177,"MKD":1.742341,"MLI":1.465715,"MLT":0.613355,"MNE":1.872182,"MNG":0.823307,"MOZ":0.647888,"MRT":3.059334,"MUS":0.155952,"MWI":0.593494,"MYS":1.824844,"NAM":3.137262,"NER":0.739446,"NGA":0.489084,"NIC":0.502058,"NLD":1.2971,"NOR":1.370334,"NPL":1.399574,"NZL":1.152764,"OMN":4.960248,"PAK":3.459371,"PAN":0,"PER":1.246695,"PHL":1.250329,"PNG":0.337014,"POL":1.745557,"PRT":1.415947,"PRY":0.683124,"QAT":2.010501,"ROU":1.399984,"RUS":3.149486,"RWA":1.306497,"SAU":7.353436,"SDN":4.978922,"SEN":1.291967,"SGP":3.850027,"SLE":0.603658,"SLV":0.961812,"SRB":2.0502,"SSD":5.761289,"SVK":1.460106,"SVN":1.500183,"SWE":1.170734,"SWZ":1.99882,"SYC":1.150193,"SYR":3.55234,"TCD":4.276459,"TGO":1.722186,"THA":1.252662,"TJK":1.022187,"TLS":3.647032,"TTO":0.493375,"TUN":1.290625,"TUR":2.167811,"TWN":2.153244,"TZA":0.698279,"UGA":1.347345,"UKR":2.672922,"URY":1.869525,"USA":4.446596,"VEN":1.793553,"VNM":2.070175,"YEM":4.445829,"ZAF":1.039418,"ZMB":2.080088}}