{"schemaVersion":1,"dataKind":"ranking-year","indicatorId":"MILITARY_SPENDING_PERCENT_GDP","year":2009,"valuesByCountry":{"AFG":2.087413,"AGO":4.70961,"ALB":1.481385,"ARE":5.457108,"ARG":0.886509,"ARM":4.15705,"AUS":1.917329,"AUT":0.838532,"AZE":3.325422,"BEL":1.16353,"BFA":1.352765,"BGD":1.232581,"BGR":1.739512,"BHR":3.610535,"BIH":1.376586,"BLR":2.5225,"BLZ":1.068493,"BOL":1.761361,"BRA":1.538626,"BRN":2.941072,"BWA":3.262821,"CAF":1.747971,"CAN":1.377556,"CHE":0.731793,"CHL":2.276508,"CHN":1.861457,"CIV":1.251736,"CMR":1.233834,"COD":0.651616,"COL":3.886964,"CPV":0.449908,"CRI":0,"CUB":3.38096,"CYP":1.81682,"CZE":1.313492,"DEU":1.285254,"DNK":1.344412,"DOM":0.667461,"DZA":3.51296,"ECU":3.2432,"EGY":2.032645,"ESP":1.358354,"EST":1.798972,"ETH":1.204602,"FIN":1.560845,"FJI":1.786579,"FRA":2.098778,"GBR":2.634951,"GEO":5.606597,"GHA":0.336758,"GMB":0.482205,"GNB":1.550258,"GNQ":2.47493,"GRC":3.26904,"GTM":0.395326,"GUY":0.981016,"HND":1.074911,"HRV":1.772339,"HUN":1.128239,"IDN":0.571134,"IND":3.129385,"IRL":0.601169,"IRN":3.047706,"IRQ":2.89914,"ISL":0,"ISR":5.916356,"ITA":1.547489,"JAM":0.947227,"JOR":6.391384,"JPN":0.964351,"KAZ":1.103033,"KEN":1.365076,"KGZ":3.176101,"KHM":1.092463,"KOR":2.499902,"KOS":0.481597,"KWT":3.971806,"LAO":0.217195,"LBN":4.028868,"LBR":0.407535,"LKA":3.161899,"LSO":2.722682,"LTU":1.079735,"LUX":0.340145,"LVA":1.415935,"MAR":3.288652,"MDA":0.457887,"MDG":0.738133,"MEX":0.478489,"MKD":1.688165,"MLI":1.418664,"MLT":0.676724,"MNE":1.843761,"MNG":0.629698,"MOZ":0.687406,"MRT":3.135324,"MUS":0.167777,"MWI":0.674504,"MYS":1.871487,"NAM":3.374364,"NER":0.735262,"NGA":0.505856,"NIC":0.502751,"NLD":1.38581,"NOR":1.59691,"NPL":1.439355,"NZL":1.219812,"OMN":6.07257,"PAK":3.265224,"PAN":0,"PER":1.529626,"PHL":1.202323,"PNG":0.447943,"POL":1.792688,"PRT":1.548202,"PRY":0.753484,"QAT":1.992213,"ROU":1.27807,"RUS":3.924063,"RWA":1.326902,"SAU":9.6172,"SDN":5.453919,"SEN":1.335876,"SGP":3.882423,"SLE":0.695771,"SLV":1.078878,"SRB":2.074897,"SSD":4.968463,"SVK":1.517443,"SVN":1.604952,"SWE":1.165741,"SWZ":2.091122,"SYC":1.020878,"SYR":4.027708,"TCD":5.701484,"TGO":1.638013,"THA":1.540348,"TJK":0.954769,"TLS":5.01871,"TTO":0.709659,"TUN":1.29495,"TUR":2.454144,"TWN":2.333692,"TZA":0.757193,"UGA":1.432317,"UKR":2.840354,"URY":1.822613,"USA":4.875768,"VEN":1.23107,"VNM":2.72852,"YEM":5.653649,"ZAF":1.089505,"ZMB":1.731635}}