{"schemaVersion":1,"dataKind":"ranking-year","indicatorId":"MILITARY_SPENDING_PERCENT_GDP","year":2010,"valuesByCountry":{"AFG":1.945836,"AGO":4.177585,"ALB":1.538008,"ARE":6.038592,"ARG":0.814878,"ARM":4.265646,"AUS":1.846801,"AUT":0.826388,"AZE":2.791004,"BEL":1.090181,"BFA":1.224786,"BGD":1.41879,"BGR":1.642462,"BHR":3.277824,"BIH":1.280341,"BLR":2.313467,"BLZ":0.872525,"BOL":2.785007,"BRA":1.539407,"BRN":2.850488,"BWA":2.75908,"CAF":2.40996,"CAN":1.194338,"CHE":0.68722,"CHL":2.254241,"CHN":1.704022,"CIV":1.127105,"CMR":1.288375,"COD":0.821259,"COG":1.66259,"COL":3.636915,"CPV":0.451426,"CRI":0,"CUB":3.326856,"CYP":1.852925,"CZE":1.182898,"DEU":1.24219,"DNK":1.397102,"DOM":0.667532,"DZA":3.189982,"ECU":3.072574,"EGY":1.952967,"ESP":1.381664,"EST":1.700349,"ETH":1.107785,"FIN":1.491726,"FJI":1.605129,"FRA":1.968644,"GAB":1.871623,"GBR":2.562504,"GEO":3.65485,"GHA":0.282688,"GNB":1.82388,"GRC":2.756781,"GTM":0.441383,"GUY":0.90521,"HND":1.074457,"HRV":1.666371,"HUN":1.024134,"IDN":0.617587,"IND":2.889463,"IRL":0.575229,"IRN":2.786548,"IRQ":2.709352,"ISL":0,"ISR":5.711404,"ITA":1.494313,"JAM":0.874179,"JOR":5.7415,"JPN":0.940458,"KAZ":1.014416,"KEN":1.369985,"KGZ":3.846174,"KHM":1.215599,"KOR":2.361228,"KOS":0.722607,"KWT":3.756148,"LAO":0.204567,"LBN":4.123947,"LBR":0.430214,"LKA":2.700748,"LSO":3.162529,"LTU":0.890424,"LUX":0.319439,"LVA":1.106117,"MAR":3.390796,"MDA":0.262879,"MDG":0.570215,"MEX":0.43323,"MKD":1.382155,"MLI":1.374567,"MLT":0.646213,"MNE":1.817,"MNG":0.762997,"MOZ":0.86918,"MUS":0.14869,"MWI":0.510085,"MYS":1.49021,"NAM":3.514744,"NER":0.876503,"NGA":0.539231,"NIC":0.505473,"NLD":1.317529,"NOR":1.507628,"NPL":1.367816,"NZL":1.209919,"OMN":5.648855,"PAK":3.041893,"PAN":0,"PER":1.476972,"PHL":1.170132,"PNG":0.325145,"POL":1.838518,"PRT":1.597795,"PRY":0.750545,"QAT":1.473909,"ROU":1.226977,"RUS":3.585086,"RWA":1.216793,"SAU":8.565677,"SEN":1.215309,"SGP":3.381398,"SLE":0.600435,"SLV":1.089554,"SRB":2.003691,"SSD":4.140633,"SVK":1.249878,"SVN":1.61705,"SWE":1.194499,"SWZ":2.36677,"SYC":0.737915,"SYR":4.056142,"TCD":4.317474,"TGO":1.658858,"THA":1.522556,"TJK":0.952855,"TLS":2.992629,"TTO":0.635217,"TUN":1.236171,"TUR":2.25552,"TWN":2.04618,"TZA":0.896024,"UGA":2.460094,"UKR":2.741997,"URY":1.875808,"USA":4.904023,"VEN":1.013489,"VNM":1.839339,"YEM":4.685557,"ZAF":1.003481,"ZMB":1.382593,"ZWE":0.816251}}