{"schemaVersion":1,"dataKind":"ranking-year","indicatorId":"MILITARY_SPENDING_PERCENT_GDP","year":2011,"valuesByCountry":{"AFG":1.821345,"AGO":3.25566,"ALB":1.51849,"ARE":5.466315,"ARG":0.764287,"ARM":3.853946,"AUS":1.749593,"AUT":0.795932,"AZE":4.670136,"BEL":1.044501,"BFA":1.150906,"BGD":1.458662,"BGR":1.314,"BHR":3.591497,"BIH":1.13643,"BLR":1.967398,"BLZ":0.874905,"BOL":1.684123,"BRA":1.411851,"BRN":2.242241,"BWA":2.40443,"CAF":2.048401,"CAN":1.193292,"CHE":0.694782,"CHL":2.263613,"CHN":1.633086,"CIV":1.007058,"CMR":1.135889,"COD":0.904759,"COL":3.077107,"CPV":0.476996,"CRI":0,"CUB":3.084505,"CYP":1.737832,"CZE":1.069143,"DEU":1.182725,"DNK":1.312339,"DOM":0.602928,"DZA":3.962883,"ECU":3.106474,"EGY":1.837026,"ESP":1.325736,"EST":1.672455,"ETH":1.05809,"FIN":1.491994,"FJI":1.610404,"FRA":1.887946,"GAB":1.462434,"GBR":2.488033,"GEO":3.029179,"GHA":0.435155,"GNB":1.516131,"GRC":2.520211,"GTM":0.459619,"GUY":0.878175,"HND":1.131309,"HRV":1.737009,"HUN":1.03877,"IDN":0.653777,"IND":2.704482,"IRL":0.540318,"IRN":2.381635,"IRQ":2.30344,"ISL":0,"ISR":5.433353,"ITA":1.468292,"JAM":0.925166,"JOR":5.401642,"JPN":0.96764,"KAZ":0.936514,"KEN":1.379743,"KGZ":3.398836,"KHM":1.198553,"KOR":2.371143,"KOS":0.804774,"KWT":3.501397,"LAO":0.212127,"LBN":4.073757,"LBR":0.567137,"LKA":2.685319,"LSO":2.255523,"LTU":0.797082,"LUX":0.317958,"LVA":1.107376,"MAR":3.297495,"MDA":0.27295,"MDG":0.623191,"MEX":0.447387,"MKD":1.262187,"MLI":1.241033,"MLT":0.571706,"MNE":1.763443,"MNG":0.83727,"MOZ":0.813112,"MUS":0.152035,"MWI":0.468558,"MYS":1.552853,"NAM":3.574589,"NER":0.976042,"NGA":0.579227,"NIC":0.526411,"NLD":1.277261,"NOR":1.442528,"NPL":1.350673,"NZL":1.162349,"OMN":6.452751,"PAK":2.919243,"PAN":0,"PER":1.371183,"PHL":1.153415,"PNG":0.356925,"POL":1.791315,"PRT":1.567736,"PRY":0.844604,"ROU":1.235569,"RUS":3.433044,"RWA":1.094931,"SAU":7.129973,"SEN":1.29386,"SGP":3.193875,"SLE":0.530893,"SLV":1.088061,"SRB":1.925731,"SSD":6.094415,"SVK":1.069391,"SVN":1.301879,"SWE":1.108551,"SWZ":2.218672,"SYC":0.855504,"TCD":3.759313,"TGO":1.526064,"THA":1.390635,"TJK":1.093807,"TLS":1.969493,"TTO":0.566437,"TUN":1.486258,"TUR":2.01452,"TWN":2.065516,"TZA":0.903151,"UGA":2.538787,"UKR":2.258288,"URY":1.719749,"USA":4.822442,"VEN":1.130405,"VNM":1.755285,"YEM":4.926462,"ZAF":1.002653,"ZMB":1.317639,"ZWE":1.407162}}