{"schemaVersion":1,"dataKind":"ranking-year","indicatorId":"MILITARY_SPENDING_PERCENT_GDP","year":2012,"valuesByCountry":{"AFG":1.175416,"AGO":3.236659,"ALB":1.495988,"ARE":5.075556,"ARG":0.784825,"ARM":3.583767,"AUS":1.664214,"AUT":0.783539,"AZE":4.658618,"BDI":2.527178,"BEL":1.03703,"BEN":0.702056,"BFA":1.176028,"BGD":1.414613,"BGR":1.329819,"BHR":3.844491,"BIH":1.145572,"BLR":2.040793,"BLZ":0.807287,"BOL":1.845606,"BRA":1.378656,"BRN":2.159034,"BWA":2.343772,"CAF":1.702845,"CAN":1.118405,"CHE":0.669002,"CHL":2.04588,"CHN":1.673197,"CIV":1.100664,"CMR":1.175349,"COD":1.107229,"COL":3.156006,"CPV":0.50601,"CRI":0,"CUB":3.9376,"CYP":1.654752,"CZE":1.055608,"DEU":1.217738,"DNK":1.353293,"DOM":0.653151,"DZA":4.105898,"ECU":2.951815,"EGY":1.648176,"ESP":1.416952,"EST":1.879849,"ETH":0.869767,"FIN":1.531605,"FJI":1.490962,"FRA":1.871544,"GAB":1.619805,"GBR":2.406593,"GEO":2.912124,"GHA":0.593209,"GIN":2.245087,"GMB":0.792325,"GNB":2.333722,"GRC":2.476396,"GTM":0.475871,"GUY":0.825543,"HND":1.131794,"HRV":1.656048,"HUN":1.029247,"IDN":0.711549,"IND":2.618166,"IRL":0.510073,"IRN":2.686608,"IRQ":1.899568,"ISL":0,"ISR":5.313003,"ITA":1.419462,"JAM":0.929536,"JOR":4.655721,"JPN":0.947481,"KAZ":1.046906,"KEN":1.489577,"KGZ":3.207259,"KHM":1.219001,"KOR":2.392059,"KOS":0.703951,"KWT":3.413742,"LAO":0.199455,"LBN":3.992144,"LBR":0.567439,"LBY":3.228213,"LKA":2.1552,"LSO":2.14824,"LTU":0.769173,"LUX":0.306277,"LVA":0.942935,"MAR":3.46275,"MDA":0.27408,"MDG":0.592765,"MEX":0.455502,"MKD":1.22532,"MLI":1.196406,"MLT":0.519476,"MMR":3.895676,"MNE":1.662849,"MNG":0.924306,"MOZ":0.833531,"MRT":2.114975,"MUS":0.142794,"MWI":0.543772,"MYS":1.413331,"NAM":3.166543,"NER":1.623984,"NGA":0.504265,"NIC":0.665904,"NLD":1.225525,"NOR":1.39319,"NPL":1.243702,"NZL":1.116372,"OMN":10.583203,"PAK":3.095774,"PAN":0,"PER":1.483513,"PHL":1.106704,"PNG":0.519472,"POL":1.804046,"PRT":1.822489,"PRY":0.964507,"ROU":1.173925,"RUS":3.68924,"RWA":1.04225,"SAU":7.5138,"SEN":1.11348,"SGP":3.108166,"SLE":0.517911,"SLV":1.04881,"SRB":1.917982,"SSD":8.771149,"SVK":1.076937,"SVN":1.177172,"SWE":1.135746,"SWZ":1.914557,"SYC":0.93668,"TGO":1.624643,"THA":1.389889,"TJK":0.999143,"TLS":2.877284,"TTO":0.641229,"TUN":1.439874,"TUR":1.998617,"TWN":2.11785,"TZA":0.913799,"UGA":1.176123,"UKR":2.353452,"URY":1.607245,"USA":4.46171,"VEN":1.341472,"VNM":2.422945,"YEM":4.573884,"ZAF":1.033523,"ZMB":1.357869,"ZWE":1.8595}}