{"schemaVersion":1,"dataKind":"ranking-year","indicatorId":"MILITARY_SPENDING_PERCENT_GDP","year":2013,"valuesByCountry":{"AFG":1.07695,"AGO":4.455239,"ALB":1.406696,"ARE":6.034686,"ARG":0.837736,"ARM":3.997245,"AUS":1.630955,"AUT":0.75718,"AZE":4.540923,"BDI":2.482413,"BEL":1.00452,"BEN":0.68724,"BFA":1.23609,"BGD":1.334151,"BGR":1.454043,"BHR":4.141398,"BIH":1.087056,"BLR":1.942198,"BLZ":0.89701,"BOL":1.84124,"BRA":1.329446,"BRN":2.277508,"BWA":2.147171,"CAF":2.833908,"CAN":1.002367,"CHE":0.712636,"CHL":1.994622,"CHN":1.683962,"CIV":0.995019,"CMR":1.165041,"COD":1.073532,"COG":2.044476,"COL":3.272263,"CPV":0.483664,"CRI":0,"CUB":3.512729,"CYP":1.607009,"CZE":1.008704,"DEU":1.162462,"DNK":1.223525,"DOM":0.611825,"DZA":4.423825,"ECU":2.832987,"EGY":1.610057,"ESP":1.266189,"EST":1.883816,"ETH":0.806821,"FIN":1.540072,"FJI":1.386777,"FRA":1.847116,"GAB":1.604047,"GBR":2.28244,"GEO":2.5225,"GHA":0.400295,"GIN":2.386184,"GMB":0.754494,"GNB":1.957042,"GRC":2.391308,"GTM":0.471273,"GUY":0.843693,"HND":1.379535,"HRV":1.607974,"HTI":0.030303,"HUN":0.94367,"IDN":0.91877,"IND":2.548825,"IRL":0.492377,"IRN":2.180772,"IRQ":3.315831,"ISL":0,"ISR":5.28008,"ITA":1.391677,"JAM":0.898968,"JOR":4.19374,"JPN":0.929841,"KAZ":1.078085,"KEN":1.395397,"KGZ":3.196204,"KHM":1.229204,"KOR":2.391287,"KOS":0.721739,"KWT":3.271532,"LAO":0.189895,"LBN":4.129083,"LBR":0.496436,"LBY":5.261263,"LKA":2.154048,"LSO":2.026532,"LTU":0.766528,"LUX":0.301995,"LVA":0.972846,"MAR":3.805783,"MDA":0.281262,"MDG":0.57856,"MEX":0.487643,"MKD":1.169437,"MLI":1.161379,"MLT":0.49834,"MMR":3.887677,"MNE":1.466604,"MNG":0.822311,"MOZ":0.91808,"MRT":1.996597,"MUS":0.188733,"MWI":0.809791,"MYS":1.499296,"NAM":3.206416,"NER":1.045231,"NGA":0.469695,"NIC":0.678614,"NLD":1.157209,"NOR":1.405252,"NPL":1.340726,"NZL":1.043923,"OMN":9.747273,"PAK":3.08802,"PAN":0,"PER":1.643069,"PHL":1.189502,"PNG":0.494549,"POL":1.790058,"PRT":1.679677,"PRY":0.964167,"ROU":1.292231,"RUS":3.854043,"RWA":1.054885,"SAU":8.706658,"SEN":1.251701,"SGP":3.038491,"SLE":0.469957,"SLV":1.079989,"SOM":0.443858,"SRB":1.847575,"SSD":6.569864,"SVK":0.976653,"SVN":1.058947,"SWE":1.117694,"SWZ":1.951891,"SYC":1.036559,"TCD":4.294885,"TGO":1.676205,"THA":1.345251,"TLS":2.270369,"TTO":0.763069,"TUN":1.559737,"TUR":1.915224,"TWN":1.937694,"TZA":0.972363,"UGA":0.937841,"UKR":2.392895,"URY":1.687218,"USA":4.023706,"VEN":1.669552,"VNM":2.583905,"YEM":4.079527,"ZAF":1.027794,"ZMB":1.359736,"ZWE":1.868224}}