{"schemaVersion":1,"dataKind":"ranking-year","indicatorId":"MILITARY_SPENDING_PERCENT_GDP","year":2014,"valuesByCountry":{"AFG":1.298013,"AGO":4.698455,"ALB":1.339612,"ARE":5.643651,"ARG":0.878101,"ARM":3.943378,"AUS":1.764998,"AUT":0.75465,"AZE":4.555013,"BDI":2.297946,"BEL":0.966272,"BEN":0.700925,"BFA":1.272342,"BGD":1.36136,"BGR":1.309602,"BHR":4.418512,"BIH":1.025827,"BLR":1.86471,"BLZ":0.93121,"BOL":1.896915,"BRA":1.330244,"BRN":3.086861,"BWA":2.211997,"CAF":2.029654,"CAN":1.091529,"CHE":0.634898,"CHL":1.967107,"CHN":1.706016,"CIV":1.067776,"CMR":1.10498,"COD":0.889695,"COG":3.940357,"COL":3.108259,"CPV":0.492596,"CRI":0,"CUB":3.536005,"CYP":1.542602,"CZE":0.959116,"DEU":1.127964,"DNK":1.149798,"DOM":0.651438,"DZA":4.964878,"ECU":2.712791,"EGY":1.689695,"ESP":1.246259,"EST":1.895355,"ETH":0.730042,"FIN":1.45928,"FJI":1.539773,"FRA":1.859529,"GAB":1.144818,"GBR":2.169862,"GEO":2.313467,"GHA":0.484989,"GIN":2.276438,"GMB":1.187509,"GNB":1.893804,"GNQ":0.766178,"GRC":2.36784,"GTM":0.424656,"GUY":0.951652,"HND":1.192716,"HRV":1.808275,"HTI":0.035562,"HUN":0.857233,"IDN":0.777855,"IND":2.543982,"IRL":0.448167,"IRN":2.116557,"IRQ":2.950614,"ISL":0,"ISR":5.456454,"ITA":1.250777,"JAM":0.872784,"JOR":4.203453,"JPN":0.940748,"KAZ":1.041692,"KEN":1.199433,"KGZ":3.375893,"KHM":1.261142,"KOR":2.413272,"KOS":0.758328,"KWT":3.585618,"LBN":4.719942,"LBR":0.470259,"LBY":6.546075,"LKA":2.412647,"LSO":1.953796,"LTU":0.883732,"LUX":0.238839,"LVA":0.978039,"MAR":3.398459,"MDA":0.293185,"MDG":0.556391,"MEX":0.495321,"MKD":1.092961,"MLI":1.515934,"MLT":0.476026,"MMR":3.57903,"MNE":1.476842,"MNG":0.859725,"MOZ":0.966458,"MRT":2.197095,"MUS":0.151017,"MWI":0.580771,"MYS":1.455113,"NAM":4.325867,"NER":1.338598,"NGA":0.414719,"NIC":0.685092,"NLD":1.147611,"NOR":1.462279,"NPL":1.43376,"NZL":0.998147,"OMN":8.860412,"PAK":3.09658,"PAN":0,"PER":1.602488,"PHL":1.043127,"PNG":0.484413,"POL":1.908227,"PRT":1.495323,"PRY":0.986605,"ROU":1.347664,"RUS":4.112993,"RWA":1.102739,"SAU":10.260063,"SEN":1.213366,"SGP":3.04786,"SLE":0.74731,"SLV":1.035255,"SOM":0.935248,"SRB":1.870243,"SSD":8.574523,"SVK":0.982207,"SVN":0.983233,"SWE":1.134707,"SWZ":1.822869,"SYC":2.227573,"TCD":2.157842,"TGO":1.818289,"THA":1.379976,"TJK":1.128385,"TLS":2.046846,"TTO":0.656301,"TUN":1.806887,"TUR":1.865195,"TWN":1.831093,"TZA":1.015761,"UGA":0.924476,"UKR":2.967368,"URY":1.740995,"USA":3.678918,"VEN":1.161817,"VNM":2.41151,"YEM":3.966891,"ZAF":1.021894,"ZMB":1.633869,"ZWE":1.887789}}