{"schemaVersion":1,"dataKind":"ranking-year","indicatorId":"MILITARY_SPENDING_PERCENT_GDP","year":2015,"valuesByCountry":{"AFG":0.994576,"AGO":3.105426,"ALB":1.153861,"ARG":0.850129,"ARM":4.239226,"AUS":1.94453,"AUT":0.702577,"AZE":5.464877,"BDI":2.13132,"BEL":0.91183,"BEN":0.798485,"BFA":1.250781,"BGD":1.447699,"BGR":1.245934,"BHR":4.644111,"BIH":0.988858,"BLR":1.759633,"BLZ":0.952801,"BOL":1.759436,"BRA":1.365517,"BRN":3.27929,"BWA":2.825194,"CAF":1.575317,"CAN":1.170956,"CHE":0.651341,"CHL":1.909623,"CHN":1.74224,"CIV":1.243917,"CMR":1.098899,"COD":1.223383,"COL":3.10996,"CPV":0.510089,"CRI":0,"CUB":3.083791,"CYP":1.647668,"CZE":0.941203,"DEU":1.11492,"DNK":1.114813,"DOM":0.643675,"DZA":5.550742,"ECU":2.672073,"EGY":1.723147,"ESP":1.259693,"EST":1.989445,"ETH":0.674135,"FIN":1.458191,"FJI":0.910147,"FRA":1.869733,"GAB":1.185026,"GBR":2.036618,"GEO":1.967398,"GHA":0.392915,"GIN":2.517732,"GMB":1.008858,"GNB":1.479004,"GNQ":1.041432,"GRC":2.477434,"GTM":0.405968,"GUY":1.084865,"HND":1.351731,"HRV":1.748919,"HTI":0.039986,"HUN":0.904217,"IDN":0.882267,"IND":2.45745,"IRL":0.330171,"IRN":2.557091,"IRQ":5.412925,"ISL":0,"ISR":5.275252,"ITA":1.179027,"JAM":0.872353,"JOR":4.185163,"JPN":0.928585,"KAZ":1.109722,"KEN":1.203169,"KGZ":3.451653,"KHM":1.345205,"KOR":2.376371,"KOS":0.79428,"KWT":5.007469,"LBN":4.485171,"LBR":0.478622,"LKA":2.417011,"LSO":1.865753,"LTU":1.134861,"LUX":0.265421,"LVA":1.073522,"MAR":2.959998,"MDA":0.295625,"MDG":0.520469,"MEX":0.450743,"MKD":0.993428,"MLI":2.360174,"MLT":0.456933,"MMR":4.080953,"MNE":1.419061,"MNG":0.875508,"MOZ":0.82691,"MRT":2.155572,"MUS":0.142302,"MWI":0.450825,"MYS":1.503898,"NAM":4.528,"NGA":0.417637,"NIC":0.775537,"NLD":1.11786,"NOR":1.498123,"NPL":1.368131,"NZL":0.98795,"OMN":9.571167,"PAK":3.162987,"PAN":0,"PER":1.745081,"PHL":1.088463,"PNG":0.4599,"POL":2.127424,"PRT":1.575003,"PRY":1.067449,"ROU":1.450718,"RUS":4.871515,"RWA":1.213695,"SAU":12.573414,"SDN":2.71294,"SEN":1.209099,"SGP":3.046713,"SLE":0.58167,"SLV":1.05682,"SOM":0.681392,"SRB":1.69548,"SSD":8.603653,"SVK":1.106047,"SVN":0.938788,"SWE":1.073947,"SWZ":1.749602,"SYC":1.263705,"TCD":1.523971,"TGO":1.674423,"THA":1.337327,"TJK":1.281972,"TLS":2.324465,"TTO":0.752974,"TUN":2.139592,"TUR":1.810447,"TWN":1.834058,"TZA":1.09137,"UGA":0.98668,"UKR":3.847848,"URY":1.765841,"USA":3.464493,"VEN":0.941376,"VNM":2.554551,"ZAF":1.006929,"ZMB":1.753234,"ZWE":1.886309}}