{"schemaVersion":1,"dataKind":"ranking-year","indicatorId":"MILITARY_SPENDING_PERCENT_GDP","year":2016,"valuesByCountry":{"AFG":0.956772,"AGO":2.733335,"ALB":1.091847,"ARG":0.809245,"ARM":4.090349,"AUS":2.08132,"AUT":0.733723,"AZE":3.688527,"BDI":2.243164,"BEL":0.898085,"BEN":0.673597,"BFA":1.165333,"BGD":1.232336,"BGR":1.243846,"BHR":4.670635,"BIH":0.922772,"BLR":1.786556,"BLZ":1.018581,"BOL":1.530468,"BRA":1.347975,"BRN":3.539385,"BWA":3.410663,"CAF":1.471638,"CAN":1.143099,"CHE":0.66475,"CHL":1.924158,"CHN":1.734499,"CIV":1.245859,"CMR":1.146424,"COD":1.025634,"COG":4.594806,"COL":3.071131,"CPV":0.550048,"CRI":0,"CUB":3.072188,"CYP":1.404558,"CZE":0.986634,"DEU":1.129443,"DNK":1.151071,"DOM":0.634031,"DZA":5.652718,"ECU":2.573117,"EGY":1.666605,"ESP":1.128481,"EST":2.028036,"ETH":0.683631,"FIN":1.431505,"FJI":1.103793,"FRA":1.851718,"GAB":1.447546,"GBR":1.971513,"GEO":2.040793,"GHA":0.291412,"GIN":1.882007,"GNB":1.264546,"GNQ":1.23949,"GRC":2.572798,"GTM":0.440497,"GUY":1.154128,"HND":1.531556,"HRV":1.58935,"HTI":0.049232,"HUN":0.999116,"IDN":0.79222,"IND":2.543152,"IRL":0.328232,"IRN":2.796436,"IRQ":3.550135,"ISL":0,"ISR":5.170846,"ITA":1.296531,"JAM":0.954831,"JOR":4.435506,"JPN":0.910113,"KAZ":0.933552,"KEN":1.24731,"KGZ":3.344018,"KHM":1.439557,"KOR":2.3358,"KOS":0.777867,"KWT":5.893519,"LBN":5.095981,"LBR":0.451843,"LKA":1.979355,"LSO":1.963888,"LTU":1.480138,"LUX":0.266921,"LVA":1.501745,"MAR":2.982118,"MDA":0.344191,"MDG":0.501387,"MEX":0.480046,"MKD":0.948899,"MLI":2.586131,"MLT":0.49666,"MMR":3.808368,"MNE":1.417583,"MNG":0.863911,"MOZ":0.919413,"MRT":2.145488,"MUS":0.174702,"MWI":0.452048,"MYS":1.384335,"NAM":3.971045,"NER":1.599646,"NGA":0.432948,"NIC":0.639877,"NLD":1.1445,"NOR":1.617344,"NPL":1.469375,"NZL":1.035528,"OMN":10.563126,"PAK":3.203777,"PAN":0,"PER":1.321908,"PHL":1.045585,"PNG":0.381077,"POL":1.935894,"PRT":1.568724,"PRY":0.950953,"ROU":1.427705,"RUS":5.425148,"RWA":1.240507,"SAU":9.237588,"SDN":2.278507,"SEN":1.602097,"SGP":3.089573,"SLE":0.714168,"SLV":1.023503,"SOM":0.645461,"SRB":1.85742,"SSD":4.846749,"SVK":1.111226,"SVN":1.015081,"SWE":1.058345,"SWZ":2.073826,"SYC":1.397717,"TCD":2.311704,"TGO":1.361068,"THA":1.325167,"TJK":1.208067,"TLS":1.598598,"TTO":0.914266,"TUN":2.224985,"TUR":2.047652,"TWN":1.775535,"TZA":1.093692,"UGA":1.003335,"UKR":3.668618,"URY":1.71724,"USA":3.402602,"VEN":0.454046,"VNM":2.460935,"ZAF":0.971047,"ZMB":1.429305,"ZWE":1.741985}}