{"schemaVersion":1,"dataKind":"ranking-year","indicatorId":"MILITARY_SPENDING_PERCENT_GDP","year":2017,"valuesByCountry":{"AFG":0.945227,"AGO":2.507983,"ALB":1.089195,"ARG":0.847755,"ARM":3.849731,"AUS":1.997457,"AUT":0.761541,"AZE":3.756302,"BDI":2.00271,"BEL":0.886837,"BEN":0.920613,"BFA":1.36363,"BGD":1.13301,"BGR":1.222209,"BHR":4.320738,"BIH":0.852594,"BLR":1.592406,"BLZ":1.056217,"BOL":1.536427,"BRA":1.414022,"BRN":2.865129,"BWA":3.248579,"CAF":1.342697,"CAN":1.297378,"CHE":0.665685,"CHL":1.940593,"CHN":1.68025,"CIV":0.965894,"CMR":1.138374,"COD":0.741571,"COG":3.178135,"COL":3.208097,"CPV":0.470519,"CRI":0,"CUB":2.872403,"CYP":1.568103,"CZE":0.943984,"DEU":1.130582,"DNK":1.139985,"DOM":0.666063,"DZA":5.307115,"ECU":2.357384,"EGY":1.422032,"ESP":1.222111,"EST":1.969887,"ETH":0.675311,"FIN":1.360889,"FJI":1.404838,"FRA":1.852309,"GAB":1.811383,"GBR":1.936323,"GEO":1.942198,"GHA":0.312701,"GIN":1.764927,"GNB":1.318489,"GNQ":1.128937,"GRC":2.556624,"GTM":0.38385,"GUY":1.253343,"HND":1.589833,"HRV":1.633265,"HTI":0.043646,"HUN":1.191697,"IDN":0.865191,"IND":2.531511,"IRL":0.296271,"IRN":2.844338,"IRQ":3.908985,"ISL":0,"ISR":5.268896,"ITA":1.284729,"JAM":0.973433,"JOR":4.684354,"JPN":0.893763,"KAZ":0.831895,"KEN":1.237594,"KGZ":3.104891,"KHM":1.561816,"KOR":2.298131,"KOS":0.802901,"KWT":5.607445,"LBN":4.603397,"LBR":0.401551,"LKA":1.976928,"LSO":2.270815,"LTU":1.712141,"LUX":0.329266,"LVA":1.652757,"MAR":2.94589,"MDA":0.324532,"MDG":0.506222,"MEX":0.424849,"MKD":0.902435,"MLI":3.028601,"MLT":0.456703,"MMR":3.363439,"MNE":1.377709,"MNG":0.762154,"MOZ":0.984571,"MRT":2.121098,"MUS":0.165376,"MWI":0.5301,"MYS":1.100335,"NAM":3.522389,"NER":1.809843,"NGA":0.430671,"NIC":0.62651,"NLD":1.137214,"NOR":1.705153,"NPL":1.484977,"NZL":1.051953,"OMN":8.41325,"PAK":3.364449,"PAN":0,"PER":1.26524,"PHL":1.167961,"PNG":0.355034,"POL":1.888287,"PRT":1.459471,"PRY":0.892663,"ROU":1.733755,"RUS":4.248996,"RWA":1.248895,"SAU":9.497264,"SDN":3.285804,"SEN":1.471063,"SGP":2.968412,"SLE":0.67697,"SLV":1.044469,"SOM":0.749067,"SRB":1.754241,"SSD":3.993378,"SVK":1.100513,"SVN":0.990668,"SWE":1.034357,"SWZ":1.924455,"SYC":1.327345,"TCD":1.659612,"TGO":1.397979,"THA":1.336276,"TJK":1.037185,"TLS":1.605174,"TTO":0.845376,"TUN":2.031829,"TUR":2.038471,"TWN":1.771003,"TZA":1.055817,"UGA":1.039019,"UKR":3.241493,"URY":1.792076,"USA":3.297723,"VEN":2.233332,"VNM":2.276361,"ZAF":0.943568,"ZMB":1.301368,"ZWE":1.472567}}