{"schemaVersion":1,"dataKind":"ranking-year","indicatorId":"MILITARY_SPENDING_PERCENT_GDP","year":2018,"valuesByCountry":{"AFG":1.006746,"AGO":1.955787,"ALB":1.143712,"ARG":0.7323,"ARM":4.119886,"AUS":1.888316,"AUT":0.748993,"AZE":3.549293,"BDI":2.14942,"BEL":0.892442,"BEN":0.632858,"BFA":1.925385,"BGD":1.175034,"BGR":1.454451,"BHR":4.041086,"BIH":0.840047,"BLR":1.607877,"BLZ":1.016961,"BOL":1.496903,"BRA":1.469678,"BRN":2.636612,"BWA":2.924759,"CAF":1.339989,"CAN":1.251425,"CHE":0.652877,"CHL":1.877614,"CHN":1.643667,"CIV":1.039214,"CMR":1.07601,"COD":0.612347,"COG":1.979281,"COL":3.033233,"CPV":0.485897,"CRI":0,"CUB":2.876207,"CYP":1.749833,"CZE":1.092065,"DEU":1.147172,"DNK":1.283105,"DOM":0.693991,"DZA":4.929927,"ECU":2.371999,"EGY":1.249966,"ESP":1.245625,"EST":1.970613,"ETH":0.632102,"FIN":1.371682,"FJI":1.455883,"FRA":1.846043,"GAB":1.553634,"GBR":1.927314,"GEO":1.86471,"GHA":0.325876,"GIN":1.670172,"GMB":0.686997,"GNB":0.69138,"GNQ":1.142083,"GRC":2.700541,"GTM":0.372492,"GUY":1.290816,"HND":1.489697,"HRV":1.542346,"HTI":0.061199,"HUN":1.002205,"IDN":0.718928,"IND":2.424285,"IRL":0.279886,"IRN":2.356295,"IRQ":2.751725,"ISL":0,"ISR":5.13034,"ITA":1.320364,"JAM":1.332847,"JOR":4.560091,"JPN":0.941319,"KAZ":0.835626,"KEN":1.207385,"KGZ":3.028545,"KHM":1.637165,"KOR":2.36151,"KOS":0.804421,"KWT":5.190855,"LBN":5.055521,"LBR":0.4053,"LKA":1.738711,"LSO":1.999383,"LTU":1.947879,"LUX":0.410168,"LVA":2.13473,"MAR":2.902889,"MDA":0.332324,"MDG":0.532102,"MEX":0.464612,"MKD":0.925587,"MLI":2.823596,"MLT":0.414177,"MMR":2.184116,"MNE":1.387811,"MNG":0.668952,"MOZ":1.308607,"MRT":2.131282,"MUS":0.156385,"MWI":0.589502,"MYS":0.960104,"NAM":3.332692,"NER":1.793809,"NGA":0.506945,"NIC":0.627172,"NLD":1.196142,"NOR":1.715297,"NPL":1.349982,"NZL":1.105434,"OMN":8.267601,"PAK":3.586962,"PAN":0,"PER":1.189791,"PHL":1.184247,"PNG":0.330227,"POL":2.024728,"PRT":1.389284,"PRY":0.961156,"ROU":1.80274,"RUS":3.719822,"RWA":1.235147,"SAU":8.415884,"SDN":1.778924,"SEN":1.666928,"SGP":2.80604,"SLE":0.46568,"SLV":1.132207,"SOM":0.972463,"SRB":2.017223,"SSD":4.774249,"SVK":1.206303,"SVN":0.98676,"SWE":1.04315,"SWZ":2.096044,"SYC":1.205392,"TCD":1.652703,"TGO":1.468391,"THA":1.326394,"TJK":1.048565,"TLS":1.32455,"TTO":0.694747,"TUN":1.976449,"TUR":2.492067,"TWN":1.719866,"TZA":1.100907,"UGA":1.152452,"UKR":3.635166,"URY":1.94625,"USA":3.304001,"UZB":2.490249,"VNM":2.2231,"ZAF":0.894757,"ZMB":1.437499,"ZWE":1.179417}}