{"schemaVersion":1,"dataKind":"ranking-year","indicatorId":"MILITARY_SPENDING_PERCENT_GDP","year":2019,"valuesByCountry":{"AFG":1.170968,"AGO":1.767914,"ALB":1.265744,"ARG":0.699696,"ARM":4.787706,"AUS":1.872286,"AUT":0.753133,"AZE":3.849019,"BDI":2.810858,"BEL":0.887005,"BEN":0.473314,"BFA":2.212552,"BGD":1.244838,"BGR":3.150748,"BHR":4.029861,"BIH":0.807324,"BLR":1.645592,"BLZ":1.033676,"BOL":1.451271,"BRA":1.382797,"BRN":3.078587,"BWA":3.081222,"CAF":1.7899,"CAN":1.220375,"CHE":0.696324,"CHL":1.864717,"CHN":1.650525,"CIV":0.887658,"CMR":1.064578,"COD":0.694017,"COG":2.146277,"COL":3.145657,"CPV":0.431865,"CRI":0,"CYP":1.769594,"CZE":1.160172,"DEU":1.239307,"DNK":1.299207,"DOM":0.689583,"DZA":5.326959,"ECU":2.180382,"EGY":1.180972,"ESP":1.224645,"EST":1.99845,"ETH":0.557465,"FIN":1.361323,"FJI":1.445127,"FRA":1.852885,"GAB":1.581689,"GBR":1.968476,"GEO":1.759633,"GHA":0.343818,"GIN":1.473202,"GMB":0.797325,"GNB":1.485231,"GNQ":1.308053,"GRC":2.596484,"GTM":0.430071,"GUY":1.299613,"HND":1.578177,"HRV":1.603633,"HTI":0.085932,"HUN":1.327825,"IDN":0.728564,"IND":2.545998,"IRL":0.273235,"IRN":2.146947,"IRQ":3.237195,"ISL":0,"ISR":4.958315,"ITA":1.24798,"JAM":1.681526,"JOR":4.566238,"JPN":0.968066,"KAZ":1.020916,"KEN":1.112571,"KGZ":2.710686,"KHM":1.621937,"KOR":2.51932,"KOS":0.831726,"KWT":5.241479,"LBN":4.739383,"LBR":0.418864,"LKA":1.75679,"LSO":1.875404,"LTU":1.98419,"LUX":0.463977,"LVA":2.090168,"MAR":2.865798,"MDA":0.340984,"MDG":0.545343,"MEX":0.509338,"MKD":1.199828,"MLI":2.752717,"MLT":0.491258,"MMR":2.047713,"MNE":1.348668,"MNG":0.661538,"MOZ":1.38808,"MRT":2.039663,"MUS":0.148797,"MWI":0.760782,"MYS":0.893413,"NAM":3.297426,"NER":1.917336,"NGA":0.459171,"NIC":0.60502,"NLD":1.291808,"NOR":1.843735,"NPL":1.235811,"NZL":1.293263,"OMN":7.439212,"PAK":3.50584,"PAN":0,"PER":1.205891,"PHL":1.131331,"PNG":0.362699,"POL":1.953383,"PRT":1.375076,"PRY":0.97384,"ROU":1.842479,"RUS":3.84742,"RWA":1.197931,"SAU":7.35329,"SDN":1.629068,"SEN":1.524737,"SGP":2.765133,"SLE":0.376326,"SLV":1.18001,"SOM":0.828654,"SRB":2.182227,"SSD":3.801253,"SVK":1.698935,"SVN":1.062578,"SWE":1.099558,"SWZ":1.890477,"SYC":1.160396,"TCD":1.573601,"TGO":2.362482,"THA":1.327298,"TJK":0.996966,"TLS":1.692081,"TTO":0.73311,"TUN":2.383278,"TUR":2.638384,"TWN":1.790336,"TZA":1.061133,"UGA":1.717752,"UKR":4.067938,"URY":1.855355,"USA":3.409214,"VNM":2.170114,"ZAF":0.88243,"ZMB":1.255684,"ZWE":0.653124}}