{"schemaVersion":1,"dataKind":"ranking-year","indicatorId":"MILITARY_SPENDING_PERCENT_GDP","year":2020,"valuesByCountry":{"AFG":1.358857,"AGO":1.810429,"ALB":1.289143,"ARG":0.734112,"ARM":4.982544,"AUS":2.001473,"AUT":0.885812,"AZE":5.241526,"BDI":2.183749,"BEL":1.005928,"BEN":0.458762,"BFA":2.114242,"BGD":1.25924,"BGR":1.587053,"BHR":4.057469,"BIH":0.827298,"BLR":1.593094,"BLZ":1.378122,"BOL":1.392047,"BRA":1.32666,"BRN":3.634292,"BWA":3.334788,"CAF":1.858973,"CAN":1.416649,"CHE":0.772559,"CHL":2.065531,"CHN":1.720542,"CIV":0.963119,"CMR":0.964407,"COD":0.729735,"COG":2.601187,"COL":3.534404,"CPV":0.618819,"CRI":0,"CYP":1.895534,"CZE":1.274999,"DEU":1.355558,"DNK":1.373769,"DOM":0.746232,"DZA":5.886148,"ECU":2.457924,"EGY":1.122476,"ESP":1.355738,"EST":2.261364,"ETH":0.466702,"FIN":1.435781,"FJI":1.605305,"FRA":2.021675,"GAB":1.716952,"GBR":2.141423,"GEO":1.786556,"GHA":0.350949,"GIN":1.469638,"GMB":0.81657,"GNB":1.514813,"GNQ":1.64083,"GRC":3.023108,"GTM":0.440993,"GUY":1.402577,"HND":1.466797,"HRV":1.696698,"HTI":0.103094,"HUN":1.746282,"IDN":0.886278,"IND":2.803616,"IRL":0.263014,"IRN":2.17701,"IRQ":3.112179,"ISL":0,"ISR":5.119175,"ITA":1.662395,"JAM":1.706471,"JOR":4.704571,"JPN":0.99029,"KAZ":0.907189,"KEN":1.108434,"KGZ":3.107184,"KHM":1.780105,"KOR":2.642977,"KOS":1.023039,"KWT":6.266284,"LBN":3.026658,"LBR":0.424794,"LKA":1.758609,"LSO":1.881468,"LTU":2.049156,"LUX":0.493867,"LVA":2.227595,"MAR":3.979698,"MDA":0.375049,"MDG":0.673154,"MEX":0.717691,"MKD":1.186648,"MLI":3.399558,"MLT":0.527071,"MMR":3.279827,"MNE":1.755108,"MNG":0.709909,"MOZ":2.022726,"MRT":2.431134,"MUS":0.161615,"MWI":0.834281,"MYS":0.999654,"NAM":3.480153,"NER":1.733608,"NGA":0.632023,"NIC":0.629972,"NLD":1.406077,"NOR":1.965984,"NPL":1.323384,"NZL":1.33995,"OMN":8.030243,"PAK":3.486679,"PAN":0,"PER":1.316778,"PHL":1.29724,"PNG":0.393262,"POL":2.263054,"PRT":1.436532,"PRY":1.027573,"ROU":2.015417,"RUS":4.144717,"RWA":1.473716,"SAU":8.406576,"SDN":0.975842,"SEN":1.408726,"SGP":2.805652,"SLE":0.486095,"SLV":1.37995,"SOM":1.137652,"SRB":2.295366,"SSD":1.866359,"SVK":1.831732,"SVN":1.078336,"SWE":1.151958,"SWZ":1.855055,"SYC":1.367123,"TCD":2.211927,"TGO":2.163999,"THA":1.460779,"TJK":0.947974,"TLS":1.777901,"TTO":0.812607,"TUN":2.712756,"TUR":2.15578,"TWN":1.769494,"TZA":1.077132,"UGA":2.467685,"UKR":4.400315,"URY":2.035892,"USA":3.641576,"VNM":2.065689,"ZAF":0.956511,"ZMB":1.165722,"ZWE":0.974989}}