{"schemaVersion":1,"dataKind":"ranking-year","indicatorId":"MILITARY_SPENDING_PERCENT_GDP","year":2021,"valuesByCountry":{"AFG":1.827934,"AGO":1.393223,"ALB":1.235997,"ARG":0.631789,"ARM":4.465145,"AUS":1.973466,"AUT":0.873515,"AZE":4.930517,"BDI":2.040054,"BEL":1.04259,"BEN":0.550884,"BFA":2.333629,"BGD":1.177225,"BGR":1.511431,"BHR":3.519797,"BIH":0.886134,"BLR":1.745828,"BLZ":1.128132,"BOL":1.325799,"BRA":1.149038,"BRN":3.236367,"BWA":3.045569,"CAF":2.149248,"CAN":1.221379,"CHE":0.672892,"CHL":1.648414,"CHN":1.571637,"CIV":0.876214,"CMR":0.985209,"COD":0.533179,"COG":2.340349,"COL":3.195758,"CPV":0.54666,"CRI":0,"CYP":1.784081,"CZE":1.34666,"DEU":1.297748,"DNK":1.298771,"DOM":0.643096,"DZA":4.890033,"ECU":2.247463,"EGY":1.122009,"ESP":1.366835,"EST":2.012507,"ETH":0.443444,"FIN":1.302439,"FJI":1.595943,"FRA":1.980222,"GAB":1.602181,"GBR":2.039179,"GEO":1.592406,"GHA":0.382742,"GIN":1.546412,"GMB":0.775165,"GNB":1.455966,"GNQ":1.333126,"GRC":3.802474,"GTM":0.39074,"GUY":0.954931,"HND":1.498218,"HRV":1.971628,"HTI":0.153942,"HUN":1.315128,"IDN":0.741526,"IND":2.468742,"IRL":0.239048,"IRN":2.317621,"IRQ":2.261112,"ISL":0,"ISR":4.811993,"ITA":1.608059,"JAM":1.466769,"JOR":4.701821,"JPN":1.02597,"KAZ":0.819282,"KEN":1.0772,"KGZ":2.840273,"KHM":1.701608,"KOR":2.619049,"KOS":0.84593,"KWT":6.065703,"LBN":1.175256,"LBR":0.84705,"LKA":1.719803,"LSO":1.535566,"LTU":1.949553,"LUX":0.413082,"LVA":2.15578,"MAR":3.749756,"MDA":0.370582,"MDG":0.678865,"MEX":0.659404,"MKD":1.401752,"MLI":3.381775,"MLT":0.445864,"MMR":4.409108,"MNE":1.565353,"MNG":0.619505,"MOZ":1.911414,"MRT":2.486444,"MUS":0.171377,"MWI":0.730315,"MYS":0.982647,"NAM":3.226409,"NER":1.357301,"NGA":1.012702,"NIC":0.549759,"NLD":1.365375,"NOR":1.676322,"NPL":1.215816,"NZL":1.164775,"OMN":6.623175,"PAK":3.389239,"PAN":0,"PER":1.16463,"PHL":1.406823,"PNG":0.329678,"POL":2.217163,"PRT":1.515702,"PRY":0.918215,"QAT":6.452355,"ROU":1.857396,"RUS":3.603688,"RWA":1.512177,"SAU":6.430973,"SDN":0.925377,"SEN":1.756175,"SGP":2.522636,"SLE":0.600262,"SLV":1.210537,"SOM":1.170698,"SRB":2.729041,"SSD":1.511295,"SVK":1.645939,"SVN":1.239612,"SWE":1.200275,"SWZ":1.678504,"SYC":2.460233,"TCD":2.079136,"TGO":2.385513,"THA":1.419173,"TJK":1.002612,"TLS":1.081986,"TTO":0.859057,"TUN":2.615083,"TUR":1.814458,"TWN":1.786593,"TZA":1.122408,"UGA":2.338145,"UKR":3.425492,"URY":2.051961,"USA":3.398138,"VNM":2.05372,"ZAF":0.844521,"ZMB":0.982238,"ZWE":1.567779}}