{"schemaVersion":1,"dataKind":"ranking-year","indicatorId":"MILITARY_SPENDING_PERCENT_GDP","year":2022,"valuesByCountry":{"AGO":1.432722,"ALB":1.202377,"ARG":0.684586,"ARM":4.081746,"AUS":1.877108,"AUT":0.764361,"AZE":3.79537,"BDI":2.59553,"BEL":1.167093,"BEN":0.632087,"BFA":2.981616,"BGD":1.002945,"BGR":1.587129,"BHR":3.423393,"BIH":0.752029,"BLR":1.62855,"BLZ":0.99908,"BOL":0.973251,"BRA":1.052401,"BRN":2.61193,"BWA":2.517783,"CAF":1.710862,"CAN":1.141648,"CHE":0.682061,"CHL":1.545543,"CHN":1.591813,"CIV":0.865227,"CMR":0.939353,"COD":0.567707,"COG":1.907985,"COL":2.795533,"CPV":0.456081,"CRI":0,"CYP":1.707854,"CZE":1.288066,"DEU":1.33602,"DNK":1.367796,"DOM":0.679428,"DZA":4.057488,"ECU":2.227168,"EGY":1.014756,"ESP":1.431986,"EST":2.143196,"ETH":0.860807,"FIN":1.589607,"FJI":1.360908,"FRA":1.958781,"GAB":1.358246,"GBR":2.011767,"GEO":1.607877,"GHA":0.335683,"GIN":2.188657,"GMB":0.705923,"GNB":1.065476,"GNQ":1.14533,"GRC":4.016692,"GTM":0.461613,"GUY":0.601394,"HND":1.465577,"HRV":1.802907,"HTI":0.068741,"HUN":1.83913,"IDN":0.768013,"IND":2.383098,"IRL":0.212591,"IRN":2.238074,"IRQ":1.640011,"ISL":0,"ISR":4.336323,"ITA":1.601904,"JAM":1.289999,"JOR":4.798377,"JPN":0.969972,"KAZ":0.517436,"KEN":1.009708,"KGZ":2.90437,"KHM":1.541883,"KOR":2.576426,"KOS":1.150046,"KWT":4.483025,"LBN":1.012028,"LBR":1.313488,"LBY":2.803768,"LKA":1.348014,"LSO":1.472902,"LTU":2.558725,"LUX":0.56576,"LVA":2.254619,"MAR":3.804888,"MDA":0.37426,"MDG":0.653151,"MEX":0.6856,"MKD":1.487715,"MLI":3.090917,"MLT":0.419863,"MMR":3.821847,"MNE":1.567649,"MNG":0.513936,"MOZ":2.208481,"MRT":2.359755,"MUS":0.138699,"MWI":0.933235,"MYS":0.900745,"NAM":2.9109,"NER":1.572976,"NGA":0.650167,"NIC":0.537858,"NLD":1.3042,"NOR":1.458057,"NPL":1.14747,"NZL":1.156534,"OMN":5.264759,"PAK":3.176832,"PAN":0,"PER":1.137086,"PHL":1.316301,"PNG":0.420977,"POL":2.204589,"PRT":1.357944,"PRY":0.871127,"QAT":6.500206,"ROU":1.75625,"RUS":4.555854,"RWA":1.333466,"SAU":5.723624,"SEN":1.524113,"SGP":2.356501,"SLE":0.582258,"SLV":1.438633,"SOM":1.163001,"SRB":2.172273,"SSD":1.574674,"SVK":1.784745,"SVN":1.295673,"SWE":1.342647,"SWZ":1.654995,"SYC":1.161606,"TCD":2.044245,"TGO":4.141536,"THA":1.240436,"TJK":1.930896,"TLS":1.380835,"TTO":0.765635,"TUN":2.5512,"TUR":1.624804,"TWN":1.992075,"TZA":1.191342,"UGA":1.845209,"UKR":25.64241,"URY":1.840229,"USA":3.303416,"VNM":1.715618,"ZAF":0.84923,"ZMB":1.116548,"ZWE":0.994988}}