{"schemaVersion":1,"dataKind":"ranking-year","indicatorId":"MILITARY_SPENDING_PERCENT_GDP","year":2023,"valuesByCountry":{"AGO":1.429763,"ALB":1.702678,"ARG":0.751754,"ARM":5.506298,"AUS":1.855583,"AUT":0.862427,"AZE":4.917501,"BDI":3.427247,"BEL":1.172324,"BEN":0.757551,"BFA":4.078712,"BGD":0.86842,"BGR":1.948343,"BHR":3.520836,"BIH":0.785772,"BLR":1.928072,"BLZ":1.044936,"BOL":1.304308,"BRA":0.994385,"BRN":2.976017,"BWA":1.802632,"CAF":2.377207,"CAN":1.314678,"CHE":0.705659,"CHL":1.630338,"CHN":1.621513,"CIV":0.864878,"CMR":0.92649,"COD":1.11886,"COG":2.011726,"COL":2.942801,"CPV":0.57312,"CRI":0,"CYP":1.594678,"CZE":1.314628,"DEU":1.503326,"DNK":2.012246,"DOM":0.785701,"DZA":7.390393,"ECU":2.222093,"EGY":0.808919,"ESP":1.534926,"EST":2.982785,"ETH":0.768145,"FIN":2.008946,"FJI":1.342345,"FRA":1.948176,"GAB":1.323244,"GBR":2.151815,"GEO":1.645592,"GHA":0.395415,"GIN":2.133097,"GMB":0.600565,"GNB":0.891866,"GNQ":1.314623,"GRC":2.889808,"GTM":0.41931,"GUY":0.653714,"HND":1.525869,"HRV":1.646749,"HTI":0.059403,"HUN":2.043902,"IDN":0.821108,"IND":2.356794,"IRL":0.223887,"IRN":2.493811,"IRQ":2.262695,"ISL":0,"ISR":5.279164,"ITA":1.533953,"JAM":1.185996,"JOR":4.819229,"JPN":1.096877,"KAZ":0.444904,"KEN":0.975388,"KGZ":3.18335,"KHM":1.544898,"KOR":2.599258,"KOS":1.273514,"KWT":4.279815,"LBN":1.202135,"LBR":1.4241,"LBY":3.57249,"LKA":1.322883,"LSO":1.62528,"LTU":2.836319,"LUX":0.681018,"LVA":2.933254,"MAR":3.552805,"MDA":0.55173,"MDG":0.647758,"MEX":0.660147,"MKD":1.767849,"MLI":3.846548,"MLT":0.377073,"MMR":3.732549,"MNE":1.496143,"MNG":0.542566,"MOZ":1.928231,"MRT":2.590721,"MUS":0.167152,"MWI":1.165358,"MYS":0.980073,"NAM":2.744172,"NER":1.97616,"NGA":0.842654,"NIC":0.554656,"NLD":1.441412,"NOR":1.822012,"NPL":1.124241,"NZL":1.19961,"OMN":5.51144,"PAK":2.89106,"PAN":0,"PER":1.238844,"PHL":1.176547,"PNG":0.350641,"POL":3.256723,"PRT":1.2082,"PRY":0.922072,"ROU":1.617496,"RUS":5.271703,"RWA":1.252316,"SAU":6.38161,"SEN":1.476558,"SGP":2.764601,"SLE":0.603276,"SLV":1.34332,"SOM":1.266259,"SRB":2.208037,"SSD":2.378716,"SVK":1.735535,"SVN":1.314598,"SWE":1.517372,"SWZ":1.657251,"SYC":1.338652,"TCD":2.11759,"TGO":3.046695,"THA":1.128754,"TJK":2.396421,"TLS":2.649567,"TTO":0.95939,"TUN":2.504915,"TUR":1.685272,"TWN":2.157684,"TZA":1.226688,"UGA":1.877684,"UKR":36.031413,"URY":1.936725,"USA":3.293652,"VNM":1.833966,"ZAF":0.802102,"ZMB":1.33879,"ZWE":0.209794}}