{"schemaVersion":1,"dataKind":"ranking-year","indicatorId":"MILITARY_SPENDING_PERCENT_GDP","year":2024,"valuesByCountry":{"AGO":1.033893,"ALB":1.97957,"ARG":0.654772,"ARM":5.464263,"AUS":1.902163,"AUT":0.990513,"AZE":5.082478,"BDI":3.561119,"BEL":1.276021,"BEN":0.778848,"BFA":4.390704,"BGD":0.861477,"BGR":1.934537,"BHR":2.94493,"BIH":0.762215,"BLR":1.979575,"BLZ":1.082154,"BOL":1.22442,"BRA":0.959074,"BRN":3.652134,"BWA":2.676877,"CAF":2.601417,"CAN":1.348746,"CHE":0.697899,"CHL":1.667357,"CHN":1.664018,"CIV":0.763251,"CMR":1.003638,"COD":1.215747,"COG":1.232552,"COL":3.313141,"CPV":0.617504,"CRI":0,"CYP":1.584692,"CZE":1.876386,"DEU":1.838578,"DNK":2.268629,"DOM":0.814332,"DZA":7.971457,"ECU":2.311751,"EGY":0.666769,"ESP":1.460308,"EST":3.302571,"ETH":0.492297,"FIN":2.177106,"FJI":1.305984,"FRA":2.011576,"GAB":1.527241,"GBR":2.436719,"GEO":1.593094,"GHA":0.348949,"GIN":2.171439,"GMB":0.595408,"GNB":1.039863,"GNQ":0.897201,"GRC":2.884648,"GTM":0.400586,"GUY":0.837786,"HND":1.47554,"HRV":1.862518,"HTI":0.078148,"HUN":2.12492,"IDN":0.860302,"IND":2.223377,"IRL":0.218872,"IRN":2.21878,"IRQ":2.272781,"ISL":0,"ISR":8.468134,"ITA":1.589766,"JAM":1.38568,"JOR":4.748136,"JPN":1.294629,"KAZ":0.400605,"KEN":1.038874,"KGZ":2.925131,"KHM":1.522274,"KOR":2.538386,"KOS":1.478681,"KWT":4.440255,"LBN":2.250812,"LBR":0.707932,"LKA":1.276075,"LSO":1.614638,"LTU":3.144455,"LUX":0.663364,"LVA":3.297867,"MAR":3.435104,"MDA":0.6,"MDG":0.708648,"MEX":1.125106,"MKD":1.766957,"MLI":4.248619,"MLT":0.374058,"MMR":6.604805,"MNE":1.814369,"MNG":0.758427,"MOZ":2.123951,"MRT":2.546755,"MUS":0.126267,"MWI":1.057257,"MYS":1.037113,"NAM":2.751839,"NER":2.196232,"NGA":0.555429,"NIC":0.551576,"NLD":1.94065,"NOR":2.231649,"NPL":1.024877,"NZL":1.16177,"OMN":5.589372,"PAK":2.729956,"PAN":0,"PER":0.879029,"PHL":1.190038,"PNG":0.310205,"POL":3.754716,"PRT":1.444159,"PRY":0.930824,"ROU":2.173577,"RUS":6.874153,"RWA":1.230211,"SAU":6.405235,"SEN":1.965428,"SGP":2.799821,"SLE":0.660527,"SLV":1.387249,"SOM":1.659847,"SRB":2.667999,"SSD":6.548731,"SVK":1.977201,"SVN":1.343853,"SWE":1.993228,"SWZ":1.543911,"SYC":1.274813,"TCD":2.977518,"TGO":2.178486,"THA":1.050112,"TJK":1.334101,"TLS":2.154988,"TTO":0.981582,"TUN":2.498936,"TUR":1.840315,"TWN":1.911131,"TZA":1.173076,"UGA":1.973127,"UKR":33.956045,"URY":1.95536,"USA":3.429929,"VNM":1.803235,"ZAF":0.756148,"ZMB":1.325671,"ZWE":0.351195}}