{"schemaVersion":1,"dataKind":"ranking-year","indicatorId":"MILITARY_SPENDING_PERCENT_GDP","year":2025,"valuesByCountry":{"AGO":1.39683,"ALB":2.032503,"ARG":0.563174,"ARM":6.093546,"AUS":1.917873,"AUT":1.100634,"AZE":6.465506,"BDI":3.242395,"BEL":2.008894,"BEN":0.890078,"BFA":3.300299,"BGD":0.810588,"BGR":2.006375,"BHR":3.105467,"BIH":0.72833,"BLR":2.397387,"BLZ":0.995659,"BOL":1.214532,"BRA":1.054493,"BWA":3.107816,"CAF":2.332133,"CAN":1.627447,"CHE":0.756925,"CHL":1.520209,"CHN":1.724723,"CIV":0.774875,"CMR":1.058287,"COD":1.375145,"COG":1.309272,"COL":3.202105,"CPV":0.657516,"CRI":0,"CYP":1.605311,"CZE":1.835647,"DEU":2.268511,"DNK":3.252852,"DOM":0.802302,"DZA":8.830626,"ECU":2.095778,"EGY":0.60558,"ESP":2.128921,"EST":3.374418,"ETH":0.493739,"FIN":2.57117,"FJI":1.330033,"FRA":2.02663,"GAB":1.661947,"GBR":2.353264,"GEO":1.745828,"GHA":0.476816,"GIN":2.027963,"GMB":0.569751,"GNB":0.887047,"GNQ":0.897636,"GRC":2.988814,"GTM":0.52315,"GUY":0.991392,"HND":1.463472,"HRV":2.018558,"HTI":0.121162,"HUN":2.036801,"IDN":1.044689,"IND":2.295179,"IRL":0.21913,"IRN":2.091579,"IRQ":2.447349,"ISL":0,"ISR":7.809064,"ITA":1.888727,"JAM":1.368297,"JOR":4.55681,"JPN":1.41167,"KAZ":0.430338,"KEN":1.067799,"KGZ":2.917125,"KHM":1.450123,"KOR":2.601469,"KOS":1.852817,"KWT":4.687972,"LBN":2.509613,"LBR":0.853146,"LKA":1.311191,"LSO":1.629096,"LTU":3.079754,"LUX":0.851051,"LVA":3.607721,"MAR":3.543106,"MDA":0.560301,"MDG":0.618872,"MEX":0.736809,"MKD":1.966411,"MLI":3.874128,"MLT":0.448829,"MNE":1.889984,"MNG":0.88265,"MOZ":1.865479,"MRT":2.748416,"MUS":0.145536,"MWI":1.145497,"MYS":1.036023,"NAM":2.766332,"NER":2.135784,"NGA":0.909445,"NIC":0.564803,"NLD":2.194545,"NOR":3.278481,"NPL":0.965744,"NZL":1.10225,"OMN":5.682376,"PAK":2.913613,"PAN":0,"PER":0.812445,"PHL":1.295337,"PNG":0.35026,"POL":4.496938,"PRT":1.711208,"PRY":0.875594,"ROU":2.281166,"RUS":7.501485,"RWA":1.286205,"SAU":6.48232,"SEN":1.555437,"SGP":3.046246,"SLE":0.370266,"SLV":1.339274,"SOM":1.541007,"SRB":2.755391,"SSD":3.424747,"SVK":2.03198,"SVN":1.544165,"SWE":2.471185,"SWZ":1.602184,"SYC":1.244307,"TCD":3.18518,"TGO":1.873994,"THA":1.037676,"TJK":1.473583,"TLS":2.254871,"TTO":0.939337,"TUN":2.494961,"TUR":1.908252,"TWN":2.098536,"TZA":1.156716,"UGA":1.957129,"UKR":39.561018,"URY":2.284444,"USA":3.117308,"VNM":2.153802,"ZAF":0.737352,"ZMB":1.260168,"ZWE":0.564613}}