{"schemaVersion":1,"dataKind":"ranking-year","indicatorId":"SP.DYN.LE00.IN","year":1960,"valuesByCountry":{"ABW":64.049,"AFG":32.799,"AGO":37.933,"ALB":56.413,"AND":72.094,"ARE":50.651,"ARG":64.242,"ARM":59.063,"ASM":65.053,"ATG":62.635,"AUS":70.8170731707317,"AUT":68.5856097560976,"AZE":50.862,"BDI":43.262,"BEL":69.7019512195122,"BEN":38.775,"BFA":36.074,"BGD":43.98,"BGR":69.2475609756098,"BHR":50.634,"BHS":62.454,"BIH":58.53,"BLR":69.2546097560976,"BLZ":57.389,"BMU":66.482,"BOL":43.338,"BRA":53.162,"BRB":64.149,"BRN":58.721,"BTN":36.367,"BWA":51.22,"CAF":39.572,"CAN":71.1331707317073,"CHE":71.3134146341463,"CHL":57.216,"CHN":33.419,"CIV":37.244,"CMR":34.667,"COD":40.752,"COG":47.595,"COL":56.609,"COM":40.777,"CPV":48.713,"CRI":63.463,"CUB":63.316,"CUW":65.406,"CYM":58.782,"CYP":63.32,"CZE":70.3487804878049,"DEU":69.0640731707317,"DJI":43.421,"DMA":60.076,"DNK":72.1765853658537,"DOM":51.705,"DZA":40.839,"ECU":53.396,"EGY":44.436,"ERI":37.443,"ESP":69.1092682926829,"EST":68.749268292683,"ETH":39.615,"FIN":68.819756097561,"FJI":58.602,"FRA":69.8682926829268,"FRO":72.1079268292683,"FSM":54.195,"G001":50.9418860745353,"GAB":46.443,"GBR":71.1268292682927,"GEO":61.347,"GHA":46.942,"GIB":70.209,"GIN":36.623,"GMB":34.574,"GNB":37.554,"GNQ":42.742,"GRC":70.4343170731707,"GRD":63.144,"GRL":58.552243902439,"GTM":45.76,"GUM":62.882,"GUY":57.51,"HKG":65.6971219512195,"HND":47.149,"HRV":65.7464878048781,"HTI":43.44,"HUN":68.0031707317073,"IDN":46.835,"IMN":64.557,"IND":45.61,"IRL":70.1942682926829,"IRN":43.297,"IRQ":51.462,"ISL":74.0400731707317,"ITA":69.1239024390244,"JAM":63.828,"JOR":52.678,"JPN":67.6956097560976,"KAZ":57.946,"KEN":48.477,"KGZ":55.0285853658537,"KHM":42.134,"KIR":47.958,"KNA":56.84,"KOR":53.7975609756098,"KOS":48.702,"KWT":59.2033414634146,"LAO":41.036,"LBN":63.927,"LBR":38.073,"LBY":40.752,"LCA":57.865,"LIE":70.8882195121951,"LKA":60.602,"LSO":50.171,"LTU":69.8473170731707,"LUX":68.8005609756098,"LVA":69.7868292682927,"MAC":63.780756097561,"MAF":67.648,"MAR":41.73,"MCO":71.861,"MDA":59.44,"MDG":43.349,"MDV":38.244,"MEX":53.573,"MHL":54.359,"MKD":60.5017317073171,"MLI":30.459,"MLT":68.3440975609756,"MMR":44.086,"MNE":65.4921951219512,"MNG":44.5310487804878,"MNP":61.39,"MOZ":41.197,"MRT":43.611,"MUS":58.4614146341463,"MWI":34.986,"MYS":57.168,"NAM":48.529,"NCL":52.341,"NER":36.193,"NGA":37.207,"NIC":46.399,"NLD":73.3926829268293,"NOR":73.549756097561,"NPL":38.652,"NRU":57.924,"NZL":71.2365853658537,"OMN":35.429,"PAK":44.101,"PAN":60.278,"PER":50.597,"PHL":59.175,"PLW":54.853,"PNG":45.805,"POL":67.6804878048781,"PRI":68.627,"PRK":55.814,"PRT":64.0074634146342,"PRY":60.197,"PYF":59.445,"QAT":57.773,"ROU":65.8605365853659,"RUS":67.5261219512195,"RWA":47.022,"SAU":45.31,"SDN":49.566,"SEN":39.668,"SGP":65.5621951219512,"SLB":47.683,"SLE":33.09,"SLV":48.292,"SMR":73.197,"SOM":43.543,"SRB":65.5898536585366,"SSD":28.054,"STP":43.564,"SUR":56.595,"SVK":70.2697804878049,"SVN":68.9780487804878,"SWE":73.0056097560976,"SWZ":46.389,"SXM":66.351,"SYC":60.5314390243903,"SYR":52.723,"TCA":56.292,"TCD":39.216,"TGO":43.536,"THA":50.608,"TJK":52.535,"TKM":52.149,"TLS":32.402,"TON":58.315,"TTO":62.505,"TUN":44.049,"TUR":50.799,"TUV":48.261,"TZA":42.596,"UGA":45.633,"UKR":69.388,"URY":67.683,"USA":69.7707317073171,"UZB":56.539,"VCT":58.566,"VEN":58.376,"VGB":62.709,"VIR":62.7435365853659,"VNM":58.046,"VUT":49.841,"WSM":55.153,"YEM":33.462,"ZAF":52.575,"ZMB":50.648,"ZWE":53.492}}