{"schemaVersion":1,"dataKind":"ranking-year","indicatorId":"SP.DYN.LE00.IN","year":1961,"valuesByCountry":{"ABW":64.215,"AFG":33.291,"AGO":36.902,"ALB":57.488,"AND":72.573,"ARE":51.596,"ARG":64.631,"ARM":59.4940975609756,"ASM":65.648,"ATG":63.335,"AUS":70.9731707317073,"AUT":69.5773170731707,"AZE":51.435,"BDI":43.364,"BEL":70.5209756097561,"BEN":39.233,"BFA":36.361,"BGD":44.887,"BGR":70.1956097560976,"BHR":52.278,"BHS":62.813,"BIH":59.285,"BLR":69.7383902439024,"BLZ":52.944,"BMU":67.528,"BOL":43.628,"BRA":53.594,"BRB":65.033,"BRN":59.387,"BTN":36.654,"BWA":51.781,"CAF":40.056,"CAN":71.3460975609756,"CHE":71.6448780487805,"CHL":57.309,"CHN":40.158,"CIV":37.923,"CMR":35.186,"COD":40.161,"COG":48.351,"COL":57.203,"COM":41.157,"CPV":49.419,"CRI":63.86,"CUB":63.743,"CUW":65.745,"CYM":59.426,"CYP":64.076,"CZE":70.5126829268293,"DEU":69.6448780487805,"DJI":43.781,"DMA":61.022,"DNK":72.4382926829268,"DOM":52.447,"DZA":40.792,"ECU":54.052,"EGY":45.146,"ERI":37.912,"ESP":69.4804878048781,"EST":69.0778780487805,"ETH":40.198,"FIN":68.8441463414634,"FJI":59.102,"FRA":70.1170731707317,"FRO":72.7121219512195,"FSM":54.736,"G001":52.7972306837695,"GAB":47.115,"GBR":70.8780487804878,"GEO":61.72,"GHA":47.127,"GIB":70.165,"GIN":36.816,"GMB":35.063,"GNB":37.788,"GNQ":43.008,"GRC":70.2830243902439,"GRD":63.553,"GRL":59.4261219512195,"GTM":46.12,"GUM":63.226,"GUY":57.912,"HKG":66.4416585365854,"HND":47.71,"HRV":66.3461463414634,"HTI":43.825,"HUN":68.9360975609756,"IDN":47.385,"IMN":64.425,"IND":45.824,"IRL":69.6782926829268,"IRN":43.9,"IRQ":52.339,"ISL":73.5034146341464,"ISR":72.0065853658537,"ITA":69.760243902439,"JAM":64.257,"JOR":53.68,"JPN":68.3519512195122,"KAZ":58.169,"KEN":49.33,"KGZ":55.3341219512195,"KHM":42.588,"KIR":48.468,"KNA":57.338,"KOR":54.4768536585366,"KOS":49.883,"KWT":60.235,"LAO":41.344,"LBN":64.267,"LBR":38.104,"LBY":42.362,"LCA":59.095,"LIE":70.9554390243902,"LKA":61.158,"LSO":50.275,"LTU":70.1026829268293,"LUX":69.1529268292683,"LVA":70.0324390243903,"MAC":64.311,"MAF":67.912,"MAR":43.694,"MCO":72.177,"MDA":59.856,"MDG":43.79,"MDV":38.645,"MEX":54.422,"MHL":54.725,"MKD":61.7780975609756,"MLI":30.637,"MLT":68.3216341463415,"MMR":44.603,"MNE":65.9281951219512,"MNG":45.3926829268293,"MNP":61.671,"MOZ":41.5,"MRT":44.307,"MUS":59.5666829268293,"MWI":35.23,"MYS":58.015,"NAM":49.242,"NCL":53.068,"NER":36.287,"NGA":37.427,"NIC":47.289,"NLD":73.6526829268293,"NOR":73.5504878048781,"NPL":38.966,"NRU":58.005,"NZL":70.9853658536585,"OMN":36.386,"PAK":44.956,"PAN":60.914,"PER":51.192,"PHL":59.469,"PLW":55.092,"PNG":46.425,"POL":67.7780487804878,"PRI":68.528,"PRK":56.408,"PRT":62.666512195122,"PRY":60.517,"PYF":59.85,"QAT":58.502,"ROU":65.8771463414634,"RUS":67.7827317073171,"RWA":47.458,"SAU":45.88,"SDN":49.964,"SEN":39.715,"SGP":65.9597073170732,"SLB":48.336,"SLE":33.633,"SLV":48.633,"SMR":73.375,"SOM":43.667,"SRB":66.1841951219512,"SSD":28.278,"STP":45.193,"SUR":57.29,"SVK":70.7239024390244,"SVN":68.9780487804878,"SWE":73.4743902439024,"SWZ":46.75,"SXM":66.678,"SYC":60.6061219512195,"SYR":53.652,"TCA":57.087,"TCD":39.421,"TGO":43.746,"THA":51.065,"TJK":52.944,"TKM":52.51,"TLS":32.801,"TON":58.757,"TTO":62.965,"TUN":44.257,"TUR":51.558,"TUV":49.02,"TZA":42.841,"UGA":46.271,"UKR":70.044,"URY":67.81,"USA":70.2707317073171,"UZB":56.874,"VCT":59.272,"VEN":59.115,"VGB":63.274,"VIR":63.1217073170732,"VNM":58.461,"VUT":50.384,"WSM":55.738,"YEM":34.058,"ZAF":53.067,"ZMB":51.041,"ZWE":53.966}}