{"schemaVersion":1,"dataKind":"ranking-year","indicatorId":"SP.DYN.LE00.IN","year":1962,"valuesByCountry":{"ABW":64.602,"AFG":33.757,"AGO":37.168,"ALB":58.494,"AND":72.993,"ARE":52.546,"ARG":64.618,"ARM":59.9166829268293,"ASM":66.008,"ATG":63.995,"AUS":70.9424390243903,"AUT":69.309512195122,"AZE":52.053,"BDI":43.492,"BEL":70.219512195122,"BEN":39.643,"BFA":36.753,"BGD":45.765,"BGR":69.4919512195122,"BHR":53.893,"BHS":63.187,"BIH":60.122,"BLR":69.4623170731708,"BLZ":58.741,"BMU":67.884,"BOL":44.002,"BRA":54.017,"BRB":65.715,"BRN":58.824,"BTN":36.992,"BWA":52.313,"CAF":40.562,"CAN":71.3670731707317,"CHE":71.1960975609756,"CHL":57.811,"CHN":50.959,"CIV":38.62,"CMR":42.599,"COD":40.382,"COG":49.038,"COL":57.737,"COM":41.534,"CPV":50.239,"CRI":64.232,"CUB":64.374,"CUW":66.027,"CYM":60.09,"CYP":64.72,"CZE":69.7868292682927,"DEU":69.7992195121951,"DJI":44.092,"DMA":61.894,"DNK":72.319756097561,"DOM":53.199,"DZA":39.527,"ECU":54.681,"EGY":45.844,"ERI":38.346,"ESP":69.5190243902439,"EST":69.2920243902439,"ETH":40.531,"FIN":68.5778048780488,"FJI":59.654,"FRA":70.3146341463415,"FRO":73.1757804878049,"FSM":55.393,"G001":55.2860734026534,"GAB":47.777,"GBR":70.9268292682927,"GEO":62.078,"GHA":47.335,"GIB":70.174,"GIN":36.997,"GMB":35.599,"GNB":38.032,"GNQ":43.275,"GRC":70.2246097560976,"GRD":63.752,"GRL":60.0291219512195,"GTM":46.492,"GUM":63.349,"GUY":58.303,"HKG":66.9104634146342,"HND":48.647,"HRV":67.0652682926829,"HTI":44.196,"HUN":67.8658536585366,"IDN":48.141,"IMN":64.397,"IND":46.133,"IRL":69.9910487804878,"IRN":43.769,"IRQ":53.482,"ISL":73.7219512195122,"ISR":72.1121951219512,"ITA":69.149756097561,"JAM":64.619,"JOR":54.633,"JPN":68.6348780487805,"KAZ":58.392,"KEN":50.104,"KGZ":55.641756097561,"KHM":43.079,"KIR":49.042,"KNA":57.84,"KOR":55.0549512195122,"KOS":48.378,"KWT":61.259512195122,"LAO":42.272,"LBN":64.595,"LBR":38.167,"LBY":44.075,"LCA":59.877,"LIE":70.8495853658537,"LKA":61.627,"LSO":50.307,"LTU":69.0953658536585,"LUX":68.4317317073171,"LVA":69.430487804878,"MAC":64.9175365853659,"MAF":68.194,"MAR":44.226,"MCO":72.437,"MDA":60.254,"MDG":44.185,"MDV":39.09,"MEX":55.057,"MHL":55.214,"MKD":59.2847317073171,"MLI":30.833,"MLT":69.0752682926829,"MMR":45.264,"MNE":66.2178780487805,"MNG":46.2474146341463,"MNP":61.972,"MOZ":41.761,"MRT":45.047,"MUS":60.4433902439024,"MWI":35.449,"MYS":58.855,"NAM":49.972,"NCL":53.795,"NER":36.319,"NGA":37.606,"NIC":47.981,"NLD":73.3239024390244,"NOR":73.4480487804878,"NPL":39.333,"NRU":58.023,"NZL":71.2317073170732,"OMN":37.413,"PAK":45.85,"PAN":61.428,"PER":51.532,"PHL":59.755,"PLW":55.378,"PNG":46.706,"POL":67.4268292682927,"PRI":68.863,"PRK":56.998,"PRT":64.1810243902439,"PRY":60.816,"PYF":60.201,"QAT":59.226,"ROU":65.2556585365854,"RUS":67.6988536585366,"RWA":47.802,"SAU":46.469,"SDN":50.419,"SEN":39.738,"SGP":66.3726341463415,"SLB":49.037,"SLE":34.155,"SLV":49.001,"SMR":73.531,"SOM":43.972,"SRB":66.9230487804878,"SSD":28.506,"STP":46.843,"SUR":58.023,"SVK":70.2702926829268,"SVN":68.9780487804878,"SWE":73.3504878048781,"SWZ":47.145,"SXM":67.054,"SYC":60.6882926829268,"SYR":54.569,"TCA":57.742,"TCD":39.608,"TGO":44.001,"THA":51.444,"TJK":53.374,"TKM":52.868,"TLS":33.221,"TON":59.298,"TTO":63.429,"TUN":45.562,"TUR":52.347,"TUV":49.779,"TZA":43.215,"UGA":46.821,"UKR":70.401,"URY":67.911,"USA":70.119512195122,"UZB":57.218,"VCT":59.924,"VEN":59.667,"VGB":63.828,"VIR":62.6680243902439,"VNM":58.204,"VUT":50.931,"WSM":56.316,"YEM":33.669,"ZAF":53.566,"ZMB":51.331,"ZWE":54.453}}