{"schemaVersion":1,"dataKind":"ranking-year","indicatorId":"SP.DYN.LE00.IN","year":1963,"valuesByCountry":{"ABW":64.944,"AFG":34.201,"AGO":37.419,"ALB":59.479,"AND":73.298,"ARE":53.509,"ARG":64.855,"ARM":60.3282682926829,"ASM":66.161,"ATG":64.697,"AUS":70.9117073170732,"AUT":69.4436585365854,"AZE":52.696,"BDI":43.559,"BEL":70.0514634146342,"BEN":40.081,"BFA":37.093,"BGD":45.722,"BGR":70.3092682926829,"BHR":55.449,"BHS":63.532,"BIH":60.511,"BLR":69.7097804878049,"BLZ":59.316,"BMU":67.689,"BOL":44.335,"BRA":54.452,"BRB":66.204,"BRN":60.625,"BTN":37.37,"BWA":52.848,"CAF":41.09,"CAN":71.3807317073171,"CHE":71.1875609756098,"CHL":58.349,"CHN":51.67,"CIV":39.315,"CMR":43.074,"COD":40.604,"COG":49.729,"COL":58.296,"COM":41.909,"CPV":51.145,"CRI":64.326,"CUB":64.347,"CUW":66.312,"CYM":60.78,"CYP":61.779,"CZE":70.3043902439025,"DEU":69.9140731707317,"DJI":44.442,"DMA":62.612,"DNK":72.4004878048781,"DOM":53.754,"DZA":43.143,"ECU":55.322,"EGY":46.493,"ERI":38.833,"ESP":69.6812195121951,"EST":69.3215609756098,"ETH":40.967,"FIN":69.0126829268293,"FJI":60.155,"FRA":70.5146341463415,"FRO":73.5539024390244,"FSM":56.004,"G001":55.6522285444853,"GAB":48.425,"GBR":70.8268292682927,"GEO":62.457,"GHA":47.476,"GIB":70.249,"GIN":37.196,"GMB":36.086,"GNB":35.644,"GNQ":43.54,"GRC":70.5639756097561,"GRD":63.783,"GRL":60.4535365853659,"GTM":46.622,"GUM":63.833,"GUY":58.644,"HKG":67.6451707317073,"HND":49.385,"HRV":67.4221463414634,"HTI":42.724,"HUN":68.8741463414634,"IDN":48.742,"IMN":64.458,"IND":46.458,"IRL":70.2300975609756,"IRN":45.105,"IRQ":54.36,"ISL":73.0429268292683,"ITA":69.2480487804878,"JAM":64.999,"JOR":55.489,"JPN":69.7124390243902,"KAZ":58.612,"KEN":50.758,"KGZ":55.9325853658537,"KHM":43.612,"KIR":49.688,"KNA":58.43,"KOR":55.0254634146342,"KOS":50.098,"KWT":62.2694146341463,"LAO":41.544,"LBN":64.879,"LBR":38.309,"LBY":45.584,"LCA":60.538,"LIE":70.9008536585366,"LKA":62.031,"LSO":50.26,"LTU":70.2043902439024,"LUX":68.6719756097561,"LVA":69.8290243902439,"MAC":65.4913414634146,"MAF":68.487,"MAR":44.768,"MCO":72.476,"MDA":60.616,"MDG":44.626,"MDV":39.593,"MEX":55.501,"MHL":55.739,"MKD":61.3576097560976,"MLI":31.02,"MLT":69.158512195122,"MMR":45.951,"MNE":66.6071951219512,"MNG":47.106243902439,"MNP":62.308,"MOZ":41.958,"MRT":45.794,"MUS":61.128512195122,"MWI":35.643,"MYS":59.667,"NAM":50.641,"NCL":54.531,"NER":36.437,"NGA":37.806,"NIC":48.752,"NLD":73.3370731707317,"NOR":73.0775609756098,"NPL":39.608,"NRU":58.099,"NZL":71.280487804878,"OMN":38.498,"PAK":46.761,"PAN":61.814,"PER":52.597,"PHL":60.018,"PLW":55.567,"PNG":47.674,"POL":68.3756097560976,"PRI":68.727,"PRK":57.578,"PRT":64.7883902439024,"PRY":61.101,"PYF":60.514,"QAT":59.96,"ROU":67.0717073170732,"RUS":68.2745853658537,"RWA":43.998,"SAU":47.086,"SDN":50.816,"SEN":39.745,"SGP":66.7795365853659,"SLB":49.815,"SLE":34.705,"SLV":49.38,"SMR":73.586,"SOM":44.194,"SRB":67.2328780487805,"SSD":28.249,"STP":48.4,"SUR":58.496,"SVK":70.6334146341463,"SVN":68.6219512195122,"SWE":73.5553658536585,"SWZ":47.471,"SXM":67.467,"SYC":60.936756097561,"SYR":55.394,"TCA":58.426,"TCD":39.893,"TGO":44.274,"THA":51.988,"TJK":53.791,"TKM":53.228,"TLS":33.665,"TON":59.77,"TTO":63.633,"TUN":46.412,"TUR":53.12,"TUV":50.58,"TZA":43.616,"UGA":47.378,"UKR":70.683,"URY":68.023,"USA":69.9170731707317,"UZB":57.564,"VCT":60.521,"VEN":60.502,"VGB":64.313,"VIR":61.4347073170732,"VNM":56.897,"VUT":51.485,"WSM":56.861,"YEM":33.431,"ZAF":53.895,"ZMB":51.605,"ZWE":54.942}}