{"schemaVersion":1,"dataKind":"ranking-year","indicatorId":"SP.DYN.LE00.IN","year":1964,"valuesByCountry":{"ABW":65.303,"AFG":34.673,"AGO":37.704,"ALB":60.404,"AND":73.624,"ARE":54.495,"ARG":64.816,"ARM":60.7238292682927,"ASM":66.135,"ATG":65.428,"AUS":70.8809756097561,"AUT":69.9219512195122,"AZE":53.292,"BDI":43.601,"BEL":70.7551219512195,"BEN":40.502,"BFA":37.399,"BGD":46.752,"BGR":71.1212195121951,"BHR":56.946,"BHS":63.897,"BIH":61.511,"BLR":70.619243902439,"BLZ":59.84,"BMU":67.5,"BOL":44.674,"BRA":54.848,"BRB":66.678,"BRN":61.267,"BTN":37.796,"BWA":53.358,"CAF":41.64,"CAN":71.7763414634146,"CHE":72.0778048780488,"CHL":58.812,"CHN":52.343,"CIV":39.966,"CMR":43.596,"COD":40.099,"COG":50.363,"COL":58.77,"COM":42.328,"CPV":52.089,"CRI":64.493,"CUB":65.264,"CUW":66.59,"CYM":61.436,"CYP":62.24,"CZE":70.459512195122,"DEU":70.4355609756098,"DJI":44.812,"DMA":63.278,"DNK":72.4851219512195,"DOM":54.653,"DZA":42.987,"ECU":55.95,"EGY":47.075,"ERI":39.184,"ESP":70.399756097561,"EST":70.0720975609756,"ETH":41.261,"FIN":69.2209756097561,"FJI":60.714,"FRA":70.6634146341463,"FRO":73.8559268292683,"FSM":56.655,"G001":56.0966979719764,"GAB":48.994,"GBR":71.6243902439024,"GEO":62.818,"GHA":47.637,"GIB":70.438,"GIN":37.415,"GMB":36.579,"GNB":35.807,"GNQ":43.805,"GRC":70.4581707317073,"GRD":64.199,"GRL":60.9083658536586,"GTM":47.055,"GUM":64.104,"GUY":58.958,"HKG":68.2190975609756,"HND":50.197,"HRV":67.8488780487805,"HTI":44.928,"HUN":69.3809756097561,"IDN":49.44,"IMN":64.666,"IND":46.742,"IRL":70.4899268292683,"IRN":45.735,"IRQ":55.245,"ISL":73.5417073170732,"ITA":70.3117073170732,"JAM":65.347,"JOR":56.456,"JPN":70.2065853658537,"KAZ":58.83,"KEN":51.323,"KGZ":56.22,"KHM":44.044,"KIR":50.356,"KNA":59.04,"KOR":55.392243902439,"KOS":51.119,"KWT":63.2567073170732,"LAO":41.859,"LBN":65.103,"LBR":38.451,"LBY":47.652,"LCA":61.339,"LIE":71.0428048780488,"LKA":62.376,"LSO":50.307,"LTU":71.5090243902439,"LUX":68.8656829268293,"LVA":71.0280487804878,"MAC":65.8860731707317,"MAF":68.757,"MAR":45.346,"MCO":72.706,"MDA":60.962,"MDG":45.037,"MDV":40.152,"MEX":55.916,"MHL":56.265,"MKD":61.5034146341463,"MLI":31.231,"MLT":69.2581951219512,"MMR":46.653,"MNE":67.2085609756098,"MNG":47.9171951219512,"MNP":62.592,"MOZ":41.656,"MRT":46.581,"MUS":61.5040487804878,"MWI":35.681,"MYS":60.448,"NAM":51.349,"NCL":55.287,"NER":36.464,"NGA":37.98,"NIC":49.586,"NLD":73.7041463414634,"NOR":73.5958536585366,"NPL":40.229,"NRU":58.167,"NZL":71.3292682926829,"OMN":39.628,"PAK":47.831,"PAN":62.101,"PER":53.302,"PHL":60.13,"PLW":55.795,"PNG":48.295,"POL":68.6292682926829,"PRI":68.242,"PRK":58.17,"PRT":64.9833902439024,"PRY":61.368,"PYF":60.797,"QAT":60.7,"ROU":67.8451219512195,"RUS":68.7147317073171,"RWA":48.131,"SAU":47.732,"SDN":50.879,"SEN":39.755,"SGP":67.0024146341463,"SLB":50.583,"SLE":35.298,"SLV":49.75,"SMR":73.658,"SOM":44.393,"SRB":67.879,"SSD":32.458,"STP":49.739,"SUR":58.908,"SVK":71.0198780487805,"SVN":68.6634146341463,"SWE":73.7331707317073,"SWZ":47.922,"SXM":67.782,"SYC":61.1964146341464,"SYR":56.17,"TCA":59.119,"TCD":40.12,"TGO":44.6,"THA":52.539,"TJK":54.224,"TKM":53.595,"TLS":34.147,"TON":60.251,"TTO":63.978,"TUN":47.272,"TUR":53.6,"TUV":51.336,"TZA":44.075,"UGA":47.846,"UKR":70.972,"URY":68.112,"USA":70.1658536585366,"UZB":57.922,"VCT":61.071,"VEN":61.168,"VGB":64.757,"VIR":64.1249268292683,"VNM":57.473,"VUT":51.969,"WSM":54.043,"YEM":34.907,"ZAF":54.215,"ZMB":51.17,"ZWE":55.431}}