{"schemaVersion":1,"dataKind":"ranking-year","indicatorId":"SP.DYN.LE00.IN","year":1965,"valuesByCountry":{"ABW":65.615,"AFG":35.124,"AGO":37.968,"ALB":61.273,"AND":73.856,"ARE":55.512,"ARG":65.053,"ARM":61.0993414634146,"ASM":65.996,"ATG":66.171,"AUS":70.850243902439,"AUT":69.7221951219512,"AZE":53.884,"BDI":41.844,"BEL":70.6253658536586,"BEN":40.971,"BFA":37.758,"BGD":46.046,"BGR":71.2939024390244,"BHR":58.379,"BHS":64.272,"BIH":62.213,"BLR":70.5974878048781,"BLZ":60.356,"BMU":67.582,"BOL":45.09,"BRA":55.243,"BRB":67.236,"BRN":61.721,"BTN":38.263,"BWA":53.853,"CAF":42.207,"CAN":71.8721951219512,"CHE":72.2017073170732,"CHL":59.473,"CHN":53.001,"CIV":40.643,"CMR":44.175,"COD":40.767,"COG":50.996,"COL":59.247,"COM":42.676,"CPV":53.04,"CRI":64.76,"CUB":65.636,"CUW":66.862,"CYM":62.186,"CYP":66.124,"CZE":70.1631707317073,"DEU":70.4103658536585,"DJI":45.234,"DMA":63.913,"DNK":72.3707317073171,"DOM":52.842,"DZA":42.846,"ECU":56.524,"EGY":47.577,"ERI":39.576,"ESP":70.8092682926829,"EST":70.1765853658537,"ETH":41.413,"FIN":68.9778048780488,"FJI":61.413,"FRA":70.8121951219512,"FRO":74.1064634146341,"FSM":57.199,"G001":55.926447643924,"GAB":49.71,"GBR":71.6243902439024,"GEO":63.097,"GHA":47.689,"GIB":70.755,"GIN":37.653,"GMB":37.12,"GNB":35.92,"GNQ":44.069,"GRC":71.3916829268293,"GRD":64.78,"GRL":61.4213902439024,"GTM":47.185,"GUM":64.367,"GUY":59.137,"HKG":68.8668048780488,"HND":50.863,"HRV":68.2781951219512,"HTI":45.371,"HUN":69.0712195121951,"IDN":42.762,"IMN":64.922,"IND":45.558,"IRL":70.695,"IRN":46.372,"IRQ":56.387,"ISL":73.8687804878049,"ISR":72.1121951219512,"ITA":70.1717073170732,"JAM":65.663,"JOR":57.317,"JPN":70.2668292682927,"KAZ":59.042,"KEN":51.886,"KGZ":56.5190487804878,"KHM":44.497,"KIR":51.028,"KNA":59.595,"KOR":55.8645853658537,"KOS":52.003,"KWT":64.217487804878,"LAO":42.222,"LBN":65.317,"LBR":38.693,"LBY":49.278,"LCA":61.924,"LIE":71.2156585365854,"LKA":62.793,"LSO":50.326,"LTU":71.3251219512195,"LUX":69.2268536585366,"LVA":70.7265853658537,"MAC":66.2214634146342,"MAF":69.034,"MAR":45.922,"MCO":72.866,"MDA":61.275,"MDG":45.447,"MDV":40.759,"MEX":56.688,"MHL":56.779,"MKD":62.5633658536586,"MLI":31.529,"MLT":69.3719024390244,"MMR":47.405,"MNE":67.9017317073171,"MNG":48.6831463414634,"MNP":62.958,"MOZ":41.792,"MRT":47.36,"MUS":62.074756097561,"MWI":35.74,"MYS":61.144,"NAM":51.997,"NCL":56.066,"NER":36.404,"NGA":38.221,"NIC":50.647,"NLD":73.5687804878049,"NOR":73.7231707317073,"NPL":40.688,"NRU":58.255,"NZL":71.2268292682927,"OMN":40.791,"PAK":48.495,"PAN":62.337,"PER":53.871,"PHL":60.41,"PLW":55.938,"PNG":48.927,"POL":69.4292682926829,"PRI":69.289,"PRK":58.785,"PRT":65.9604634146341,"PRY":61.606,"PYF":61.069,"QAT":61.441,"ROU":67.7072682926829,"RUS":68.5063902439025,"RWA":48.203,"SAU":48.436,"SDN":51.031,"SEN":39.761,"SGP":67.2328536585366,"SLB":51.406,"SLE":35.93,"SLV":50.208,"SMR":73.723,"SOM":44.631,"SRB":68.6011463414634,"SSD":28.781,"STP":51.072,"SUR":59.137,"SVK":70.2352682926829,"SVN":68.3658536585366,"SWE":73.8617073170732,"SWZ":48.431,"SXM":68.048,"SYC":61.4950975609756,"SYR":56.901,"TCA":59.806,"TCD":40.05,"TGO":44.917,"THA":53.131,"TJK":54.655,"TKM":53.986,"TLS":34.653,"TON":60.72,"TTO":64.195,"TUN":48.204,"TUR":54.105,"TUV":52.086,"TZA":44.542,"UGA":48.303,"UKR":71.143,"URY":68.2,"USA":70.2146341463415,"UZB":58.277,"VCT":61.61,"VEN":61.909,"VGB":65.149,"VIR":64.7879268292683,"VNM":56.967,"VUT":52.527,"WSM":57.886,"YEM":35.592,"ZAF":54.427,"ZMB":52.079,"ZWE":55.905},"yearsByCountry":{"ISR":1962}}