{"schemaVersion":1,"dataKind":"ranking-year","indicatorId":"SP.DYN.LE00.IN","year":1966,"valuesByCountry":{"ABW":66.126,"AFG":35.583,"AGO":38.258,"ALB":62.149,"AND":74.02,"ARE":56.572,"ARG":65.398,"ARM":61.4538292682927,"ASM":58.284,"ATG":66.902,"AUS":70.819512195122,"AUT":70.0458536585366,"AZE":54.485,"BDI":43.529,"BEL":70.7063414634146,"BEN":41.274,"BFA":38.091,"BGD":47.644,"BGR":71.2234146341464,"BHR":59.745,"BHS":64.589,"BIH":63.129,"BLR":70.7689268292683,"BLZ":60.86,"BMU":67.718,"BOL":45.479,"BRA":55.625,"BRB":67.71,"BRN":62.401,"BTN":38.789,"BWA":54.36,"CAF":42.787,"CAN":72.0043902439024,"CHE":72.3356097560976,"CHL":60.373,"CHN":53.662,"CIV":41.297,"CMR":44.839,"COD":42.169,"COG":51.557,"COL":59.713,"COM":43.153,"CPV":53.922,"CRI":65.096,"CUB":66.074,"CUW":67.136,"CYM":62.841,"CYP":66.489,"CZE":70.3848780487805,"DEU":70.5215853658537,"DJI":45.62,"DMA":64.457,"DNK":72.4441463414634,"DOM":55.965,"DZA":42.745,"ECU":57.019,"EGY":47.988,"ERI":37.634,"ESP":71.0551219512195,"EST":70.1464634146342,"ETH":39.343,"FIN":69.4770731707317,"FJI":61.565,"FRA":70.9609756097561,"FRO":74.3161951219512,"FSM":57.75,"G001":56.4490081296737,"GAB":50.322,"GBR":71.5731707317073,"GEO":63.397,"GHA":47.708,"GIB":71.178,"GIN":37.959,"GMB":37.559,"GNB":36.083,"GNQ":44.334,"GRC":71.800512195122,"GRD":65.649,"GRL":61.8018292682927,"GTM":47.511,"GUM":64.639,"GUY":59.329,"HKG":69.2658536585366,"HND":51.588,"HRV":68.7118292682927,"HTI":45.565,"HUN":69.8224390243902,"IDN":48.406,"IMN":65.18,"IND":45.884,"IRL":70.2169512195122,"IRN":47.072,"IRQ":57.321,"ISL":73.3004878048781,"ISR":72.2856097560976,"ITA":70.9260975609756,"JAM":65.928,"JOR":57.762,"JPN":70.9158536585366,"KAZ":59.247,"KEN":52.383,"KGZ":56.8273902439024,"KHM":44.948,"KIR":51.736,"KNA":60.081,"KOR":55.5229756097561,"KOS":52.472,"KWT":65.1482682926829,"LAO":42.347,"LBN":65.504,"LBR":38.955,"LBY":50.946,"LCA":62.533,"LIE":71.6317804878049,"LKA":63.156,"LSO":50.377,"LTU":71.520243902439,"LUX":68.9003658536585,"LVA":70.7073170731707,"MAC":66.7044146341464,"MAF":69.401,"MAR":46.495,"MCO":73.03,"MDA":61.552,"MDG":45.98,"MDV":41.406,"MEX":57.355,"MHL":57.284,"MKD":63.4809024390244,"MLI":31.792,"MLT":69.6580975609756,"MMR":48.181,"MNE":68.4289024390244,"MNG":49.3344878048781,"MNP":63.331,"MOZ":41.835,"MRT":48.135,"MUS":62.1274878048781,"MWI":35.831,"MYS":61.679,"NAM":52.301,"NCL":56.871,"NER":36.331,"NGA":38.355,"NIC":51.579,"NLD":73.5129268292683,"NOR":73.9953658536585,"NPL":41.239,"NRU":58.385,"NZL":71.1243902439025,"OMN":41.975,"PAK":49.797,"PAN":62.629,"PER":54.4,"PHL":60.623,"PLW":56.212,"PNG":49.566,"POL":69.8268292682927,"PRI":70.223,"PRK":59.423,"PRT":65.4876585365854,"PRY":61.832,"PYF":61.353,"QAT":62.171,"ROU":68.8976585365854,"RUS":68.5857073170732,"RWA":48.084,"SAU":49.187,"SDN":51.253,"SEN":39.848,"SGP":67.5478292682927,"SLB":52.256,"SLE":36.64,"SLV":50.672,"SMR":73.839,"SOM":44.843,"SRB":69.3070731707317,"SSD":25.633,"STP":52.309,"SUR":59.232,"SVK":70.3774390243903,"SVN":69.0121951219512,"SWE":74.0785365853659,"SWZ":48.99,"SXM":68.505,"SYC":61.727,"SYR":57.55,"TCA":60.441,"TCD":40.089,"TGO":45.228,"THA":53.729,"TJK":55.079,"TKM":54.403,"TLS":35.174,"TON":61.21,"TTO":64.316,"TUN":49.158,"TUR":54.57,"TUV":52.809,"TZA":44.941,"UGA":48.463,"UKR":71.163,"URY":68.302,"USA":70.2121951219512,"UZB":58.633,"VCT":62.102,"VEN":62.894,"VGB":65.496,"VIR":63.6770731707317,"VNM":56.914,"VUT":53.09,"WSM":58.225,"YEM":36.264,"ZAF":54.731,"ZMB":52.29,"ZWE":56.359}}