{"schemaVersion":1,"dataKind":"ranking-year","indicatorId":"SP.DYN.LE00.IN","year":1967,"valuesByCountry":{"ABW":66.385,"AFG":36.042,"AGO":38.616,"ALB":62.976,"AND":74.119,"ARE":57.648,"ARG":65.467,"ARM":61.784756097561,"ASM":65.807,"ATG":67.586,"AUS":70.8692682926829,"AUT":69.9178048780488,"AZE":55.032,"BDI":43.332,"BEL":71.0129268292683,"BEN":41.759,"BFA":38.432,"BGD":48.066,"BGR":70.4139024390244,"BHR":61.036,"BHS":65.03,"BIH":63.734,"BLR":70.9297804878049,"BLZ":61.437,"BMU":67.792,"BOL":45.904,"BRA":56.016,"BRB":67.92,"BRN":62.909,"BTN":39.359,"BWA":54.859,"CAF":43.379,"CAN":72.2078048780488,"CHE":72.6365853658537,"CHL":61.054,"CHN":54.401,"CIV":41.959,"CMR":45.602,"COD":42.339,"COG":51.91,"COL":60.15,"COM":43.593,"CPV":54.716,"CRI":65.552,"CUB":66.514,"CUW":67.405,"CYM":63.205,"CYP":66.906,"CZE":70.2641463414634,"DEU":70.7317317073171,"DJI":46.103,"DMA":64.856,"DNK":72.9221951219512,"DOM":56.646,"DZA":42.731,"ECU":57.482,"EGY":48.13,"ERI":40.151,"ESP":71.2529268292683,"EST":70.4324146341464,"ETH":41.941,"FIN":69.6665853658537,"FJI":61.442,"FRA":71.1609756097561,"FRO":74.4996097560976,"FSM":58.305,"G001":56.9037526493978,"GAB":50.928,"GBR":72.1243902439024,"GEO":63.772,"GHA":47.734,"GIB":71.54,"GIN":38.224,"GMB":38.063,"GNB":36.344,"GNQ":44.595,"GRC":71.307,"GRD":66.46,"GRL":62.3363414634146,"GTM":47.727,"GUM":64.916,"GUY":59.53,"HKG":69.8278536585366,"HND":52.331,"HRV":68.8450243902439,"HTI":46.135,"HUN":69.4070731707317,"IDN":51.309,"IMN":65.409,"IND":46.184,"IRL":71.2453658536585,"IRN":47.803,"IRQ":58.422,"ISL":73.7831707317073,"ISR":71.509756097561,"ITA":70.9565853658537,"JAM":66.086,"JOR":58.97,"JPN":71.4660975609756,"KAZ":59.446,"KEN":52.796,"KGZ":57.1559512195122,"KHM":45.193,"KIR":52.454,"KNA":60.445,"KOR":60.9287317073171,"KOS":53.051,"KWT":66.031,"LAO":42.869,"LBN":65.677,"LBR":39.262,"LBY":52.462,"LCA":63.161,"LIE":72.0426341463415,"LKA":63.556,"LSO":50.513,"LTU":71.6039024390244,"LUX":69.4889268292683,"LVA":70.3939024390244,"MAC":67.3226829268293,"MAF":69.775,"MAR":47.099,"MCO":73.058,"MDA":61.781,"MDG":46.457,"MDV":42.106,"MEX":57.959,"MHL":57.764,"MKD":63.7112926829268,"MLI":32.197,"MLT":69.710512195122,"MMR":48.86,"MNE":69.0755609756098,"MNG":50.09,"MNP":63.711,"MOZ":41.953,"MRT":48.893,"MUS":61.7451707317073,"MWI":35.941,"MYS":62.044,"NAM":52.933,"NCL":57.688,"NER":36.243,"NGA":37.497,"NIC":52.348,"NLD":73.8041463414634,"NOR":74.0665853658537,"NPL":41.71,"NRU":58.62,"NZL":71.4731707317073,"OMN":43.177,"PAK":50.763,"PAN":62.887,"PER":54.893,"PHL":60.804,"PLW":56.54,"PNG":50.247,"POL":69.4243902439024,"PRI":70.699,"PRK":60.087,"PRT":66.3340731707317,"PRY":62.025,"PYF":61.645,"QAT":62.884,"ROU":67.5159512195122,"RUS":68.4269024390244,"RWA":47.987,"SAU":49.994,"SDN":51.495,"SEN":39.992,"SGP":67.6523902439025,"SLB":53.059,"SLE":37.281,"SLV":50.844,"SMR":73.946,"SOM":45.051,"SRB":69.9707317073171,"SSD":25.858,"STP":53.449,"SUR":59.172,"SVK":70.9255853658537,"SVN":69.3658536585366,"SWE":74.1224390243903,"SWZ":49.526,"SXM":69.024,"SYC":62.1034634146342,"SYR":58.045,"TCA":61.039,"TCD":40.393,"TGO":45.615,"THA":54.316,"TJK":55.497,"TKM":54.837,"TLS":35.703,"TON":61.692,"TTO":64.471,"TUN":50.157,"TUR":55.183,"TUV":53.481,"TZA":45.163,"UGA":49.006,"UKR":71.115,"URY":68.407,"USA":70.5609756097561,"UZB":58.993,"VCT":62.541,"VEN":63.55,"VGB":65.857,"VIR":64.4256097560976,"VNM":56.745,"VUT":53.667,"WSM":58.878,"YEM":37.079,"ZAF":54.955,"ZMB":52.512,"ZWE":56.766}}