{"schemaVersion":1,"dataKind":"ranking-year","indicatorId":"SP.DYN.LE00.IN","year":1968,"valuesByCountry":{"ABW":66.744,"AFG":36.51,"AGO":38.968,"ALB":63.788,"AND":74.22,"ARE":58.727,"ARG":65.234,"ARM":62.0936341463415,"ASM":65.847,"ATG":68.23,"AUS":70.9190243902439,"AUT":70.0575609756098,"AZE":55.563,"BDI":43.405,"BEL":70.6931707317073,"BEN":42.182,"BFA":38.76,"BGD":48.4,"BGR":71.2251219512195,"BHR":62.253,"BHS":65.399,"BIH":64.006,"BLR":70.8127804878049,"BLZ":61.961,"BMU":67.898,"BOL":46.342,"BRA":56.47,"BRB":68.2,"BRN":63.47,"BTN":39.96,"BWA":55.372,"CAF":43.98,"CAN":72.3534146341463,"CHE":72.590243902439,"CHL":61.68,"CHN":55.191,"CIV":42.648,"CMR":46.389,"COD":42.667,"COG":52.62,"COL":60.572,"COM":44.101,"CPV":55.426,"CRI":65.78,"CUB":66.944,"CUW":67.67,"CYM":63.597,"CYP":67.251,"CZE":69.8407317073171,"DEU":70.3784634146342,"DJI":46.552,"DMA":65.277,"DNK":73.1214634146341,"DOM":57.272,"DZA":42.806,"ECU":57.946,"EGY":48.602,"ERI":40.483,"ESP":71.5378048780488,"EST":70.0807804878049,"ETH":42.092,"FIN":69.6163414634146,"FJI":61.719,"FRA":71.309756097561,"FRO":74.6961707317073,"FSM":58.827,"G001":57.3352975180805,"GAB":51.545,"GBR":71.7243902439025,"GEO":64.139,"GHA":47.758,"GIB":71.709,"GIN":38.501,"GMB":38.533,"GNB":36.672,"GNQ":44.852,"GRC":71.4037317073171,"GRD":66.912,"GRL":62.7596341463415,"GTM":47.758,"GUM":65.201,"GUY":59.69,"HKG":70.2170243902439,"HND":53.041,"HRV":68.6990731707317,"HTI":46.522,"HUN":69.230243902439,"IDN":51.888,"IMN":65.542,"IND":47.925,"IRL":70.941,"IRN":47.946,"IRQ":58.969,"ISL":74.0058536585366,"ISR":71.0565853658537,"ITA":70.78,"JAM":66.319,"JOR":59.767,"JPN":71.6109756097561,"KAZ":59.643,"KEN":53.302,"KGZ":57.4480975609756,"KHM":45.586,"KIR":53.129,"KNA":60.776,"KOR":60.9432682926829,"KOS":53.606,"KWT":66.8460487804878,"LAO":43.183,"LBN":65.802,"LBR":39.588,"LBY":53.849,"LCA":63.749,"LIE":72.3931219512195,"LKA":63.869,"LSO":50.791,"LTU":71.3136585365854,"LUX":69.974756097561,"LVA":70.0429268292683,"MAC":67.945,"MAF":70.15,"MAR":47.659,"MCO":73.17,"MDA":61.975,"MDG":46.932,"MDV":42.852,"MEX":58.22,"MHL":58.192,"MKD":64.5210975609756,"MLI":32.568,"MLT":69.8187804878049,"MMR":49.4,"MNE":69.6431707317073,"MNG":50.7391951219512,"MNP":64.076,"MOZ":42.1,"MRT":49.507,"MUS":62.0993414634146,"MWI":36.085,"MYS":62.443,"NAM":53.553,"NCL":58.503,"NER":36.128,"NGA":38.642,"NIC":52.865,"NLD":73.6126829268293,"NOR":73.9419512195122,"NPL":42.173,"NRU":58.633,"NZL":71.1243902439025,"OMN":44.395,"PAK":51.624,"PAN":63.242,"PER":55.384,"PHL":60.917,"PLW":56.886,"PNG":50.884,"POL":70.219512195122,"PRI":70.566,"PRK":60.757,"PRT":66.6781951219512,"PRY":62.208,"PYF":61.931,"QAT":63.577,"ROU":67.5603658536585,"RUS":68.3152926829268,"RWA":47.731,"SAU":50.857,"SDN":51.762,"SEN":40.15,"SGP":67.9807804878049,"SLB":54.142,"SLE":37.761,"SLV":50.837,"SMR":74.062,"SOM":45.254,"SRB":69.9547804878049,"SSD":26.103,"STP":54.491,"SUR":59.292,"SVK":70.436756097561,"SVN":68.9170731707317,"SWE":73.9729268292683,"SWZ":50.084,"SXM":69.551,"SYC":62.6659512195122,"SYR":59.118,"TCA":61.586,"TCD":40.702,"TGO":46.022,"THA":54.977,"TJK":55.89,"TKM":55.274,"TLS":36.241,"TON":62.161,"TTO":64.626,"TUN":51.342,"TUR":55.639,"TUV":54.072,"TZA":45.626,"UGA":49.285,"UKR":70.968,"URY":68.514,"USA":69.9512195121951,"UZB":59.355,"VCT":63.064,"VEN":63.908,"VGB":66.022,"VIR":65.1755365853659,"VNM":52.668,"VUT":54.23,"WSM":59.381,"YEM":37.99,"ZAF":55.191,"ZMB":52.719,"ZWE":57.145}}