{"schemaVersion":1,"dataKind":"ranking-year","indicatorId":"SP.DYN.LE00.IN","year":1969,"valuesByCountry":{"ABW":67.098,"AFG":36.979,"AGO":39.329,"ALB":64.538,"AND":74.296,"ARE":59.764,"ARG":65.085,"ARM":62.3799512195122,"ASM":66.05,"ATG":68.827,"AUS":70.9687804878049,"AUT":69.8331707317073,"AZE":56.08,"BDI":43,"BEL":70.7648780487805,"BEN":42.591,"BFA":39.023,"BGD":48.686,"BGR":70.43,"BHR":63.35,"BHS":65.773,"BIH":64.448,"BLR":70.9780243902439,"BLZ":62.497,"BMU":68.088,"BOL":46.705,"BRA":56.898,"BRB":68.504,"BRN":63.963,"BTN":40.566,"BWA":55.903,"CAF":44.58,"CAN":72.5014634146341,"CHE":72.6126829268293,"CHL":62.341,"CHN":55.988,"CIV":43.345,"CMR":47.191,"COD":42.959,"COG":53.114,"COL":61.031,"COM":44.643,"CPV":56.038,"CRI":66.363,"CUB":67.358,"CUW":67.929,"CYM":63.965,"CYP":67.599,"CZE":69.3670731707317,"DEU":70.2288048780488,"DJI":47.067,"DMA":65.704,"DNK":73.2209756097561,"DOM":57.886,"DZA":42.991,"ECU":58.267,"EGY":48.7,"ERI":40.792,"ESP":71.0575609756098,"EST":69.7894634146342,"ETH":42.131,"FIN":69.5034146341464,"FJI":61.397,"FRA":71.4585365853659,"FRO":74.8429268292683,"FSM":59.309,"G001":57.6800785564019,"GAB":52.127,"GBR":71.7219512195122,"GEO":64.509,"GHA":47.895,"GIB":71.812,"GIN":38.824,"GMB":39.004,"GNB":36.959,"GNQ":31,"GRC":71.9788780487805,"GRD":66.975,"GRL":63.1216097560976,"GTM":47.521,"GUM":65.499,"GUY":59.835,"HKG":70.6271707317073,"HND":53.712,"HRV":68.7662926829268,"HTI":46.903,"HUN":69.3146341463415,"IDN":52.588,"IMN":65.626,"IND":48.26,"IRL":70.8528292682927,"IRN":49.382,"IRQ":59.64,"ISL":73.7763414634147,"ISR":70.9704878048781,"ITA":70.8119512195122,"JAM":66.516,"JOR":60.504,"JPN":71.8580487804878,"KAZ":59.843,"KEN":53.734,"KGZ":57.7547804878049,"KHM":45.935,"KIR":53.763,"KNA":61.079,"KOR":61.4829024390244,"KOS":53.392,"KWT":67.5747804878049,"LAO":43.46,"LBN":65.918,"LBR":39.991,"LBY":55.173,"LCA":64.026,"LIE":72.6079024390244,"LKA":64.138,"LSO":51.117,"LTU":70.9285365853659,"LUX":69.7166829268293,"LVA":69.7968292682927,"MAC":68.1946341463415,"MAF":70.559,"MAR":48.187,"MCO":73.249,"MDA":62.184,"MDG":47.322,"MDV":43.654,"MEX":58.413,"MHL":58.504,"MKD":63.9315365853659,"MLI":32.871,"MLT":69.9741463414634,"MMR":50.02,"MNE":69.9628780487805,"MNG":51.3599756097561,"MNP":64.475,"MOZ":42.267,"MRT":50.085,"MUS":62.7038780487805,"MWI":36.301,"MYS":62.868,"NAM":54.126,"NCL":59.3,"NER":36.003,"NGA":38.946,"NIC":53.35,"NLD":73.539512195122,"NOR":73.6634146341463,"NPL":42.722,"NRU":58.408,"NZL":71.4731707317073,"OMN":45.624,"PAK":52.316,"PAN":63.66,"PER":55.816,"PHL":60.981,"PLW":57.253,"PNG":51.523,"POL":69.719512195122,"PRI":70.511,"PRK":61.411,"PRT":66.2781707317073,"PRY":62.385,"PYF":62.214,"QAT":64.246,"ROU":66.6920731707317,"RUS":67.9122682926829,"RWA":47.437,"SAU":51.773,"SDN":52.04,"SEN":40.398,"SGP":68.3339756097561,"SLB":55.099,"SLE":38.23,"SLV":51.279,"SMR":74.171,"SOM":45.453,"SRB":69.9095609756098,"SSD":25.396,"STP":55.4,"SUR":59.394,"SVK":69.7953902439024,"SVN":68.3609756097561,"SWE":74.0848780487805,"SWZ":50.641,"SXM":70.208,"SYC":63.2811219512195,"SYR":59.844,"TCA":62.135,"TCD":41.019,"TGO":46.354,"THA":55.705,"TJK":56.262,"TKM":55.69,"TLS":36.802,"TON":62.696,"TTO":64.753,"TUN":52.297,"TUR":56.179,"TUV":54.73,"TZA":46.043,"UGA":49.505,"UKR":70.828,"URY":68.581,"USA":70.5073170731708,"UZB":59.715,"VCT":63.529,"VEN":63.84,"VGB":66.245,"VIR":65.8457073170732,"VNM":54.791,"VUT":54.761,"WSM":59.881,"YEM":39.61,"ZAF":55.44,"ZMB":53.044,"ZWE":57.481}}