{"schemaVersion":1,"dataKind":"ranking-year","indicatorId":"SP.DYN.LE00.IN","year":1970,"valuesByCountry":{"ABW":67.44,"AFG":37.46,"AGO":39.688,"ALB":65.234,"AND":74.452,"ARE":60.78,"ARG":65.647,"ARM":62.6447073170732,"ASM":66.364,"ATG":69.371,"AUS":71.0185365853659,"AUT":69.9146341463415,"AZE":56.586,"BDI":43.225,"BEL":70.9719512195122,"BEN":43.029,"BFA":39.54,"BGD":42.667,"BGR":71.2563414634146,"BHR":64.359,"BHS":66.163,"BIH":64.844,"BLR":70.7444878048781,"BLZ":63.044,"BMU":68.404,"BOL":47.103,"BRA":57.338,"BRB":68.518,"BRN":64.49,"BTN":41.185,"BWA":56.446,"CAF":45.176,"CAN":72.7004878048781,"CHE":73.020243902439,"CHL":62.634,"CHN":56.824,"CIV":44.045,"CMR":47.954,"COD":43.3,"COG":53.555,"COL":61.465,"COM":45.226,"CPV":56.559,"CRI":66.787,"CUB":67.935,"CUW":68.23,"CYM":64.383,"CYP":68.05,"CZE":69.440243902439,"DEU":70.4471951219512,"DJI":47.536,"DMA":66.208,"DNK":73.3434146341463,"DOM":58.493,"DZA":43.328,"ECU":58.85,"EGY":49,"ERI":41.162,"ESP":72.0273170731707,"EST":69.9242195121951,"ETH":42.115,"FIN":70.179512195122,"FJI":61.652,"FRA":71.6585365853659,"FRO":74.9766097560976,"FSM":59.774,"G001":57.9370058876749,"GAB":52.697,"GBR":71.9731707317073,"GEO":64.869,"GHA":47.888,"GIB":71.888,"GIN":39.06,"GMB":39.532,"GNB":37.258,"GNQ":31.086,"GRC":72.6807804878049,"GRD":66.856,"GRL":63.1156585365854,"GTM":48.507,"GUM":65.811,"GUY":59.961,"HKG":70.9346829268293,"HND":54.36,"HRV":68.9891219512195,"HTI":47.265,"HUN":69.1646341463415,"IDN":53.254,"IMN":65.724,"IND":48.585,"IRL":70.9015609756098,"IRN":50.222,"IRQ":60.532,"ISL":73.9339024390244,"ISR":71.2134146341463,"ITA":71.5587804878049,"JAM":66.731,"JOR":59.833,"JPN":71.919756097561,"KAZ":60.049,"KEN":54.143,"KGZ":58.0186341463415,"KHM":38.628,"KIR":54.38,"KNA":61.372,"KOR":62.1634146341463,"KOS":54.002,"KWT":68.2020487804878,"LAO":43.776,"LBN":66.018,"LBR":40.359,"LBY":56.379,"LCA":64.29,"LIE":72.8831951219512,"LKA":64.352,"LSO":51.501,"LTU":70.8043902439024,"LUX":69.2080975609756,"LVA":69.8353658536586,"MAC":68.6991463414634,"MAF":70.982,"MAR":48.691,"MCO":73.349,"MDA":62.414,"MDG":47.898,"MDV":44.522,"MEX":58.893,"MHL":58.798,"MKD":64.9018292682927,"MLI":33.396,"MLT":70.2849512195122,"MMR":50.47,"MNE":70.2063170731708,"MNG":51.9505853658537,"MNP":64.831,"MOZ":42.459,"MRT":50.544,"MUS":63.7321951219512,"MWI":36.638,"MYS":63.298,"NAM":54.686,"NCL":60.057,"NER":35.919,"NGA":40.008,"NIC":53.815,"NLD":73.5856097560976,"NOR":74.0880487804878,"NPL":43.151,"NRU":58.449,"NZL":71.2731707317073,"OMN":46.64,"PAK":52.943,"PAN":64.068,"PER":47.728,"PHL":60.827,"PLW":57.674,"PNG":52.144,"POL":69.8682926829268,"PRI":70.352,"PRK":62.049,"PRT":67.0731707317073,"PRY":62.554,"PYF":62.495,"QAT":64.889,"ROU":67.4824146341464,"RUS":68.1336585365854,"RWA":47.116,"SAU":52.729,"SDN":52.294,"SEN":40.789,"SGP":68.724756097561,"SLB":56.061,"SLE":38.619,"SLV":51.364,"SMR":74.269,"SOM":45.644,"SRB":69.6292926829268,"SSD":25.632,"STP":56.267,"SUR":59.494,"SVK":69.7125853658537,"SVN":68.609756097561,"SWE":74.6492682926829,"SWZ":51.208,"SXM":70.856,"SYC":63.992243902439,"SYR":60.608,"TCA":62.689,"TCD":41.386,"TGO":46.782,"THA":56.47,"TJK":56.589,"TKM":56.045,"TLS":37.362,"TON":63.182,"TTO":64.869,"TUN":53.792,"TUR":56.702,"TUV":55.347,"TZA":46.495,"UGA":49.621,"UKR":70.844,"URY":68.734,"USA":70.8073170731707,"UZB":60.072,"VCT":64.029,"VEN":64.816,"VGB":66.407,"VIR":66.5014390243902,"VNM":54.93,"VUT":55.311,"WSM":60.388,"YEM":40.573,"ZAF":55.681,"ZMB":53.404,"ZWE":57.761}}