{"schemaVersion":1,"dataKind":"ranking-year","indicatorId":"SP.DYN.LE00.IN","year":1971,"valuesByCountry":{"ABW":67.783,"AFG":37.932,"AGO":40.076,"ALB":65.896,"AND":74.615,"ARE":61.753,"ARG":65.619,"ARM":62.8889024390244,"ASM":66.77,"ATG":69.861,"AUS":71.0682926829268,"AUT":70.1146341463415,"AZE":57.043,"BDI":43.172,"BEL":71.0604878048781,"BEN":43.391,"BFA":39.853,"BGD":26.522,"BGR":70.8736585365854,"BHR":65.279,"BHS":66.526,"BIH":65.181,"BLR":71.0117073170732,"BLZ":63.546,"BMU":68.98,"BOL":47.483,"BRA":57.786,"BRB":68.787,"BRN":64.975,"BTN":41.83,"BWA":57.062,"CAF":45.764,"CAN":73.0292682926829,"CHE":73.1307317073171,"CHL":63.072,"CHN":57.731,"CIV":44.783,"CMR":48.577,"COD":43.578,"COG":53.983,"COL":62.005,"COM":45.849,"CPV":57.027,"CRI":67.413,"CUB":68.432,"CUW":68.505,"CYM":64.827,"CYP":68.351,"CZE":69.6770731707317,"DEU":70.676756097561,"DJI":47.259,"DMA":66.763,"DNK":73.4146341463415,"DOM":59.09,"DZA":43.782,"ECU":59.343,"EGY":49.48,"ERI":41.527,"ESP":71.630243902439,"EST":70.1225609756098,"ETH":42.216,"FIN":70.0175609756098,"FJI":61.74,"FRA":71.9073170731707,"FRO":75.1171707317073,"FSM":60.182,"G001":58.0244668517985,"GAB":53.259,"GBR":72.2731707317073,"GEO":65.189,"GHA":47.949,"GIB":72.103,"GIN":39.372,"GMB":40.048,"GNB":37.538,"GNQ":37.229,"GRC":72.8671707317073,"GRD":66.874,"GRL":63.0539756097561,"GTM":50.276,"GUM":66.064,"GUY":60.068,"HKG":71.4680487804878,"HND":55.012,"HRV":69.2641707317073,"HTI":47.619,"HUN":69.0524390243903,"IDN":53.823,"IMN":65.841,"IND":48.902,"IRL":71.6758536585366,"IRN":51.12,"IRQ":61.333,"ISL":73.5704878048781,"ISR":71.7190243902439,"ITA":71.8068292682927,"JAM":66.997,"JOR":61.772,"JPN":72.8090243902439,"KAZ":60.262,"KEN":54.543,"KGZ":58.3217804878049,"KHM":38.7,"KIR":54.934,"KNA":61.74,"KOR":62.6121951219512,"KOS":55.128,"KWT":68.7147317073171,"LAO":44.122,"LBN":66.12,"LBR":40.72,"LBY":57.583,"LCA":64.492,"LIE":73.0916829268293,"LKA":64.24,"LSO":51.845,"LTU":71.7353658536585,"LUX":69.2398536585366,"LVA":70.1646341463415,"MAC":69.1089268292683,"MAF":71.305,"MAR":49.169,"MCO":73.365,"MDA":62.672,"MDG":48.204,"MDV":45.454,"MEX":59.415,"MHL":59.133,"MKD":65.1379268292683,"MLI":33.804,"MLT":70.0765365853659,"MMR":51.027,"MNE":70.6126585365854,"MNG":52.5202195121951,"MNP":65.196,"MOZ":42.581,"MRT":50.757,"MUS":63.9004390243903,"MWI":37.095,"MYS":63.77,"NAM":55.289,"NCL":60.785,"NER":35.294,"NGA":40.606,"NIC":54.219,"NLD":73.809512195122,"NOR":74.1792682926829,"NPL":43.616,"NRU":58.427,"NZL":71.7731707317073,"OMN":47.868,"PAK":49.002,"PAN":64.666,"PER":56.493,"PHL":61.065,"PLW":58.108,"PNG":52.593,"POL":69.6121951219512,"PRI":71.084,"PRK":62.663,"PRT":66.7707317073171,"PRY":62.726,"PYF":62.782,"QAT":65.49,"ROU":68.5041463414634,"RUS":68.3765853658537,"RWA":46.755,"SAU":53.727,"SDN":52.541,"SEN":41.243,"SGP":69.0002195121951,"SLB":57.015,"SLE":39.104,"SLV":51.665,"SMR":74.404,"SOM":45.837,"SRB":69.6149024390244,"SSD":30.993,"STP":56.965,"SUR":59.59,"SVK":69.8625609756098,"SVN":68.8341463414634,"SWE":74.6239024390244,"SWZ":51.779,"SXM":71.309,"SYC":64.6586097560976,"SYR":61.334,"TCA":63.256,"TCD":40.869,"TGO":47.232,"THA":57.1,"TJK":56.884,"TKM":56.349,"TLS":37.909,"TON":63.607,"TTO":64.934,"TUN":54.906,"TUR":57.223,"TUV":55.971,"TZA":46.972,"UGA":47.147,"UKR":70.872,"URY":68.926,"USA":71.1073170731707,"UZB":60.417,"VCT":64.432,"VEN":65.184,"VGB":66.665,"VIR":67.098487804878,"VNM":55.585,"VUT":55.88,"WSM":60.879,"YEM":41.757,"ZAF":56.02,"ZMB":53.887,"ZWE":57.996}}