{"schemaVersion":1,"dataKind":"ranking-year","indicatorId":"SP.DYN.LE00.IN","year":1972,"valuesByCountry":{"ABW":68.335,"AFG":38.423,"AGO":40.469,"ALB":66.526,"AND":74.864,"ARE":62.675,"ARG":65.953,"ARM":63.1144878048781,"ASM":67.186,"ATG":70.304,"AUS":71.4575609756098,"AUT":70.4634146341463,"AZE":57.503,"BDI":25.777,"BEL":71.4051219512195,"BEN":43.928,"BFA":40.399,"BGD":49.647,"BGR":70.899512195122,"BHR":66.095,"BHS":66.781,"BIH":65.682,"BLR":70.8493170731708,"BLZ":64.025,"BMU":69.643,"BOL":47.829,"BRA":58.255,"BRB":69.132,"BRN":65.447,"BTN":42.487,"BWA":57.669,"CAF":46.332,"CAN":72.9339024390244,"CHE":73.6443902439024,"CHL":63.717,"CHN":58.579,"CIV":45.575,"CMR":49.12,"COD":43.869,"COG":54.361,"COL":62.53,"COM":46.463,"CPV":57.486,"CRI":68.014,"CUB":68.949,"CUW":68.811,"CYM":65.365,"CYP":68.629,"CZE":70.1765853658537,"DEU":70.9067073170732,"DJI":48.532,"DMA":67.468,"DNK":73.4390243902439,"DOM":59.661,"DZA":44.384,"ECU":59.816,"EGY":49.908,"ERI":40.723,"ESP":72.8180487804878,"EST":69.9291951219512,"ETH":41.035,"FIN":70.7073170731707,"FJI":61.63,"FRA":72.1073170731707,"FRO":75.2144146341464,"FSM":60.608,"G001":58.8441211130805,"GAB":53.811,"GBR":72.1243902439024,"GEO":65.516,"GHA":48.274,"GIB":72.356,"GIN":39.683,"GMB":40.549,"GNB":37.82,"GNQ":44.441,"GRC":72.656243902439,"GRD":67.151,"GRL":62.7973658536585,"GTM":51.817,"GUM":66.469,"GUY":60.133,"HKG":71.4509756097561,"HND":55.689,"HRV":69.5739268292683,"HTI":47.884,"HUN":69.6646341463415,"IDN":54.364,"IMN":65.991,"IND":49.213,"IRL":71.021756097561,"IRN":51.729,"IRQ":61.816,"ISL":74.4558536585366,"ISR":71.0780487804878,"ITA":72.0753658536586,"JAM":67.304,"JOR":62.477,"JPN":73.1536585365854,"KAZ":60.48,"KEN":55.013,"KGZ":58.6458292682927,"KHM":38.909,"KIR":55.313,"KNA":62.137,"KOR":63.009756097561,"KOS":55.122,"KWT":69.1198048780488,"LAO":44.416,"LBN":66.201,"LBR":41.199,"LBY":58.685,"LCA":64.645,"LIE":73.4018048780488,"LKA":64.625,"LSO":52.256,"LTU":71.0246341463415,"LUX":70.4433658536585,"LVA":69.8787804878049,"MAC":69.6813902439025,"MAF":71.568,"MAR":49.706,"MCO":73.381,"MDA":62.932,"MDG":48.507,"MDV":46.431,"MEX":60.051,"MHL":59.491,"MKD":65.5685853658537,"MLI":34.507,"MLT":70.5963170731707,"MMR":51.397,"MNE":71.0364634146342,"MNG":53.0728292682927,"MNP":65.557,"MOZ":42.523,"MRT":51.037,"MUS":63.8733902439024,"MWI":37.608,"MYS":64.232,"NAM":55.845,"NCL":61.413,"NER":35.813,"NGA":41.273,"NIC":47.957,"NLD":73.7270731707317,"NOR":74.3446341463415,"NPL":44.068,"NRU":58.405,"NZL":71.8292682926829,"OMN":48.717,"PAK":53.824,"PAN":65.183,"PER":56.989,"PHL":60.911,"PLW":58.557,"PNG":53.25,"POL":70.6658536585366,"PRI":70.813,"PRK":63.254,"PRT":68.3243902439024,"PRY":62.89,"PYF":63.082,"QAT":66.07,"ROU":68.470243902439,"RUS":68.3085365853659,"RWA":46.343,"SAU":54.742,"SDN":52.803,"SEN":41.77,"SGP":69.1635609756098,"SLB":57.913,"SLE":39.505,"SLV":51.956,"SMR":74.592,"SOM":46.032,"SRB":69.8716341463415,"SSD":31.291,"STP":57.448,"SUR":59.685,"SVK":70.2982195121951,"SVN":69.0585365853659,"SWE":74.7180487804878,"SWZ":52.352,"SXM":71.729,"SYC":65.3703902439024,"SYR":61.969,"TCA":63.76,"TCD":41.922,"TGO":47.692,"THA":57.746,"TJK":57.157,"TKM":56.603,"TLS":38.443,"TON":64.061,"TTO":65.183,"TUN":56.095,"TUR":57.971,"TUV":54.694,"TZA":47.436,"UGA":47.162,"UKR":70.966,"URY":69.169,"USA":71.1560975609756,"UZB":60.75,"VCT":64.752,"VEN":65.555,"VGB":66.899,"VIR":65.5663170731708,"VNM":51.913,"VUT":56.372,"WSM":61.36,"YEM":42.688,"ZAF":56.377,"ZMB":54.375,"ZWE":58.175}}