{"schemaVersion":1,"dataKind":"ranking-year","indicatorId":"SP.DYN.LE00.IN","year":1973,"valuesByCountry":{"ABW":68.862,"AFG":38.951,"AGO":40.871,"ALB":67.107,"AND":75.096,"ARE":63.542,"ARG":66.186,"ARM":63.3309268292683,"ASM":67.604,"ATG":70.71,"AUS":71.8468292682927,"AUT":71.0146341463415,"AZE":57.926,"BDI":37.409,"BEL":71.6353658536586,"BEN":44.435,"BFA":40.947,"BGD":49.914,"BGR":71.3421951219512,"BHR":66.922,"BHS":67.147,"BIH":66.586,"BLR":71.0006585365854,"BLZ":64.487,"BMU":70.374,"BOL":48.282,"BRA":58.681,"BRB":69.108,"BRN":65.95,"BTN":43.136,"BWA":58.286,"CAF":46.884,"CAN":73.1626829268293,"CHE":73.9409756097561,"CHL":64.42,"CHN":59.496,"CIV":46.372,"CMR":49.517,"COD":44.09,"COG":54.744,"COL":62.991,"COM":47.045,"CPV":57.979,"CRI":68.731,"CUB":69.347,"CUW":69.092,"CYM":65.889,"CYP":69.005,"CZE":70.0226829268293,"DEU":71.1128048780488,"DJI":49.097,"DMA":68.097,"DNK":73.6821951219512,"DOM":60.228,"DZA":45.102,"ECU":60.306,"EGY":50.098,"ERI":41.131,"ESP":72.6107317073171,"EST":70.2300243902439,"ETH":41.103,"FIN":71.2236585365854,"FJI":60.649,"FRA":72.3560975609756,"FRO":75.327243902439,"FSM":60.955,"G001":59.296077814522,"GAB":54.352,"GBR":72.3243902439024,"GEO":65.851,"GHA":48.577,"GIB":72.707,"GIN":39.937,"GMB":41.088,"GNB":38.17,"GNQ":44.658,"GRC":72.9059268292683,"GRD":67.557,"GRL":62.4474878048781,"GTM":52.848,"GUM":66.93,"GUY":60.211,"HKG":72.090243902439,"HND":54.565,"HRV":69.9239024390244,"HTI":48.194,"HUN":69.5180487804878,"IDN":54.916,"IMN":66.238,"IND":49.642,"IRL":71.2399756097561,"IRN":52.944,"IRQ":62.344,"ISL":74.4509756097561,"ISR":71.6934146341464,"ITA":72.0263414634146,"JAM":67.607,"JOR":63.065,"JPN":73.2951219512195,"KAZ":60.697,"KEN":55.5,"KGZ":58.9897804878049,"KHM":39.078,"KIR":55.79,"KNA":62.517,"KOR":63.4073170731707,"KOS":55.914,"KWT":69.4439756097561,"LAO":44.728,"LBN":66.298,"LBR":41.619,"LBY":59.71,"LCA":64.573,"LIE":73.6489512195122,"LKA":64.785,"LSO":52.62,"LTU":71.3321951219512,"LUX":70.3344390243903,"LVA":69.8134146341464,"MAC":70.1881463414634,"MAF":71.78,"MAR":50.22,"MCO":73.374,"MDA":63.175,"MDG":48.921,"MDV":47.459,"MEX":60.518,"MHL":59.833,"MKD":66.9862682926829,"MLI":35.087,"MLT":71.2199268292683,"MMR":51.763,"MNE":71.3676097560976,"MNG":53.5671463414634,"MNP":65.988,"MOZ":42.724,"MRT":51.216,"MUS":64.2941951219512,"MWI":38.355,"MYS":64.725,"NAM":56.422,"NCL":62.1,"NER":35.938,"NGA":41.831,"NIC":55.023,"NLD":74.1439024390244,"NOR":74.4421951219512,"NPL":44.485,"NRU":58.362,"NZL":71.6682926829268,"OMN":49.964,"PAK":54.09,"PAN":65.783,"PER":57.333,"PHL":60.741,"PLW":59.024,"PNG":53.853,"POL":70.6634146341463,"PRI":70.949,"PRK":63.816,"PRT":67.5243902439024,"PRY":63.059,"PYF":63.401,"QAT":66.629,"ROU":69.0056097560976,"RUS":68.2946341463415,"RWA":45.944,"SAU":55.765,"SDN":52.988,"SEN":42.429,"SGP":69.5304634146342,"SLB":58.777,"SLE":39.96,"SLV":52.782,"SMR":74.787,"SOM":46.224,"SRB":70.381487804878,"SSD":36.277,"STP":57.896,"SUR":59.793,"SVK":70.0213902439024,"SVN":69.4048780487805,"SWE":74.8673170731707,"SWZ":52.99,"SXM":72.061,"SYC":65.9660487804878,"SYR":60.826,"TCA":64.228,"TCD":42.399,"TGO":48.138,"THA":58.323,"TJK":57.418,"TKM":56.836,"TLS":38.966,"TON":64.389,"TTO":65.412,"TUN":57.115,"TUR":58.455,"TUV":57.197,"TZA":47.912,"UGA":46.992,"UKR":70.822,"URY":69.348,"USA":71.3560975609756,"UZB":61.058,"VCT":65.095,"VEN":65.74,"VGB":67.191,"VIR":67.1374390243903,"VNM":55.677,"VUT":57.001,"WSM":61.863,"YEM":43.603,"ZAF":56.72,"ZMB":54.913,"ZWE":58.087}}