{"schemaVersion":1,"dataKind":"ranking-year","indicatorId":"SP.DYN.LE00.IN","year":1974,"valuesByCountry":{"ABW":69.278,"AFG":39.469,"AGO":41.26,"ALB":67.633,"AND":75.34,"ARE":64.351,"ARG":66.405,"ARM":63.546756097561,"ASM":67.95,"ATG":71.095,"AUS":72.2360975609756,"AUT":71.0121951219512,"AZE":58.332,"BDI":43.337,"BEL":71.9858536585366,"BEN":44.876,"BFA":41.711,"BGD":49.589,"BGR":71.2080487804878,"BHR":67.633,"BHS":67.585,"BIH":67.635,"BLR":70.8546829268293,"BLZ":64.936,"BMU":70.864,"BOL":48.752,"BRA":59.081,"BRB":69.379,"BRN":66.442,"BTN":43.8,"BWA":58.914,"CAF":47.405,"CAN":73.2375609756098,"CHE":74.2870731707317,"CHL":65.085,"CHN":60.241,"CIV":47.207,"CMR":49.734,"COD":44.311,"COG":55.053,"COL":63.497,"COM":47.609,"CPV":58.432,"CRI":69.446,"CUB":69.867,"CUW":69.394,"CYM":66.489,"CYP":54.551,"CZE":70.0865853658537,"DEU":71.4189268292683,"DJI":49.52,"DMA":68.585,"DNK":73.8082926829268,"DOM":60.757,"DZA":45.953,"ECU":60.7,"EGY":51.044,"ERI":39.001,"ESP":72.969756097561,"EST":70.3461951219512,"ETH":39.083,"FIN":71.1348780487805,"FJI":61.194,"FRA":72.6048780487805,"FRO":75.3675609756098,"FSM":61.319,"G001":59.6995632328215,"GAB":54.911,"GBR":72.5243902439024,"GEO":66.18,"GHA":48.918,"GIB":73.053,"GIN":40.229,"GMB":41.676,"GNB":41.613,"GNQ":41.486,"GRC":73.3943658536585,"GRD":67.884,"GRL":62.025512195122,"GTM":53.023,"GUM":67.532,"GUY":60.305,"HKG":72.5978048780488,"HND":52.519,"HRV":70.4333414634146,"HTI":48.458,"HUN":69.2480487804878,"IDN":55.443,"IMN":66.478,"IND":50.259,"IRL":71.1755609756098,"IRN":53.862,"IRQ":60.995,"ISL":74.5117073170732,"ISR":71.6617073170732,"ITA":72.7343902439025,"JAM":67.913,"JOR":63.611,"JPN":73.6721951219512,"KAZ":60.908,"KEN":56.039,"KGZ":59.343756097561,"KHM":39.296,"KIR":56.102,"KNA":62.888,"KOR":63.8048780487805,"KOS":56.376,"KWT":69.7139512195122,"LAO":45.886,"LBN":66.41,"LBR":42.063,"LBY":60.709,"LCA":65.419,"LIE":73.9874390243903,"LKA":64.966,"LSO":52.941,"LTU":71.2441463414634,"LUX":70.1996341463415,"LVA":69.7409756097561,"MAC":70.5503902439024,"MAF":71.933,"MAR":50.762,"MCO":73.421,"MDA":63.437,"MDG":49.303,"MDV":48.535,"MEX":61.18,"MHL":60.12,"MKD":67.0261951219512,"MLI":35.749,"MLT":71.8290731707317,"MMR":52.092,"MNE":71.4118048780488,"MNG":53.9876341463415,"MNP":66.434,"MOZ":43.211,"MRT":51.432,"MUS":64.4107073170732,"MWI":39.197,"MYS":65.204,"NAM":56.943,"NCL":62.69,"NER":36.195,"NGA":42.489,"NIC":55.401,"NLD":74.5368292682927,"NOR":74.7536585365854,"NPL":44.919,"NRU":58.31,"NZL":71.9243902439024,"OMN":51.228,"PAK":54.266,"PAN":66.552,"PER":57.769,"PHL":60.816,"PLW":59.492,"PNG":54.441,"POL":71.1170731707317,"PRI":71.324,"PRK":64.335,"PRT":68.019512195122,"PRY":63.231,"PYF":63.778,"QAT":67.165,"ROU":69.499756097561,"RUS":68.320243902439,"RWA":45.566,"SAU":56.785,"SDN":53.156,"SEN":43.104,"SGP":69.894512195122,"SLB":59.611,"SLE":40.412,"SLV":52.891,"SMR":75.052,"SOM":44.259,"SRB":71.0062926829268,"SSD":36.589,"STP":58.262,"SUR":59.914,"SVK":70.1781707317073,"SVN":70.1609756097561,"SWE":74.9804878048781,"SWZ":53.656,"SXM":72.243,"SYC":66.4828780487805,"SYR":63.441,"TCA":64.731,"TCD":42.601,"TGO":48.593,"THA":59.031,"TJK":57.651,"TKM":57.04,"TLS":36.454,"TON":64.825,"TTO":65.512,"TUN":58.251,"TUR":59.019,"TUV":57.693,"TZA":48.422,"UGA":46.861,"UKR":70.627,"URY":69.524,"USA":71.9560975609756,"UZB":61.355,"VCT":65.422,"VEN":66.223,"VGB":67.652,"VIR":67.407512195122,"VNM":54.751,"VUT":57.572,"WSM":62.34,"YEM":44.541,"ZAF":57.11,"ZMB":55.377,"ZWE":58.194}}