{"schemaVersion":1,"dataKind":"ranking-year","indicatorId":"SP.DYN.LE00.IN","year":1975,"valuesByCountry":{"ABW":69.564,"AFG":39.994,"AGO":40.817,"ALB":68.12,"AND":75.567,"ARE":65.105,"ARG":66.965,"ARM":63.7678780487805,"ASM":68.256,"ATG":71.447,"AUS":72.6253658536586,"AUT":71.1146341463415,"AZE":58.687,"BDI":43.445,"BEL":71.9712195121951,"BEN":45.405,"BFA":42.486,"BGD":50.627,"BGR":71.049756097561,"BHR":68.276,"BHS":68.14,"BIH":68.329,"BLR":70.4570975609756,"BLZ":65.377,"BMU":71.171,"BOL":49.336,"BRA":59.556,"BRB":69.79,"BRN":66.95,"BTN":44.513,"BWA":59.53,"CAF":47.892,"CAN":73.5217073170732,"CHE":74.6656097560976,"CHL":66.037,"CHN":60.952,"CIV":48.03,"CMR":49.891,"COD":44.53,"COG":55.402,"COL":64.012,"COM":46.866,"CPV":58.976,"CRI":70.253,"CUB":70.375,"CUW":69.672,"CYM":67.044,"CYP":70.336,"CZE":70.4146341463415,"DEU":71.259243902439,"DJI":49.923,"DMA":69.059,"DNK":74.0751219512195,"DOM":61.254,"DZA":46.921,"ECU":61.085,"EGY":51.734,"ERI":39.031,"ESP":73.3187804878049,"EST":69.7081219512195,"ETH":38.941,"FIN":71.6736585365854,"FJI":61.689,"FRA":72.8536585365854,"FRO":75.4443414634146,"FSM":61.617,"G001":60.1304898805725,"GAB":55.455,"GBR":72.7243902439024,"GEO":66.512,"GHA":49.323,"GIB":73.322,"GIN":40.606,"GMB":42.192,"GNB":41.934,"GNQ":37.32,"GRC":73.4011707317073,"GRD":68.004,"GRL":61.8320243902439,"GTM":52.832,"GUM":68.011,"GUY":60.375,"HKG":73.3621951219512,"HND":57.523,"HRV":70.0019512195122,"HTI":48.72,"HUN":69.29,"IDN":55.998,"IMN":66.76,"IND":50.761,"IRL":71.7530487804878,"IRN":54.819,"IRQ":61.434,"ISL":75.5787804878049,"ISR":72.0451219512195,"ITA":72.6473170731708,"JAM":68.168,"JOR":64.148,"JPN":74.2470731707317,"KAZ":61.11,"KEN":56.62,"KGZ":59.6181951219512,"KHM":12.784,"KIR":56.358,"KNA":63.191,"KOR":64.1536585365854,"KOS":57.311,"KWT":69.9550243902439,"LAO":46.15,"LBN":57.744,"LBR":42.463,"LBY":61.621,"LCA":65.909,"LIE":74.2641951219512,"LKA":65.355,"LSO":53.454,"LTU":70.8673170731707,"LUX":70.3182195121951,"LVA":68.9253658536585,"MAC":70.7074390243902,"MAF":72.046,"MAR":51.356,"MCO":73.523,"MDA":63.7,"MDG":49.596,"MDV":49.645,"MEX":61.883,"MHL":60.273,"MKD":67.1628780487805,"MLI":36.484,"MLT":71.9532195121951,"MMR":52.493,"MNE":71.7094146341463,"MNG":54.3009756097561,"MNP":66.85,"MOZ":43.821,"MRT":51.571,"MUS":64.6136829268293,"MWI":40.079,"MYS":65.697,"NAM":57.55,"NCL":63.239,"NER":36.568,"NGA":43.054,"NIC":55.774,"NLD":74.4987804878049,"NOR":74.8175609756098,"NPL":45.499,"NRU":58.251,"NZL":72.219512195122,"OMN":52.511,"PAK":54.722,"PAN":67.243,"PER":58.205,"PHL":60.904,"PLW":59.998,"PNG":54.984,"POL":70.5609756097561,"PRI":71.963,"PRK":64.831,"PRT":68.309756097561,"PRY":63.435,"PYF":64.249,"QAT":67.679,"ROU":69.6139024390244,"RUS":67.7239024390244,"RWA":45.324,"SAU":57.78,"SDN":53.31,"SEN":43.938,"SGP":70.405512195122,"SLB":58.404,"SLE":40.99,"SLV":53.422,"SMR":75.251,"SOM":44.49,"SRB":71.4935853658537,"SSD":36.867,"STP":58.561,"SUR":60.035,"SVK":70.3050487804878,"SVN":70.3585365853659,"SWE":74.9846341463415,"SWZ":54.399,"SXM":72.308,"SYC":66.9132195121951,"SYR":64.187,"TCA":65.201,"TCD":42.736,"TGO":49.046,"THA":59.713,"TJK":57.88,"TKM":57.241,"TLS":24.314,"TON":65.122,"TTO":65.647,"TUN":59.306,"TUR":59.513,"TUV":58.253,"TZA":48.922,"UGA":46.517,"UKR":70.361,"URY":69.705,"USA":72.6048780487805,"UZB":61.632,"VCT":65.873,"VEN":66.686,"VGB":68.069,"VIR":67.6790975609756,"VNM":61.865,"VUT":58.133,"WSM":62.839,"YEM":45.475,"ZAF":57.591,"ZMB":55.742,"ZWE":58.249}}