{"schemaVersion":1,"dataKind":"ranking-year","indicatorId":"SP.DYN.LE00.IN","year":1976,"valuesByCountry":{"ABW":69.808,"AFG":40.518,"AGO":40.812,"ALB":68.57,"AND":75.869,"ARE":65.806,"ARG":67.03,"ARM":64.0014878048781,"ASM":68.475,"ATG":71.794,"AUS":73.0146341463415,"AUT":71.5658536585366,"AZE":59.477,"BDI":43.691,"BEL":72.119756097561,"BEN":45.952,"BFA":43.327,"BGD":50.951,"BGR":71.3948780487805,"BHR":68.858,"BHS":68.529,"BIH":68.574,"BLR":70.3968292682927,"BLZ":65.765,"BMU":71.331,"BOL":49.971,"BRA":60.007,"BRB":70.114,"BRN":67.411,"BTN":45.23,"BWA":60.209,"CAF":48.355,"CAN":73.8560975609756,"CHE":74.7853658536585,"CHL":66.819,"CHN":61.225,"CIV":48.863,"CMR":50.017,"COD":44.695,"COG":55.699,"COL":64.642,"COM":48.645,"CPV":59.396,"CRI":70.946,"CUB":70.878,"CUW":69.951,"CYM":67.549,"CYP":70.805,"CZE":70.5326829268293,"DEU":71.7122195121951,"DJI":50.335,"DMA":69.411,"DNK":73.739756097561,"DOM":61.739,"DZA":48.034,"ECU":61.425,"EGY":52.484,"ERI":42.587,"ESP":73.6426829268293,"EST":69.3450731707317,"ETH":41.32,"FIN":71.8129268292683,"FJI":62.1,"FRA":73.1024390243903,"FRO":75.5123414634146,"FSM":61.885,"G001":60.4539569952357,"GAB":55.97,"GBR":72.7756097560976,"GEO":66.894,"GHA":49.732,"GIB":73.443,"GIN":41.028,"GMB":42.876,"GNB":42.253,"GNQ":30.537,"GRC":73.6791219512195,"GRD":67.949,"GRL":61.8058292682927,"GTM":47.617,"GUM":68.275,"GUY":60.449,"HKG":72.7890243902439,"HND":58.151,"HRV":70.4553658536585,"HTI":48.972,"HUN":69.5731707317073,"IDN":56.445,"IMN":67.051,"IND":51.302,"IRL":71.8566097560976,"IRN":55.771,"IRQ":63.569,"ISL":76.9721951219512,"ISR":72.9560975609756,"ITA":72.9919512195122,"JAM":68.412,"JOR":64.654,"JPN":74.6865853658537,"KAZ":61.301,"KEN":57.153,"KGZ":59.8842682926829,"KHM":11.632,"KIR":56.562,"KNA":63.49,"KOR":64.5024390243902,"KOS":57.54,"KWT":70.2014390243903,"LAO":46.012,"LBN":36.436,"LBR":42.851,"LBY":62.448,"LCA":66.198,"LIE":74.4749512195122,"LKA":65.84,"LSO":53.931,"LTU":70.9580487804878,"LUX":70.2204146341464,"LVA":69.0478048780488,"MAC":71.4869756097561,"MAF":72.116,"MAR":52.048,"MCO":73.797,"MDA":63.968,"MDG":49.8,"MDV":50.753,"MEX":62.475,"MHL":60.416,"MKD":67.7716829268293,"MLI":37.204,"MLT":72.0916097560976,"MMR":52.908,"MNE":71.8461951219512,"MNG":54.5484146341463,"MNP":67.278,"MOZ":43.923,"MRT":51.77,"MUS":64.3810243902439,"MWI":41.022,"MYS":66.233,"NAM":58.041,"NCL":63.751,"NER":37.101,"NGA":44.186,"NIC":56.118,"NLD":74.6470731707317,"NOR":75.039512195122,"NPL":45.991,"NRU":58.215,"NZL":72.4219512195122,"OMN":54.448,"PAK":55.069,"PAN":67.794,"PER":58.57,"PHL":60.869,"PLW":60.469,"PNG":55.53,"POL":70.6560975609756,"PRI":72.08,"PRK":65.325,"PRT":68.8609756097561,"PRY":63.654,"PYF":64.761,"QAT":68.172,"ROU":69.6987804878049,"RUS":67.4875609756098,"RWA":45.312,"SAU":58.782,"SDN":53.342,"SEN":44.809,"SGP":70.7470487804878,"SLB":61.153,"SLE":41.425,"SLV":54.375,"SMR":75.431,"SOM":44.727,"SRB":71.7468536585366,"SSD":37.092,"STP":58.782,"SUR":60.155,"SVK":70.4631951219512,"SVN":70.3073170731707,"SWE":74.9692682926829,"SWZ":55.172,"SXM":72.276,"SYC":67.2967073170732,"SYR":64.844,"TCA":65.607,"TCD":42.687,"TGO":49.509,"THA":60.371,"TJK":58.076,"TKM":57.449,"TLS":25.863,"TON":65.418,"TTO":66.032,"TUN":60.313,"TUR":60.014,"TUV":58.773,"TZA":49.459,"UGA":46.169,"UKR":70.144,"URY":69.887,"USA":72.8560975609756,"UZB":61.903,"VCT":66.466,"VEN":67.266,"VGB":68.408,"VIR":67.8731707317073,"VNM":63.669,"VUT":58.664,"WSM":63.301,"YEM":46.441,"ZAF":58,"ZMB":56.102,"ZWE":57.628}}