{"schemaVersion":1,"dataKind":"ranking-year","indicatorId":"SP.DYN.LE00.IN","year":1977,"valuesByCountry":{"ABW":70.054,"AFG":41.082,"AGO":41.215,"ALB":68.992,"AND":76.154,"ARE":66.471,"ARG":67.595,"ARM":64.2539512195122,"ASM":68.701,"ATG":72.149,"AUS":73.3443902439024,"AUT":71.9146341463415,"AZE":59.972,"BDI":43.97,"BEL":72.7739024390244,"BEN":46.504,"BFA":44.167,"BGD":51.265,"BGR":70.8160975609756,"BHR":69.383,"BHS":68.762,"BIH":68.779,"BLR":70.2890243902439,"BLZ":66.135,"BMU":71.616,"BOL":50.387,"BRA":60.461,"BRB":70.64,"BRN":67.833,"BTN":45.95,"BWA":60.867,"CAF":48.778,"CAN":74.2156097560976,"CHE":75.2380487804878,"CHL":67.529,"CHN":62.458,"CIV":49.624,"CMR":50.13,"COD":44.866,"COG":56.027,"COL":65.237,"COM":49.17,"CPV":59.986,"CRI":71.519,"CUB":71.411,"CUW":70.202,"CYM":68.08,"CYP":71.258,"CZE":70.5734146341463,"DEU":72.3073170731707,"DJI":50.755,"DMA":69.715,"DNK":74.6324390243903,"DOM":62.2,"DZA":49.249,"ECU":61.935,"EGY":53.272,"ERI":42.984,"ESP":74.1319512195122,"EST":69.4489512195122,"ETH":41.397,"FIN":72.350243902439,"FJI":62.691,"FRA":73.3512195121951,"FRO":75.633512195122,"FSM":62.118,"G001":61.0411765312782,"GAB":56.467,"GBR":73.2243902439024,"GEO":67.246,"GHA":50.079,"GIB":73.479,"GIN":41.409,"GMB":43.366,"GNB":42.578,"GNQ":42.008,"GRC":73.6803414634146,"GRD":67.869,"GRL":61.8398780487805,"GTM":55.184,"GUM":69.024,"GUY":60.558,"HKG":73.3492682926829,"HND":58.704,"HRV":70.7443902439024,"HTI":49.226,"HUN":69.8480487804878,"IDN":57.09,"IMN":67.357,"IND":51.822,"IRL":71.9973902439024,"IRN":56.66,"IRQ":63.896,"ISL":76.3736585365854,"ISR":72.9585365853659,"ITA":73.3646341463415,"JAM":68.586,"JOR":65.127,"JPN":75.2558536585366,"KAZ":61.517,"KEN":57.684,"KGZ":60.1499756097561,"KHM":11.295,"KIR":56.057,"KNA":63.73,"KOR":64.9,"KOS":58.403,"KWT":70.4684146341463,"LAO":46.408,"LBN":60.331,"LBR":43.22,"LBY":63.129,"LCA":66.957,"LIE":74.6583170731707,"LKA":66.391,"LSO":54.526,"LTU":70.809512195122,"LUX":71.4241463414634,"LVA":69.1046341463415,"MAC":71.3875365853659,"MAF":72.174,"MAR":52.791,"MCO":74.193,"MDA":64.231,"MDG":49.945,"MDV":51.835,"MEX":62.988,"MHL":60.572,"MKD":68.1356585365854,"MLI":37.986,"MLT":72.2178048780488,"MMR":53.266,"MNE":71.6151219512195,"MNG":54.7357804878049,"MNP":67.653,"MOZ":43.924,"MRT":51.998,"MUS":65.1307317073171,"MWI":41.979,"MYS":66.72,"NAM":58.586,"NCL":64.236,"NER":37.689,"NGA":44.847,"NIC":56.126,"NLD":75.2214634146342,"NOR":75.3868292682927,"NPL":46.628,"NRU":58.144,"NZL":72.1682926829268,"OMN":55.524,"PAK":55.482,"PAN":68.252,"PER":58.895,"PHL":61.431,"PLW":60.899,"PNG":56.05,"POL":70.4024390243902,"PRI":72.401,"PRK":65.811,"PRT":70.0121951219512,"PRY":63.86,"PYF":65.31,"QAT":68.639,"ROU":69.7419512195122,"RUS":67.3763414634146,"RWA":45.579,"SAU":59.749,"SDN":53.522,"SEN":45.714,"SGP":71.0261219512195,"SLB":61.528,"SLE":41.826,"SLV":54.047,"SMR":75.643,"SOM":47.004,"SRB":71.6648780487805,"SSD":37.397,"STP":58.979,"SUR":60.277,"SVK":70.4231219512195,"SVN":70.5560975609756,"SWE":75.379756097561,"SWZ":55.973,"SXM":72.133,"SYC":67.6752195121951,"SYR":65.398,"TCA":66.025,"TCD":42.884,"TGO":50.163,"THA":60.906,"TJK":58.244,"TKM":57.689,"TLS":24.875,"TON":65.625,"TTO":66.17,"TUN":61.256,"TUR":60.846,"TUV":59.201,"TZA":49.969,"UGA":45.84,"UKR":70.007,"URY":70.081,"USA":73.2560975609756,"UZB":62.173,"VCT":66.883,"VEN":67.726,"VGB":68.68,"VIR":68.0731707317073,"VNM":64.07,"VUT":59.247,"WSM":63.742,"YEM":47.442,"ZAF":58.48,"ZMB":56.281,"ZWE":56.996}}