{"schemaVersion":1,"dataKind":"ranking-year","indicatorId":"SP.DYN.LE00.IN","year":1978,"valuesByCountry":{"ABW":70.271,"AFG":40.086,"AGO":41.573,"ALB":69.367,"AND":76.488,"ARE":67.083,"ARG":67.999,"ARM":64.5261951219512,"ASM":68.881,"ATG":72.5,"AUS":73.6741463414634,"AUT":72.0121951219512,"AZE":60.494,"BDI":44.404,"BEL":72.6980487804878,"BEN":46.941,"BFA":44.995,"BGD":51.596,"BGR":71.1846341463415,"BHR":69.85,"BHS":68.873,"BIH":68.844,"BLR":70.0817317073171,"BLZ":66.338,"BMU":71.968,"BOL":50.838,"BRA":60.922,"BRB":71.143,"BRN":68.258,"BTN":46.691,"BWA":61.485,"CAF":49.161,"CAN":74.529756097561,"CHE":75.1873170731707,"CHL":68.042,"CHN":63.102,"CIV":50.361,"CMR":50.319,"COD":44.628,"COG":56.248,"COL":65.827,"COM":49.702,"CPV":60.381,"CRI":72.029,"CUB":71.89,"CUW":70.445,"CYM":68.533,"CYP":71.741,"CZE":70.6439024390244,"DEU":72.2904146341464,"DJI":51.172,"DMA":70.115,"DNK":74.3929268292683,"DOM":62.624,"DZA":50.615,"ECU":62.397,"EGY":54.075,"ERI":43.38,"ESP":74.2956097560976,"EST":69.2972682926829,"ETH":41.506,"FIN":72.8970731707317,"FJI":63.065,"FRA":73.6024390243903,"FRO":75.7200243902439,"FSM":62.306,"G001":61.3940866427936,"GAB":56.954,"GBR":73.1756097560976,"GEO":67.597,"GHA":50.461,"GIB":73.512,"GIN":41.882,"GMB":43.573,"GNB":42.908,"GNQ":42.331,"GRC":74.3631707317073,"GRD":67.856,"GRL":63.4146341463415,"GTM":56.412,"GUM":69.57,"GUY":60.646,"HKG":73.5407317073171,"HND":59.248,"HRV":70.5387804878049,"HTI":49.484,"HUN":69.3939024390244,"IDN":57.607,"IMN":67.689,"IND":52.42,"IRL":71.9963170731707,"IRN":56.042,"IRQ":64.175,"ISL":76.6492682926829,"ISR":73.2073170731707,"ITA":73.6931707317073,"JAM":68.739,"JOR":65.602,"JPN":75.5846341463415,"KAZ":61.765,"KEN":58.234,"KGZ":60.4847804878049,"KHM":11.573,"KIR":56.924,"KNA":63.995,"KOR":65.1975609756098,"KOS":58.828,"KWT":70.7654146341463,"LAO":46.832,"LBN":59.996,"LBR":43.567,"LBY":63.796,"LCA":67.38,"LIE":74.5905609756098,"LKA":66.844,"LSO":55.166,"LTU":70.6046341463415,"LUX":71.4146341463415,"LVA":68.9878048780488,"MAC":71.9051463414634,"MAF":72.238,"MAR":53.554,"MCO":74.656,"MDA":64.489,"MDG":50.017,"MDV":50.448,"MEX":63.435,"MHL":60.701,"MKD":68.9548780487805,"MLI":38.761,"MLT":72.2289268292683,"MMR":53.522,"MNE":71.7102195121951,"MNG":54.8861707317073,"MNP":67.903,"MOZ":43.963,"MRT":52.349,"MUS":65.5920731707317,"MWI":43.002,"MYS":67.17,"NAM":59.111,"NCL":64.702,"NER":38.267,"NGA":45.348,"NIC":53.533,"NLD":75.1451219512195,"NOR":75.4185365853659,"NPL":47.202,"NRU":58.288,"NZL":73.019512195122,"OMN":57.037,"PAK":56.072,"PAN":68.687,"PER":59.261,"PHL":61.531,"PLW":61.294,"PNG":56.523,"POL":70.3512195121951,"PRI":72.528,"PRK":66.292,"PRT":70.3170731707317,"PRY":64.078,"PYF":65.891,"QAT":69.083,"ROU":69.4804878048781,"RUS":67.3909756097561,"RWA":46.165,"SAU":60.685,"SDN":53.29,"SEN":46.596,"SGP":71.2835609756098,"SLB":62.536,"SLE":42.192,"SLV":54.709,"SMR":75.889,"SOM":47.013,"SRB":71.3456829268293,"SSD":37.592,"STP":59.141,"SUR":60.401,"SVK":70.4264390243902,"SVN":70.7024390243902,"SWE":75.4690243902439,"SWZ":56.785,"SXM":71.971,"SYC":68.0320731707317,"SYR":65.932,"TCA":66.432,"TCD":43.017,"TGO":50.902,"THA":61.266,"TJK":58.396,"TKM":58.279,"TLS":22.933,"TON":65.854,"TTO":66.198,"TUN":62.147,"TUR":61.614,"TUV":59.571,"TZA":50.351,"UGA":45.596,"UKR":69.839,"URY":70.265,"USA":73.3560975609756,"UZB":62.44,"VCT":67.273,"VEN":68.108,"VGB":69.028,"VIR":68.2636829268293,"VNM":64.529,"VUT":59.881,"WSM":64.132,"YEM":48.484,"ZAF":58.991,"ZMB":56.335,"ZWE":54.73}}