{"schemaVersion":1,"dataKind":"ranking-year","indicatorId":"SP.DYN.LE00.IN","year":1979,"valuesByCountry":{"ABW":70.507,"AFG":38.844,"AGO":41.913,"ALB":69.617,"AND":76.819,"ARE":67.645,"ARG":68.434,"ARM":64.8208292682927,"ASM":69.114,"ATG":72.823,"AUS":74.0039024390244,"AUT":72.3121951219512,"AZE":60.931,"BDI":45.038,"BEL":73.1936585365854,"BEN":47.362,"BFA":45.702,"BGD":51.959,"BGR":71.3082926829268,"BHR":70.296,"BHS":68.96,"BIH":69.083,"BLR":69.9336341463415,"BLZ":66.677,"BMU":72.402,"BOL":51.353,"BRA":61.365,"BRB":71.549,"BRN":68.642,"BTN":47.446,"BWA":62.035,"CAF":49.5,"CAN":74.8663414634146,"CHE":75.4660975609756,"CHL":68.858,"CHN":63.704,"CIV":50.983,"CMR":50.535,"COD":45.278,"COG":56.524,"COL":66.162,"COM":50.126,"CPV":60.726,"CRI":72.537,"CUB":72.272,"CUW":70.716,"CYM":69.02,"CYP":72.179,"CZE":70.749512195122,"DEU":72.6301707317073,"DJI":51.597,"DMA":69.195,"DNK":74.2192682926829,"DOM":62.425,"DZA":52.409,"ECU":62.854,"EGY":54.876,"ERI":43.78,"ESP":74.8187804878049,"EST":69.0543170731707,"ETH":42.376,"FIN":73.1553658536586,"FJI":62.305,"FRA":73.8512195121951,"FRO":75.7627804878049,"FSM":62.46,"G001":61.8407172981247,"GAB":57.438,"GBR":73.2756097560976,"GEO":67.942,"GHA":50.787,"GIB":73.585,"GIN":42.343,"GMB":44.517,"GNB":43.239,"GNQ":43.033,"GRC":74.5928292682927,"GRD":67.941,"GRL":63.9548780487805,"GTM":56.6,"GUM":70.116,"GUY":60.735,"HKG":73.6631707317073,"HND":59.829,"HRV":70.4273170731707,"HTI":49.749,"HUN":69.6153658536585,"IDN":58.18,"IMN":68.071,"IND":53.014,"IRL":72.2680243902439,"IRN":58.453,"IRQ":64.417,"ISL":76.7731707317073,"ISR":73.5073170731707,"ITA":74.0026829268293,"JAM":68.813,"JOR":66.049,"JPN":76.1087804878049,"KAZ":62.072,"KEN":58.691,"KGZ":60.8662195121951,"KHM":41.072,"KIR":57.106,"KNA":64.198,"KOR":65.5463414634146,"KOS":59.095,"KWT":71.0943170731707,"LAO":47.46,"LBN":59.557,"LBR":43.89,"LBY":64.328,"LCA":67.364,"LIE":74.6135609756098,"LKA":67.514,"LSO":55.843,"LTU":70.4821951219512,"LUX":72.1766585365854,"LVA":68.4956097560976,"MAC":72.3346829268293,"MAF":72.296,"MAR":54.376,"MCO":74.87,"MDA":64.823,"MDG":50.059,"MDV":53.871,"MEX":63.862,"MHL":60.845,"MKD":69.0623658536585,"MLI":39.506,"MLT":72.3917073170732,"MMR":54.026,"MNE":71.2804634146342,"MNG":55.0270487804878,"MNP":68.123,"MOZ":43.914,"MRT":52.763,"MUS":66.3225365853659,"MWI":43.703,"MYS":67.607,"NAM":59.519,"NCL":65.154,"NER":38.889,"NGA":45.738,"NIC":50.828,"NLD":75.6060975609756,"NOR":75.4139024390244,"NPL":47.766,"NRU":58.374,"NZL":73.0682926829269,"OMN":58.328,"PAK":56.614,"PAN":69.09,"PER":59.624,"PHL":61.727,"PLW":61.616,"PNG":56.967,"POL":70.7512195121951,"PRI":72.718,"PRK":66.748,"PRT":71.1682926829268,"PRY":64.298,"PYF":66.612,"QAT":69.507,"ROU":69.1531707317073,"RUS":67.1143902439024,"RWA":47.087,"SAU":61.518,"SDN":53.374,"SEN":47.478,"SGP":71.461756097561,"SLB":63.134,"SLE":42.53,"SLV":53.805,"SMR":76.122,"SOM":47.405,"SRB":71.0845853658537,"SSD":37.805,"STP":59.273,"SUR":60.527,"SVK":70.7447317073171,"SVN":70.8536585365854,"SWE":75.5241463414634,"SWZ":57.536,"SXM":71.839,"SYC":68.3445853658537,"SYR":66.244,"TCA":66.772,"TCD":43.239,"TGO":51.515,"THA":61.696,"TJK":58.523,"TKM":59.12,"TLS":24.172,"TON":66.039,"TTO":66.422,"TUN":62.929,"TUR":62.161,"TUV":59.879,"TZA":50.791,"UGA":45.385,"UKR":69.775,"URY":70.255,"USA":73.8048780487805,"UZB":62.707,"VCT":69.345,"VEN":68.226,"VGB":69.315,"VIR":68.4648048780488,"VNM":64.986,"VUT":60.893,"WSM":64.543,"YEM":49.531,"ZAF":59.472,"ZMB":56.05,"ZWE":54.918}}