{"schemaVersion":1,"dataKind":"ranking-year","indicatorId":"SP.DYN.LE00.IN","year":1980,"valuesByCountry":{"ABW":70.771,"AFG":39.258,"AGO":42.242,"ALB":69.903,"AND":77.137,"ARE":68.157,"ARG":68.576,"ARM":65.1385609756098,"ASM":69.413,"ATG":73.094,"AUS":74.3336585365854,"AUT":72.4634146341463,"AZE":61.433,"BDI":45.731,"BEL":73.2070731707317,"BEN":47.747,"BFA":46.465,"BGD":52.278,"BGR":71.1575609756098,"BHR":70.684,"BHS":69.091,"BIH":69.603,"BLR":69.9277073170732,"BLZ":66.884,"BMU":72.666,"BOL":51.828,"BRA":61.819,"BRB":72.129,"BRN":69.014,"BTN":48.198,"BWA":62.527,"CAF":49.789,"CAN":75.1021951219512,"CHE":75.4592682926829,"CHL":69.475,"CHN":64.243,"CIV":51.437,"CMR":50.852,"COD":45.543,"COG":56.803,"COL":66.693,"COM":50.681,"CPV":61.031,"CRI":73.034,"CUB":72.603,"CUW":70.951,"CYM":69.487,"CYP":72.844,"CZE":70.2780487804878,"DEU":72.8003170731707,"DJI":52.046,"DMA":71.013,"DNK":74.1017073170732,"DOM":63.391,"DZA":54.512,"ECU":63.326,"EGY":55.673,"ERI":44.625,"ESP":75.3492682926829,"EST":69.1147804878049,"ETH":42.815,"FIN":73.44,"FJI":62.406,"FRA":74.0512195121951,"FRO":75.8484390243903,"FSM":62.556,"G001":62.1512081191639,"GAB":57.893,"GBR":73.6756097560976,"GEO":68.273,"GHA":51.059,"GIB":73.755,"GIN":42.842,"GMB":44.977,"GNB":43.57,"GNQ":48.78,"GRC":74.5065609756098,"GRD":68.117,"GRL":63.449756097561,"GTM":55.297,"GUM":70.674,"GUY":60.808,"HKG":74.6534146341464,"HND":60.388,"HRV":70.1753658536586,"HTI":49.971,"HUN":69.0617073170732,"IDN":58.701,"IMN":68.446,"IND":53.593,"IRL":72.5954146341464,"IRN":58.369,"IRQ":60.916,"ISL":76.8465853658537,"ISR":73.8756097560976,"ITA":73.9431707317073,"JAM":68.992,"JOR":66.493,"JPN":75.9890243902439,"KAZ":62.516,"KEN":59.175,"KGZ":61.3072195121951,"KHM":47.498,"KIR":57.303,"KNA":64.385,"KOR":66.0463414634146,"KOS":60.297,"KWT":71.4554878048781,"LAO":48.56,"LBN":59.909,"LBR":44.088,"LBY":64.797,"LCA":67.801,"LIE":74.6580975609756,"LKA":68.006,"LSO":56.534,"LTU":70.4821951219512,"LUX":72.2581707317073,"LVA":68.8085365853659,"MAC":72.7648292682927,"MAF":72.347,"MAR":55.219,"MCO":74.948,"MDA":65.189,"MDG":49.984,"MDV":54.819,"MEX":64.282,"MHL":60.989,"MKD":68.9679756097561,"MLI":40.266,"MLT":72.2183902439025,"MMR":54.374,"MNE":72.0325853658537,"MNG":55.1848780487805,"MNP":68.302,"MOZ":43.987,"MRT":53.204,"MUS":66.7709024390244,"MWI":44.331,"MYS":68.061,"NAM":56.572,"NCL":65.601,"NER":39.344,"NGA":45.959,"NIC":57.953,"NLD":75.7431707317073,"NOR":75.6717073170732,"NPL":48.333,"NRU":58.471,"NZL":72.8292682926829,"OMN":59.601,"PAK":57.199,"PAN":69.451,"PER":59.982,"PHL":61.884,"PLW":61.909,"PNG":57.391,"POL":70.0975609756098,"PRI":73.101,"PRK":67.208,"PRT":71.2146341463415,"PRY":64.553,"PYF":67.405,"QAT":69.915,"ROU":69.0909756097561,"RUS":67.0339024390244,"RWA":48.122,"SAU":62.444,"SDN":54.072,"SEN":48.294,"SGP":72.190243902439,"SLB":63.669,"SLE":42.839,"SLV":48.589,"SMR":76.371,"SOM":47.611,"SRB":70.9969756097561,"SSD":38.034,"STP":59.361,"SUR":60.654,"SVK":70.4085365853659,"SVN":71.1048780487805,"SWE":75.7409756097561,"SWZ":58.227,"SXM":71.79,"SYC":69.5975609756098,"SYR":66.545,"TCA":67.108,"TCD":43.452,"TGO":52.146,"THA":62.186,"TJK":58.632,"TKM":60.181,"TLS":30.196,"TON":66.186,"TTO":66.507,"TUN":63.669,"TUR":62.739,"TUV":60.217,"TZA":51.272,"UGA":43.453,"UKR":69.759,"URY":70.505,"USA":73.609756097561,"UZB":62.981,"VCT":67.977,"VEN":68.179,"VGB":69.645,"VIR":68.6948780487805,"VNM":65.338,"VUT":61.322,"WSM":64.961,"YEM":50.608,"ZAF":59.961,"ZMB":55.496,"ZWE":59.062}}