{"schemaVersion":1,"dataKind":"ranking-year","indicatorId":"SP.DYN.LE00.IN","year":1981,"valuesByCountry":{"ABW":71.344,"AFG":39.406,"AGO":42.556,"ALB":70.145,"AND":77.391,"ARE":68.622,"ARG":68.858,"ARM":65.4824878048781,"ASM":69.731,"ATG":73.32,"AUS":74.6634146341463,"AUT":72.8121951219512,"AZE":61.908,"BDI":46.412,"BEL":73.6217073170732,"BEN":48.122,"BFA":46.866,"BGD":52.638,"BGR":71.5719512195122,"BHR":71.037,"BHS":69.368,"BIH":70.055,"BLR":69.907512195122,"BLZ":67.095,"BMU":72.892,"BOL":52.259,"BRA":62.267,"BRB":72.63,"BRN":69.344,"BTN":48.975,"BWA":63.027,"CAF":50.028,"CAN":75.4978048780488,"CHE":75.6931707317073,"CHL":69.822,"CHN":64.778,"CIV":51.791,"CMR":51.227,"COD":45.726,"COG":57.065,"COL":67.189,"COM":51.211,"CPV":61.299,"CRI":73.441,"CUB":72.996,"CUW":71.175,"CYM":69.951,"CYP":73.053,"CZE":70.7221951219512,"DEU":73.0402195121951,"DJI":52.355,"DMA":71.46,"DNK":74.2304878048781,"DOM":63.776,"DZA":57.422,"ECU":63.809,"EGY":56.454,"ERI":44.974,"ESP":75.5285365853659,"EST":68.9780487804878,"ETH":43.084,"FIN":73.7465853658537,"FJI":62.255,"FRA":74.3,"FRO":75.9368536585366,"FSM":62.668,"G001":62.5165275005898,"GAB":58.332,"GBR":74.0268292682927,"GEO":68.741,"GHA":51.313,"GIB":73.999,"GIN":43.33,"GMB":44.489,"GNB":43.926,"GNQ":49.107,"GRC":74.9156829268293,"GRD":68.348,"GRL":63.0748780487805,"GTM":54.709,"GUM":71.18,"GUY":60.91,"HKG":75.3490243902439,"HND":61.033,"HRV":70.3443902439025,"HTI":50.31,"HUN":69.1392682926829,"IDN":59.096,"IMN":68.811,"IND":54.173,"IRL":72.9517804878049,"IRN":56.625,"IRQ":58.652,"ISL":76.5214634146341,"ISR":74.2609756097561,"ITA":74.3539024390244,"JAM":69.12,"JOR":66.92,"JPN":76.3948780487805,"KAZ":62.996,"KEN":59.562,"KGZ":61.6239756097561,"KHM":48.035,"KIR":57.525,"KNA":64.62,"KOR":66.5463414634146,"KOS":60.372,"KWT":71.8493170731707,"LAO":49.237,"LBN":60.279,"LBR":44.344,"LBY":65.255,"LCA":68.688,"LIE":74.8312195121951,"LKA":68.38,"LSO":57.307,"LTU":70.4607317073171,"LUX":71.9679268292683,"LVA":68.7863414634146,"MAC":73.1919756097561,"MAF":72.384,"MAR":56.023,"MCO":74.953,"MDA":65.595,"MDG":49.806,"MDV":55.729,"MEX":64.722,"MHL":61.139,"MKD":69.3280975609756,"MLI":40.984,"MLT":72.2716585365854,"MMR":54.699,"MNE":71.9192926829268,"MNG":55.3730487804878,"MNP":68.479,"MOZ":41.643,"MRT":53.684,"MUS":67.4061463414634,"MWI":44.72,"MYS":68.461,"NAM":56.912,"NCL":65.987,"NER":39.637,"NGA":46.309,"NIC":58.278,"NLD":75.9343902439025,"NOR":75.8690243902439,"NPL":48.662,"NRU":58.555,"NZL":73.6219512195122,"OMN":60.802,"PAK":57.764,"PAN":69.79,"PER":60.325,"PHL":61.942,"PLW":62.142,"PNG":57.76,"POL":71.0512195121951,"PRI":72.981,"PRK":67.657,"PRT":71.6146341463415,"PRY":64.811,"PYF":68.157,"QAT":70.313,"ROU":69.3682926829268,"RUS":67.2639024390244,"RWA":49.216,"SAU":63.252,"SDN":54.369,"SEN":49.083,"SGP":72.5878048780488,"SLB":64.077,"SLE":43.086,"SLV":50.889,"SMR":76.584,"SOM":47.817,"SRB":71.0449268292683,"SSD":38.313,"STP":59.432,"SUR":60.795,"SVK":70.6292682926829,"SVN":71.2048780487805,"SWE":76.0260975609756,"SWZ":58.788,"SXM":71.864,"SYC":70.1878048780488,"SYR":64.598,"TCA":67.439,"TCD":43.497,"TGO":52.781,"THA":62.856,"TJK":58.758,"TKM":60.983,"TLS":31.247,"TON":66.357,"TTO":66.459,"TUN":64.374,"TUR":63.194,"TUV":60.489,"TZA":51.703,"UGA":43.456,"UKR":69.816,"URY":70.952,"USA":74.009756097561,"UZB":63.223,"VCT":68.292,"VEN":68.697,"VGB":69.906,"VIR":68.8704634146341,"VNM":65.779,"VUT":61.95,"WSM":65.296,"YEM":51.679,"ZAF":60.445,"ZMB":54.986,"ZWE":59.446}}