{"schemaVersion":1,"dataKind":"ranking-year","indicatorId":"SP.DYN.LE00.IN","year":1982,"valuesByCountry":{"ABW":71.485,"AFG":36.058,"AGO":42.857,"ALB":70.425,"AND":77.617,"ARE":69.056,"ARG":68.973,"ARM":65.8509268292683,"ASM":69.975,"ATG":73.525,"AUS":74.9048780487805,"AUT":72.9609756097561,"AZE":62.23,"BDI":47.012,"BEL":73.8880487804878,"BEN":48.493,"BFA":47.633,"BGD":53.012,"BGR":71.1860975609756,"BHR":71.354,"BHS":69.682,"BIH":70.076,"BLR":70.0769024390244,"BLZ":67.339,"BMU":73.041,"BOL":52.511,"BRA":62.708,"BRB":72.903,"BRN":69.669,"BTN":49.776,"BWA":63.382,"CAF":50.213,"CAN":75.7251219512195,"CHE":76.0339024390244,"CHL":70.291,"CHN":65.249,"CIV":52.09,"CMR":51.801,"COD":45.946,"COG":57.236,"COL":67.861,"COM":51.75,"CPV":61.519,"CRI":73.865,"CUB":73.439,"CUW":71.377,"CYM":70.407,"CYP":73.518,"CZE":70.8078048780488,"DEU":73.3331463414634,"DJI":52.893,"DMA":71.749,"DNK":74.5512195121951,"DOM":64.198,"DZA":59.594,"ECU":64.271,"EGY":57.219,"ERI":44.891,"ESP":76.1341463414634,"EST":69.1268292682927,"ETH":43.434,"FIN":74.2980487804878,"FJI":62.195,"FRA":74.5,"FRO":76.0023170731707,"FSM":62.747,"G001":62.8741022956614,"GAB":58.644,"GBR":74.1780487804878,"GEO":69.109,"GHA":51.425,"GIB":74.325,"GIN":43.863,"GMB":46.25,"GNB":44.293,"GNQ":49.666,"GRC":75.2026829268293,"GRD":68.597,"GRL":63.1926829268293,"GTM":48.863,"GUM":71.681,"GUY":61.01,"HKG":75.4385365853659,"HND":61.688,"HRV":70.4826829268293,"HTI":50.626,"HUN":69.3578048780488,"IDN":59.7,"IMN":69.142,"IND":54.735,"IRL":73.2090487804878,"IRN":57.633,"IRQ":58.977,"ISL":77.0378048780488,"ISR":74.109756097561,"ITA":74.8146341463415,"JAM":69.253,"JOR":67.36,"JPN":76.8736585365854,"KAZ":63.586,"KEN":59.904,"KGZ":62.0425609756098,"KHM":48.755,"KIR":57.773,"KNA":64.868,"KOR":67.0951219512195,"KOS":60.074,"KWT":72.2716829268293,"LAO":49.931,"LBN":47.19,"LBR":44.447,"LBY":65.768,"LCA":68.977,"LIE":74.9551707317073,"LKA":68.665,"LSO":57.976,"LTU":70.8368292682927,"LUX":72.0555853658537,"LVA":69.3282926829268,"MAC":73.7552926829268,"MAF":72.419,"MAR":56.869,"MCO":75.255,"MDA":65.859,"MDG":50.009,"MDV":56.614,"MEX":65.256,"MHL":61.293,"MKD":69.7328536585366,"MLI":41.804,"MLT":72.7255853658537,"MMR":55.033,"MNE":72.1014878048781,"MNG":55.5940243902439,"MNP":68.692,"MOZ":41.677,"MRT":54.229,"MUS":68.0819756097561,"MWI":44.84,"MYS":68.876,"NAM":57.335,"NCL":66.51,"NER":39.844,"NGA":46.437,"NIC":58.685,"NLD":75.9885365853659,"NOR":76.0109756097561,"NPL":49.181,"NRU":58.635,"NZL":73.7243902439024,"OMN":62.049,"PAK":58.291,"PAN":69.9,"PER":60.559,"PHL":62.175,"PLW":62.333,"PNG":58.075,"POL":71.1024390243903,"PRI":72.949,"PRK":68.09,"PRT":72.4146341463415,"PRY":65.076,"PYF":68.922,"QAT":70.704,"ROU":69.5317073170732,"RUS":67.8060975609756,"RWA":50.188,"SAU":64.008,"SDN":54.375,"SEN":49.863,"SGP":72.6878048780488,"SLB":64.456,"SLE":43.302,"SLV":53.342,"SMR":76.808,"SOM":48.02,"SRB":70.9744634146341,"SSD":38.677,"STP":59.533,"SUR":60.934,"SVK":70.6890243902439,"SVN":71.0536585365854,"SWE":76.3273170731707,"SWZ":59.467,"SXM":72.01,"SYC":69.3243902439024,"SYR":60.839,"TCA":67.747,"TCD":43.91,"TGO":53.273,"THA":63.603,"TJK":60.161,"TKM":61.577,"TLS":32.247,"TON":66.327,"TTO":66.382,"TUN":65.01,"TUR":63.74,"TUV":60.746,"TZA":51.99,"UGA":43.309,"UKR":69.902,"URY":71.528,"USA":74.3609756097561,"UZB":63.465,"VCT":68.584,"VEN":68.985,"VGB":70.138,"VIR":69.0786585365854,"VNM":66.212,"VUT":62.54,"WSM":65.647,"YEM":52.367,"ZAF":60.936,"ZMB":54.361,"ZWE":59.859}}