{"schemaVersion":1,"dataKind":"ranking-year","indicatorId":"SP.DYN.LE00.IN","year":1983,"valuesByCountry":{"ABW":71.606,"AFG":36.517,"AGO":41.972,"ALB":70.705,"AND":77.787,"ARE":69.448,"ARG":69.29,"ARM":66.229243902439,"ASM":70.163,"ATG":73.684,"AUS":75.1463414634146,"AUT":73.0121951219512,"AZE":62.479,"BDI":47.433,"BEL":73.8690243902439,"BEN":48.845,"BFA":48.061,"BGD":53.441,"BGR":71.3863414634146,"BHR":71.637,"BHS":70.003,"BIH":70.097,"BLR":69.7948536585366,"BLZ":67.601,"BMU":73.24,"BOL":52.861,"BRA":63.133,"BRB":73.156,"BRN":69.991,"BTN":50.553,"BWA":63.605,"CAF":50.342,"CAN":76.0604878048781,"CHE":76.0312195121951,"CHL":70.83,"CHN":65.728,"CIV":52.352,"CMR":52.447,"COD":46.207,"COG":57.428,"COL":68.121,"COM":52.121,"CPV":61.767,"CRI":74.245,"CUB":73.564,"CUW":71.534,"CYM":70.839,"CYP":73.708,"CZE":70.5914634146341,"DEU":73.6221463414634,"DJI":53.334,"DMA":72.005,"DNK":74.4204878048781,"DOM":64.63,"DZA":61.251,"ECU":64.659,"EGY":57.967,"ERI":37.173,"ESP":75.9090243902439,"EST":69.3756097560976,"ETH":36.319,"FIN":74.2009756097561,"FJI":62.916,"FRA":74.8,"FRO":76.0578048780488,"FSM":62.829,"G001":63.1311233603113,"GAB":58.994,"GBR":74.3780487804878,"GEO":69.135,"GHA":51.78,"GIB":74.613,"GIN":44.226,"GMB":46.892,"GNB":44.6,"GNQ":50.046,"GRC":75.4804146341463,"GRD":64.333,"GRL":63.3,"GTM":57.913,"GUM":72.141,"GUY":61.157,"HKG":75.2863414634146,"HND":62.408,"HRV":70.2748780487805,"HTI":50.946,"HUN":68.9736585365854,"IDN":60.343,"IMN":69.457,"IND":55.283,"IRL":73.2400975609756,"IRN":58.518,"IRQ":59.287,"ISL":76.8456097560976,"ISR":74.4585365853658,"ITA":74.640243902439,"JAM":69.546,"JOR":67.778,"JPN":76.9219512195122,"KAZ":64.224,"KEN":60.342,"KGZ":62.1123414634146,"KHM":49.383,"KIR":58.05,"KNA":65.118,"KOR":67.5463414634146,"KOS":61.002,"KWT":72.7137073170732,"LAO":50.485,"LBN":60.752,"LBR":44.576,"LBY":66.26,"LCA":69.987,"LIE":75.6130487804878,"LKA":68.726,"LSO":58.495,"LTU":70.7778048780488,"LUX":72.8511951219512,"LVA":69.1190243902439,"MAC":73.906512195122,"MAF":72.55,"MAR":57.685,"MCO":75.697,"MDA":66.149,"MDG":50.107,"MDV":57.484,"MEX":65.756,"MHL":61.452,"MKD":69.6072926829268,"MLI":42.748,"MLT":73.0011463414634,"MMR":55.308,"MNE":72.1067804878049,"MNG":55.8454146341464,"MNP":68.858,"MOZ":41.596,"MRT":54.58,"MUS":68.5459024390244,"MWI":44.974,"MYS":69.205,"NAM":57.637,"NCL":66.972,"NER":39.979,"NGA":46.442,"NIC":56.851,"NLD":76.1641463414634,"NOR":76.0668292682927,"NPL":49.676,"NRU":58.694,"NZL":73.7756097560976,"OMN":63.192,"PAK":58.663,"PAN":70.133,"PER":60.764,"PHL":62.349,"PLW":62.477,"PNG":58.294,"POL":71,"PRI":73.375,"PRK":68.503,"PRT":72.2658536585366,"PRY":65.293,"PYF":69.702,"QAT":71.089,"ROU":69.7263414634147,"RUS":67.6526829268293,"RWA":50.944,"SAU":64.719,"SDN":49.562,"SEN":50.811,"SGP":73.0365853658537,"SLB":64.771,"SLE":43.455,"SLV":54.373,"SMR":77.011,"SOM":48.23,"SRB":71.032512195122,"SSD":34.733,"STP":59.679,"SUR":61.072,"SVK":70.4790243902439,"SVN":70.5414634146342,"SWE":76.5517073170732,"SWZ":58.418,"SXM":72.146,"SYC":70.3829268292683,"SYR":67.35,"TCA":68.069,"TCD":44.446,"TGO":53.772,"THA":64.5,"TJK":60.46,"TKM":61.988,"TLS":32.694,"TON":66.652,"TTO":66.44,"TUN":65.696,"TUR":64.269,"TUV":60.938,"TZA":52.178,"UGA":43.489,"UKR":69.948,"URY":71.595,"USA":74.4634146341463,"UZB":63.75,"VCT":68.796,"VEN":69.541,"VGB":70.374,"VIR":69.3093902439024,"VNM":66.545,"VUT":63.075,"WSM":65.991,"YEM":53.618,"ZAF":61.393,"ZMB":53.674,"ZWE":59.989}}