{"schemaVersion":1,"dataKind":"ranking-year","indicatorId":"SP.DYN.LE00.IN","year":1984,"valuesByCountry":{"ABW":71.711,"AFG":31.473,"AGO":42.245,"ALB":70.984,"AND":77.916,"ARE":69.802,"ARG":69.353,"ARM":66.5913658536585,"ASM":70.326,"ATG":73.808,"AUS":75.3878048780488,"AUT":73.6121951219512,"AZE":62.084,"BDI":47.687,"BEL":74.4048780487805,"BEN":49.399,"BFA":48.464,"BGD":53.826,"BGR":71.499756097561,"BHR":71.884,"BHS":70.192,"BIH":70.229,"BLR":69.5631951219512,"BLZ":67.952,"BMU":73.365,"BOL":53.383,"BRA":63.553,"BRB":73.302,"BRN":70.236,"BTN":51.313,"BWA":63.706,"CAF":50.427,"CAN":76.3319512195122,"CHE":76.6085365853659,"CHL":71.215,"CHN":66.148,"CIV":52.648,"CMR":52.886,"COD":46.514,"COG":57.54,"COL":68.308,"COM":52.784,"CPV":61.829,"CRI":74.581,"CUB":73.552,"CUW":71.715,"CYM":71.187,"CYP":74,"CZE":70.8375609756098,"DEU":74.0722926829268,"DJI":53.745,"DMA":71.913,"DNK":74.5621951219512,"DOM":65.134,"DZA":62.722,"ECU":65.202,"EGY":58.697,"ERI":37.679,"ESP":76.2953658536586,"EST":69.2780487804878,"ETH":36.737,"FIN":74.5190243902439,"FJI":63.238,"FRA":75,"FRO":76.1203414634146,"FSM":62.923,"G001":63.4354251862219,"GAB":59.34,"GBR":74.7780487804878,"GEO":68.795,"GHA":52.232,"GIB":74.935,"GIN":44.858,"GMB":47.513,"GNB":44.943,"GNQ":50.195,"GRC":75.7576097560976,"GRD":69.095,"GRL":63.4665853658537,"GTM":59.074,"GUM":72.589,"GUY":61.255,"HKG":76.009512195122,"HND":62.819,"HRV":70.2185365853659,"HTI":51.254,"HUN":69.0258536585366,"IDN":60.891,"IMN":69.754,"IND":55.813,"IRL":73.6637317073171,"IRN":60.875,"IRQ":59.544,"ISL":77.5765853658537,"ISR":74.8073170731707,"ITA":75.389512195122,"JAM":69.809,"JOR":68.206,"JPN":77.2912195121951,"KAZ":64.839,"KEN":60.611,"KGZ":62.620243902439,"KHM":50.089,"KIR":58.357,"KNA":65.334,"KOR":68.1951219512195,"KOS":61.459,"KWT":73.1655609756098,"LAO":51.014,"LBN":61.167,"LBR":44.683,"LBY":66.748,"LCA":70.522,"LIE":76.0926341463415,"LKA":68.761,"LSO":58.955,"LTU":70.32,"LUX":72.5807073170732,"LVA":69.1629268292683,"MAC":74.0673902439025,"MAF":72.734,"MAR":58.438,"MCO":76.394,"MDA":66.433,"MDG":50.209,"MDV":58.341,"MEX":66.215,"MHL":61.602,"MKD":70.0617804878049,"MLI":43.396,"MLT":73.2111707317073,"MMR":55.596,"MNE":72.0980487804878,"MNG":56.1206097560976,"MNP":69.062,"MOZ":38.897,"MRT":55.195,"MUS":68.7760243902439,"MWI":44.807,"MYS":69.551,"NAM":58.097,"NCL":67.419,"NER":39.989,"NGA":46.339,"NIC":56.126,"NLD":76.2331707317073,"NOR":76.2243902439024,"NPL":50.227,"NRU":58.658,"NZL":74.3707317073171,"OMN":64.272,"PAK":58.921,"PAN":70.403,"PER":61.066,"PHL":62.426,"PLW":62.638,"PNG":58.583,"POL":70.8,"PRI":73.427,"PRK":68.881,"PRT":72.5146341463415,"PRY":65.609,"PYF":70.559,"QAT":71.465,"ROU":69.6587804878049,"RUS":67.2026829268293,"RWA":51.445,"SAU":65.391,"SDN":49.807,"SEN":51.694,"SGP":73.290243902439,"SLB":65.049,"SLE":43.561,"SLV":56.571,"SMR":77.162,"SOM":48.438,"SRB":71.0908780487805,"SSD":31.788,"STP":59.893,"SUR":61.211,"SVK":70.7509756097561,"SVN":70.9024390243903,"SWE":76.8158536585366,"SWZ":60.439,"SXM":72.28,"SYC":69.5536585365854,"SYR":67.723,"TCA":68.386,"TCD":44.732,"TGO":54.101,"THA":65.55,"TJK":60.69,"TKM":62.364,"TLS":34.468,"TON":66.806,"TTO":66.556,"TUN":66.294,"TUR":64.81,"TUV":61.052,"TZA":52.151,"UGA":43.706,"UKR":69.992,"URY":71.708,"USA":74.5634146341464,"UZB":64.108,"VCT":69.244,"VEN":69.672,"VGB":70.711,"VIR":69.5030487804878,"VNM":66.929,"VUT":63.519,"WSM":66.284,"YEM":54.586,"ZAF":61.837,"ZMB":52.877,"ZWE":60.622}}