{"schemaVersion":1,"dataKind":"ranking-year","indicatorId":"SP.DYN.LE00.IN","year":1985,"valuesByCountry":{"ABW":71.792,"AFG":32.132,"AGO":42.495,"ALB":71.282,"AND":78.006,"ARE":70.123,"ARG":69.879,"ARM":66.9152682926829,"ASM":70.532,"ATG":73.873,"AUS":75.6292682926829,"AUT":73.8146341463415,"AZE":62.674,"BDI":47.662,"BEL":74.520243902439,"BEN":49.959,"BFA":48.748,"BGD":53.937,"BGR":71.2280487804878,"BHR":72.092,"BHS":70.289,"BIH":70.582,"BLR":70.9926829268293,"BLZ":68.347,"BMU":73.373,"BOL":53.777,"BRA":63.98,"BRB":73.316,"BRN":70.499,"BTN":52.033,"BWA":63.647,"CAF":50.463,"CAN":76.3273170731707,"CHE":76.7336585365854,"CHL":71.615,"CHN":66.532,"CIV":52.861,"CMR":53.465,"COD":46.663,"COG":57.608,"COL":65.359,"COM":53.263,"CPV":62.281,"CRI":74.765,"CUB":73.464,"CUW":71.867,"CYM":71.558,"CYP":74.64,"CZE":71.0463414634146,"DEU":74.1890975609756,"DJI":54.075,"DMA":71.918,"DNK":74.4275609756098,"DOM":65.614,"DZA":64.155,"ECU":65.625,"EGY":59.405,"ERI":38.586,"ESP":76.259512195122,"EST":69.3804878048781,"ETH":37.747,"FIN":74.2229268292683,"FJI":63.998,"FRA":75.3,"FRO":76.1981707317073,"FSM":63.028,"G001":63.7248972893362,"GAB":59.665,"GBR":74.6292682926829,"GEO":69.006,"GHA":52.732,"GIB":75.232,"GIN":45.31,"GMB":48.151,"GNB":45.266,"GNQ":50.599,"GRC":76.0950487804878,"GRD":69.338,"GRL":63.8336585365854,"GTM":59.788,"GUM":73.07,"GUY":61.379,"HKG":76.4292682926829,"HND":63.223,"HRV":70.8860975609756,"HTI":51.583,"HUN":68.9721951219512,"IDN":61.387,"IMN":70.02,"IND":56.324,"IRL":73.6219024390244,"IRN":61.537,"IRQ":59.8,"ISL":77.6024390243903,"ISR":75.2073170731707,"ITA":75.4707317073171,"JAM":70.101,"JOR":68.587,"JPN":77.5604878048781,"KAZ":65.376,"KEN":60.856,"KGZ":63.427,"KHM":50.799,"KIR":58.719,"KNA":65.482,"KOR":68.7951219512195,"KOS":61.216,"KWT":73.6203902439024,"LAO":51.579,"LBN":61.574,"LBR":44.026,"LBY":67.285,"LCA":70.308,"LIE":76.6388048780488,"LKA":68.881,"LSO":59.211,"LTU":70.5012195121951,"LUX":73.1336097560976,"LVA":69.2914634146342,"MAC":74.5358048780488,"MAF":72.943,"MAR":59.208,"MCO":77.363,"MDA":66.882,"MDG":50.406,"MDV":59.18,"MEX":66.775,"MHL":61.712,"MKD":70.0877804878049,"MLI":43.921,"MLT":73.7640731707317,"MMR":55.816,"MNE":72.2386097560976,"MNG":56.416756097561,"MNP":69.231,"MOZ":38.984,"MRT":55.808,"MUS":68.855512195122,"MWI":44.568,"MYS":69.863,"NAM":58.472,"NCL":67.843,"NER":40.12,"NGA":46.193,"NIC":56.4,"NLD":76.2846341463415,"NOR":75.9168292682927,"NPL":50.922,"NRU":58.598,"NZL":73.8292682926829,"OMN":65.281,"PAK":59.075,"PAN":70.544,"PER":61.71,"PHL":62.735,"PLW":62.72,"PNG":58.804,"POL":70.5487804878049,"PRI":72.633,"PRK":69.231,"PRT":72.8146341463415,"PRY":65.893,"PYF":71.203,"QAT":71.831,"ROU":69.7068292682927,"RUS":67.8568292682927,"RWA":51.704,"SAU":66.027,"SDN":50.014,"SEN":52.586,"SGP":73.890243902439,"SLB":65.288,"SLE":43.556,"SLV":58.031,"SMR":77.27,"SOM":48.279,"SRB":71.3633414634146,"SSD":32.36,"STP":60.139,"SUR":61.358,"SVK":70.7346341463415,"SVN":71.3512195121951,"SWE":76.6678048780488,"SWZ":61.165,"SXM":72.385,"SYC":69.6975609756098,"SYR":68.048,"TCA":68.669,"TCD":45.315,"TGO":54.372,"THA":66.543,"TJK":60.973,"TKM":62.803,"TLS":34.342,"TON":66.928,"TTO":66.748,"TUN":66.877,"TUR":65.344,"TUV":61.137,"TZA":52.184,"UGA":45.496,"UKR":70.409,"URY":71.861,"USA":74.5634146341464,"UZB":64.574,"VCT":69.771,"VEN":69.961,"VGB":70.987,"VIR":69.6470975609756,"VNM":67.192,"VUT":63.927,"WSM":66.557,"YEM":55.418,"ZAF":62.195,"ZMB":52.001,"ZWE":60.901}}