{"schemaVersion":1,"dataKind":"ranking-year","indicatorId":"SP.DYN.LE00.IN","year":1986,"valuesByCountry":{"ABW":71.831,"AFG":38.4,"AGO":42.739,"ALB":71.665,"AND":78.107,"ARE":70.41,"ARG":70.281,"ARM":67.178,"ASM":70.704,"ATG":73.893,"AUS":75.8707317073171,"AUT":74.3170731707317,"AZE":62.603,"BDI":47.402,"BEL":74.7317073170732,"BEN":50.632,"BFA":48.987,"BGD":54.592,"BGR":71.7307317073171,"BHR":72.257,"BHS":70.316,"BIH":70.751,"BLR":71.549512195122,"BLZ":68.743,"BMU":73.368,"BOL":54.247,"BRA":64.389,"BRB":73.416,"BRN":70.762,"BTN":52.826,"BWA":63.363,"CAF":50.445,"CAN":76.4639024390244,"CHE":76.8990243902439,"CHL":72.061,"CHN":66.887,"CIV":53.009,"CMR":53.572,"COD":47.016,"COG":57.633,"COL":68.303,"COM":53.756,"CPV":62.584,"CRI":74.949,"CUB":73.558,"CUW":71.996,"CYM":71.869,"CYP":74.93,"CZE":70.9973170731707,"DEU":74.3968292682927,"DJI":54.494,"DMA":71.671,"DNK":74.579756097561,"DOM":66.059,"DZA":65.273,"ECU":66.123,"EGY":60.085,"ERI":39.541,"ESP":76.5104878048781,"EST":70.0853658536585,"ETH":38.371,"FIN":74.56,"FJI":63.961,"FRA":75.6,"FRO":75.1639024390244,"FSM":63.151,"G001":64.1160039541595,"GAB":59.956,"GBR":74.9292682926829,"GEO":69.225,"GHA":53.276,"GIB":75.557,"GIN":45.719,"GMB":48.798,"GNB":45.523,"GNQ":50.848,"GRC":76.4882195121951,"GRD":69.574,"GRL":64.2487804878049,"GTM":60.341,"GUM":73.324,"GUY":61.521,"HKG":76.6843902439024,"HND":63.651,"HRV":71.4190243902439,"HTI":51.874,"HUN":69.1734146341463,"IDN":61.736,"IMN":70.34,"IND":56.819,"IRL":73.6655365853659,"IRN":62.136,"IRQ":60.031,"ISL":77.9907317073171,"ISR":74.9560975609756,"ITA":75.7707317073171,"JAM":70.446,"JOR":68.962,"JPN":78.0104878048781,"KAZ":65.788,"KEN":60.818,"KGZ":64.4399512195122,"KHM":51.555,"KIR":59.118,"KNA":65.554,"KOR":69.4463414634146,"KOS":62.537,"KWT":74.0703414634146,"LAO":52.144,"LBN":62.011,"LBR":44.494,"LBY":67.806,"LCA":70.229,"LIE":77.1143170731708,"LKA":68.962,"LSO":59.346,"LTU":72.0807317073171,"LUX":73.952512195122,"LVA":70.6224390243903,"MAC":74.814512195122,"MAF":73.201,"MAR":59.951,"MCO":78.4,"MDA":67.395,"MDG":50.651,"MDV":59.993,"MEX":67.377,"MHL":61.778,"MKD":70.1540975609756,"MLI":44.62,"MLT":74.393512195122,"MMR":56.084,"MNE":72.5884634146342,"MNG":56.7378048780488,"MNP":69.357,"MOZ":40.951,"MRT":56.323,"MUS":68.9978048780488,"MWI":44.298,"MYS":70.133,"NAM":58.725,"NCL":68.239,"NER":40.251,"NGA":45.953,"NIC":57.558,"NLD":76.2704878048781,"NOR":76.2412195121951,"NPL":51.594,"NRU":58.591,"NZL":74.1219512195122,"OMN":66.168,"PAK":59.167,"PAN":70.669,"PER":62.154,"PHL":62.875,"PLW":62.752,"PNG":59.017,"POL":70.8487804878049,"PRI":73.272,"PRK":69.541,"PRT":73.2658536585366,"PRY":66.172,"PYF":71.967,"QAT":72.184,"ROU":69.4963414634146,"RUS":69.389756097561,"RWA":51.706,"SAU":66.648,"SDN":54.558,"SEN":53.718,"SGP":74.2463414634146,"SLB":64.718,"SLE":43.502,"SLV":59.329,"SMR":77.377,"SOM":48.431,"SRB":71.5618292682927,"SSD":32.816,"STP":57.605,"SUR":61.159,"SVK":71.0212195121951,"SVN":71.8024390243903,"SWE":76.9312195121951,"SWZ":61.598,"SXM":72.436,"SYC":68.6560975609756,"SYR":68.415,"TCA":68.99,"TCD":45.598,"TGO":54.624,"THA":67.308,"TJK":61.83,"TKM":63.212,"TLS":34.764,"TON":67.058,"TTO":66.903,"TUN":67.429,"TUR":65.87,"TUV":61.207,"TZA":52.207,"UGA":45.651,"UKR":70.833,"URY":72.187,"USA":74.6146341463415,"UZB":65.027,"VCT":70.104,"VEN":70.528,"VGB":71.252,"VIR":69.94,"VNM":67.55,"VUT":64.618,"WSM":66.819,"YEM":54.002,"ZAF":62.421,"ZMB":51.149,"ZWE":60.982}}