{"schemaVersion":1,"dataKind":"ranking-year","indicatorId":"SP.DYN.LE00.IN","year":1987,"valuesByCountry":{"ABW":72.448,"AFG":38.831,"AGO":40.786,"ALB":71.981,"AND":78.189,"ARE":70.623,"ARG":70.699,"ARM":67.3590731707317,"ASM":70.828,"ATG":73.873,"AUS":76.1517073170732,"AUT":74.7682926829268,"AZE":62.824,"BDI":47.066,"BEL":75.3658536585366,"BEN":51.258,"BFA":49.097,"BGD":54.899,"BGR":71.5268292682927,"BHR":72.377,"BHS":70.383,"BIH":70.876,"BLR":70.990243902439,"BLZ":69.108,"BMU":73.454,"BOL":54.901,"BRA":64.785,"BRB":73.463,"BRN":70.982,"BTN":53.62,"BWA":62.837,"CAF":50.371,"CAN":76.7787804878049,"CHE":77.1975609756098,"CHL":72.466,"CHN":67.263,"CIV":53.118,"CMR":54.188,"COD":47.362,"COG":57.59,"COL":68.166,"COM":54.134,"CPV":62.91,"CRI":75.224,"CUB":73.596,"CUW":72.139,"CYM":72.13,"CYP":75.264,"CZE":71.4456097560976,"DEU":74.8070243902439,"DJI":54.832,"DMA":71.368,"DNK":74.6912195121951,"DOM":66.49,"DZA":66.13,"ECU":66.587,"EGY":60.736,"ERI":47.363,"ESP":76.7280487804878,"EST":70.6439024390244,"ETH":45.892,"FIN":74.5919512195122,"FJI":64.278,"FRA":75.8,"FRO":75.4027682926829,"FSM":63.206,"G001":64.4571829150861,"GAB":60.2,"GBR":75.280487804878,"GEO":69.219,"GHA":53.818,"GIB":75.871,"GIN":46.107,"GMB":49.392,"GNB":45.844,"GNQ":50.99,"GRC":76.0558536585366,"GRD":69.808,"GRL":64.6541463414634,"GTM":60.991,"GUM":73.468,"GUY":61.698,"HKG":76.8978048780488,"HND":64.066,"HRV":71.470243902439,"HTI":52.245,"HUN":69.6512195121951,"IDN":62.087,"IMN":70.685,"IND":57.291,"IRL":74.4319024390244,"IRN":62.685,"IRQ":60.259,"ISL":77.3390243902439,"ISR":75.2585365853659,"ITA":76.219512195122,"JAM":70.87,"JOR":69.297,"JPN":78.429512195122,"KAZ":65.996,"KEN":60.721,"KGZ":65.1416341463415,"KHM":53.674,"KIR":59.576,"KNA":65.516,"KOR":69.9975609756098,"KOS":63.568,"KWT":74.5105365853659,"LAO":52.597,"LBN":62.539,"LBR":44.267,"LBY":68.258,"LCA":69.671,"LIE":77.614756097561,"LKA":69.009,"LSO":59.557,"LTU":71.9346341463415,"LUX":73.7223414634146,"LVA":70.6929268292683,"MAC":74.9958292682927,"MAF":73.519,"MAR":60.62,"MCO":79.257,"MDA":67.922,"MDG":51.098,"MDV":60.789,"MEX":67.904,"MHL":61.808,"MKD":70.2638048780488,"MLI":45.228,"MLT":75.1933170731707,"MMR":56.353,"MNE":72.9833414634146,"MNG":57.0928536585366,"MNP":69.48,"MOZ":41.002,"MRT":56.964,"MUS":69.2877073170732,"MWI":43.902,"MYS":70.351,"NAM":59.123,"NCL":68.597,"NER":40.468,"NGA":45.89,"NIC":57.329,"NLD":76.7051219512195,"NOR":76.0817073170732,"NPL":52.382,"NRU":58.625,"NZL":74.1780487804878,"OMN":66.979,"PAK":59.222,"PAN":70.811,"PER":62.544,"PHL":63.299,"PLW":62.771,"PNG":59.232,"POL":70.8975609756098,"PRI":73.402,"PRK":69.767,"PRT":73.6658536585366,"PRY":66.454,"PYF":72.448,"QAT":72.52,"ROU":69.2268292682927,"RUS":69.44,"RWA":51.465,"SAU":67.242,"SDN":54.747,"SEN":54.632,"SGP":74.5487804878049,"SLB":65.683,"SLE":43.748,"SLV":59.402,"SMR":77.453,"SOM":49.002,"SRB":71.7754878048781,"SSD":20.721,"STP":60.663,"SUR":61.314,"SVK":71.0887804878049,"SVN":72.0024390243902,"SWE":77.0921951219512,"SWZ":61.899,"SXM":72.435,"SYC":68.2365853658537,"SYR":68.797,"TCA":69.3,"TCD":43.071,"TGO":54.831,"THA":67.833,"TJK":61.582,"TKM":63.531,"TLS":35.974,"TON":67.189,"TTO":67.135,"TUN":68.011,"TUR":66.379,"TUV":61.286,"TZA":52.182,"UGA":47.36,"UKR":71.179,"URY":72.196,"USA":74.7658536585366,"UZB":65.486,"VCT":70.428,"VEN":70.673,"VGB":71.492,"VIR":70.1746585365854,"VNM":68.005,"VUT":64.439,"WSM":67.047,"YEM":56.828,"ZAF":62.694,"ZMB":50.421,"ZWE":60.724}}