{"schemaVersion":1,"dataKind":"ranking-year","indicatorId":"SP.DYN.LE00.IN","year":1988,"valuesByCountry":{"ABW":72.519,"AFG":43.238,"AGO":41.471,"ALB":72.217,"AND":78.364,"ARE":70.808,"ARG":71.097,"ARM":52.6001219512195,"ASM":70.883,"ATG":73.811,"AUS":76.4326829268293,"AUT":75.2170731707317,"AZE":62.672,"BDI":42.889,"BEL":75.5658536585366,"BEN":52.019,"BFA":49.215,"BGD":55.174,"BGR":71.6043902439024,"BHR":72.46,"BHS":70.508,"BIH":70.97,"BLR":71.3414634146341,"BLZ":69.401,"BMU":73.555,"BOL":55.505,"BRA":65.161,"BRB":73.431,"BRN":71.183,"BTN":54.385,"BWA":61.696,"CAF":50.243,"CAN":76.8587804878049,"CHE":77.2265853658537,"CHL":72.788,"CHN":67.607,"CIV":53.062,"CMR":54.359,"COD":47.755,"COG":57.493,"COL":68.301,"COM":54.678,"CPV":63.242,"CRI":75.546,"CUB":73.724,"CUW":72.23,"CYM":72.351,"CYP":75.39,"CZE":71.6414634146342,"DEU":74.9987317073171,"DJI":55.133,"DMA":70.974,"DNK":74.7717073170732,"DOM":66.914,"DZA":66.91,"ECU":67.038,"EGY":61.358,"ERI":48.094,"ESP":76.7470731707317,"EST":70.6975609756098,"ETH":45.682,"FIN":74.5770731707317,"FJI":64.951,"FRA":76.1,"FRO":75.6422292682927,"FSM":63.461,"G001":64.6658726485802,"GAB":60.398,"GBR":75.3804878048781,"GEO":68.825,"GHA":54.396,"GIB":76.18,"GIN":46.478,"GMB":50.146,"GNB":46.279,"GNQ":51.184,"GRC":76.9481951219512,"GRD":70.045,"GRL":64.5824390243903,"GTM":61.538,"GUM":73.429,"GUY":61.849,"HKG":77.0834146341464,"HND":64.393,"HRV":71.4882926829268,"HTI":52.554,"HUN":70.0234146341463,"IDN":62.386,"IMN":71.057,"IND":57.744,"IRL":74.4394146341463,"IRN":63.255,"IRQ":56.692,"ISL":77.0829268292683,"ISR":74.4365853658537,"ITA":76.3707317073171,"JAM":71.161,"JOR":69.605,"JPN":78.349756097561,"KAZ":66.032,"KEN":60.32,"KGZ":65.0037073170732,"KHM":54.433,"KIR":60.055,"KNA":65.451,"KOR":70.5487804878049,"KOS":64.214,"KWT":74.9282682926829,"LAO":53.077,"LBN":62.92,"LBR":44.065,"LBY":68.608,"LCA":69.736,"LIE":77.8447317073171,"LKA":68.995,"LSO":59.572,"LTU":71.7621951219512,"LUX":74.1201951219512,"LVA":70.6153658536585,"MAC":75.3718536585366,"MAF":73.858,"MAR":61.231,"MCO":79.408,"MDA":68.191,"MDG":51.425,"MDV":61.59,"MEX":68.299,"MHL":61.778,"MKD":70.3136097560976,"MLI":45.72,"MLT":75.7509024390244,"MMR":56.57,"MNE":73.2131219512195,"MNG":57.4803414634146,"MNP":69.614,"MOZ":43.691,"MRT":57.483,"MUS":69.5606097560976,"MWI":43.569,"MYS":70.551,"NAM":59.033,"NCL":68.92,"NER":40.791,"NGA":45.834,"NIC":59.833,"NLD":76.890243902439,"NOR":76.2204878048781,"NPL":53.109,"NRU":58.725,"NZL":74.4243902439024,"OMN":67.718,"PAK":59.36,"PAN":70.945,"PER":62.995,"PHL":63.711,"PLW":62.779,"PNG":59.381,"POL":71.3317073170732,"PRI":73.153,"PRK":70.052,"PRT":73.7146341463415,"PRY":66.71,"PYF":73.088,"QAT":72.836,"ROU":69.3880487804878,"RUS":69.4643902439024,"RWA":50.914,"SAU":67.814,"SDN":54.984,"SEN":55.546,"SGP":74.6975609756098,"SLB":65.866,"SLE":43.765,"SLV":59.977,"SMR":77.544,"SOM":43.933,"SRB":71.9700487804878,"SSD":10.989,"STP":60.808,"SUR":61.477,"SVK":71.2078048780488,"SVN":72.4463414634146,"SWE":76.9792682926829,"SWZ":61.934,"SXM":72.456,"SYC":68.7024390243902,"SYR":69.172,"TCA":69.619,"TCD":46.352,"TGO":54.911,"THA":68.194,"TJK":61.839,"TKM":63.699,"TLS":36.047,"TON":67.321,"TTO":67.379,"TUN":68.456,"TUR":66.902,"TUV":61.367,"TZA":52.224,"UGA":47.476,"UKR":71.04,"URY":72.408,"USA":74.7658536585366,"UZB":65.757,"VCT":70.607,"VEN":70.762,"VGB":71.763,"VIR":70.3924146341463,"VNM":68.585,"VUT":65.699,"WSM":67.328,"YEM":57.43,"ZAF":62.902,"ZMB":49.674,"ZWE":60.241}}