{"schemaVersion":1,"dataKind":"ranking-year","indicatorId":"SP.DYN.LE00.IN","year":1989,"valuesByCountry":{"ABW":72.531,"AFG":44.496,"AGO":41.698,"ALB":72.457,"AND":78.557,"ARE":70.96,"ARG":71.502,"ARM":67.5185609756098,"ASM":70.929,"ATG":73.628,"AUS":76.7136585365854,"AUT":75.2658536585366,"AZE":62.945,"BDI":45.745,"BEL":75.6326829268293,"BEN":52.45,"BFA":49.27,"BGD":55.514,"BGR":71.7224390243903,"BHR":72.524,"BHS":70.719,"BIH":71.445,"BLR":71.4829268292683,"BLZ":69.534,"BMU":73.733,"BOL":56.146,"BRA":65.514,"BRB":73.375,"BRN":71.408,"BTN":55.12,"BWA":61.189,"CAF":50.074,"CAN":77.1248780487805,"CHE":77.4212195121951,"CHL":73.188,"CHN":67.93,"CIV":52.955,"CMR":54.389,"COD":48.149,"COG":57.292,"COL":68.616,"COM":54.983,"CPV":63.566,"CRI":75.85,"CUB":73.69,"CUW":72.151,"CYM":72.545,"CYP":75.841,"CZE":71.6756097560976,"DEU":75.1915365853659,"DJI":55.369,"DMA":70.663,"DNK":74.799756097561,"DOM":67.331,"DZA":67.461,"ECU":67.817,"EGY":61.949,"ERI":47.802,"ESP":76.8136585365854,"EST":70.0390243902439,"ETH":45.644,"FIN":74.7921951219512,"FJI":65.386,"FRA":76.3487804878049,"FRO":75.8810756097561,"FSM":63.617,"G001":64.9570292485354,"GAB":60.584,"GBR":75.5829268292683,"GEO":68.635,"GHA":54.936,"GIB":76.474,"GIN":46.86,"GMB":50.725,"GNB":46.614,"GNQ":51.292,"GRC":76.6878048780488,"GRD":70.289,"GRL":64.6675609756098,"GTM":61.745,"GUM":73.503,"GUY":62.054,"HKG":77.0287804878049,"HND":64.782,"HRV":71.8446341463415,"HTI":52.88,"HUN":69.4617073170732,"IDN":62.883,"IMN":71.406,"IND":58.196,"IRL":74.4552195121951,"IRN":65.314,"IRQ":57.501,"ISL":78.1409756097561,"ISR":76.3073170731707,"ITA":76.819512195122,"JAM":71.512,"JOR":69.865,"JPN":78.7685365853659,"KAZ":65.915,"KEN":59.99,"KGZ":67.9073170731707,"KHM":54.768,"KIR":60.539,"KNA":65.45,"KOR":71.0487804878049,"KOS":65.234,"KWT":75.3036341463415,"LAO":53.589,"LBN":65.114,"LBR":43.863,"LBY":68.979,"LCA":70.028,"LIE":78.1208536585366,"LKA":67.284,"LSO":59.505,"LTU":71.4253658536585,"LUX":74.1226585365854,"LVA":70.1553658536586,"MAC":76.0493658536586,"MAF":74.205,"MAR":61.824,"MCO":79.416,"MDA":68.173,"MDG":51.816,"MDV":62.375,"MEX":68.621,"MHL":61.733,"MKD":70.9574634146342,"MLI":46.237,"MLT":76.0512926829268,"MMR":56.889,"MNE":73.6204878048781,"MNG":58.1020243902439,"MNP":69.784,"MOZ":43.889,"MRT":57.699,"MUS":69.6791219512195,"MWI":43.515,"MYS":70.759,"NAM":60.773,"NCL":69.221,"NER":41.188,"NGA":45.83,"NIC":61.884,"NLD":76.7341463414634,"NOR":76.500487804878,"NPL":54.013,"NRU":58.9,"NZL":74.8243902439024,"OMN":68.393,"PAK":59.528,"PAN":70.137,"PER":63.405,"PHL":64.105,"PLW":62.777,"PNG":59.598,"POL":71.0439024390244,"PRI":72.479,"PRK":70.269,"PRT":74.2658536585366,"PRY":66.922,"PYF":73.494,"QAT":73.131,"ROU":69.5307317073171,"RUS":69.1717073170732,"RWA":49.485,"SAU":68.359,"SDN":54.883,"SEN":56.209,"SGP":74.9463414634146,"SLB":66.051,"SLE":43.741,"SLV":61.254,"SMR":77.647,"SOM":46.648,"SRB":72.258756097561,"SSD":28.217,"STP":59.731,"SUR":61.982,"SVK":71.0263414634146,"SVN":72.7048780487805,"SWE":77.7268292682927,"SWZ":61.669,"SXM":72.441,"SYC":67.9707317073171,"SYR":69.486,"TCA":69.916,"TCD":46.434,"TGO":54.742,"THA":68.557,"TJK":61.736,"TKM":63.782,"TLS":44.795,"TON":67.445,"TTO":67.518,"TUN":68.825,"TUR":67.365,"TUV":61.506,"TZA":52.09,"UGA":47.488,"UKR":70.839,"URY":72.628,"USA":75.0170731707317,"UZB":65.844,"VCT":70.647,"VEN":70.805,"VGB":72.038,"VIR":70.5269512195122,"VNM":68.805,"VUT":66.023,"WSM":67.607,"YEM":58.025,"ZAF":63.017,"ZMB":48.882,"ZWE":59.446}}