{"schemaVersion":1,"dataKind":"ranking-year","indicatorId":"SP.DYN.LE00.IN","year":1990,"valuesByCountry":{"ABW":72.546,"AFG":45.118,"AGO":41.854,"ALB":72.71,"AND":78.961,"ARE":71.074,"ARG":71.615,"ARM":67.5493658536585,"ASM":71.107,"ATG":73.602,"AUS":76.9946341463415,"AUT":75.5682926829269,"AZE":62.75,"BDI":45.184,"BEL":76.0519512195122,"BEN":53.02,"BFA":49.315,"BGD":55.822,"BGR":71.6414634146342,"BHR":72.587,"BHS":70.945,"BIH":71.509,"BLR":70.8365853658537,"BLZ":69.569,"BMU":73.952,"BOL":56.797,"BRA":65.862,"BRB":73.463,"BRN":71.629,"BTN":55.811,"BWA":60.104,"CAF":49.854,"CAN":77.4365853658537,"CHE":77.2424390243902,"CHL":73.675,"CHN":68.155,"CIV":52.796,"CMR":54.348,"COD":48.538,"COG":57.07,"COL":68.701,"COM":55.62,"CPV":63.869,"CRI":76.094,"CUB":73.823,"CUW":72.439,"CYM":72.744,"CYP":76.044,"CZE":71.3839024390244,"DEU":75.0856341463415,"DJI":55.469,"DMA":70.471,"DNK":74.8053658536585,"DOM":67.746,"DZA":67.658,"ECU":68.445,"EGY":62.513,"ERI":49.733,"ESP":76.8375609756098,"EST":69.4756097560976,"ETH":45.117,"FIN":74.8131707317073,"FJI":65.056,"FRA":76.6,"FRO":76.1188024390244,"FSM":63.722,"G001":65.1079899421686,"GAB":60.736,"GBR":75.8804878048781,"GEO":68.679,"GHA":55.395,"GIB":76.814,"GIN":47.252,"GMB":51.278,"GNB":46.89,"GNQ":51.397,"GRC":76.9390243902439,"GRD":70.546,"GRL":65.0682926829268,"GTM":61.767,"GUM":73.455,"GUY":62.254,"HKG":77.3707317073171,"HND":65.183,"HRV":72.1704878048781,"HTI":53.215,"HUN":69.3156097560976,"IDN":63.249,"IMN":71.8,"IND":58.618,"IRL":74.8460731707317,"IRN":64.066,"IRQ":57.587,"ISL":78.0363414634146,"ISR":76.6073170731707,"ITA":76.9707317073171,"JAM":71.705,"JOR":70.094,"JPN":78.8370731707317,"KAZ":65.701,"KEN":58.334,"KGZ":68.2975609756098,"KHM":55.205,"KIR":61.018,"KNA":65.641,"KOR":71.5975609756098,"KOS":66.508,"KWT":73.4171463414634,"LAO":54.035,"LBN":65.479,"LBR":37.644,"LBY":69.312,"LCA":70.008,"LIE":78.3315365853659,"LKA":69.239,"LSO":59.317,"LTU":71.1607317073171,"LUX":74.7754878048781,"LVA":69.2731707317073,"MAC":76.3986829268293,"MAF":74.565,"MAR":62.396,"MCO":79.436,"MDA":67.92,"MDG":52.14,"MDV":63.148,"MEX":69.034,"MHL":61.756,"MKD":71.1720975609756,"MLI":46.541,"MLT":76.0459268292683,"MMR":57.159,"MNE":73.6963414634146,"MNG":58.8011951219512,"MNP":70.038,"MOZ":44.337,"MRT":58.087,"MUS":69.4048780487805,"MWI":43.575,"MYS":70.952,"NAM":61.359,"NCL":69.526,"NER":41.732,"NGA":45.733,"NIC":62.473,"NLD":76.8780487804878,"NOR":76.5373170731707,"NPL":54.771,"NRU":59.102,"NZL":75.3780487804878,"OMN":69.012,"PAK":59.728,"PAN":71.266,"PER":63.979,"PHL":64.382,"PLW":62.79,"PNG":59.778,"POL":70.890243902439,"PRI":72.827,"PRK":70.484,"PRT":73.9658536585366,"PRY":67.341,"PYF":73.908,"QAT":73.405,"ROU":69.7412195121951,"RUS":68.8860975609756,"RWA":47.763,"SAU":68.874,"SDN":55.497,"SEN":56.674,"SGP":75.2951219512195,"SLB":66.194,"SLE":43.72,"SLV":61.981,"SMR":77.783,"SOM":46.896,"SRB":72.1552682926829,"SSD":28.628,"STP":60.707,"SUR":62.088,"SVK":70.9326829268293,"SVN":73.2048780487805,"SWE":77.5368292682927,"SWZ":61.167,"SXM":72.414,"SYC":68.1073170731707,"SYR":69.83,"TCA":70.218,"TCD":45.074,"TGO":54.566,"THA":68.924,"TJK":61.636,"TKM":63.867,"TLS":45.185,"TON":67.539,"TTO":67.591,"TUN":69.092,"TUR":67.835,"TUV":61.643,"TZA":51.985,"UGA":47.561,"UKR":70.354,"URY":72.994,"USA":75.2146341463415,"UZB":65.772,"VCT":70.647,"VEN":70.964,"VGB":72.392,"VIR":70.6799756097561,"VNM":69.027,"VUT":66.684,"WBG":67.803,"WSM":67.808,"YEM":58.528,"ZAF":62.942,"ZMB":48.204,"ZWE":58.319}}