{"schemaVersion":1,"dataKind":"ranking-year","indicatorId":"SP.DYN.LE00.IN","year":1991,"valuesByCountry":{"ABW":72.592,"AFG":45.521,"AGO":43.812,"ALB":73.001,"AND":79.346,"ARE":71.144,"ARG":72.02,"ARM":67.6270487804878,"ASM":71.312,"ATG":73.472,"AUS":77.2756097560976,"AUT":75.6170731707317,"AZE":62.544,"BDI":44.66,"BEL":76.1921951219512,"BEN":53.441,"BFA":49.33,"BGD":53.781,"BGR":71.5609756097561,"BHR":72.668,"BHS":71.183,"BIH":71.813,"BLR":70.3780487804878,"BLZ":69.645,"BMU":74.204,"BOL":57.439,"BRA":66.203,"BRB":73.543,"BRN":71.858,"BTN":56.451,"BWA":58.911,"CAF":49.575,"CAN":77.5934146341464,"CHE":77.5146341463415,"CHL":74.082,"CHN":68.61,"CIV":52.621,"CMR":54.168,"COD":48.944,"COG":56.764,"COL":68.772,"COM":56.104,"CPV":64.066,"CRI":76.237,"CUB":73.757,"CUW":72.536,"CYM":72.911,"CYP":76.246,"CZE":71.8982926829268,"DEU":75.319512195122,"DJI":55.194,"DMA":70.398,"DNK":75.1578048780488,"DOM":68.154,"DZA":67.692,"ECU":69.04,"EGY":63.059,"ERI":50.516,"ESP":76.9712195121951,"EST":69.3731707317073,"ETH":46.657,"FIN":75.2275609756098,"FJI":65.457,"FRA":76.8487804878049,"FRO":76.3555731707317,"FSM":63.881,"G001":65.3032757605041,"GAB":60.891,"GBR":76.0829268292683,"GEO":68.202,"GHA":55.722,"GIB":77.118,"GIN":47.781,"GMB":51.857,"GNB":47.201,"GNQ":51.497,"GRC":77.1365853658537,"GRD":70.823,"GRL":65.0317073170732,"GTM":61.926,"GUM":73.518,"GUY":62.463,"HKG":77.8729268292683,"HND":65.584,"HRV":72.1853658536586,"HTI":53.524,"HUN":69.3770731707317,"IDN":63.703,"IMN":72.183,"IND":59.032,"IRL":75.025,"IRN":66.233,"IRQ":61.338,"ISL":77.9919512195122,"ISR":76.7585365853659,"ITA":77.0195121951219,"JAM":71.787,"JOR":70.24,"JPN":79.0368292682927,"KAZ":65.379,"KEN":57.826,"KGZ":68.5512195121951,"KHM":55.582,"KIR":61.502,"KNA":65.958,"KOR":72.0463414634146,"KOS":66.456,"KWT":73.907243902439,"LAO":54.7,"LBN":70.865,"LBR":43.575,"LBY":69.635,"LCA":70.309,"LIE":78.4712926829268,"LKA":69.131,"LSO":59.061,"LTU":70.3641463414634,"LUX":75.4634146341463,"LVA":69.0324390243903,"MAC":76.4601219512195,"MAF":74.925,"MAR":62.919,"MCO":79.749,"MDA":67.554,"MDG":52.555,"MDV":63.911,"MEX":69.368,"MHL":61.792,"MKD":71.5829024390244,"MLI":46.889,"MLT":76.3776341463415,"MMR":57.395,"MNE":73.7667317073171,"MNG":59.8047317073171,"MNP":70.362,"MOZ":44.705,"MRT":58.291,"MUS":69.9560975609756,"MWI":43.54,"MYS":71.219,"NAM":60.833,"NCL":69.82,"NER":42.289,"NGA":45.483,"NIC":63.31,"NLD":77,"NOR":76.9807317073171,"NPL":55.65,"NRU":59.312,"NZL":76.0317073170732,"OMN":69.584,"PAK":59.864,"PAN":71.331,"PER":64.248,"PHL":64.622,"PLW":62.849,"PNG":59.94,"POL":70.5878048780488,"PRI":73.877,"PRK":70.717,"PRT":74.0146341463415,"PRY":67.676,"PYF":74.295,"QAT":73.654,"ROU":69.7843902439024,"RUS":68.4743902439024,"RWA":46.243,"SAU":69.341,"SDN":55.553,"SEN":57.037,"SGP":75.6463414634146,"SLB":66.357,"SLE":43.287,"SLV":62.542,"SMR":77.944,"SOM":25.418,"SRB":71.8760487804878,"SSD":29.185,"STP":60.792,"SUR":62.151,"SVK":70.8829268292683,"SVN":73.3536585365854,"SWE":77.6668292682927,"SWZ":60.392,"SXM":72.384,"SYC":70.7121951219512,"SYR":70.075,"TCA":70.54,"TCD":46.596,"TGO":54.263,"THA":69.132,"TJK":61.679,"TKM":63.842,"TLS":45.076,"TON":67.749,"TTO":67.782,"TUN":69.398,"TUR":68.287,"TUV":61.809,"TZA":51.837,"UGA":47.549,"UKR":69.688,"URY":73.198,"USA":75.3658536585366,"UZB":65.529,"VCT":70.64,"VEN":71.172,"VGB":72.75,"VIR":70.8079268292683,"VNM":69.303,"VUT":67.114,"WBG":68.222,"WSM":68.039,"YEM":58.805,"ZAF":62.983,"ZMB":47.443,"ZWE":57.037}}