{"schemaVersion":1,"dataKind":"ranking-year","indicatorId":"SP.DYN.LE00.IN","year":1992,"valuesByCountry":{"ABW":72.717,"AFG":46.569,"AGO":42.267,"ALB":73.303,"AND":79.794,"ARE":71.166,"ARG":72.096,"ARM":67.7185365853659,"ASM":71.511,"ATG":73.386,"AUS":77.3780487804878,"AUT":75.8170731707317,"AZE":60.773,"BDI":44.469,"BEL":76.3512195121951,"BEN":54.137,"BFA":49.378,"BGD":56.592,"BGR":71.4943902439024,"BHR":72.785,"BHS":71.298,"BIH":51.967,"BLR":70.0219512195122,"BLZ":69.601,"BMU":74.446,"BOL":57.923,"BRA":66.539,"BRB":73.61,"BRN":72.09,"BTN":57.208,"BWA":58.19,"CAF":49.213,"CAN":77.8380487804878,"CHE":77.8060975609756,"CHL":74.367,"CHN":69.059,"CIV":52.429,"CMR":54.053,"COD":49.323,"COG":56.483,"COL":68.764,"COM":56.576,"CPV":64.253,"CRI":76.385,"CUB":73.846,"CUW":72.65,"CYM":73.088,"CYP":76.291,"CZE":72.2717073170732,"DEU":75.819512195122,"DJI":54.375,"DMA":70.473,"DNK":75.1941463414634,"DOM":68.525,"DZA":67.725,"ECU":69.468,"EGY":63.585,"ERI":52.436,"ESP":77.41,"EST":68.8634146341464,"ETH":47.279,"FIN":75.4553658536585,"FJI":65.407,"FRA":77.1,"FRO":76.5918219512195,"FSM":63.996,"G001":65.5470572281021,"GAB":61.013,"GBR":76.4341463414634,"GEO":67.78,"GHA":56.055,"GIB":77.412,"GIN":48.266,"GMB":52.477,"GNB":47.518,"GNQ":51.579,"GRC":77.3829268292683,"GRD":71.125,"GRL":65.1960975609756,"GTM":61.992,"GUM":73.632,"GUY":62.816,"HKG":77.6734146341464,"HND":65.908,"HRV":71.2414634146342,"HTI":54.041,"HUN":69.1170731707317,"IDN":64.182,"IMN":72.544,"IND":59.445,"IRL":75.4150975609756,"IRN":66.653,"IRQ":65.344,"ISL":78.760243902439,"ISR":76.5048780487805,"ITA":77.419512195122,"JAM":71.816,"JOR":70.4,"JPN":79.080243902439,"KAZ":64.978,"KEN":57.095,"KGZ":68.1024390243903,"KHM":55.747,"KIR":61.968,"KNA":66.339,"KOR":72.4975609756098,"KOS":67.381,"KWT":76.0023902439025,"LAO":55.098,"LBN":71.169,"LBR":43.566,"LBY":69.974,"LCA":70.734,"LIE":78.4636585365854,"LKA":69.619,"LSO":58.638,"LTU":70.2343902439025,"LUX":75.7707317073171,"LVA":68.3960975609756,"MAC":76.8933170731707,"MAF":75.15,"MAR":63.388,"MCO":80.065,"MDA":66.749,"MDG":52.946,"MDV":64.664,"MEX":69.663,"MHL":61.9,"MKD":71.1484634146342,"MLI":47.238,"MLT":76.5651219512195,"MMR":57.681,"MNE":73.6216585365854,"MNG":60.4307073170732,"MNP":70.762,"MOZ":45.095,"MRT":58.568,"MUS":70.0585365853659,"MWI":43.636,"MYS":71.483,"NAM":60.16,"NCL":70.143,"NER":43.064,"NGA":45.587,"NIC":63.672,"NLD":77.2170731707317,"NOR":77.1843902439025,"NPL":56.686,"NRU":59.518,"NZL":76.1243902439025,"OMN":70.114,"PAK":59.983,"PAN":71.461,"PER":65.031,"PHL":65.353,"PLW":62.926,"PNG":60.26,"POL":71.090243902439,"PRI":73.387,"PRK":71.009,"PRT":74.3121951219512,"PRY":67.961,"PYF":74.746,"QAT":73.876,"ROU":69.7843902439024,"RUS":66.8731707317073,"RWA":44.397,"SAU":69.799,"SDN":55.952,"SEN":57.287,"SGP":75.9463414634146,"SLB":66.471,"SLE":43.451,"SLV":62.944,"SMR":78.133,"SOM":25.034,"SRB":71.5688292682927,"SSD":21.938,"STP":60.706,"SUR":62.246,"SVK":71.7951219512195,"SVN":73.3048780487805,"SWE":77.9987804878049,"SWZ":59.284,"SXM":72.402,"SYC":71.2146341463415,"SYR":70.243,"TCA":70.887,"TCD":46.777,"TGO":54.084,"THA":69.353,"TJK":57.085,"TKM":63.753,"TLS":46.19,"TON":67.927,"TTO":67.78,"TUN":69.684,"TUR":68.603,"TUV":60.29,"TZA":51.432,"UGA":47.671,"UKR":68.947,"URY":73.185,"USA":75.6170731707317,"UZB":65.236,"VCT":70.745,"VEN":71.177,"VGB":73.109,"VIR":70.9626097560976,"VNM":69.62,"VUT":67.433,"WBG":68.478,"WSM":68.532,"YEM":59.26,"ZAF":62.839,"ZMB":46.968,"ZWE":55.602}}