{"schemaVersion":1,"dataKind":"ranking-year","indicatorId":"SP.DYN.LE00.IN","year":1993,"valuesByCountry":{"ABW":72.777,"AFG":51.021,"AGO":42.19,"ALB":73.638,"AND":80.186,"ARE":71.159,"ARG":72.303,"ARM":67.9731951219512,"ASM":71.54,"ATG":73.39,"AUS":77.8780487804878,"AUT":76.0682926829268,"AZE":61.426,"BDI":37.221,"BEL":76.3453658536585,"BEN":54.612,"BFA":49.412,"BGD":57.073,"BGR":71.3468292682927,"BHR":72.939,"BHS":71.42,"BIH":50.894,"BLR":68.9707317073171,"BLZ":69.595,"BMU":74.766,"BOL":58.66,"BRA":66.892,"BRB":73.739,"BRN":72.333,"BTN":57.906,"BWA":57.316,"CAF":48.899,"CAN":77.7048780487805,"CHE":78.0853658536586,"CHL":74.679,"CHN":69.492,"CIV":52.247,"CMR":53.872,"COD":49.621,"COG":56.041,"COL":69.083,"COM":57.026,"CPV":64.458,"CRI":76.315,"CUB":73.874,"CUW":72.703,"CYM":73.25,"CYP":76.294,"CZE":72.7678048780488,"DEU":75.8707317073171,"DJI":55.734,"DMA":70.612,"DNK":75.1168292682927,"DOM":68.86,"DZA":67.797,"ECU":70.07,"EGY":64.147,"ERI":53.189,"ESP":77.5465853658537,"EST":67.909756097561,"ETH":47.676,"FIN":75.7051219512195,"FJI":65.51,"FRA":77.3,"FRO":76.8286975609756,"FSM":64.041,"G001":65.7420543331428,"GAB":61.125,"GBR":76.3853658536585,"GEO":67.405,"GHA":56.286,"GIB":77.722,"GIN":48.819,"GMB":53.15,"GNB":47.84,"GNQ":51.671,"GRC":77.390243902439,"GRD":71.45,"GRL":65.5853658536585,"GTM":62.442,"GUM":74.004,"GUY":63.016,"HKG":78.0160975609756,"HND":66.074,"HRV":71.5224390243903,"HTI":54.478,"HUN":69.1012195121951,"IDN":64.851,"IMN":72.822,"IND":59.823,"IRL":75.2921951219512,"IRN":67.037,"IRQ":65.31,"ISL":78.9346341463415,"ISR":77.1536585365854,"ITA":77.7219512195122,"JAM":71.758,"JOR":70.568,"JPN":79.3036585365854,"KAZ":64.538,"KEN":56.668,"KGZ":67.1926829268293,"KHM":56.036,"KIR":62.406,"KNA":66.708,"KOR":72.9975609756098,"KOS":67.945,"KWT":76.0514878048781,"LAO":55.583,"LBN":71.559,"LBR":43.022,"LBY":70.247,"LCA":71.05,"LIE":78.2707073170732,"LKA":70.049,"LSO":58.06,"LTU":68.9104878048781,"LUX":75.7121951219512,"LVA":66.7226829268293,"MAC":77.3012682926829,"MAF":75.349,"MAR":63.868,"MCO":80.365,"MDA":66.66,"MDG":53.733,"MDV":65.434,"MEX":69.961,"MHL":62.085,"MKD":71.5965609756098,"MLI":47.586,"MLT":76.7196097560976,"MMR":58.032,"MNE":73.6938780487805,"MNG":60.8242195121951,"MNP":71.156,"MOZ":45.675,"MRT":58.733,"MUS":70.1073170731707,"MWI":43.648,"MYS":71.721,"NAM":59.26,"NCL":70.504,"NER":43.838,"NGA":45.783,"NIC":64.093,"NLD":76.9165853658537,"NOR":77.1517073170732,"NPL":57.597,"NRU":59.761,"NZL":76.4341463414634,"OMN":70.608,"PAK":60.083,"PAN":71.805,"PER":65.732,"PHL":65.661,"PLW":62.98,"PNG":60.466,"POL":71.5951219512195,"PRI":73.309,"PRK":70.794,"PRT":74.5121951219512,"PRY":68.234,"PYF":75.191,"QAT":74.071,"ROU":69.5634146341464,"RUS":64.9358536585366,"RWA":42.937,"SAU":70.208,"SDN":56.102,"SEN":57.348,"SGP":76.0463414634146,"SLB":66.558,"SLE":43.428,"SLV":63.998,"SMR":78.373,"SOM":50.551,"SRB":71.7946829268293,"SSD":22.263,"STP":60.618,"SUR":62.382,"SVK":72.4487804878049,"SVN":73.2536585365854,"SWE":78.0604878048781,"SWZ":58.092,"SXM":72.462,"SYC":69.4682926829268,"SYR":70.309,"TCA":71.194,"TCD":47.002,"TGO":53.858,"THA":69.568,"TJK":55.512,"TKM":63.586,"TLS":47.008,"TON":68.157,"TTO":67.825,"TUN":69.992,"TUR":69.018,"TUV":62.11,"TZA":51.215,"UGA":47.681,"UKR":68.287,"URY":73.147,"USA":75.419512195122,"UZB":64.924,"VCT":70.621,"VEN":71.385,"VGB":73.431,"VIR":71.0782682926829,"VNM":69.957,"VUT":67.724,"WBG":68.759,"WSM":68.818,"YEM":59.655,"ZAF":62.618,"ZMB":46.678,"ZWE":53.976}}