{"schemaVersion":1,"dataKind":"ranking-year","indicatorId":"SP.DYN.LE00.IN","year":1994,"valuesByCountry":{"ABW":72.796,"AFG":50.969,"AGO":43.567,"ALB":73.837,"AND":80.587,"ARE":71.204,"ARG":72.732,"ARM":68.2718048780488,"ASM":71.569,"ATG":73.493,"AUS":77.8780487804878,"AUT":76.419512195122,"AZE":60.277,"BDI":44.515,"BEL":76.6917073170732,"BEN":54.988,"BFA":49.469,"BGD":57.64,"BGR":71.2087804878049,"BHR":73.134,"BHS":71.429,"BIH":66.603,"BLR":68.7682926829268,"BLZ":69.585,"BMU":75.276,"BOL":59.282,"BRA":67.293,"BRB":73.755,"BRN":72.571,"BTN":58.395,"BWA":55.97,"CAF":48.509,"CAN":77.8717073170732,"CHE":78.35,"CHL":74.973,"CHN":69.835,"CIV":52.005,"CMR":53.537,"COD":49.88,"COG":55.641,"COL":69.422,"COM":57.458,"CPV":64.648,"CRI":76.329,"CUB":74.092,"CUW":72.791,"CYM":73.42,"CYP":76.383,"CZE":72.9726829268293,"DEU":76.2707317073171,"DJI":55.592,"DMA":70.777,"DNK":75.3751219512195,"DOM":69.16,"DZA":67.284,"ECU":70.876,"EGY":64.663,"ERI":54.027,"ESP":77.9014634146342,"EST":66.5,"ETH":47.926,"FIN":76.3956097560976,"FJI":65.796,"FRA":77.6487804878049,"FRO":77.0694536585366,"FSM":64.082,"G001":65.9579317495541,"GAB":61.183,"GBR":76.8853658536585,"GEO":68.669,"GHA":56.234,"GIB":78.052,"GIN":49.188,"GMB":53.768,"GNB":47.775,"GNQ":51.785,"GRC":77.6390243902439,"GRD":71.78,"GRL":65.9009756097561,"GTM":63.026,"GUM":74.344,"GUY":63.007,"HKG":78.5436585365854,"HND":66.523,"HRV":71.8034146341463,"HTI":54.731,"HUN":69.469756097561,"IDN":65.041,"IMN":73.14,"IND":60.237,"IRL":75.7866341463415,"IRN":67.49,"IRQ":65.027,"ISL":79.2470731707317,"ISR":77.4024390243903,"ITA":77.9219512195122,"JAM":71.624,"JOR":70.738,"JPN":79.6968292682927,"KAZ":64.108,"KEN":56.101,"KGZ":66.0390243902439,"KHM":56.221,"KIR":62.797,"KNA":67.002,"KOR":73.3975609756098,"KOS":68.595,"KWT":76.0328292682927,"LAO":55.81,"LBN":72.03,"LBR":42.621,"LBY":70.472,"LCA":71.076,"LIE":78.4219512195122,"LKA":70.211,"LSO":57.288,"LTU":68.530243902439,"LUX":76.3707317073171,"LVA":65.6643902439025,"MAC":77.2664878048781,"MAF":75.533,"MAR":64.346,"MCO":80.654,"MDA":66.319,"MDG":54.247,"MDV":66.197,"MEX":70.302,"MHL":62.308,"MKD":71.6926829268293,"MLI":47.914,"MLT":76.8329756097561,"MMR":58.326,"MNE":73.5877804878049,"MNG":60.859,"MNP":71.533,"MOZ":46.086,"MRT":58.763,"MUS":70.1585365853659,"MWI":43.8,"MYS":71.865,"NAM":58.441,"NCL":70.897,"NER":44.586,"NGA":45.748,"NIC":64.549,"NLD":77.3751219512195,"NOR":77.689756097561,"NPL":58.631,"NRU":59.954,"NZL":76.8829268292683,"OMN":71.072,"PAK":60.197,"PAN":71.943,"PER":66.544,"PHL":66,"PLW":63.104,"PNG":60.726,"POL":71.6951219512195,"PRI":73.622,"PRK":70.472,"PRT":74.9146341463415,"PRY":68.504,"PYF":75.65,"QAT":74.245,"ROU":69.509756097561,"RUS":64.4670731707317,"RWA":12.158,"SAU":70.587,"SDN":57.022,"SEN":57.479,"SGP":76.1975609756098,"SLB":66.661,"SLE":42.808,"SLV":64.47,"SMR":78.67,"SOM":50.303,"SRB":72.2040243902439,"SSD":44.858,"STP":60.552,"SUR":62.542,"SVK":72.3,"SVN":73.4048780487805,"SWE":78.650243902439,"SWZ":56.643,"SXM":72.597,"SYC":70.7292682926829,"SYR":70.296,"TCA":71.575,"TCD":47.08,"TGO":53.731,"THA":69.661,"TJK":60.093,"TKM":63.515,"TLS":47.861,"TON":68.371,"TTO":67.837,"TUN":70.363,"TUR":69.402,"TUV":62.317,"TZA":51.077,"UGA":47.675,"UKR":67.534,"URY":73.162,"USA":75.619512195122,"UZB":64.681,"VCT":70.602,"VEN":71.283,"VGB":73.794,"VIR":71.2246341463415,"VNM":70.379,"VUT":67.984,"WBG":69.328,"WSM":69.162,"YEM":59.828,"ZAF":62.069,"ZMB":46.344,"ZWE":52.537}}