{"schemaVersion":1,"dataKind":"ranking-year","indicatorId":"SP.DYN.LE00.IN","year":1995,"valuesByCountry":{"ABW":72.832,"AFG":52.103,"AGO":46.139,"ALB":74.022,"AND":80.804,"ARE":71.392,"ARG":72.864,"ARM":68.628487804878,"ASM":71.565,"ATG":73.576,"AUS":77.8292682926829,"AUT":76.6682926829268,"AZE":61.931,"BDI":44.589,"BEL":76.8407317073171,"BEN":55.366,"BFA":49.554,"BGD":58.244,"BGR":71.0534146341463,"BHR":73.361,"BHS":71.422,"BIH":70.188,"BLR":68.4609756097561,"BLZ":69.484,"BMU":75.92,"BOL":59.787,"BRA":67.701,"BRB":73.88,"BRN":72.838,"BTN":59.277,"BWA":54.713,"CAF":48.109,"CAN":77.9773170731707,"CHE":78.4170731707317,"CHL":75.298,"CHN":70.363,"CIV":51.713,"CMR":53.347,"COD":50.381,"COG":55.474,"COL":69.81,"COM":57.83,"CPV":63.691,"CRI":76.44,"CUB":74.346,"CUW":72.831,"CYM":73.597,"CYP":76.583,"CZE":73.0748780487805,"DEU":76.4219512195122,"DJI":56.234,"DMA":70.832,"DNK":75.2126829268293,"DOM":69.394,"DZA":67.691,"ECU":71.349,"EGY":65.214,"ERI":54.822,"ESP":77.9807317073171,"EST":67.5439024390244,"ETH":48.156,"FIN":76.409512195122,"FJI":66.007,"FRA":77.7512195121951,"FRO":77.3228243902439,"FSM":64.142,"G001":66.2002432662786,"GAB":61.27,"GBR":76.8365853658537,"GEO":69.398,"GHA":56.662,"GIB":78.345,"GIN":49.836,"GMB":54.292,"GNB":48.531,"GNQ":51.926,"GRC":77.5853658536585,"GRD":72.094,"GRL":65.6441463414634,"GTM":63.662,"GUM":74.511,"GUY":62.668,"HKG":78.6787804878049,"HND":66.919,"HRV":72.0843902439024,"HTI":55.582,"HUN":69.7917073170732,"IDN":65.263,"IMN":73.371,"IND":60.63,"IRL":75.4693170731707,"IRN":67.904,"IRQ":64.761,"ISL":77.9843902439024,"ISR":77.4512195121951,"ITA":78.1707317073171,"JAM":71.488,"JOR":70.915,"JPN":79.5360975609756,"KAZ":63.717,"KEN":55.856,"KGZ":65.790243902439,"KHM":56.562,"KIR":63.146,"KNA":67.23,"KOR":73.7,"KOS":68.782,"KWT":75.979756097561,"LAO":56.344,"LBN":72.383,"LBR":44.573,"LBY":70.641,"LCA":71.172,"LIE":77.390243902439,"LKA":69.746,"LSO":56.368,"LTU":69.0063414634147,"LUX":76.5121951219512,"LVA":66.3912195121951,"MAC":76.7585365853659,"MAF":75.714,"MAR":64.725,"MCO":80.902,"MDA":66.218,"MDG":54.845,"MDV":66.962,"MEX":70.703,"MHL":62.515,"MKD":71.8487804878049,"MLI":48.292,"MLT":77.290243902439,"MMR":58.671,"MNE":73.5649268292683,"MNG":60.892512195122,"MNP":71.938,"MOZ":46.546,"MRT":58.861,"MUS":70.3258536585366,"MWI":43.804,"MYS":71.979,"NAM":57.518,"NCL":71.314,"NER":45.504,"NGA":45.87,"NIC":64.869,"NLD":77.4046341463415,"NOR":77.7365853658537,"NPL":59.323,"NRU":60.063,"NZL":76.7341463414634,"OMN":71.56,"PAK":60.273,"PAN":71.994,"PER":67.22,"PHL":66.311,"PLW":63.255,"PNG":60.929,"POL":71.8926829268293,"PRI":73.571,"PRK":60.766,"PRT":75.3121951219512,"PRY":68.778,"PYF":76.243,"QAT":74.404,"ROU":69.4560975609756,"RUS":64.6907317073171,"RWA":41.518,"SAU":70.944,"SDN":57.447,"SEN":57.336,"SGP":76.2951219512195,"SLB":66.717,"SLE":42.579,"SLV":64.903,"SMR":79.031,"SOM":50.65,"SRB":72.6157317073171,"SSD":31.51,"STP":60.536,"SUR":62.779,"SVK":72.2536585365854,"SVN":73.9585365853659,"SWE":78.7404878048781,"SWZ":55.08,"SXM":72.849,"SYC":72.4829268292683,"SYR":70.209,"TCA":71.948,"TCD":47.453,"TGO":53.708,"THA":69.757,"TJK":61.389,"TKM":63.514,"TLS":47.543,"TON":68.592,"TTO":67.995,"TUN":70.785,"TUR":69.734,"TUV":62.505,"TZA":51.005,"UGA":47.706,"UKR":67.114,"URY":73.493,"USA":75.6219512195122,"UZB":64.67,"VCT":70.575,"VEN":71.714,"VGB":74.089,"VIR":71.1666097560976,"VNM":70.871,"VUT":68.104,"WBG":69.583,"WSM":69.469,"YEM":60.532,"ZAF":61.603,"ZMB":46.051,"ZWE":51.144}}