{"schemaVersion":1,"dataKind":"ranking-year","indicatorId":"SP.DYN.LE00.IN","year":1996,"valuesByCountry":{"ABW":72.856,"AFG":52.83,"AGO":46.418,"ALB":74.113,"AND":81.009,"ARE":71.82,"ARG":73.056,"ARM":69.0061219512195,"ASM":71.576,"ATG":73.839,"AUS":78.0780487804878,"AUT":76.8707317073171,"AZE":62.66,"BDI":44.807,"BEL":77.1873170731707,"BEN":55.648,"BFA":49.693,"BGD":58.94,"BGR":70.8973170731707,"BHR":73.61,"BHS":71.464,"BIH":73.454,"BLR":68.5121951219512,"BLZ":69.363,"BMU":76.52,"BOL":60.287,"BRA":68.108,"BRB":74.065,"BRN":73.079,"BTN":59.982,"BWA":54.284,"CAF":47.7,"CAN":78.220243902439,"CHE":78.8960975609756,"CHL":75.555,"CHN":70.823,"CIV":51.596,"CMR":53.2,"COD":49.376,"COG":55.24,"COL":70.209,"COM":58.151,"CPV":65.521,"CRI":76.428,"CUB":74.69,"CUW":72.945,"CYM":73.74,"CYP":76.88,"CZE":73.7146341463415,"DEU":76.6731707317073,"DJI":56.33,"DMA":71.039,"DNK":75.5914634146342,"DOM":69.595,"DZA":68.219,"ECU":71.82,"EGY":65.733,"ERI":55.498,"ESP":78.1204878048781,"EST":69.6121951219512,"ETH":48.697,"FIN":76.6934146341464,"FJI":66.202,"FRA":77.9536585365854,"FRO":77.5619634146341,"FSM":64.253,"G001":66.5148079036043,"GAB":61.265,"GBR":77.0878048780488,"GEO":70.637,"GHA":56.957,"GIB":78.696,"GIN":50.546,"GMB":54.849,"GNB":48.772,"GNQ":52.123,"GRC":77.6853658536585,"GRD":72.373,"GRL":65.7673170731707,"GTM":64.54,"GUM":74.638,"GUY":62.691,"HKG":79.6275609756098,"HND":67.263,"HRV":72.3653658536585,"HTI":56.111,"HUN":70.3287804878049,"IDN":65.465,"IMN":73.634,"IND":61.027,"IRL":75.8317073170732,"IRN":68.328,"IRQ":64.618,"ISL":78.7778048780488,"ISR":78.1048780487805,"ITA":78.5219512195122,"JAM":71.328,"JOR":71.105,"JPN":80.219756097561,"KAZ":63.455,"KEN":55.575,"KGZ":66.5439024390244,"KHM":56.832,"KIR":63.47,"KNA":67.488,"KOR":74.1512195121951,"KOS":69.359,"KWT":75.9250487804878,"LAO":56.821,"LBN":72.614,"LBR":44.945,"LBY":70.736,"LCA":70.963,"LIE":76.8365853658537,"LKA":69.841,"LSO":55.136,"LTU":70.1080487804878,"LUX":76.519512195122,"LVA":68.7765853658537,"MAC":77.5439024390244,"MAF":75.885,"MAR":65.226,"MCO":81.133,"MDA":66.248,"MDG":55.477,"MDV":67.734,"MEX":71.088,"MHL":62.765,"MKD":72.4951219512195,"MLI":48.5,"MLT":77.3414634146342,"MMR":59.169,"MNE":73.4447317073171,"MNG":60.994,"MNP":72.442,"MOZ":47.121,"MRT":58.915,"MUS":70.3229268292683,"MWI":44.005,"MYS":72.119,"NAM":56.639,"NCL":71.75,"NER":46.313,"NGA":45.833,"NIC":65.215,"NLD":77.4356097560976,"NOR":78.1504878048781,"NPL":60.044,"NRU":60.07,"NZL":76.7878048780488,"OMN":72.023,"PAK":60.466,"PAN":72.199,"PER":67.85,"PHL":66.691,"PLW":63.455,"PNG":61.071,"POL":72.2463414634146,"PRI":73.995,"PRK":60.82,"PRT":75.2609756097561,"PRY":69.05,"PYF":76.813,"QAT":74.558,"ROU":69.1048780487805,"RUS":65.8541463414634,"RWA":42.486,"SAU":71.288,"SDN":57.638,"SEN":57.129,"SGP":76.5951219512195,"SLB":66.739,"SLE":43.528,"SLV":65.48,"SMR":79.332,"SOM":50.524,"SRB":72.7948536585366,"SSD":32.124,"STP":60.576,"SUR":63.079,"SVK":72.6536585365854,"SVN":74.4585365853658,"SWE":78.9590243902439,"SWZ":53.296,"SXM":73.188,"SYC":71.5609756097561,"SYR":70.156,"TCA":72.328,"TCD":47.551,"TGO":53.829,"THA":69.94,"TJK":60.806,"TKM":63.538,"TLS":48.26,"TON":68.803,"TTO":68.039,"TUN":71.247,"TUR":70.245,"TUV":62.709,"TZA":51.132,"UGA":47.759,"UKR":67.097,"URY":73.812,"USA":76.0268292682927,"UZB":64.78,"VCT":70.466,"VEN":71.92,"VGB":74.341,"VIR":71.575512195122,"VNM":71.296,"VUT":68.176,"WBG":69.982,"WSM":69.767,"YEM":60.884,"ZAF":61.079,"ZMB":45.757,"ZWE":48.981}}