{"schemaVersion":1,"dataKind":"ranking-year","indicatorId":"SP.DYN.LE00.IN","year":1997,"valuesByCountry":{"ABW":72.904,"AFG":53.212,"AGO":46.688,"ALB":73.383,"AND":81.145,"ARE":72.559,"ARG":73.407,"ARM":69.3938292682927,"ASM":71.606,"ATG":74.045,"AUS":78.4804878048781,"AUT":77.319512195122,"AZE":62.953,"BDI":45.721,"BEL":77.3707317073171,"BEN":55.986,"BFA":49.56,"BGD":59.671,"BGR":70.3512195121951,"BHR":73.872,"BHS":71.597,"BIH":73.895,"BLR":68.4609756097561,"BLZ":69.183,"BMU":76.972,"BOL":60.745,"BRA":68.505,"BRB":73.988,"BRN":73.326,"BTN":60.639,"BWA":53.594,"CAF":47.284,"CAN":78.4124390243903,"CHE":79.079512195122,"CHL":75.826,"CHN":71.227,"CIV":51.498,"CMR":53.105,"COD":50.461,"COG":48.575,"COL":70.632,"COM":58.228,"CPV":66.082,"CRI":76.603,"CUB":75.064,"CUW":73.035,"CYM":73.904,"CYP":77.119,"CZE":73.8248780487805,"DEU":77.0731707317073,"DJI":56.207,"DMA":71.195,"DNK":75.9451219512195,"DOM":69.809,"DZA":68.859,"ECU":72.007,"EGY":66.207,"ERI":56.155,"ESP":78.6041463414634,"EST":69.809756097561,"ETH":49.21,"FIN":76.8785365853659,"FJI":66.293,"FRA":78.3048780487805,"FRO":77.7854414634146,"FSM":64.371,"G001":66.8303021609942,"GAB":61.395,"GBR":77.2109756097561,"GEO":69.683,"GHA":57.241,"GIB":79.097,"GIN":51.113,"GMB":55.225,"GNB":48.033,"GNQ":52.365,"GRC":78.1365853658537,"GRD":72.6,"GRL":65.7980487804878,"GTM":65.249,"GUM":74.7,"GUY":62.879,"HKG":80.1121951219512,"HND":67.542,"HRV":72.4951219512195,"HTI":56.675,"HUN":70.7024390243902,"IDN":65.774,"IMN":73.9,"IND":61.439,"IRL":75.9853658536585,"IRN":68.649,"IRQ":64.241,"ISL":78.8853658536585,"ISR":78,"ITA":78.8243902439024,"JAM":71.216,"JOR":71.324,"JPN":80.4241463414634,"KAZ":63.318,"KEN":55.478,"KGZ":66.8926829268293,"KHM":57.266,"KIR":63.797,"KNA":67.811,"KOR":74.6024390243903,"KOS":69.862,"KWT":75.9071463414634,"LAO":57.302,"LBN":72.94,"LBR":48.302,"LBY":70.72,"LCA":70.778,"LIE":76.0463414634146,"LKA":69.934,"LSO":53.733,"LTU":70.9090243902439,"LUX":76.880487804878,"LVA":69.3492682926829,"MAC":77.6463414634146,"MAF":76.105,"MAR":65.616,"MCO":81.358,"MDA":66.484,"MDG":56.127,"MDV":68.517,"MEX":71.472,"MHL":63.015,"MKD":72.4463414634146,"MLI":49.086,"MLT":77.7390243902439,"MMR":59.523,"MNE":73.3429756097561,"MNG":61.414512195122,"MNP":72.947,"MOZ":47.8,"MRT":59.417,"MUS":70.4048780487805,"MWI":44.2,"MYS":72.296,"NAM":55.844,"NCL":72.204,"NER":47.097,"NGA":45.96,"NIC":65.523,"NLD":77.7943902439024,"NOR":78.1426829268293,"NPL":60.823,"NRU":59.985,"NZL":77.3341463414634,"OMN":72.463,"PAK":60.623,"PAN":72.541,"PER":68.324,"PHL":66.994,"PLW":63.707,"PNG":61.27,"POL":72.6463414634146,"PRI":74.674,"PRK":60.869,"PRT":75.4121951219512,"PRY":69.284,"PYF":77.38,"QAT":74.713,"ROU":69.0048780487805,"RUS":66.6987804878049,"RWA":41.978,"SAU":71.624,"SDN":58.058,"SEN":57.107,"SGP":76.8975609756097,"SLB":66.768,"SLE":43.649,"SLV":66.248,"SMR":79.677,"SOM":50.278,"SRB":72.8280975609756,"SSD":33.068,"STP":60.648,"SUR":63.385,"SVK":72.7048780487805,"SVN":74.7073170731707,"SWE":79.1975609756098,"SWZ":51.699,"SXM":73.551,"SYC":71.2121951219512,"SYR":70.158,"TCA":72.713,"TCD":47.762,"TGO":53.855,"THA":70.362,"TJK":61.928,"TKM":63.667,"TLS":48.968,"TON":69.012,"TTO":68.143,"TUN":71.67,"TUR":70.668,"TUV":62.942,"TZA":51.246,"UGA":48.026,"UKR":67.658,"URY":73.92,"USA":76.4292682926829,"UZB":65.028,"VCT":70.382,"VEN":72.56,"VGB":74.469,"VIR":70.9152195121951,"VNM":71.67,"VUT":68.309,"WBG":70.328,"WSM":70.045,"YEM":61.34,"ZAF":60.538,"ZMB":45.743,"ZWE":48.536}}