{"schemaVersion":1,"dataKind":"ranking-year","indicatorId":"SP.DYN.LE00.IN","year":1998,"valuesByCountry":{"ABW":72.94,"AFG":52.487,"AGO":45.452,"ALB":74.357,"AND":81.28,"ARE":73.66,"ARG":73.412,"ARM":69.7993414634146,"ASM":71.542,"ATG":74.187,"AUS":78.6317073170732,"AUT":77.6707317073171,"AZE":63.75,"BDI":46.678,"BEL":77.4731707317073,"BEN":56.154,"BFA":50.163,"BGD":60.429,"BGR":71.0609756097561,"BHR":74.138,"BHS":71.84,"BIH":74.472,"BLR":68.4073170731707,"BLZ":68.906,"BMU":77.389,"BOL":61.227,"BRA":68.848,"BRB":74.465,"BRN":73.584,"BTN":61.322,"BWA":52.968,"CAF":47.089,"CAN":78.6236585365854,"CHE":79.3243902439025,"CHL":76.324,"CHN":71.601,"CIV":51.22,"CMR":53.043,"COD":49.664,"COG":52.551,"COL":70.924,"COM":58.301,"CPV":66.714,"CRI":76.869,"CUB":75.412,"CUW":73.084,"CYM":74.08,"CYP":77.164,"CZE":74.5146341463415,"DEU":77.4756097560976,"DJI":56.426,"DMA":71.352,"DNK":76.1390243902439,"DOM":69.875,"DZA":69.327,"ECU":71.949,"EGY":66.635,"ERI":49.997,"ESP":78.6658536585366,"EST":69.3585365853659,"ETH":49.785,"FIN":77.0907317073171,"FJI":66.536,"FRA":78.6048780487805,"FRO":77.9979951219512,"FSM":64.509,"G001":67.0659592687867,"GAB":61.506,"GBR":77.190243902439,"GEO":69.787,"GHA":57.525,"GIB":79.477,"GIN":51.61,"GMB":56.007,"GNB":48.123,"GNQ":52.646,"GRC":77.8390243902439,"GRD":72.762,"GRL":66.1570731707317,"GTM":65.969,"GUM":74.753,"GUY":63.429,"HKG":80.1068292682927,"HND":62.432,"HRV":72.3170731707317,"HTI":57.137,"HUN":70.5578048780488,"IDN":65.942,"IMN":74.204,"IND":61.852,"IRL":76.1804878048781,"IRN":69.214,"IRQ":64.405,"ISL":79.6024390243903,"ISR":78.1487804878049,"ITA":78.9756097560976,"JAM":71.17,"JOR":71.521,"JPN":80.5014634146342,"KAZ":63.349,"KEN":55.568,"KGZ":67.0512195121951,"KHM":57.859,"KIR":64.1,"KNA":67.891,"KOR":75.0048780487805,"KOS":68.58,"KWT":75.9642926829269,"LAO":57.549,"LBN":73.201,"LBR":49.367,"LBY":70.657,"LCA":70.68,"LIE":77.7463414634146,"LKA":70.134,"LSO":52.029,"LTU":71.219512195122,"LUX":77.0170731707317,"LVA":69.0121951219512,"MAC":78.2463414634146,"MAF":76.338,"MAR":66.008,"MCO":81.605,"MDA":66.84,"MDG":56.803,"MDV":69.303,"MEX":71.792,"MHL":63.218,"MKD":72.2975609756098,"MLI":49.592,"MLT":77.5878048780488,"MMR":59.896,"MNE":73.2877804878049,"MNG":62.0830731707317,"MNP":73.573,"MOZ":48.212,"MRT":59.89,"MUS":70.6073170731707,"MWI":44.3,"MYS":72.385,"NAM":54.767,"NCL":72.677,"NER":47.807,"NGA":46.148,"NIC":64.111,"NLD":77.8829268292683,"NOR":78.3292682926829,"NPL":61.532,"NRU":59.86,"NZL":78.0853658536585,"OMN":72.882,"PAK":61.134,"PAN":72.785,"PER":68.724,"PHL":67.212,"PLW":63.951,"PNG":60.435,"POL":72.9975609756098,"PRI":74.556,"PRK":60.887,"PRT":75.7121951219512,"PRY":69.507,"PYF":77.842,"QAT":74.872,"ROU":69.8073170731708,"RUS":67.029756097561,"RWA":43.099,"SAU":71.957,"SDN":58.308,"SEN":57.076,"SGP":77.3,"SLB":66.89,"SLE":42.714,"SLV":66.655,"SMR":79.918,"SOM":50.755,"SRB":72.1948780487805,"SSD":19.048,"STP":60.785,"SUR":63.706,"SVK":72.5512195121951,"SVN":74.8073170731708,"SWE":79.3390243902439,"SWZ":50.066,"SXM":73.9,"SYC":71.7463414634146,"SYR":70.237,"TCA":73.113,"TCD":47.802,"TGO":53.963,"THA":70.703,"TJK":62.404,"TKM":63.966,"TLS":48.583,"TON":69.224,"TTO":68.331,"TUN":72.067,"TUR":71.144,"TUV":63.162,"TZA":51.807,"UGA":48.263,"UKR":67.993,"URY":74.029,"USA":76.5804878048781,"UZB":65.169,"VCT":70.263,"VEN":72.446,"VGB":74.569,"VIR":71.2462682926829,"VNM":72.283,"VUT":68.372,"WBG":70.564,"WSM":70.308,"YEM":61.788,"ZAF":59.912,"ZMB":45.709,"ZWE":47.551}}