{"schemaVersion":1,"dataKind":"ranking-year","indicatorId":"SP.DYN.LE00.IN","year":1999,"valuesByCountry":{"ABW":72.857,"AFG":54.532,"AGO":45.808,"ALB":74.568,"AND":81.55,"ARE":74.982,"ARG":73.683,"ARM":70.1989512195122,"ASM":71.484,"ATG":74.456,"AUS":78.9317073170732,"AUT":77.8756097560976,"AZE":64.733,"BDI":47.627,"BEL":77.619512195122,"BEN":56.336,"BFA":50.463,"BGD":61.244,"BGR":71.4121951219512,"BHR":74.405,"BHS":72.147,"BIH":74.946,"BLR":67.9073170731707,"BLZ":68.976,"BMU":77.854,"BOL":61.655,"BRA":69.211,"BRB":74.587,"BRN":73.806,"BTN":62.032,"BWA":52.499,"CAF":46.91,"CAN":78.8390243902439,"CHE":79.580487804878,"CHL":76.738,"CHN":71.952,"CIV":51.273,"CMR":53.166,"COD":50.089,"COG":54.427,"COL":70.913,"COM":58.853,"CPV":67.409,"CRI":77.058,"CUB":75.719,"CUW":73.174,"CYM":74.232,"CYP":77.572,"CZE":74.6682926829268,"DEU":77.7268292682927,"DJI":56.564,"DMA":71.527,"DNK":76.3414634146341,"DOM":70.178,"DZA":70.088,"ECU":71.92,"EGY":67.01,"ERI":44.506,"ESP":78.7170731707317,"EST":70.0634146341463,"ETH":49.486,"FIN":77.2912195121951,"FJI":66.728,"FRA":78.7560975609756,"FRO":78.2087731707317,"FSM":64.626,"G001":67.3114791722258,"GAB":61.658,"GBR":77.390243902439,"GEO":70.012,"GHA":57.835,"GIB":79.812,"GIN":51.987,"GMB":56.466,"GNB":48.492,"GNQ":53.001,"GRC":77.9878048780488,"GRD":72.873,"GRL":65.8336585365854,"GTM":66.634,"GUM":74.789,"GUY":63.772,"HKG":80.3726829268293,"HND":68.005,"HRV":72.6419512195122,"HTI":57.692,"HUN":70.6770731707317,"IDN":66.001,"IMN":74.469,"IND":62.284,"IRL":76.0829268292683,"IRN":69.686,"IRQ":64.532,"ISL":79.3512195121951,"ISR":78.6585365853659,"ITA":79.4243902439024,"JAM":71.189,"JOR":71.737,"JPN":80.4609756097561,"KAZ":63.528,"KEN":55.866,"KGZ":68.6560975609756,"KHM":58.611,"KIR":64.393,"KNA":68.725,"KOR":75.409756097561,"KOS":58.265,"KWT":76.0779512195122,"LAO":57.866,"LBN":73.513,"LBR":50.412,"LBY":70.601,"LCA":70.692,"LIE":79.109756097561,"LKA":70.427,"LSO":50.385,"LTU":71.5707317073171,"LUX":77.7707317073171,"LVA":69.7429268292683,"MAC":78.9951219512195,"MAF":76.565,"MAR":66.404,"MCO":81.826,"MDA":67.205,"MDG":57.434,"MDV":70.157,"MEX":72.203,"MHL":63.421,"MKD":72.790243902439,"MLI":50.06,"MLT":77.5,"MMR":60.107,"MNE":73.1438780487805,"MNG":62.7895365853659,"MNP":74.262,"MOZ":48.837,"MRT":60.443,"MUS":70.9609756097561,"MWI":45.06,"MYS":72.428,"NAM":53.983,"NCL":73.141,"NER":48.48,"NGA":46.609,"NIC":65.892,"NLD":77.8365853658537,"NOR":78.2829268292683,"NPL":62.035,"NRU":59.701,"NZL":77.890243902439,"OMN":73.276,"PAK":61.54,"PAN":73.124,"PER":69.302,"PHL":67.503,"PLW":64.23,"PNG":61.505,"POL":73.0439024390244,"PRI":75.278,"PRK":60.91,"PRT":75.9634146341463,"PRY":69.774,"PYF":78.574,"QAT":75.048,"ROU":70.5121951219512,"RUS":65.9821951219512,"RWA":45.749,"SAU":72.29,"SDN":58.607,"SEN":57.315,"SGP":77.5512195121951,"SLB":67.001,"SLE":41.962,"SLV":67.285,"SMR":80.2,"SOM":50.611,"SRB":69.9271463414634,"SSD":44.537,"STP":60.976,"SUR":64.035,"SVK":72.9024390243902,"SVN":75.009756097561,"SWE":79.4414634146342,"SWZ":48.808,"SXM":74.222,"SYC":72.6682926829268,"SYR":70.507,"TCA":73.531,"TCD":47.934,"TGO":54.318,"THA":70.979,"TJK":63.114,"TKM":64.475,"TLS":45.246,"TON":69.431,"TTO":68.509,"TUN":72.344,"TUR":70.752,"TUV":63.346,"TZA":52.399,"UGA":48.977,"UKR":68.004,"URY":74.293,"USA":76.5829268292683,"UZB":65.307,"VCT":70.312,"VEN":72.088,"VGB":74.652,"VIR":71.1116097560976,"VNM":72.575,"VUT":67.924,"WBG":70.789,"WSM":70.555,"YEM":62.275,"ZAF":59.19,"ZMB":45.924,"ZWE":46.379}}