{"schemaVersion":1,"dataKind":"ranking-year","indicatorId":"SP.DYN.LE00.IN","year":2000,"valuesByCountry":{"ABW":72.939,"AFG":55.005,"AGO":46.501,"ALB":74.826,"AND":81.863,"ARE":76.347,"ARG":73.91,"ARM":72.8804878048781,"ASM":71.443,"ATG":74.819,"AUS":79.2341463414634,"AUT":78.1268292682927,"AZE":65.377,"BDI":47.617,"BEL":77.7219512195122,"BEN":56.594,"BFA":50.808,"BGD":62.049,"BGR":71.6634146341463,"BHR":74.673,"BHS":72.481,"BIH":75.292,"BLR":68.9121951219512,"BLZ":68.911,"BMU":78.251,"BOL":62.057,"BRA":69.584,"BRB":74.58,"BRN":74.017,"BTN":61.842,"BWA":52.263,"CAF":46.609,"CAN":79.1668292682927,"CHE":79.6804878048781,"CHL":77.128,"CHN":72.288,"CIV":51.393,"CMR":53.338,"COD":51.887,"COG":55.371,"COL":70.905,"COM":58.941,"CPV":68.117,"CRI":77.317,"CUB":75.922,"CUW":73.283,"CYM":74.378,"CYP":77.9,"CZE":74.9682926829268,"DEU":77.9268292682927,"DJI":56.734,"DMA":71.715,"DNK":76.5926829268293,"DOM":70.365,"DZA":70.576,"ECU":72.09,"EGY":67.332,"ERI":56.285,"ESP":78.9658536585366,"EST":70.4170731707317,"ETH":50.88,"FIN":77.4658536585366,"FJI":66.194,"FRA":79.0560975609756,"FRO":78.4119073170732,"FSM":64.317,"G001":67.6497224697378,"GAB":61.81,"GBR":77.7414634146342,"GEO":70.091,"GHA":58.139,"GIB":80.145,"GIN":52.42,"GMB":56.899,"GNB":50.565,"GNQ":53.395,"GRC":77.8878048780488,"GRD":72.955,"GRL":64.8034146341463,"GTM":67.102,"GUM":74.894,"GUY":64.075,"HKG":80.8731707317073,"HND":68.302,"HRV":72.8078048780488,"HTI":58.175,"HUN":71.2463414634146,"IDN":66.292,"IMN":74.842,"IND":62.749,"IRL":76.5365853658537,"IRN":70.166,"IRQ":64.86,"ISL":79.6536585365854,"ISR":78.9536585365854,"ITA":79.7780487804878,"JAM":71.281,"JOR":71.926,"JPN":81.0760975609756,"KAZ":63.793,"KEN":56.084,"KGZ":68.5585365853659,"KHM":59.491,"KIR":64.674,"KNA":69.249,"KOR":75.909756097561,"KOS":71.321,"KWT":76.2258780487805,"LAO":58.317,"LBN":73.895,"LBR":51.852,"LBY":70.542,"LCA":70.779,"LIE":76.8268292682927,"LKA":71.179,"LSO":48.783,"LTU":72.0195121951219,"LUX":77.8731707317073,"LVA":70.3146341463415,"MAC":80.1829268292683,"MAF":76.793,"MAR":66.794,"MCO":82.121,"MDA":67.462,"MDG":57.974,"MDV":70.892,"MEX":72.562,"MHL":63.323,"MKD":72.9463414634147,"MLI":50.605,"MLT":78.3487804878049,"MMR":60.357,"MNE":73.3968048780488,"MNG":63.2104878048781,"MNP":74.9,"MOZ":49.476,"MRT":61.044,"MUS":71.6634146341463,"MWI":46.17,"MYS":72.732,"NAM":52.946,"NCL":73.574,"NER":49.172,"NGA":47.143,"NIC":66.36,"NLD":77.9878048780488,"NOR":78.6341463414634,"NPL":62.642,"NRU":59.574,"NZL":78.6365853658537,"OMN":73.643,"PAK":61.903,"PAN":73.443,"PER":69.821,"PHL":67.789,"PLW":64.499,"PNG":61.609,"POL":73.7487804878049,"PRI":75.514,"PRK":60.911,"PRT":76.3146341463415,"PRY":70.026,"PYF":79,"QAT":75.25,"ROU":71.1634146341463,"RUS":65.4836585365854,"RWA":47.798,"SAU":72.607,"SDN":58.946,"SEN":57.615,"SGP":77.9512195121951,"SLB":67.116,"SLE":44.834,"SLV":67.711,"SMR":80.504,"SOM":50.747,"SRB":71.5829268292683,"SSD":47.591,"STP":61.207,"SUR":64.409,"SVK":73.0512195121951,"SVN":75.4121951219512,"SWE":79.6439024390244,"SWZ":47.627,"SXM":74.409,"SYC":72.7780487804878,"SYR":70.856,"TCA":73.972,"TCD":47.937,"TGO":54.587,"THA":71.205,"TJK":63.542,"TKM":64.931,"TLS":58.097,"TON":69.635,"TTO":68.629,"TUN":72.604,"TUR":71.931,"TUV":63.536,"TZA":53.244,"UGA":49.64,"UKR":67.786,"URY":74.693,"USA":76.6365853658537,"UZB":65.456,"VCT":70.35,"VEN":72.388,"VGB":74.753,"VIR":76.619512195122,"VNM":72.746,"VUT":68.586,"WBG":70.298,"WSM":70.791,"YEM":62.761,"ZAF":58.368,"ZMB":46.577,"ZWE":46.034}}