{"schemaVersion":1,"dataKind":"ranking-year","indicatorId":"SP.DYN.LE00.IN","year":2001,"valuesByCountry":{"ABW":73.044,"AFG":55.511,"AGO":47.032,"ALB":75.083,"AND":82.162,"ARE":77.621,"ARG":74.154,"ARM":72.9756097560976,"ASM":71.573,"ATG":75.108,"AUS":79.6341463414634,"AUT":78.5756097560976,"AZE":66.043,"BDI":48.509,"BEL":77.9731707317073,"BEN":56.654,"BFA":51.188,"BGD":62.836,"BGR":71.7682926829268,"BHR":74.942,"BHS":72.765,"BIH":75.573,"BLR":68.5073170731707,"BLZ":68.944,"BMU":78.637,"BOL":62.538,"BRA":69.98,"BRB":74.707,"BRN":74.209,"BTN":63.323,"BWA":52.21,"CAF":46.734,"CAN":79.3980487804878,"CHE":80.1804878048781,"CHL":77.58,"CHN":72.675,"CIV":51.428,"CMR":53.598,"COD":52.205,"COG":55.885,"COL":71.185,"COM":59.587,"CPV":68.707,"CRI":77.609,"CUB":76.429,"CUW":73.36,"CYM":74.529,"CYP":78.185,"CZE":75.1731707317073,"DEU":78.3292682926829,"DJI":57.506,"DMA":71.862,"DNK":76.7926829268293,"DOM":70.553,"DZA":71.025,"ECU":72.571,"EGY":67.612,"ERI":58.359,"ESP":79.3682926829268,"EST":70.2585365853659,"ETH":51.428,"FIN":77.9658536585366,"FJI":66.205,"FRA":79.1585365853659,"FRO":78.6017292682927,"FSM":64.801,"G001":67.9443971016557,"GAB":61.982,"GBR":77.9926829268293,"GEO":70.371,"GHA":58.403,"GIB":80.419,"GIN":52.669,"GMB":57.283,"GNB":51.054,"GNQ":53.827,"GRC":78.3878048780488,"GRD":73.034,"GRL":65.0058536585366,"GTM":67.436,"GUM":75.195,"GUY":64.38,"HKG":81.4192682926829,"HND":68.491,"HRV":74.5129268292683,"HTI":58.591,"HUN":72.2487804878049,"IDN":66.583,"IMN":75.289,"IND":63.158,"IRL":77.1341463414634,"IRN":70.619,"IRQ":65.292,"ISL":80.690243902439,"ISR":79.4073170731707,"ITA":80.1268292682927,"JAM":71.287,"JOR":72.141,"JPN":81.4163414634146,"KAZ":64.108,"KEN":56.501,"KGZ":68.7073170731707,"KHM":60.457,"KIR":64.918,"KNA":69.767,"KOR":76.4121951219512,"KOS":71.782,"KWT":76.3843414634146,"LAO":58.887,"LBN":74.354,"LBR":53.109,"LBY":70.653,"LCA":71.367,"LIE":79.2756097560976,"LKA":71.804,"LSO":47.153,"LTU":71.6585365853659,"LUX":77.8243902439025,"LVA":70.7609756097561,"MAC":80.5878048780488,"MAF":77.009,"MAR":67.2,"MCO":82.485,"MDA":67.672,"MDG":58.674,"MDV":71.659,"MEX":72.912,"MHL":63.735,"MKD":73.4365853658537,"MLI":51.3,"MLT":78.8439024390244,"MMR":60.64,"MNE":73.5801951219512,"MNG":63.3917073170732,"MNP":75.419,"MOZ":50.259,"MRT":61.662,"MUS":71.7658536585366,"MWI":47.205,"MYS":73.08,"NAM":51.98,"NCL":73.958,"NER":49.872,"NGA":47.549,"NIC":67.028,"NLD":78.190243902439,"NOR":78.7853658536585,"NPL":63.288,"NRU":59.482,"NZL":78.6926829268293,"OMN":73.979,"PAK":62.241,"PAN":73.82,"PER":70.315,"PHL":67.829,"PLW":64.8,"PNG":61.647,"POL":74.2,"PRI":75.972,"PRK":60.893,"PRT":76.8146341463415,"PRY":70.281,"PYF":79.316,"QAT":75.486,"ROU":71.1609756097561,"RUS":65.3834146341463,"RWA":49.49,"SAU":72.951,"SDN":59.264,"SEN":58.158,"SGP":78.2512195121951,"SLB":67.237,"SLE":45.448,"SLV":67.965,"SMR":80.803,"SOM":50.829,"SRB":72.2341463414634,"SSD":48.55,"STP":61.5,"SUR":64.82,"SVK":73.4024390243903,"SVN":75.7585365853659,"SWE":79.7951219512195,"SWZ":46.344,"SXM":74.525,"SYC":73.2536585365854,"SYR":71.296,"TCA":74.409,"TCD":48.306,"TGO":54.757,"THA":71.52,"TJK":64.197,"TKM":65.325,"TLS":58.772,"TON":69.8,"TTO":68.874,"TUN":72.822,"TUR":72.271,"TUV":63.709,"TZA":54.124,"UGA":50.576,"UKR":67.675,"URY":74.987,"USA":76.8365853658537,"UZB":65.853,"VCT":70.382,"VEN":71.019,"VGB":74.831,"VIR":77.6219512195122,"VNM":72.984,"VUT":68.722,"WBG":69.75,"WSM":71.028,"YEM":63.286,"ZAF":57.161,"ZMB":47.408,"ZWE":44.525}}