{"schemaVersion":1,"dataKind":"ranking-year","indicatorId":"SP.DYN.LE00.IN","year":2002,"valuesByCountry":{"ABW":73.135,"AFG":56.225,"AGO":47.874,"ALB":75.299,"AND":82.448,"ARE":78.721,"ARG":74.312,"ARM":72.8268292682927,"ASM":71.755,"ATG":75.237,"AUS":79.9365853658537,"AUT":78.6780487804878,"AZE":66.769,"BDI":49.924,"BEL":78.0756097560976,"BEN":56.851,"BFA":51.447,"BGD":63.591,"BGR":71.8658536585366,"BHR":75.209,"BHS":73.023,"BIH":75.994,"BLR":68.0560975609756,"BLZ":69.528,"BMU":78.841,"BOL":63.068,"BRA":70.396,"BRB":74.82,"BRN":74.365,"BTN":63.984,"BWA":52.373,"CAF":46.84,"CAN":79.5307317073171,"CHE":80.3853658536585,"CHL":77.84,"CHN":73.034,"CIV":51.544,"CMR":53.922,"COD":52.371,"COG":56.414,"COL":71.537,"COM":59.723,"CPV":69.447,"CRI":77.939,"CUB":76.766,"CUW":73.472,"CYM":74.609,"CYP":78.758,"CZE":75.2219512195122,"DEU":78.2292682926829,"DJI":57.824,"DMA":71.927,"DNK":76.8951219512195,"DOM":70.719,"DZA":71.644,"ECU":73.164,"EGY":67.846,"ERI":58.941,"ESP":79.5682926829268,"EST":70.9048780487805,"ETH":52.085,"FIN":78.119512195122,"FJI":65.492,"FRA":79.2609756097561,"FRO":78.7876585365854,"FSM":63.907,"G001":68.2305633063393,"GAB":62.175,"GBR":78.1439024390244,"GEO":70.438,"GHA":58.709,"GIB":80.59,"GIN":53.2,"GMB":57.736,"GNB":51.608,"GNQ":54.324,"GRC":78.6414634146341,"GRD":73.142,"GRL":65.419512195122,"GTM":67.835,"GUM":75.506,"GUY":64.183,"HKG":81.4521951219512,"HND":68.714,"HRV":74.7173170731707,"HTI":59.041,"HUN":72.3487804878049,"IDN":66.954,"IMN":75.785,"IND":63.649,"IRL":77.6341463414634,"IRN":71.112,"IRQ":65.724,"ISL":80.5024390243903,"ISR":79.4512195121951,"ITA":80.2292682926829,"JAM":71.478,"JOR":72.359,"JPN":81.6907317073171,"KAZ":64.441,"KEN":56.759,"KGZ":68.1560975609756,"KHM":61.395,"KIR":65.123,"KNA":70.194,"KOR":76.7658536585366,"KOS":72.227,"KWT":76.5316341463415,"LAO":59.302,"LBN":74.836,"LBR":54.061,"LBY":70.788,"LCA":71.707,"LIE":79.6365853658537,"LKA":72.271,"LSO":45.95,"LTU":71.7609756097561,"LUX":77.9658536585366,"LVA":70.9609756097561,"MAC":80.9463414634146,"MAF":77.219,"MAR":67.582,"MCO":83.055,"MDA":67.793,"MDG":59.17,"MDV":72.36,"MEX":73.106,"MHL":63.848,"MKD":73.0390243902439,"MLI":51.995,"MLT":78.7390243902439,"MMR":60.925,"MNE":73.9652195121951,"MNG":63.540243902439,"MNP":75.934,"MOZ":50.879,"MRT":62.249,"MUS":71.9658536585366,"MWI":48.176,"MYS":73.469,"NAM":51.988,"NCL":74.278,"NER":50.645,"NGA":48.02,"NIC":67.95,"NLD":78.2926829268293,"NOR":78.9878048780488,"NPL":63.507,"NRU":59.427,"NZL":78.8463414634146,"OMN":74.276,"PAK":62.556,"PAN":74.195,"PER":70.815,"PHL":67.886,"PLW":65.076,"PNG":61.643,"POL":74.4975609756098,"PRI":76.819,"PRK":60.877,"PRT":77.0658536585366,"PRY":70.539,"PYF":79.544,"QAT":75.766,"ROU":71.009756097561,"RUS":65.1287804878049,"RWA":51.262,"SAU":73.296,"SDN":59.308,"SEN":58.912,"SGP":78.5512195121951,"SLB":67.35,"SLE":46.174,"SLV":68.526,"SMR":81.061,"SOM":50.82,"SRB":72.2853658536585,"SSD":49.394,"STP":61.826,"SUR":65.274,"SVK":73.6048780487805,"SVN":76.0073170731707,"SWE":79.8463414634146,"SWZ":45.38,"SXM":74.585,"SYC":71.0878048780488,"SYR":71.742,"TCA":74.843,"TCD":48.36,"TGO":55.044,"THA":71.775,"TJK":64.898,"TKM":65.593,"TLS":59.477,"TON":70.03,"TTO":69.232,"TUN":73.07,"TUR":72.605,"TUV":63.825,"TZA":54.94,"UGA":51.443,"UKR":67.699,"URY":74.979,"USA":76.9365853658537,"UZB":66.376,"VCT":70.658,"VEN":72.823,"VGB":74.971,"VIR":77.5219512195122,"VNM":73.138,"VUT":68.836,"WBG":70.88,"WSM":71.233,"YEM":63.807,"ZAF":55.58,"ZMB":48.461,"ZWE":45.938}}