{"schemaVersion":1,"dataKind":"ranking-year","indicatorId":"SP.DYN.LE00.IN","year":2003,"valuesByCountry":{"ABW":73.236,"AFG":57.171,"AGO":50.218,"ALB":75.557,"AND":82.718,"ARE":79.6,"ARG":74.307,"ARM":72.8268292682927,"ASM":71.698,"ATG":75.313,"AUS":80.2390243902439,"AUT":78.6317073170732,"AZE":67.036,"BDI":50.997,"BEL":78.1292682926829,"BEN":57.092,"BFA":51.959,"BGD":64.288,"BGR":72.0658536585366,"BHR":75.486,"BHS":73.213,"BIH":76.449,"BLR":68.5536585365854,"BLZ":69.819,"BMU":78.715,"BOL":63.455,"BRA":70.884,"BRB":74.865,"BRN":74.509,"BTN":64.662,"BWA":52.851,"CAF":47.306,"CAN":79.7151219512195,"CHE":80.5365853658537,"CHL":77.884,"CHN":73.385,"CIV":51.443,"CMR":54.253,"COD":52.952,"COG":57.131,"COL":72.309,"COM":60.24,"CPV":70.006,"CRI":78.214,"CUB":77.405,"CUW":73.603,"CYM":74.639,"CYP":78.908,"CZE":75.1707317073171,"DEU":78.3804878048781,"DJI":58.041,"DMA":71.942,"DNK":77.1439024390244,"DOM":70.856,"DZA":71.906,"ECU":73.632,"EGY":68.045,"ERI":59.455,"ESP":79.619512195122,"EST":71.3170731707317,"ETH":52.877,"FIN":78.3682926829268,"FJI":65.653,"FRA":79.1146341463415,"FRO":78.9848073170732,"FSM":64.915,"G001":68.5149632959636,"GAB":62.463,"GBR":78.4463414634146,"GEO":71.377,"GHA":59.014,"GIB":80.713,"GIN":53.589,"GMB":58.223,"GNB":52.186,"GNQ":54.791,"GRC":78.8414634146341,"GRD":73.291,"GRL":66.1229268292683,"GTM":68.204,"GUM":75.885,"GUY":64.117,"HKG":81.3434146341464,"HND":68.874,"HRV":74.6139024390244,"HTI":59.44,"HUN":72.3,"IDN":67.134,"IMN":76.319,"IND":64.086,"IRL":78.1390243902439,"IRN":70.464,"IRQ":64.834,"ISL":80.9634146341464,"ISR":79.6487804878049,"ITA":79.9829268292683,"JAM":71.585,"JOR":72.585,"JPN":81.76,"KAZ":64.753,"KEN":57.369,"KGZ":68.2560975609756,"KHM":62.345,"KIR":65.287,"KNA":70.614,"KOR":77.2146341463415,"KOS":72.678,"KWT":76.6445609756098,"LAO":59.643,"LBN":75.275,"LBR":53.045,"LBY":70.996,"LCA":72.188,"LIE":79.9609756097561,"LKA":72.442,"LSO":44.921,"LTU":72.0609756097561,"LUX":77.7268292682927,"LVA":71.2658536585366,"MAC":81.0439024390244,"MAF":77.419,"MAR":67.958,"MCO":83.613,"MDA":67.9,"MDG":59.693,"MDV":73.263,"MEX":73.308,"MHL":63.956,"MKD":73.2414634146342,"MLI":52.632,"MLT":78.5463414634146,"MMR":61.196,"MNE":74.0557317073171,"MNG":63.5753658536585,"MNP":76.505,"MOZ":51.383,"MRT":62.805,"MUS":72.1170731707317,"MWI":49.601,"MYS":73.727,"NAM":51.918,"NCL":74.5,"NER":51.545,"NGA":48.618,"NIC":68.749,"NLD":78.4926829268293,"NOR":79.390243902439,"NPL":64.229,"NRU":59.359,"NZL":79.1463414634146,"OMN":74.521,"PAK":62.834,"PAN":74.567,"PER":71.278,"PHL":68.049,"PLW":65.446,"PNG":61.741,"POL":74.5975609756098,"PRI":76.941,"PRK":69.399,"PRT":77.219512195122,"PRY":70.795,"PYF":79.71,"QAT":76.097,"ROU":71.309756097561,"RUS":65.0275609756098,"RWA":53.529,"SAU":73.657,"SDN":58.319,"SEN":59.474,"SGP":79.0390243902439,"SLB":67.479,"SLE":46.784,"SLV":68.792,"SMR":81.33,"SOM":50.721,"SRB":72.4365853658537,"SSD":52.324,"STP":62.158,"SUR":65.778,"SVK":73.6048780487805,"SVN":76.8585365853659,"SWE":80.0951219512195,"SWZ":44.632,"SXM":74.588,"SYC":71.0292682926829,"SYR":72.188,"TCA":75.262,"TCD":48.609,"TGO":55.312,"THA":72.101,"TJK":65.874,"TKM":65.854,"TLS":60.13,"TON":70.228,"TTO":69.454,"TUN":73.304,"TUR":72.906,"TUV":63.897,"TZA":55.929,"UGA":52.414,"UKR":67.638,"URY":75.086,"USA":77.0365853658537,"UZB":66.852,"VCT":70.43,"VEN":72.056,"VGB":75.183,"VIR":77.5219512195122,"VNM":73.236,"VUT":68.933,"WBG":70.967,"WSM":71.441,"YEM":64.407,"ZAF":54.245,"ZMB":49.616,"ZWE":45.373}}