{"schemaVersion":1,"dataKind":"ranking-year","indicatorId":"SP.DYN.LE00.IN","year":2004,"valuesByCountry":{"ABW":73.223,"AFG":57.81,"AGO":51.123,"ALB":75.951,"AND":82.815,"ARE":80.272,"ARG":74.871,"ARM":73.0268292682927,"ASM":72.277,"ATG":75.329,"AUS":80.490243902439,"AUT":79.1804878048781,"AZE":67.488,"BDI":52.217,"BEL":78.8780487804878,"BEN":57.346,"BFA":52.6,"BGD":64.912,"BGR":72.5634146341463,"BHR":75.787,"BHS":73.235,"BIH":76.489,"BLR":68.9560975609756,"BLZ":70.152,"BMU":78.898,"BOL":63.819,"BRA":71.361,"BRB":75.15,"BRN":74.603,"BTN":65.29,"BWA":53.573,"CAF":47.696,"CAN":79.9921951219512,"CHE":81.0878048780488,"CHL":78.276,"CHN":73.727,"CIV":51.939,"CMR":54.578,"COD":53.534,"COG":57.957,"COL":72.76,"COM":60.557,"CPV":70.499,"CRI":78.512,"CUB":77.326,"CUW":73.735,"CYM":74.596,"CYP":79.007,"CZE":75.7219512195122,"DEU":78.6804878048781,"DJI":58.103,"DMA":71.987,"DNK":77.4926829268293,"DOM":70.73,"DZA":72.536,"ECU":73.868,"EGY":68.211,"ERI":60.063,"ESP":79.8707317073171,"EST":71.909756097561,"ETH":53.735,"FIN":78.7146341463415,"FJI":65.841,"FRA":80.1634146341463,"FRO":79.2049804878049,"FSM":64.898,"G001":68.7702567980032,"GAB":62.694,"GBR":78.7463414634146,"GEO":71.011,"GHA":59.316,"GIB":80.856,"GIN":53.975,"GMB":58.749,"GNB":52.8,"GNQ":55.307,"GRC":79.0390243902439,"GRD":72.447,"GRL":66.8080487804878,"GTM":68.245,"GUM":76.114,"GUY":64.214,"HKG":81.7992682926829,"HND":69.05,"HRV":75.520243902439,"HTI":58.517,"HUN":72.6487804878049,"IDN":65.521,"IMN":76.876,"IND":64.484,"IRL":78.5390243902439,"IRN":72.04,"IRQ":64.634,"ISL":80.9975609756098,"ISR":80.1463414634146,"ITA":80.7804878048781,"JAM":71.542,"JOR":72.788,"JPN":82.030243902439,"KAZ":65.04,"KEN":57.947,"KGZ":68.1536585365854,"KHM":63.256,"KIR":65.416,"KNA":70.92,"KOR":77.6658536585366,"KOS":73.132,"KWT":76.7276829268293,"LAO":60.08,"LBN":75.693,"LBR":55.949,"LBY":71.21,"LCA":72.453,"LIE":81.7707317073171,"LKA":68.022,"LSO":44.039,"LTU":71.9609756097561,"LUX":79.1219512195122,"LVA":72.0268292682927,"MAC":80.9926829268293,"MAF":77.612,"MAR":68.272,"MCO":84.151,"MDA":68.017,"MDG":60.168,"MDV":73.008,"MEX":73.432,"MHL":64.044,"MKD":73.5975609756098,"MLI":53.253,"MLT":79.2536585365854,"MMR":61.443,"MNE":74.2056097560976,"MNG":64.630243902439,"MNP":76.789,"MOZ":51.855,"MRT":63.369,"MUS":72.2658536585366,"MWI":51.073,"MYS":74.027,"NAM":52.175,"NCL":74.713,"NER":52.402,"NGA":49.148,"NIC":69.51,"NLD":79.0951219512195,"NOR":79.8414634146342,"NPL":64.744,"NRU":59.346,"NZL":79.5487804878049,"OMN":74.82,"PAK":63.097,"PAN":74.845,"PER":71.447,"PHL":68.301,"PLW":65.816,"PNG":61.795,"POL":74.8463414634146,"PRI":76.913,"PRK":69.294,"PRT":77.6707317073171,"PRY":71.054,"PYF":79.829,"QAT":76.484,"ROU":71.5609756097561,"RUS":65.4709756097561,"RWA":55.52,"SAU":74.027,"SDN":56.773,"SEN":60.308,"SGP":79.490243902439,"SLB":67.628,"SLE":47.485,"SLV":69.295,"SMR":81.592,"SOM":50.685,"SRB":72.6829268292683,"SSD":53.052,"STP":62.56,"SUR":66.362,"SVK":73.9585365853659,"SVN":77.2073170731707,"SWE":80.4975609756098,"SWZ":43.906,"SXM":74.618,"SYC":72.6609756097561,"SYR":72.494,"TCA":75.63,"TCD":48.687,"TGO":55.608,"THA":72.1,"TJK":66.604,"TKM":66.055,"TLS":60.743,"TON":70.433,"TTO":69.879,"TUN":73.519,"TUR":73.223,"TUV":63.989,"TZA":56.836,"UGA":53.699,"UKR":67.472,"URY":75.319,"USA":77.4878048780488,"UZB":67.203,"VCT":70.445,"VEN":72.752,"VGB":75.404,"VIR":77.7731707317073,"VNM":73.062,"VUT":68.985,"WBG":71.094,"WSM":71.508,"YEM":64.881,"ZAF":53.963,"ZMB":50.54,"ZWE":46.043}}