{"schemaVersion":1,"dataKind":"ranking-year","indicatorId":"SP.DYN.LE00.IN","year":2005,"valuesByCountry":{"ABW":73.415,"AFG":58.247,"AGO":52.13,"ALB":76.427,"AND":83.086,"ARE":80.779,"ARG":75.231,"ARM":73.0756097560976,"ASM":72.382,"ATG":75.364,"AUS":80.8414634146341,"AUT":79.3317073170732,"AZE":67.71,"BDI":53.053,"BEL":78.9804878048781,"BEN":57.738,"BFA":53.271,"BGD":65.509,"BGR":72.5609756097561,"BHR":76.125,"BHS":73.413,"BIH":76.424,"BLR":68.8512195121951,"BLZ":70.335,"BMU":78.874,"BOL":64.182,"BRA":71.832,"BRB":74.96,"BRN":74.683,"BTN":65.875,"BWA":54.386,"CAF":48.207,"CAN":80.1126829268293,"CHE":81.2365853658537,"CHL":78.459,"CHN":74.085,"CIV":52.432,"CMR":54.904,"COD":54.001,"COG":58.73,"COL":73.156,"COM":60.883,"CPV":70.936,"CRI":78.877,"CUB":77.54,"CUW":73.873,"CYM":74.863,"CYP":79.198,"CZE":75.9243902439025,"DEU":78.9317073170732,"DJI":58.548,"DMA":72.016,"DNK":77.8439024390244,"DOM":71.043,"DZA":72.836,"ECU":73.909,"EGY":68.355,"ERI":60.628,"ESP":80.1707317073171,"EST":72.5682926829268,"ETH":54.364,"FIN":78.8170731707317,"FJI":65.983,"FRA":80.1634146341463,"FRO":79.4453463414634,"FSM":64.906,"G001":69.1105811246199,"GAB":62.978,"GBR":79.0487804878049,"GEO":70.689,"GHA":59.638,"GIB":80.991,"GIN":54.422,"GMB":59.11,"GNB":52.949,"GNQ":55.766,"GRC":79.2390243902439,"GRD":73.7,"GRL":67.3051219512195,"GTM":68.167,"GUM":76.427,"GUY":64.392,"HKG":81.6090243902439,"HND":69.198,"HRV":75.2446341463415,"HTI":60.318,"HUN":72.6487804878049,"IDN":67.531,"IMN":77.453,"IND":64.939,"IRL":78.9439024390244,"IRN":72.446,"IRQ":64.899,"ISL":81.5024390243902,"ISR":80.1512195121951,"ITA":80.7829268292683,"JAM":71.493,"JOR":72.977,"JPN":81.9551219512195,"KAZ":65.356,"KEN":58.51,"KGZ":67.9560975609756,"KHM":64.113,"KIR":65.517,"KNA":71.151,"KOR":78.1682926829268,"KOS":73.437,"KWT":76.8007804878049,"LAO":60.688,"LBN":76.074,"LBR":56.765,"LBY":71.439,"LCA":72.544,"LIE":80.6682926829268,"LKA":73.073,"LSO":43.611,"LTU":71.2536585365854,"LUX":79.4317073170732,"LVA":71.3560975609756,"MAC":81.3414634146341,"MAF":77.802,"MAR":68.748,"MCO":84.34,"MDA":68.197,"MDG":60.664,"MDV":74.785,"MEX":73.627,"MHL":64.112,"MKD":73.6975609756098,"MLI":53.792,"MLT":79.3,"MMR":61.72,"MNE":73.9829268292683,"MNG":65.2807317073171,"MNP":77.307,"MOZ":52.322,"MRT":63.92,"MUS":72.4321951219512,"MWI":52.469,"MYS":74.37,"NAM":52.557,"NCL":74.867,"NER":53.32,"NGA":49.538,"NIC":70.374,"NLD":79.3463414634146,"NOR":80.0414634146342,"NPL":65.275,"NRU":59.361,"NZL":79.8512195121951,"OMN":75.07,"PAK":62.416,"PAN":75.16,"PER":71.988,"PHL":68.423,"PLW":66.219,"PNG":61.868,"POL":74.9951219512195,"PRI":76.703,"PRK":69.168,"PRT":78.0707317073171,"PRY":71.317,"PYF":79.951,"QAT":76.909,"ROU":71.9121951219512,"RUS":65.529756097561,"RWA":56.968,"SAU":74.4,"SDN":57.226,"SEN":60.98,"SGP":79.990243902439,"SLB":67.79,"SLE":48.306,"SLV":69.336,"SMR":81.926,"SOM":50.894,"SRB":72.8341463414634,"SSD":53.965,"STP":62.434,"SUR":66.997,"SVK":73.9048780487805,"SVN":77.6121951219512,"SWE":80.5463414634146,"SWZ":43.958,"SXM":74.681,"SYC":72.1317073170732,"SYR":72.797,"TCA":75.954,"TCD":48.86,"TGO":55.931,"THA":72.894,"TJK":66.531,"TKM":66.275,"TLS":61.272,"TON":70.56,"TTO":70.185,"TUN":73.712,"TUR":73.51,"TUV":64.096,"TZA":57.675,"UGA":54.926,"UKR":67.517,"URY":75.829,"USA":77.4878048780488,"UZB":67.481,"VCT":70.454,"VEN":73.075,"VGB":75.569,"VIR":77.4219512195122,"VNM":73.198,"VUT":69.166,"WBG":72.004,"WSM":71.487,"YEM":65.356,"ZAF":53.914,"ZMB":51.615,"ZWE":46.57}}