{"schemaVersion":1,"dataKind":"ranking-year","indicatorId":"SP.DYN.LE00.IN","year":2006,"valuesByCountry":{"ABW":73.498,"AFG":58.553,"AGO":52.965,"ALB":76.994,"AND":83.374,"ARE":81.155,"ARG":75.279,"ARM":72.8243902439025,"ASM":72.397,"ATG":75.506,"AUS":81.0414634146342,"AUT":79.8804878048781,"AZE":68.489,"BDI":53.962,"BEL":79.380487804878,"BEN":57.966,"BFA":53.784,"BGD":66.048,"BGR":72.6121951219512,"BHR":76.51,"BHS":73.456,"BIH":76.028,"BLR":69.4048780487805,"BLZ":70.535,"BMU":78.87,"BOL":64.529,"BRA":72.296,"BRB":75.049,"BRN":74.753,"BTN":66.499,"BWA":55.112,"CAF":48.687,"CAN":80.5436585365854,"CHE":81.490243902439,"CHL":78.533,"CHN":74.404,"CIV":52.885,"CMR":55.301,"COD":54.498,"COG":59.474,"COL":73.497,"COM":61.229,"CPV":71.341,"CRI":79.049,"CUB":77.406,"CUW":73.978,"CYM":75,"CYP":79.456,"CZE":76.5243902439024,"DEU":79.1317073170732,"DJI":58.962,"DMA":72.007,"DNK":78.0951219512195,"DOM":71.054,"DZA":73.116,"ECU":74.01,"EGY":68.493,"ERI":61.457,"ESP":80.8219512195122,"EST":72.6914634146341,"ETH":55.402,"FIN":79.2146341463415,"FJI":66.126,"FRA":80.8121951219512,"FRO":79.6898609756098,"FSM":64.859,"G001":69.4681205527323,"GAB":63.259,"GBR":79.2487804878049,"GEO":70.983,"GHA":59.975,"GIB":81.103,"GIN":54.875,"GMB":59.667,"GNB":54.089,"GNQ":56.354,"GRC":79.4390243902439,"GRD":73.93,"GRL":67.8180487804878,"GTM":68.79,"GUM":76.477,"GUY":64.848,"HKG":82.3848780487805,"HND":69.364,"HRV":75.8368292682927,"HTI":60.74,"HUN":73.0975609756098,"IDN":67.664,"IMN":77.971,"IND":65.373,"IRL":79.2414634146342,"IRN":72.895,"IRQ":64.029,"ISL":81.1585365853659,"ISR":80.5536585365854,"ITA":81.2829268292683,"JAM":71.395,"JOR":73.225,"JPN":82.3219512195122,"KAZ":65.722,"KEN":59.059,"KGZ":67.6951219512195,"KHM":64.886,"KIR":65.601,"KNA":71.356,"KOR":78.6682926829268,"KOS":73.63,"KWT":76.8876829268293,"LAO":61.074,"LBN":75.677,"LBR":57.495,"LBY":71.632,"LCA":72.794,"LIE":80.9487804878049,"LKA":72.825,"LSO":43.182,"LTU":71.0560975609756,"LUX":79.2878048780488,"LVA":70.8658536585366,"MAC":81.7292682926829,"MAF":77.989,"MAR":69.157,"MCO":84.194,"MDA":68.423,"MDG":61.14,"MDV":75.256,"MEX":73.746,"MHL":64.207,"MKD":73.8951219512195,"MLI":54.305,"MLT":79.4390243902439,"MMR":62.026,"MNE":73.8390243902439,"MNG":65.9021951219512,"MNP":77.688,"MOZ":52.748,"MRT":64.493,"MUS":72.4321951219512,"MWI":53.652,"MYS":74.697,"NAM":53.183,"NCL":75.016,"NER":54.223,"NGA":49.876,"NIC":70.958,"NLD":79.6975609756098,"NOR":80.3439024390244,"NPL":65.891,"NRU":59.409,"NZL":80.0487804878049,"OMN":75.354,"PAK":63.624,"PAN":75.429,"PER":72.337,"PHL":68.172,"PLW":66.633,"PNG":62.018,"POL":75.1439024390244,"PRI":77.561,"PRK":69.061,"PRT":78.419512195122,"PRY":71.584,"PYF":80.1,"QAT":77.323,"ROU":72.1634146341463,"RUS":66.7275609756098,"RWA":58.342,"SAU":74.762,"SDN":60.4,"SEN":61.801,"SGP":80.1414634146341,"SLB":67.968,"SLE":49.547,"SLV":69.612,"SMR":82.258,"SOM":50.915,"SRB":73.3853658536585,"SSD":54.653,"STP":63.041,"SUR":67.643,"SVK":74.2048780487805,"SVN":78.0865853658537,"SWE":80.7487804878049,"SWZ":44.563,"SXM":74.779,"SYC":72.2170731707317,"SYR":73.04,"TCA":76.197,"TCD":48.747,"TGO":56.154,"THA":73.341,"TJK":66.997,"TKM":66.574,"TLS":61.881,"TON":70.71,"TTO":70.437,"TUN":73.888,"TUR":73.804,"TUV":64.247,"TZA":58.512,"UGA":56.118,"UKR":67.49,"URY":75.888,"USA":77.6878048780488,"UZB":67.905,"VCT":70.434,"VEN":72.972,"VGB":75.745,"VIR":78.3243902439024,"VNM":73.293,"VUT":69.126,"WBG":71.831,"WSM":71.62,"YEM":65.8,"ZAF":54.22,"ZMB":52.693,"ZWE":47.056}}