{"schemaVersion":1,"dataKind":"ranking-year","indicatorId":"SP.DYN.LE00.IN","year":2007,"valuesByCountry":{"ABW":73.642,"AFG":58.956,"AGO":54.2,"ALB":77.691,"AND":83.632,"ARE":81.438,"ARG":74.783,"ARM":72.8731707317073,"ASM":72.365,"ATG":75.72,"AUS":81.2926829268293,"AUT":80.1804878048781,"AZE":68.659,"BDI":54.832,"BEL":79.7829268292683,"BEN":58.249,"BFA":54.377,"BGD":66.458,"BGR":72.6634146341463,"BHR":76.952,"BHS":73.463,"BIH":76.162,"BLR":70.2073170731707,"BLZ":70.652,"BMU":79.006,"BOL":64.939,"BRA":72.73,"BRB":75.263,"BRN":74.793,"BTN":67.152,"BWA":56.735,"CAF":49.327,"CAN":80.5436585365854,"CHE":81.7414634146342,"CHL":78.652,"CHN":74.789,"CIV":53.452,"CMR":55.71,"COD":54.954,"COG":60.05,"COL":73.751,"COM":61.475,"CPV":71.487,"CRI":79.098,"CUB":77.55,"CUW":74.137,"CYM":75.152,"CYP":79.798,"CZE":76.7243902439025,"DEU":79.5341463414634,"DJI":59.362,"DMA":71.901,"DNK":78.1951219512195,"DOM":71.097,"DZA":73.346,"ECU":74.226,"EGY":68.627,"ERI":61.998,"ESP":80.8731707317073,"EST":72.8146341463415,"ETH":56.566,"FIN":79.2634146341464,"FJI":66.161,"FRA":81.1121951219512,"FRO":79.9238243902439,"FSM":64.844,"G001":69.8041031820031,"GAB":63.619,"GBR":79.4487804878049,"GEO":70.985,"GHA":60.282,"GIB":81.269,"GIN":55.233,"GMB":60.001,"GNB":54.87,"GNQ":56.857,"GRC":79.4390243902439,"GRD":74.159,"GRL":68.2739024390244,"GTM":69.299,"GUM":76.397,"GUY":65.462,"HKG":82.3668292682927,"HND":69.539,"HRV":75.7056097560976,"HTI":61.09,"HUN":73.1512195121951,"IDN":67.914,"IMN":78.451,"IND":65.803,"IRL":79.6414634146341,"IRN":73.299,"IRQ":64.428,"ISL":81.4536585365854,"ISR":80.5048780487805,"ITA":81.4341463414634,"JAM":71.405,"JOR":73.407,"JPN":82.5070731707317,"KAZ":66.18,"KEN":59.407,"KGZ":67.8951219512195,"KHM":65.549,"KIR":65.677,"KNA":71.437,"KOR":79.119512195122,"KOS":74.422,"KWT":77.0101707317073,"LAO":61.694,"LBN":76.732,"LBR":58.147,"LBY":71.788,"LCA":72.86,"LIE":81.2951219512195,"LKA":72.983,"LSO":43.66,"LTU":70.9,"LUX":79.3829268292683,"LVA":71.019512195122,"MAC":81.7292682926829,"MAF":78.16,"MAR":69.62,"MCO":83.903,"MDA":68.674,"MDG":61.533,"MDV":75.711,"MEX":73.796,"MHL":64.259,"MKD":73.8,"MLI":54.756,"MLT":79.7926829268293,"MMR":62.367,"MNE":74.3390243902439,"MNG":66.5934146341464,"MNP":77.863,"MOZ":53.255,"MRT":64.885,"MUS":72.5707317073171,"MWI":54.687,"MYS":74.961,"NAM":54.026,"NCL":75.181,"NER":55.063,"NGA":50.381,"NIC":71.197,"NLD":80.0975609756098,"NOR":80.3951219512195,"NPL":66.169,"NRU":59.49,"NZL":80.1512195121951,"OMN":75.596,"PAK":63.807,"PAN":75.675,"PER":72.746,"PHL":68.549,"PLW":67.113,"PNG":62.211,"POL":75.2439024390244,"PRI":77.659,"PRK":69.021,"PRT":78.3219512195122,"PRY":71.817,"PYF":80.328,"QAT":77.741,"ROU":72.5658536585366,"RUS":67.5868292682927,"RWA":59.504,"SAU":75.066,"SDN":61.442,"SEN":62.653,"SGP":80.4414634146342,"SLB":67.845,"SLE":50.024,"SLV":69.82,"SMR":82.605,"SOM":50.885,"SRB":73.6317073170732,"SSD":55.425,"STP":63.336,"SUR":68.307,"SVK":74.2073170731707,"SVN":78.5609756097561,"SWE":80.9,"SWZ":45.16,"SXM":74.812,"SYC":73.1439024390244,"SYR":73.256,"TCA":76.427,"TCD":49.21,"TGO":56.395,"THA":73.779,"TJK":67.405,"TKM":67.02,"TLS":62.396,"TON":70.887,"TTO":70.797,"TUN":74.039,"TUR":74.129,"TUV":64.402,"TZA":59.26,"UGA":57.248,"UKR":67.715,"URY":76.15,"USA":77.9878048780488,"UZB":68.483,"VCT":70.446,"VEN":73.348,"VGB":75.893,"VIR":76.8634146341463,"VNM":73.385,"VUT":69.144,"WBG":72.064,"WSM":71.605,"YEM":66.23,"ZAF":54.948,"ZMB":53.73,"ZWE":47.576}}