{"schemaVersion":1,"dataKind":"ranking-year","indicatorId":"SP.DYN.LE00.IN","year":2008,"valuesByCountry":{"ABW":73.783,"AFG":59.708,"AGO":55.281,"ALB":78.248,"AND":83.855,"ARE":81.591,"ARG":75.428,"ARM":73.0731707317073,"ASM":72.43,"ATG":76.075,"AUS":81.3951219512195,"AUT":80.4317073170732,"AZE":69.355,"BDI":55.581,"BEL":79.6804878048781,"BEN":58.099,"BFA":55.199,"BGD":67.047,"BGR":72.9634146341463,"BHR":77.457,"BHS":73.445,"BIH":76.3,"BLR":70.4560975609756,"BLZ":70.665,"BMU":79.101,"BOL":65.299,"BRA":73.111,"BRB":75.3,"BRN":74.814,"BTN":67.733,"BWA":57.661,"CAF":49.873,"CAN":80.7246341463415,"CHE":81.9926829268293,"CHL":78.752,"CHN":74.833,"CIV":54.179,"CMR":56.116,"COD":55.388,"COG":60.79,"COL":74.206,"COM":61.955,"CPV":71.888,"CRI":79.18,"CUB":77.589,"CUW":74.314,"CYM":75.386,"CYP":79.906,"CZE":76.9756097560976,"DEU":79.7365853658537,"DJI":59.815,"DMA":71.945,"DNK":78.4463414634146,"DOM":71.331,"DZA":73.618,"ECU":74.709,"EGY":68.761,"ERI":62.422,"ESP":81.1756097560976,"EST":73.7707317073171,"ETH":57.733,"FIN":79.5682926829268,"FJI":66.32,"FRA":81.2146341463415,"FRO":80.1460804878049,"FSM":64.849,"G001":70.0034785203503,"GAB":64.011,"GBR":79.6,"GEO":70.949,"GHA":60.578,"GIB":81.541,"GIN":55.703,"GMB":60.473,"GNB":55.3,"GNQ":57.384,"GRC":79.9390243902439,"GRD":74.374,"GRL":68.5660975609756,"GTM":69.493,"GUM":76.233,"GUY":65.721,"HKG":82.3404878048781,"HND":69.657,"HRV":75.9121951219512,"HTI":61.28,"HUN":73.7024390243903,"IDN":68.085,"IMN":78.899,"IND":66.247,"IRL":80.0951219512195,"IRN":73.683,"IRQ":66.465,"ISL":81.609756097561,"ISR":80.9512195121951,"ITA":81.4853658536585,"JAM":71.502,"JOR":73.563,"JPN":82.5875609756098,"KAZ":66.759,"KEN":59.955,"KGZ":68.4512195121951,"KHM":66.147,"KIR":65.746,"KNA":71.479,"KOR":79.5170731707317,"KOS":74.711,"KWT":77.1890487804878,"LAO":62.248,"LBN":76.956,"LBR":58.675,"LBY":71.936,"LCA":72.963,"LIE":82.6829268292683,"LKA":72.556,"LSO":44.304,"LTU":71.8121951219512,"LUX":80.5390243902439,"LVA":72.419512195122,"MAC":82.0268292682927,"MAF":78.326,"MAR":70.051,"MCO":83.827,"MDA":69,"MDG":61.992,"MDV":75.999,"MEX":73.695,"MHL":64.3,"MKD":74.4,"MLI":55.187,"MLT":79.6365853658537,"MMR":56.364,"MNE":75.1365853658537,"MNG":67.2460975609756,"MNP":77.938,"MOZ":53.799,"MRT":65.233,"MUS":72.5707317073171,"MWI":55.715,"MYS":75.151,"NAM":54.74,"NCL":75.398,"NER":55.852,"NGA":50.748,"NIC":71.404,"NLD":80.2512195121951,"NOR":80.5926829268293,"NPL":66.442,"NRU":59.675,"NZL":80.3512195121951,"OMN":76.124,"PAK":64.002,"PAN":75.937,"PER":72.743,"PHL":68.643,"PLW":67.562,"PNG":62.511,"POL":75.5439024390244,"PRI":78.111,"PRK":69.303,"PRT":78.5243902439025,"PRY":72.047,"PYF":80.587,"QAT":78.262,"ROU":72.5658536585366,"RUS":67.9492682926829,"RWA":60.641,"SAU":75.301,"SDN":61.261,"SEN":63.201,"SGP":80.790243902439,"SLB":68.336,"SLE":50.693,"SLV":70.138,"SMR":82.894,"SOM":51.456,"SRB":73.8853658536585,"SSD":56.28,"STP":63.448,"SUR":68.873,"SVK":74.7048780487805,"SVN":78.7658536585366,"SWE":81.1,"SWZ":45.853,"SXM":74.852,"SYC":73.1634146341463,"SYR":73.368,"TCA":76.084,"TCD":49.503,"TGO":56.663,"THA":74.221,"TJK":67.924,"TKM":67.584,"TLS":62.858,"TON":71.041,"TTO":71.117,"TUN":74.192,"TUR":74.38,"TUV":64.516,"TZA":59.896,"UGA":58.253,"UKR":68.262,"URY":76.275,"USA":78.0390243902439,"UZB":69.035,"VCT":70.611,"VEN":72.578,"VGB":76.07,"VIR":77.1634146341463,"VNM":73.455,"VUT":69.302,"WBG":72.204,"WSM":71.531,"YEM":66.609,"ZAF":55.982,"ZMB":54.835,"ZWE":48.456}}