{"schemaVersion":1,"dataKind":"ranking-year","indicatorId":"SP.DYN.LE00.IN","year":2009,"valuesByCountry":{"ABW":73.974,"AFG":60.248,"AGO":56.225,"ALB":78.509,"AND":84.1,"ARE":81.679,"ARG":75.577,"ARM":73.0731707317073,"ASM":70.839,"ATG":76.386,"AUS":81.5439024390244,"AUT":80.3317073170732,"AZE":69.874,"BDI":56.422,"BEL":80.0341463414634,"BEN":58.258,"BFA":55.791,"BGD":67.527,"BGR":73.4121951219512,"BHR":78.016,"BHS":73.455,"BIH":76.701,"BLR":70.4073170731707,"BLZ":70.806,"BMU":79.229,"BOL":65.656,"BRA":73.457,"BRB":75.458,"BRN":74.814,"BTN":68.156,"BWA":58.297,"CAF":14.665,"CAN":81.0660975609756,"CHE":82.0439024390244,"CHL":78.89,"CHN":75.317,"CIV":54.744,"CMR":56.486,"COD":55.798,"COG":61.215,"COL":74.531,"COM":62.302,"CPV":72.142,"CRI":79.372,"CUB":77.584,"CUW":74.485,"CYM":75.671,"CYP":80.375,"CZE":77.0780487804878,"DEU":79.8365853658537,"DJI":60.351,"DMA":71.835,"DNK":78.5975609756098,"DOM":71.587,"DZA":73.871,"ECU":74.901,"EGY":68.915,"ERI":63.203,"ESP":81.4756097560976,"EST":74.8243902439024,"ETH":58.715,"FIN":79.719512195122,"FJI":66.347,"FRA":81.4146341463415,"FRO":80.3695317073171,"FSM":64.865,"G001":70.3795311943904,"GAB":64.361,"GBR":80.0512195121951,"GEO":71.058,"GHA":60.928,"GIB":81.807,"GIN":56.052,"GMB":60.735,"GNB":56.297,"GNQ":57.881,"GRC":80.1878048780488,"GRD":74.567,"GRL":69.0321951219512,"GTM":69.676,"GUM":76.141,"GUY":66.03,"HKG":82.7751219512195,"HND":69.823,"HRV":76.1682926829268,"HTI":61.694,"HUN":73.9048780487805,"IDN":68.267,"IMN":79.303,"IND":66.7,"IRL":80.190243902439,"IRN":74.041,"IRQ":67.834,"ISL":81.7512195121951,"ISR":81.4048780487805,"ITA":81.6365853658537,"JAM":71.717,"JOR":73.707,"JPN":82.9314634146342,"KAZ":67.46,"KEN":60.483,"KGZ":69.1024390243903,"KHM":66.747,"KIR":65.808,"KNA":71.488,"KOR":79.9682926829268,"KOS":74.79,"KWT":77.4333658536585,"LAO":63.023,"LBN":77.262,"LBR":59.106,"LBY":72.071,"LCA":72.946,"LIE":81.5,"LKA":70.298,"LSO":45.055,"LTU":72.9146341463415,"LUX":80.6365853658537,"LVA":73.0804878048781,"MAC":82.1756097560976,"MAF":78.513,"MAR":70.454,"MCO":84.187,"MDA":69.406,"MDG":62.304,"MDV":76.371,"MEX":73.628,"MHL":64.395,"MKD":74.4463414634146,"MLI":55.588,"MLT":80.2414634146342,"MMR":63.095,"MNE":75.1439024390244,"MNG":67.9690243902439,"MNP":77.903,"MOZ":54.4,"MRT":65.485,"MUS":72.8824390243903,"MWI":56.714,"MYS":75.269,"NAM":55.347,"NCL":75.676,"NER":56.487,"NGA":51.08,"NIC":71.499,"NLD":80.5487804878049,"NOR":80.7951219512195,"NPL":66.6,"NRU":59.852,"NZL":80.7024390243902,"OMN":76.631,"PAK":64.206,"PAN":76.228,"PER":72.631,"PHL":68.631,"PLW":67.99,"PNG":62.772,"POL":75.6951219512195,"PRI":78.377,"PRK":69.702,"PRT":78.7268292682927,"PRY":72.282,"PYF":80.867,"QAT":78.837,"ROU":73.309756097561,"RUS":68.6846341463415,"RWA":61.813,"SAU":75.447,"SDN":62.676,"SEN":63.751,"SGP":81.2414634146342,"SLB":68.397,"SLE":51.312,"SLV":70.359,"SMR":83.224,"SOM":52.101,"SRB":73.9853658536585,"SSD":56.848,"STP":63.669,"SUR":69.323,"SVK":74.909756097561,"SVN":78.9707317073171,"SWE":81.3512195121951,"SWZ":46.913,"SXM":74.796,"SYC":73.0829268292683,"SYR":73.496,"TCA":76.672,"TCD":49.828,"TGO":56.94,"THA":74.669,"TJK":68.248,"TKM":68.155,"TLS":63.265,"TON":70.949,"TTO":71.404,"TUN":74.32,"TUR":74.679,"TUV":64.693,"TZA":60.494,"UGA":59.157,"UKR":69.159,"URY":76.67,"USA":78.390243902439,"UZB":69.517,"VCT":70.712,"VEN":72.785,"VGB":76.205,"VIR":77.5146341463415,"VNM":73.525,"VUT":69.422,"WBG":72.306,"WSM":69.486,"YEM":66.905,"ZAF":57.413,"ZMB":55.886,"ZWE":49.75}}