{"schemaVersion":1,"dataKind":"ranking-year","indicatorId":"SP.DYN.LE00.IN","year":2010,"valuesByCountry":{"ABW":74.297,"AFG":60.702,"AGO":57.242,"ALB":78.414,"AND":84.197,"ARE":81.886,"ARG":75.68,"ARM":73.1731707317073,"ASM":72.587,"ATG":76.701,"AUS":81.6951219512195,"AUT":80.5804878048781,"AZE":70.309,"BDI":57.088,"BEL":80.1829268292683,"BEN":58.387,"BFA":56.343,"BGD":68.009,"BGR":73.5121951219512,"BHR":78.593,"BHS":73.449,"BIH":76.827,"BLR":70.4048780487805,"BLZ":70.875,"BMU":79.414,"BOL":66.003,"BRA":73.779,"BRB":75.488,"BRN":74.82,"BTN":68.765,"BWA":59.137,"CAF":46.871,"CAN":81.3221951219512,"CHE":82.2463414634147,"CHL":79.095,"CHN":75.668,"CIV":55.282,"CMR":56.965,"COD":56.411,"COG":61.731,"COL":74.876,"COM":62.747,"CPV":72.507,"CRI":79.354,"CUB":77.876,"CUW":75.117,"CYM":76.069,"CYP":80.632,"CZE":77.4243902439025,"DEU":79.9878048780488,"DJI":60.743,"DMA":71.68,"DNK":79.1,"DOM":72.039,"DZA":74.144,"ECU":75.188,"EGY":69.078,"ERI":63.665,"ESP":81.6268292682927,"EST":75.4292682926829,"ETH":59.709,"FIN":79.8707317073171,"FJI":66.778,"FRA":81.6634146341463,"FRO":80.604956097561,"FSM":64.892,"G001":70.6818497084676,"GAB":64.715,"GBR":80.4024390243902,"GEO":71.732,"GHA":61.297,"GIB":82.08,"GIN":56.431,"GMB":61.167,"GNB":56.999,"GNQ":58.344,"GRC":80.3878048780488,"GRD":74.731,"GRL":69.349756097561,"GTM":69.885,"GUM":76.095,"GUY":66.204,"HKG":82.9575609756098,"HND":69.77,"HRV":76.4756097560976,"HTI":45.577,"HUN":74.2073170731707,"IDN":68.364,"IMN":79.613,"IND":67.162,"IRL":80.7439024390244,"IRN":74.39,"IRQ":68.092,"ISL":81.8975609756097,"ISR":81.6024390243903,"ITA":82.0365853658537,"JAM":71.979,"JOR":73.797,"JPN":82.8426829268293,"KAZ":68.257,"KEN":60.915,"KGZ":69.3,"KHM":67.311,"KIR":65.859,"KNA":71.452,"KOR":80.1170731707317,"KOS":74.609,"KWT":77.7262195121951,"LAO":63.69,"LBN":77.529,"LBR":59.358,"LBY":72.196,"LCA":72.768,"LIE":81.8414634146342,"LKA":74.463,"LSO":46.045,"LTU":73.2682926829268,"LUX":80.6317073170732,"LVA":73.4829268292683,"MAC":82.2731707317073,"MAF":78.752,"MAR":70.821,"MCO":84.644,"MDA":69.876,"MDG":62.597,"MDV":76.756,"MEX":73.718,"MHL":64.498,"MKD":74.9975609756098,"MLI":55.993,"MLT":81.3975609756098,"MMR":63.479,"MNE":75.990243902439,"MNG":68.5056097560976,"MNP":77.8,"MOZ":55.04,"MRT":65.661,"MUS":72.9673170731707,"MWI":57.787,"MYS":75.376,"NAM":56.093,"NCL":75.992,"NER":57.08,"NGA":51.315,"NIC":71.761,"NLD":80.7024390243902,"NOR":80.9975609756098,"NPL":66.772,"NRU":60.074,"NZL":80.9048780487805,"OMN":77.184,"PAK":64.378,"PAN":76.417,"PER":72.886,"PHL":68.883,"PLW":68.347,"PNG":63.056,"POL":76.2463414634146,"PRI":78.717,"PRK":70.246,"PRT":79.0268292682927,"PRY":72.551,"PYF":81.141,"QAT":79.444,"ROU":73.4585365853659,"RUS":68.8412195121951,"RWA":62.804,"SAU":75.616,"SDN":62.979,"SEN":64.221,"SGP":81.5414634146342,"SLB":68.669,"SLE":51.927,"SLV":70.909,"SMR":83.464,"SOM":48.9,"SRB":74.3365853658537,"SSD":57.485,"STP":63.867,"SUR":69.626,"SVK":75.1121951219512,"SVN":79.4219512195122,"SWE":81.4512195121951,"SWZ":48.331,"SXM":74.821,"SYC":73.1975609756098,"SYR":73.542,"TCA":76.784,"TCD":50.107,"TGO":57.24,"THA":75.012,"TJK":68.37,"TKM":68.608,"TLS":63.66,"TON":71.319,"TTO":71.809,"TUN":74.438,"TUR":74.964,"TUV":64.834,"TZA":61.127,"UGA":59.959,"UKR":70.188,"URY":76.691,"USA":78.5414634146342,"UZB":69.836,"VCT":70.66,"VEN":73.092,"VGB":76.289,"VIR":77.8658536585366,"VNM":73.611,"VUT":69.57,"WBG":73.302,"WSM":71.451,"YEM":67.223,"ZAF":58.886,"ZMB":56.896,"ZWE":51.925}}