{"schemaVersion":1,"dataKind":"ranking-year","indicatorId":"SP.DYN.LE00.IN","year":2011,"valuesByCountry":{"ABW":74.578,"AFG":61.25,"AGO":58.093,"ALB":78.303,"AND":84.296,"ARE":81.898,"ARG":76.1,"ARM":73.8170731707317,"ASM":72.662,"ATG":77.023,"AUS":81.8951219512195,"AUT":80.9829268292683,"AZE":70.565,"BDI":57.804,"BEL":80.5853658536585,"BEN":58.462,"BFA":57.001,"BGD":68.499,"BGR":74.1634146341463,"BHR":79.141,"BHS":73.571,"BIH":76.963,"BLR":70.5536585365854,"BLZ":70.975,"BMU":79.651,"BOL":66.282,"BRA":74.047,"BRB":75.599,"BRN":74.835,"BTN":69.28,"BWA":59.715,"CAF":50.107,"CAN":81.4826829268293,"CHE":82.6951219512195,"CHL":79.236,"CHN":75.889,"CIV":55.972,"CMR":57.482,"COD":56.911,"COG":62.286,"COL":75.18,"COM":63.105,"CPV":72.913,"CRI":79.624,"CUB":78.051,"CUW":75.576,"CYM":76.562,"CYP":80.855,"CZE":77.8731707317073,"DEU":80.4365853658537,"DJI":61.337,"DMA":71.517,"DNK":79.8,"DOM":72.496,"DZA":74.383,"ECU":75.179,"EGY":69.232,"ERI":64.231,"ESP":82.4756097560976,"EST":76.2292682926829,"ETH":60.595,"FIN":80.4707317073171,"FJI":66.88,"FRA":82.1146341463415,"FRO":80.8518097560976,"FSM":64.969,"G001":70.9680197134964,"GAB":65.102,"GBR":80.9512195121951,"GEO":72.485,"GHA":61.617,"GIB":82.333,"GIN":56.778,"GMB":61.561,"GNB":57.663,"GNQ":58.827,"GRC":80.7317073170732,"GRD":74.861,"GRL":69.6146341463415,"GTM":70.321,"GUM":76.153,"GUY":66.469,"HKG":83.4119512195122,"HND":70.116,"HRV":76.7756097560976,"HTI":61.581,"HUN":74.8585365853659,"IDN":68.629,"IMN":79.836,"IND":67.623,"IRL":80.7463414634146,"IRN":74.721,"IRQ":68.435,"ISL":82.3585365853659,"ISR":81.6560975609756,"ITA":82.1878048780488,"JAM":72.245,"JOR":73.929,"JPN":82.5912195121951,"KAZ":69.108,"KEN":61.283,"KGZ":69.6024390243903,"KHM":67.869,"KIR":65.896,"KNA":71.4,"KOR":80.5682926829269,"KOS":75.323,"KWT":78.052243902439,"LAO":64.505,"LBN":77.768,"LBR":59.486,"LBY":69.95,"LCA":72.962,"LIE":81.7926829268293,"LKA":74.74,"LSO":46.93,"LTU":73.5634146341464,"LUX":80.9878048780488,"LVA":73.5756097560976,"MAC":82.4707317073171,"MAF":79.016,"MAR":71.263,"MCO":85.01,"MDA":70.173,"MDG":62.86,"MDV":77.141,"MEX":73.921,"MHL":64.641,"MKD":75.1,"MLI":56.367,"MLT":80.7463414634146,"MMR":63.859,"MNE":76.0829268292683,"MNG":69.109268292683,"MNP":77.688,"MOZ":55.733,"MRT":65.754,"MUS":73.2668292682927,"MWI":58.859,"MYS":75.488,"NAM":56.647,"NCL":76.315,"NER":57.6,"NGA":51.49,"NIC":72.033,"NLD":81.2048780487805,"NOR":81.2951219512195,"NPL":67.123,"NRU":60.287,"NZL":81.1560975609756,"OMN":77.74,"PAK":64.659,"PAN":76.659,"PER":73.327,"PHL":69.096,"PLW":68.638,"PNG":63.382,"POL":76.6951219512195,"PRI":78.766,"PRK":70.772,"PRT":80.4707317073171,"PRY":72.787,"PYF":81.434,"QAT":79.994,"ROU":74.409756097561,"RUS":69.6839024390244,"RWA":63.476,"SAU":75.808,"SDN":63.181,"SEN":64.799,"SGP":81.7439024390244,"SLB":68.824,"SLE":52.594,"SLV":71.192,"SMR":83.713,"SOM":32.453,"SRB":74.5365853658537,"SSD":57.674,"STP":64.122,"SUR":69.82,"SVK":75.9585365853659,"SVN":79.9707317073171,"SWE":81.8024390243903,"SWZ":49.057,"SXM":74.868,"SYC":72.7243902439024,"SYR":72.259,"TCA":76.87,"TCD":50.426,"TGO":57.624,"THA":75.302,"TJK":68.698,"TKM":68.87,"TLS":64.022,"TON":71.437,"TTO":72.232,"TUN":74.471,"TUR":74.823,"TUV":64.96,"TZA":61.618,"UGA":60.791,"UKR":70.711,"URY":76.614,"USA":78.6414634146341,"UZB":70.143,"VCT":70.609,"VEN":73.09,"VGB":76.363,"VIR":78.3170731707317,"VNM":73.713,"VUT":69.729,"WBG":73.557,"WSM":71.393,"YEM":67.412,"ZAF":60.602,"ZMB":57.843,"ZWE":53.911}}