{"schemaVersion":1,"dataKind":"ranking-year","indicatorId":"SP.DYN.LE00.IN","year":2012,"valuesByCountry":{"ABW":74.841,"AFG":61.735,"AGO":58.916,"ALB":78.084,"AND":84.334,"ARE":81.913,"ARG":75.802,"ARM":74.119512195122,"ASM":72.709,"ATG":77.1,"AUS":82.0463414634146,"AUT":80.9365853658537,"AZE":71.08,"BDI":58.501,"BEL":80.3853658536585,"BEN":58.559,"BFA":57.457,"BGD":68.989,"BGR":74.3146341463415,"BHR":79.622,"BHS":73.707,"BIH":77.037,"BLR":71.9658536585366,"BLZ":71.134,"BMU":79.847,"BOL":66.586,"BRA":74.335,"BRB":75.737,"BRN":74.843,"BTN":69.759,"BWA":60.384,"CAF":51.336,"CAN":81.6636585365854,"CHE":82.6975609756098,"CHL":79.221,"CHN":76.2,"CIV":56.57,"CMR":58.17,"COD":57.35,"COG":62.662,"COL":75.611,"COM":63.463,"CPV":73.315,"CRI":79.925,"CUB":78.162,"CUW":75.96,"CYM":77.121,"CYP":81.128,"CZE":78.0756097560976,"DEU":80.5390243902439,"DJI":61.719,"DMA":71.391,"DNK":80.0512195121951,"DOM":72.817,"DZA":74.609,"ECU":75.486,"EGY":69.464,"ERI":64.697,"ESP":82.4268292682927,"EST":76.3268292682927,"ETH":61.443,"FIN":80.6268292682927,"FJI":65.812,"FRA":81.9682926829268,"FRO":81.1060951219512,"FSM":65.08,"G001":71.2637251826139,"GAB":65.438,"GBR":80.9048780487805,"GEO":72.672,"GHA":61.995,"GIB":82.527,"GIN":57.117,"GMB":61.9,"GNB":58.27,"GNQ":59.301,"GRC":80.6341463414634,"GRD":74.961,"GRL":69.959512195122,"GTM":70.722,"GUM":76.237,"GUY":66.443,"HKG":83.450243902439,"HND":70.46,"HRV":77.1682926829268,"HTI":62.273,"HUN":75.0634146341463,"IDN":68.862,"IMN":80.007,"IND":68.076,"IRL":80.8463414634146,"IRN":75.039,"IRQ":68.827,"ISL":82.9170731707317,"ISR":81.7048780487805,"ITA":82.2390243902439,"JAM":72.405,"JOR":74.087,"JPN":83.0960975609756,"KAZ":69.939,"KEN":61.537,"KGZ":70.0024390243902,"KHM":68.371,"KIR":65.908,"KNA":71.362,"KOR":80.819512195122,"KOS":75.75,"KWT":78.3950243902439,"LAO":65.126,"LBN":77.941,"LBR":59.785,"LBY":72.188,"LCA":72.86,"LIE":82.3829268292683,"LKA":75.187,"LSO":48.235,"LTU":73.8634146341464,"LUX":81.3926829268293,"LVA":73.7780487804878,"MAC":82.4707317073171,"MAF":79.302,"MAR":71.674,"MCO":85.045,"MDA":70.344,"MDG":63.007,"MDV":77.512,"MEX":74.128,"MHL":64.776,"MKD":74.9024390243903,"MLI":56.696,"MLT":80.7463414634146,"MMR":64.251,"MNE":76.3,"MNG":69.500243902439,"MNP":77.566,"MOZ":56.46,"MRT":65.808,"MUS":73.8634146341464,"MWI":59.87,"MYS":75.552,"NAM":57.733,"NCL":76.615,"NER":57.987,"NGA":51.688,"NIC":72.435,"NLD":81.1048780487805,"NOR":81.4512195121951,"NPL":67.364,"NRU":60.533,"NZL":81.4073170731707,"OMN":78.187,"PAK":64.883,"PAN":76.877,"PER":73.979,"PHL":69.237,"PLW":68.863,"PNG":63.639,"POL":76.7463414634146,"PRI":79.258,"PRK":71.317,"PRT":80.3731707317073,"PRY":73.105,"PYF":81.695,"QAT":80.499,"ROU":74.4121951219512,"RUS":70.0721951219512,"RWA":64.189,"SAU":76.09,"SDN":63.427,"SEN":65.229,"SGP":81.9951219512195,"SLB":68.961,"SLE":53.159,"SLV":71.42,"SMR":83.943,"SOM":49.138,"SRB":74.8365853658537,"SSD":58.241,"STP":64.505,"SUR":69.957,"SVK":76.109756097561,"SVN":80.1243902439024,"SWE":81.7048780487805,"SWZ":50.714,"SXM":75.125,"SYC":74.2756097560976,"SYR":66.206,"TCA":76.969,"TCD":50.765,"TGO":57.953,"THA":75.59,"TJK":69.13,"TKM":68.961,"TLS":64.384,"TON":71.546,"TTO":72.513,"TUN":74.599,"TUR":75.552,"TUV":65.079,"TZA":62.286,"UGA":61.579,"UKR":71.09,"URY":76.691,"USA":78.7414634146342,"UZB":70.411,"VCT":70.539,"VEN":73.086,"VGB":76.433,"VIR":78.5170731707317,"VNM":73.762,"VUT":69.898,"WBG":73.722,"WSM":71.159,"YEM":67.569,"ZAF":61.737,"ZMB":58.704,"ZWE":55.386}}