{"schemaVersion":1,"dataKind":"ranking-year","indicatorId":"SP.DYN.LE00.IN","year":2013,"valuesByCountry":{"ABW":75.072,"AFG":62.188,"AGO":59.705,"ALB":77.995,"AND":84.406,"ARE":81.95,"ARG":75.829,"ARM":74.6219512195122,"ASM":72.769,"ATG":77.05,"AUS":82.1487804878049,"AUT":81.1365853658537,"AZE":71.485,"BDI":59.179,"BEL":80.5878048780488,"BEN":58.863,"BFA":57.903,"BGD":69.487,"BGR":74.8609756097561,"BHR":79.998,"BHS":73.93,"BIH":77.129,"BLR":72.4707317073171,"BLZ":71.276,"BMU":80.016,"BOL":66.777,"BRA":74.609,"BRB":75.816,"BRN":74.854,"BTN":70.161,"BWA":61.217,"CAF":49.487,"CAN":81.7448780487805,"CHE":82.7975609756098,"CHL":79.551,"CHN":76.452,"CIV":57.057,"CMR":58.73,"COD":57.795,"COG":62.969,"COL":75.834,"COM":63.839,"CPV":73.481,"CRI":80.189,"CUB":78.028,"CUW":76.239,"CYM":77.652,"CYP":81.317,"CZE":78.1756097560976,"DEU":80.490243902439,"DJI":62.116,"DMA":71.228,"DNK":80.3,"DOM":73.038,"DZA":74.809,"ECU":75.832,"EGY":69.632,"ERI":65.005,"ESP":83.0780487804878,"EST":77.1414634146341,"ETH":62.161,"FIN":80.9756097560976,"FJI":66.545,"FRA":82.219512195122,"FRO":81.356643902439,"FSM":65.179,"G001":71.5326075432729,"GAB":65.751,"GBR":81.0048780487805,"GEO":73.025,"GHA":62.397,"GIB":82.586,"GIN":57.459,"GMB":62.252,"GNB":58.879,"GNQ":59.784,"GRC":81.2853658536585,"GRD":75.022,"GRL":70.2917073170732,"GTM":70.878,"GUM":76.361,"GUY":66.71,"HKG":83.8312195121951,"HND":70.765,"HRV":77.5707317073171,"HTI":62.624,"HUN":75.5658536585366,"IDN":69.064,"IMN":80.12,"IND":68.499,"IRL":80.9487804878049,"IRN":75.349,"IRQ":69.047,"ISL":82.0609756097561,"ISR":82.0560975609756,"ITA":82.690243902439,"JAM":72.435,"JOR":74.282,"JPN":83.3319512195122,"KAZ":70.719,"KEN":61.729,"KGZ":70.2024390243902,"KHM":68.755,"KIR":65.898,"KNA":71.29,"KOR":81.2707317073171,"KOS":76.336,"KWT":78.7418048780488,"LAO":65.723,"LBN":78.037,"LBR":59.992,"LBY":72.339,"LCA":72.687,"LIE":82.2609756097561,"LKA":75.546,"LSO":49.547,"LTU":73.9146341463415,"LUX":81.8,"LVA":73.9829268292683,"MAC":82.7219512195122,"MAF":79.528,"MAR":72.117,"MCO":85.056,"MDA":70.291,"MDG":63.161,"MDV":77.847,"MEX":74.289,"MHL":64.954,"MKD":75.4,"MLI":57.052,"MLT":81.7463414634146,"MMR":64.617,"MNE":76.490243902439,"MNG":70.0980487804878,"MNP":77.452,"MOZ":57.189,"MRT":65.89,"MUS":74.0170731707317,"MWI":60.816,"MYS":75.464,"NAM":58.468,"NCL":76.867,"NER":58.364,"NGA":51.827,"NIC":72.551,"NLD":81.3048780487805,"NOR":81.7512195121951,"NPL":67.598,"NRU":60.701,"NZL":81.4048780487805,"OMN":78.633,"PAK":65.129,"PAN":77.129,"PER":74.591,"PHL":69.283,"PLW":68.981,"PNG":63.927,"POL":77,"PRI":80.318,"PRK":71.867,"PRT":80.7219512195122,"PRY":73.292,"PYF":81.935,"QAT":80.974,"ROU":75.0634146341463,"RUS":70.5787804878049,"RWA":64.651,"SAU":76.517,"SDN":63.443,"SEN":65.638,"SGP":82.2463414634147,"SLB":69.007,"SLE":54.051,"SLV":71.225,"SMR":84.175,"SOM":54.016,"SRB":75.1853658536585,"SSD":58.285,"STP":64.93,"SUR":70.11,"SVK":76.4121951219512,"SVN":80.3219512195122,"SWE":81.9560975609756,"SWZ":52.11,"SXM":75.391,"SYC":73.119512195122,"SYR":65.146,"TCA":77.1,"TCD":51.051,"TGO":58.356,"THA":75.96,"TJK":69.579,"TKM":68.968,"TLS":64.719,"TON":71.65,"TTO":72.785,"TUN":74.674,"TUR":76.171,"TUV":65.171,"TZA":62.788,"UGA":62.353,"UKR":71.474,"URY":76.953,"USA":78.7414634146342,"UZB":70.692,"VCT":70.091,"VEN":73.076,"VGB":76.472,"VIR":78.7170731707317,"VNM":73.821,"VUT":69.986,"WBG":74.14,"WSM":71.229,"YEM":67.961,"ZAF":62.388,"ZMB":59.445,"ZWE":56.842}}