{"schemaVersion":1,"dataKind":"ranking-year","indicatorId":"SP.DYN.LE00.IN","year":2014,"valuesByCountry":{"ABW":75.261,"AFG":62.26,"AGO":60.396,"ALB":78.029,"AND":84.485,"ARE":81.99,"ARG":76.268,"ARM":74.8731707317073,"ASM":72.687,"ATG":76.912,"AUS":82.3,"AUT":81.490243902439,"AZE":71.93,"BDI":59.764,"BEL":81.2878048780488,"BEN":59.008,"BFA":58.331,"BGD":70.016,"BGR":74.4658536585366,"BHR":80.214,"BHS":74.029,"BIH":77.089,"BLR":72.9707317073171,"BLZ":71.437,"BMU":80.199,"BOL":66.97,"BRA":74.823,"BRB":75.926,"BRN":74.862,"BTN":70.504,"BWA":62.167,"CAF":40.265,"CAN":81.7843902439025,"CHE":83.1975609756098,"CHL":79.714,"CHN":76.714,"CIV":57.772,"CMR":59.13,"COD":58.236,"COG":63.349,"COL":75.95,"COM":64.143,"CPV":73.788,"CRI":80.231,"CUB":77.825,"CUW":76.384,"CYM":77.865,"CYP":81.337,"CZE":78.8243902439024,"DEU":81.090243902439,"DJI":62.427,"DMA":71.189,"DNK":80.7,"DOM":73.145,"DZA":74.992,"ECU":76.141,"EGY":69.911,"ERI":65.517,"ESP":83.2292682926829,"EST":77.0341463414634,"ETH":62.927,"FIN":81.1804878048781,"FJI":66.581,"FRA":82.719512195122,"FRO":81.5912048780488,"FSM":65.294,"G001":71.775442613023,"GAB":66.07,"GBR":81.3048780487805,"GEO":73.105,"GHA":62.832,"GIB":82.644,"GIN":57.581,"GMB":62.576,"GNB":59.476,"GNQ":60.228,"GRC":81.3853658536585,"GRD":75.045,"GRL":70.5082926829268,"GTM":70.942,"GUM":76.423,"GUY":67.334,"HKG":83.9356097560976,"HND":71.032,"HRV":77.7243902439024,"HTI":62.969,"HUN":75.7634146341463,"IDN":69.292,"IMN":80.199,"IND":68.932,"IRL":81.3487804878049,"IRN":75.635,"IRQ":69.679,"ISL":82.8609756097561,"ISR":82.1536585365854,"ITA":83.090243902439,"JAM":72.357,"JOR":74.606,"JPN":83.5878048780488,"KAZ":71.415,"KEN":61.99,"KGZ":70.4024390243902,"KHM":69.117,"KIR":65.869,"KNA":71.228,"KOR":81.7219512195122,"KOS":76.179,"KWT":79.0803414634146,"LAO":66.35,"LBN":78.148,"LBR":59.21,"LBY":71.3,"LCA":72.676,"LIE":82.0731707317073,"LKA":75.757,"LSO":50.786,"LTU":74.5170731707317,"LUX":82.2292682926829,"LVA":74.1243902439024,"MAC":83.0219512195122,"MAF":79.727,"MAR":72.522,"MCO":85.093,"MDA":70.241,"MDG":63.261,"MDV":78.187,"MEX":74.404,"MHL":65.11,"MKD":75.4512195121951,"MLI":57.482,"MLT":81.8951219512195,"MMR":64.994,"MNE":76.3390243902439,"MNG":70.5831707317073,"MNP":77.377,"MOZ":57.965,"MRT":66.207,"MUS":74.1943902439024,"MWI":61.651,"MYS":75.345,"NAM":59.311,"NCL":77.053,"NER":58.693,"NGA":51.94,"NIC":72.792,"NLD":81.7073170731707,"NOR":82.1,"NPL":67.812,"NRU":60.834,"NZL":81.4568292682927,"OMN":79.03,"PAK":65.374,"PAN":77.365,"PER":75.26,"PHL":69.311,"PLW":69.062,"PNG":64.198,"POL":77.6024390243903,"PRI":80.039,"PRK":72.451,"PRT":81.1219512195122,"PRY":73.415,"PYF":82.151,"QAT":81.395,"ROU":74.909756097561,"RUS":70.7436585365854,"RWA":65.088,"SAU":77.116,"SDN":63.99,"SEN":66.001,"SGP":82.4951219512195,"SLB":68.984,"SLE":54.281,"SLV":71.144,"SMR":84.394,"SOM":54.442,"SRB":75.3365853658537,"SSD":45.625,"STP":65.478,"SUR":70.33,"SVK":76.8121951219512,"SVN":81.0780487804878,"SWE":82.2536585365854,"SWZ":53.491,"SXM":75.735,"SYC":73.2292682926829,"SYR":65.492,"TCA":77.212,"TCD":51.141,"TGO":58.776,"THA":76.279,"TJK":69.697,"TKM":69.001,"TLS":65.027,"TON":71.721,"TTO":72.898,"TUN":74.784,"TUR":76.452,"TUV":65.278,"TZA":63.364,"UGA":63.057,"UKR":71.803,"URY":77.194,"USA":78.8414634146341,"UZB":70.973,"VCT":70.355,"VEN":72.837,"VGB":76.527,"VIR":78.8682926829268,"VNM":73.886,"VUT":70.043,"WBG":72.781,"WSM":71.142,"YEM":68.003,"ZAF":63.184,"ZMB":60.109,"ZWE":58.106}}