{"schemaVersion":1,"dataKind":"ranking-year","indicatorId":"SP.DYN.LE00.IN","year":2015,"valuesByCountry":{"ABW":75.405,"AFG":62.27,"AGO":61.042,"ALB":78.358,"AND":84.532,"ARE":82.076,"ARG":76.6,"ARM":74.8707317073171,"ASM":72.654,"ATG":76.892,"AUS":82.4,"AUT":81.190243902439,"AZE":72.349,"BDI":60.107,"BEL":80.9926829268293,"BEN":59.123,"BFA":58.778,"BGD":70.543,"BGR":74.6146341463415,"BHR":80.338,"BHS":73.805,"BIH":77.073,"BLR":73.6243902439025,"BLZ":71.647,"BMU":80.338,"BOL":67.205,"BRA":75.106,"BRB":76.055,"BRN":74.88,"BTN":70.797,"BWA":63.215,"CAF":51.934,"CAN":81.8258536585366,"CHE":82.8975609756098,"CHL":80.008,"CHN":76.975,"CIV":58.281,"CMR":59.687,"COD":58.658,"COG":63.662,"COL":76.067,"COM":64.473,"CPV":74.096,"CRI":80.407,"CUB":77.745,"CUW":76.482,"CYM":78.119,"CYP":81.464,"CZE":78.5780487804878,"DEU":80.6414634146341,"DJI":62.833,"DMA":69.968,"DNK":80.7024390243902,"DOM":72.982,"DZA":75.159,"ECU":76.222,"EGY":70.135,"ERI":65.909,"ESP":82.8317073170732,"EST":77.590243902439,"ETH":63.592,"FIN":81.4804878048781,"FJI":66.48,"FRA":82.3219512195122,"FRO":81.7995975609756,"FSM":65.306,"G001":71.9646262286432,"GAB":66.336,"GBR":80.9560975609756,"GEO":73.241,"GHA":63.175,"GIB":82.668,"GIN":57.899,"GMB":62.971,"GNB":60.071,"GNQ":60.635,"GRC":81.0365853658537,"GRD":75.037,"GRL":70.909756097561,"GTM":70.915,"GUM":76.444,"GUY":67.719,"HKG":84.2526829268293,"HND":71.323,"HRV":77.2756097560976,"HTI":63.224,"HUN":75.5682926829269,"IDN":69.52,"IMN":80.267,"IND":69.326,"IRL":81.4536585365854,"IRN":75.907,"IRQ":69.977,"ISL":82.4682926829268,"ISR":82.0512195121951,"ITA":82.5439024390244,"JAM":72.214,"JOR":75.06,"JPN":83.7939024390244,"KAZ":72.024,"KEN":62.279,"KGZ":70.6512195121951,"KHM":69.398,"KIR":65.831,"KNA":71.211,"KOR":82.0243902439024,"KOS":76.024,"KWT":79.3765609756098,"LAO":66.688,"LBN":78.275,"LBR":59.248,"LBY":71.644,"LCA":72.932,"LIE":82.6560975609756,"LKA":75.99,"LSO":51.83,"LTU":74.3219512195122,"LUX":82.2926829268293,"LVA":74.4804878048781,"MAC":83.2243902439024,"MAF":79.829,"MAR":72.894,"MCO":85.323,"MDA":70.118,"MDG":63.362,"MDV":78.607,"MEX":74.431,"MHL":65.292,"MKD":75.4024390243902,"MLI":57.852,"MLT":81.7975609756098,"MMR":65.288,"MNE":76.6024390243903,"MNG":70.810243902439,"MNP":77.36,"MOZ":58.711,"MRT":66.498,"MUS":74.3531707317073,"MWI":62.324,"MYS":75.288,"NAM":60.008,"NCL":77.206,"NER":58.85,"NGA":51.939,"NIC":72.899,"NLD":81.509756097561,"NOR":82.3048780487805,"NPL":67.374,"NRU":60.897,"NZL":81.6124390243903,"OMN":79.346,"PAK":65.641,"PAN":77.583,"PER":75.732,"PHL":69.45,"PLW":69.07,"PNG":64.473,"POL":77.4512195121951,"PRI":80.677,"PRK":72.825,"PRT":81.1243902439025,"PRY":73.454,"PYF":82.339,"QAT":81.785,"ROU":74.9121951219512,"RUS":71.1834146341463,"RWA":65.419,"SAU":77.776,"SDN":64.375,"SEN":66.451,"SGP":82.7439024390244,"SLB":69.323,"SLE":55.454,"SLV":70.952,"SMR":84.596,"SOM":55.056,"SRB":75.2878048780488,"SSD":39.757,"STP":66.023,"SUR":70.567,"SVK":76.5634146341463,"SVN":80.7756097560976,"SWE":82.2048780487805,"SWZ":54.941,"SXM":75.899,"SYC":74.2951219512195,"SYR":63.265,"TCA":77.321,"TCD":51.32,"TGO":59.23,"THA":76.563,"TJK":69.665,"TKM":69.061,"TLS":65.326,"TON":71.851,"TTO":72.882,"TUN":74.875,"TUR":76.539,"TUV":65.365,"TZA":63.928,"UGA":63.831,"UKR":72.686,"URY":77.285,"USA":78.690243902439,"UZB":71.33,"VCT":70.463,"VEN":73.004,"VGB":76.558,"VIR":79.0170731707317,"VNM":73.955,"VUT":70.163,"WBG":74.577,"WSM":71.06,"YEM":66.761,"ZAF":64.053,"ZMB":60.728,"ZWE":58.989}}