{"schemaVersion":1,"dataKind":"ranking-year","indicatorId":"SP.DYN.LE00.IN","year":2016,"valuesByCountry":{"ABW":75.54,"AFG":62.646,"AGO":61.619,"ALB":78.643,"AND":84.489,"ARE":82.195,"ARG":76.105,"ARM":74.8682926829268,"ASM":72.64,"ATG":76.968,"AUS":82.4487804878049,"AUT":81.6414634146342,"AZE":72.568,"BDI":60.789,"BEL":81.4390243902439,"BEN":59.283,"BFA":59.173,"BGD":71.075,"BGR":74.8121951219512,"BHR":80.407,"BHS":74.042,"BIH":77.124,"BLR":73.8268292682927,"BLZ":71.843,"BMU":80.476,"BOL":67.392,"BRA":75.081,"BRB":76.168,"BRN":74.905,"BTN":71.119,"BWA":64.32,"CAF":50.999,"CAN":81.94,"CHE":83.6024390243903,"CHL":80.295,"CHN":77.214,"CIV":58.814,"CMR":60.293,"COD":59.081,"COG":63.911,"COL":76.228,"COM":64.792,"CPV":74.35,"CRI":79.988,"CUB":77.571,"CUW":76.322,"CYM":78.367,"CYP":81.534,"CZE":79.0268292682927,"DEU":80.990243902439,"DJI":63.335,"DMA":71.189,"DNK":80.8536585365854,"DOM":72.889,"DZA":75.31,"ECU":76.094,"EGY":70.437,"ERI":66.242,"ESP":83.3292682926829,"EST":77.6414634146342,"ETH":64.162,"FIN":81.4292682926829,"FJI":66.657,"FRA":82.5731707317073,"FRO":81.962112195122,"FSM":65.576,"G001":72.1847318478467,"GAB":66.583,"GBR":81.1560975609756,"GEO":73.136,"GHA":63.522,"GIB":82.741,"GIN":58.49,"GMB":63.386,"GNB":60.619,"GNQ":61.081,"GRC":81.3878048780488,"GRD":75.01,"GRL":71.1990243902439,"GTM":71.215,"GUM":76.449,"GUY":68.069,"HKG":84.2114634146342,"HND":71.615,"HRV":77.9219512195122,"HTI":63.325,"HUN":76.0634146341464,"IDN":69.733,"IMN":80.391,"IND":69.709,"IRL":81.6536585365854,"IRN":76.155,"IRQ":68.683,"ISL":82.2048780487805,"ISR":82.4073170731707,"ITA":83.2439024390244,"JAM":72.052,"JOR":75.55,"JPN":83.9848780487805,"KAZ":72.549,"KEN":62.526,"KGZ":70.9512195121951,"KHM":69.635,"KIR":65.799,"KNA":71.227,"KOR":82.2756097560976,"KOS":76.748,"KWT":79.6775853658537,"LAO":67.014,"LBN":78.306,"LBR":60.483,"LBY":71.799,"LCA":72.552,"LIE":82.2585365853659,"LKA":76.136,"LSO":52.908,"LTU":74.6707317073171,"LUX":82.6853658536585,"LVA":74.580487804878,"MAC":83.2756097560976,"MAF":79.885,"MAR":73.228,"MCO":85.63,"MDA":70.179,"MDG":63.431,"MDV":78.913,"MEX":74.376,"MHL":65.477,"MKD":75.4,"MLI":58.286,"MLT":82.3536585365854,"MMR":65.64,"MNE":76.5414634146342,"MNG":70.2239024390244,"MNP":77.392,"MOZ":59.455,"MRT":66.823,"MUS":74.3948780487805,"MWI":63.163,"MYS":75.371,"NAM":60.81,"NCL":77.359,"NER":59.228,"NGA":52.189,"NIC":73.18,"NLD":81.5609756097561,"NOR":82.4073170731707,"NPL":68.444,"NRU":60.996,"NZL":81.6585365853659,"OMN":79.581,"PAK":65.943,"PAN":77.772,"PER":75.951,"PHL":69.49,"PLW":69.046,"PNG":64.7,"POL":77.8512195121951,"PRI":80.355,"PRK":72.971,"PRT":81.1243902439025,"PRY":73.487,"PYF":82.555,"QAT":82.147,"ROU":75.209756097561,"RUS":71.6512195121951,"RWA":65.733,"SAU":78.354,"SDN":64.677,"SEN":66.724,"SGP":82.8463414634146,"SLB":69.501,"SLE":56.937,"SLV":70.908,"SMR":84.775,"SOM":55.283,"SRB":75.6878048780488,"SSD":36.72,"STP":66.563,"SUR":70.979,"SVK":77.1658536585366,"SVN":81.1756097560976,"SWE":82.3073170731707,"SWZ":56.228,"SXM":75.952,"SYC":74.309756097561,"SYR":65.19,"TCA":77.437,"TCD":51.603,"TGO":59.677,"THA":76.769,"TJK":69.982,"TKM":69.142,"TLS":65.61,"TON":71.951,"TTO":72.935,"TUN":75.007,"TUR":76.595,"TUV":65.51,"TZA":64.404,"UGA":64.494,"UKR":73.389,"URY":77.351,"USA":78.5390243902439,"UZB":71.58,"VCT":70.7,"VEN":72.002,"VGB":76.624,"VIR":79.1682926829268,"VNM":73.984,"VUT":70.397,"WBG":74.917,"WSM":71.003,"YEM":67.105,"ZAF":64.749,"ZMB":61.129,"ZWE":59.76}}