{"schemaVersion":1,"dataKind":"ranking-year","indicatorId":"SP.DYN.LE00.IN","year":2017,"valuesByCountry":{"ABW":75.62,"AFG":62.406,"AGO":62.122,"ALB":78.9,"AND":84.359,"ARE":82.388,"ARG":76.543,"ARM":75.2170731707317,"ASM":72.801,"ATG":77.03,"AUS":82.5,"AUT":81.6439024390244,"AZE":72.694,"BDI":61.345,"BEL":81.4926829268293,"BEN":59.528,"BFA":59.578,"BGD":71.606,"BGR":74.8146341463415,"BHR":80.407,"BHS":74.031,"BIH":77.385,"BLR":74.1292682926829,"BLZ":72.062,"BMU":80.686,"BOL":67.536,"BRA":75.383,"BRB":76.237,"BRN":74.943,"BTN":71.413,"BWA":65.42,"CAF":45.231,"CAN":81.8078048780488,"CHE":83.5512195121951,"CHL":80.61,"CHN":77.235,"CIV":59.315,"CMR":60.817,"COD":59.495,"COG":64.203,"COL":76.418,"COM":65.127,"CPV":74.71,"CRI":79.994,"CUB":77.3,"CUW":76.423,"CYM":78.615,"CYP":81.543,"CZE":78.9780487804878,"DEU":80.9926829268293,"DJI":63.71,"DMA":68.62,"DNK":81.1024390243903,"DOM":73.37,"DZA":75.431,"ECU":76.22,"EGY":70.709,"ERI":66.612,"ESP":83.2829268292683,"EST":78.0926829268293,"ETH":64.766,"FIN":81.6317073170732,"FJI":67.06,"FRA":82.5756097560976,"FRO":82.1062926829268,"FSM":65.761,"G001":72.3651230321768,"GAB":66.816,"GBR":81.2560975609756,"GEO":73.435,"GHA":63.829,"GIB":82.858,"GIN":58.715,"GMB":63.708,"GNB":61.148,"GNQ":61.481,"GRC":81.2878048780488,"GRD":74.977,"GRL":71.2563414634146,"GTM":71.583,"GUM":76.463,"GUY":68.543,"HKG":84.6956097560976,"HND":71.805,"HRV":77.7268292682927,"HTI":63.832,"HUN":75.8170731707317,"IDN":69.953,"IMN":80.506,"IND":70.068,"IRL":82.1560975609756,"IRN":76.396,"IRQ":69.788,"ISL":82.6609756097561,"ISR":82.5512195121951,"ITA":82.9463414634147,"JAM":71.879,"JOR":76.071,"JPN":84.099756097561,"KAZ":72.996,"KEN":62.725,"KGZ":71.2,"KHM":69.842,"KIR":65.787,"KNA":71.284,"KOR":82.6268292682927,"KOS":77.105,"KWT":79.9160731707317,"LAO":67.345,"LBN":78.192,"LBR":60.777,"LBY":72.721,"LCA":72.522,"LIE":83.7463414634147,"LKA":76.239,"LSO":53.874,"LTU":75.4804878048781,"LUX":82.0951219512195,"LVA":74.6292682926829,"MAC":83.5268292682927,"MAF":78.762,"MAR":73.608,"MCO":85.878,"MDA":70.375,"MDG":63.433,"MDV":79.228,"MEX":74.261,"MHL":65.673,"MKD":75.9536585365854,"MLI":58.562,"MLT":82.1951219512195,"MMR":65.909,"MNE":76.6853658536585,"MNG":70.5434146341463,"MNP":77.47,"MOZ":60.148,"MRT":67.088,"MUS":74.5146341463415,"MWI":63.914,"MYS":75.542,"NAM":61.661,"NCL":77.504,"NER":59.524,"NGA":52.397,"NIC":73.389,"NLD":81.7609756097561,"NOR":82.609756097561,"NPL":68.74,"NRU":61.101,"NZL":81.8585365853659,"OMN":79.748,"PAK":66.223,"PAN":77.901,"PER":75.958,"PHL":69.966,"PLW":69.019,"PNG":64.923,"POL":77.7536585365854,"PRI":79.07,"PRK":73.034,"PRT":81.4243902439025,"PRY":73.45,"PYF":82.774,"QAT":82.458,"ROU":75.209756097561,"RUS":72.4514634146342,"RWA":66.14,"SAU":78.721,"SDN":65.146,"SEN":67.059,"SGP":83.0951219512195,"SLB":69.652,"SLE":57.761,"SLV":71.007,"SMR":84.933,"SOM":52.19,"SRB":75.5390243902439,"SSD":35.351,"STP":67.074,"SUR":71.247,"SVK":77.1658536585366,"SVN":81.0292682926829,"SWE":82.409756097561,"SWZ":57.574,"SXM":75.455,"SYC":74.3,"SYR":65.651,"TCA":77.505,"TCD":51.875,"TGO":60.145,"THA":76.989,"TJK":70.524,"TKM":69.19,"TLS":65.898,"TON":72.066,"TTO":72.984,"TUN":75.177,"TUR":77.037,"TUV":65.683,"TZA":64.963,"UGA":65.174,"UKR":73.993,"URY":77.618,"USA":78.5390243902439,"UZB":71.737,"VCT":71.013,"VEN":71.903,"VGB":75.67,"VIR":79.3682926829268,"VNM":74.026,"VUT":70.5,"WBG":75.216,"WSM":70.991,"YEM":67.12,"ZAF":65.422,"ZMB":61.564,"ZWE":60.263}}