{"schemaVersion":1,"dataKind":"ranking-year","indicatorId":"SP.DYN.LE00.IN","year":2018,"valuesByCountry":{"ABW":75.88,"AFG":62.443,"AGO":62.622,"ALB":79.238,"AND":84.242,"ARE":82.449,"ARG":76.77,"ARM":75.619512195122,"ASM":72.794,"ATG":77.132,"AUS":82.7487804878049,"AUT":81.6926829268293,"AZE":73.016,"BDI":61.806,"BEL":81.5951219512195,"BEN":59.71,"BFA":59.972,"BGD":72.122,"BGR":74.9634146341464,"BHR":80.412,"BHS":74.062,"BIH":77.942,"BLR":74.1756097560976,"BLZ":72.322,"BMU":80.986,"BOL":67.699,"BRA":75.633,"BRB":76.378,"BRN":74.992,"BTN":71.711,"BWA":66.371,"CAF":52.297,"CAN":81.8036585365854,"CHE":83.7536585365854,"CHL":80.559,"CHN":77.709,"CIV":59.795,"CMR":61.189,"COD":59.926,"COG":64.472,"COL":76.579,"COM":65.401,"CPV":74.84,"CRI":80.09,"CUB":77.426,"CUW":76.493,"CYM":78.835,"CYP":81.556,"CZE":79.0292682926829,"DEU":80.8926829268293,"DJI":64.105,"DMA":71.378,"DNK":80.9536585365854,"DOM":73.555,"DZA":75.555,"ECU":77.248,"EGY":70.974,"ERI":66.979,"ESP":83.4317073170732,"EST":78.2439024390244,"ETH":65.257,"FIN":81.7341463414634,"FJI":66.965,"FRA":82.6756097560976,"FRO":82.2486024390244,"FSM":65.943,"G001":72.6433686298045,"GAB":67.043,"GBR":81.2560975609756,"GEO":73.985,"GHA":64.138,"GIB":83.028,"GIN":59.043,"GMB":64.034,"GNB":61.652,"GNQ":61.915,"GRC":81.7878048780488,"GRD":74.957,"GRL":71.3609756097561,"GTM":71.496,"GUM":76.561,"GUY":68.829,"HKG":84.869756097561,"HND":72.001,"HRV":77.919512195122,"HTI":64.077,"HUN":76.0658536585366,"IDN":70.08,"IMN":80.614,"IND":70.415,"IRL":82.2048780487805,"IRN":76.621,"IRQ":71.116,"ISL":82.8609756097561,"ISR":82.8024390243903,"ITA":83.3463414634146,"JAM":71.606,"JOR":76.491,"JPN":84.2109756097561,"KAZ":73.369,"KEN":62.825,"KGZ":71.4,"KHM":69.993,"KIR":65.807,"KNA":71.336,"KOR":82.6268292682927,"KOS":77.117,"KWT":80.1063658536585,"LAO":67.594,"LBN":78.263,"LBR":60.999,"LBY":73.151,"LCA":72.655,"LIE":83.0414634146342,"LKA":76.485,"LSO":54.638,"LTU":75.6804878048781,"LUX":82.2951219512195,"LVA":74.7829268292683,"MAC":83.6780487804878,"MAF":80.029,"MAR":73.946,"MCO":86.084,"MDA":70.236,"MDG":63.491,"MDV":79.433,"MEX":74.301,"MHL":65.87,"MKD":76.6487804878049,"MLI":58.873,"MLT":82.2487804878049,"MMR":66.232,"MNE":77.8853658536585,"MNG":70.8270731707317,"MNP":77.51,"MOZ":60.79,"MRT":67.419,"MUS":74.4163414634146,"MWI":64.464,"MYS":75.734,"NAM":62.579,"NCL":77.557,"NER":59.765,"NGA":52.669,"NIC":73.879,"NLD":81.8121951219512,"NOR":82.7585365853659,"NPL":69.036,"NRU":61.238,"NZL":81.7073170731707,"OMN":79.864,"PAK":66.481,"PAN":78.266,"PER":76.018,"PHL":69.761,"PLW":68.989,"PNG":65.114,"POL":77.6024390243903,"PRI":81.086,"PRK":73.02,"PRT":81.3243902439024,"PRY":73.627,"PYF":82.985,"QAT":82.714,"ROU":75.3585365853659,"RUS":72.6621951219512,"RWA":66.354,"SAU":78.75,"SDN":65.501,"SEN":67.379,"SGP":83.2975609756098,"SLB":69.806,"SLE":59.059,"SLV":71.384,"SMR":85.095,"SOM":54.767,"SRB":75.890243902439,"SSD":51.905,"STP":67.602,"SUR":71.468,"SVK":77.2658536585366,"SVN":81.3780487804878,"SWE":82.5585365853659,"SWZ":58.707,"SXM":75.693,"SYC":72.8414634146341,"SYR":67.371,"TCA":77.596,"TCD":52.447,"TGO":60.608,"THA":77.19,"TJK":70.737,"TKM":69.272,"TLS":66.204,"TON":72.169,"TTO":72.658,"TUN":75.37,"TUR":77.454,"TUV":65.871,"TZA":65.488,"UGA":65.775,"UKR":73.569,"URY":77.527,"USA":78.6390243902439,"UZB":71.999,"VCT":71.017,"VEN":72.641,"VGB":76.728,"VIR":79.5195121951219,"VNM":74.1,"VUT":70.626,"WBG":75.38,"WSM":71.052,"YEM":65.915,"ZAF":65.726,"ZMB":62.138,"ZWE":60.906}}