{"schemaVersion":1,"dataKind":"ranking-year","indicatorId":"SP.DYN.LE00.IN","year":2019,"valuesByCountry":{"ABW":76.019,"AFG":62.941,"AGO":63.051,"ALB":79.467,"AND":84.098,"ARE":82.596,"ARG":76.847,"ARM":76.2219512195122,"ASM":72.751,"ATG":77.168,"AUS":82.9,"AUT":81.8951219512195,"AZE":73.29,"BDI":62.18,"BEL":81.9951219512195,"BEN":59.888,"BFA":60.184,"BGD":72.625,"BGR":75.1121951219512,"BHR":80.471,"BHS":71.408,"BIH":77.394,"BLR":74.2268292682927,"BLZ":72.577,"BMU":81.251,"BOL":67.82,"BRA":75.809,"BRB":76.495,"BRN":75.049,"BTN":72.005,"BWA":67.167,"CAF":31.53,"CAN":82.1585365853659,"CHE":83.9048780487805,"CHL":80.324,"CHN":77.94,"CIV":60.274,"CMR":61.695,"COD":60.242,"COG":63.152,"COL":76.793,"COM":65.662,"CPV":75.449,"CRI":80.296,"CUB":77.413,"CUW":76.492,"CYM":79.052,"CYP":81.454,"CZE":79.2292682926829,"DEU":81.2926829268293,"DJI":64.381,"DMA":71.305,"DNK":81.4512195121951,"DOM":73.112,"DZA":75.682,"ECU":77.286,"EGY":71.213,"ERI":67.306,"ESP":83.8317073170732,"EST":78.6463414634147,"ETH":65.741,"FIN":81.9829268292683,"FJI":67.009,"FRA":82.8268292682927,"FRO":82.3912829268293,"FSM":66.196,"G001":72.8686343875761,"GAB":67.337,"GBR":81.3691219512195,"GEO":74.165,"GHA":64.455,"GIB":83.183,"GIN":59.379,"GMB":64.427,"GNB":62.161,"GNQ":62.297,"GRC":81.6390243902439,"GRD":74.971,"GRL":71.4092682926829,"GTM":71.639,"GUM":76.645,"GUY":69.067,"HKG":85.1558536585366,"HND":72.124,"HRV":78.2243902439024,"HTI":64.328,"HUN":76.3195121951219,"IDN":70.349,"IMN":80.74,"IND":70.746,"IRL":82.7024390243903,"IRN":76.855,"IRQ":71.245,"ISL":83.1634146341463,"ISR":82.8048780487805,"ITA":83.4975609756098,"JAM":71.532,"JOR":76.865,"JPN":84.3563414634146,"KAZ":73.658,"KEN":62.939,"KGZ":71.6,"KHM":70.127,"KIR":65.866,"KNA":71.54,"KOR":83.2268292682927,"KOS":77.249,"KWT":81.969756097561,"LAO":67.911,"LBN":78.208,"LBR":61.232,"LBY":72.941,"LCA":72.249,"LIE":84.1609756097561,"LKA":76.698,"LSO":55.249,"LTU":76.2829268292683,"LUX":82.6390243902439,"LVA":75.3878048780488,"MAC":83.9292682926829,"MAF":80.078,"MAR":74.245,"MCO":86.151,"MDA":70.181,"MDG":63.504,"MDV":79.707,"MEX":74.53,"MHL":66.047,"MKD":76.6024390243903,"MLI":59.217,"MLT":82.6585365853659,"MMR":66.457,"MNE":76.6829268292683,"MNG":71.0531707317073,"MNP":77.844,"MOZ":61.306,"MRT":67.64,"MUS":74.2358536585366,"MWI":64.995,"MYS":75.9,"NAM":63.546,"NCL":77.262,"NER":60.031,"NGA":53.009,"NIC":73.764,"NLD":82.1121951219512,"NOR":82.9585365853659,"NPL":69.299,"NRU":61.393,"NZL":82.0560975609756,"OMN":79.946,"PAK":66.729,"PAN":78.514,"PER":76.275,"PHL":69.68,"PLW":68.982,"PNG":65.331,"POL":77.9048780487805,"PRI":81.438,"PRK":72.928,"PRT":81.6756097560976,"PRY":73.668,"PYF":83.195,"QAT":82.945,"ROU":75.6073170731707,"RUS":73.0839024390244,"RWA":66.691,"SAU":78.313,"SDN":65.803,"SEN":67.668,"SGP":83.5951219512195,"SLB":69.981,"SLE":59.593,"SLV":71.725,"SMR":85.257,"SOM":57.249,"SRB":75.9365853658537,"SSD":58.129,"STP":68.043,"SUR":71.773,"SVK":77.6658536585366,"SVN":81.5292682926829,"SWE":83.109756097561,"SWZ":59.85,"SXM":75.68,"SYC":74.0463414634146,"SYR":70.97,"TCA":77.691,"TCD":52.993,"TGO":61.061,"THA":77.197,"TJK":70.962,"TKM":69.405,"TLS":66.496,"TON":72.292,"TTO":72.836,"TUN":75.599,"TUR":77.737,"TUV":66.109,"TZA":66.007,"UGA":66.354,"UKR":73.92,"URY":77.503,"USA":78.7878048780488,"UZB":72.093,"VCT":70.994,"VEN":72.766,"VGB":76.845,"VIR":79.6682926829268,"VNM":74.211,"VUT":70.783,"WBG":75.811,"WSM":70.269,"YEM":66.567,"ZAF":66.071,"ZMB":62.914,"ZWE":61.06}}