{"schemaVersion":1,"dataKind":"ranking-year","indicatorId":"SP.DYN.LE00.IN","year":2020,"valuesByCountry":{"ABW":75.406,"AFG":61.454,"AGO":63.116,"ALB":77.824,"AND":79.418,"ARE":81.936,"ARG":75.878,"ARM":73.3756097560976,"ASM":72.672,"ATG":77.161,"AUS":83.2,"AUT":81.1926829268293,"AZE":70.312,"BDI":62.569,"BEL":80.6951219512195,"BEN":60.154,"BFA":60.454,"BGD":71.421,"BGR":73.3560975609756,"BHR":78.683,"BHS":72.994,"BIH":76.04,"BLR":72.1385609756098,"BLZ":71.58,"BMU":81.456,"BOL":62.906,"BRA":74.506,"BRB":76.647,"BRN":75.114,"BTN":72.253,"BWA":67.643,"CAF":50.596,"CAN":81.53,"CHE":83,"CHL":79.349,"CHN":78.019,"CIV":60.14,"CMR":61.674,"COD":60.428,"COG":64.391,"COL":74.757,"COM":65.756,"CPV":73.818,"CRI":79.725,"CUB":77.407,"CUW":76.501,"CYM":79.23,"CYP":81.23,"CZE":78.2268292682927,"DEU":81.0414634146342,"DJI":64.2,"DMA":71.269,"DNK":81.6024390243903,"DOM":72.636,"DZA":73.257,"ECU":72.004,"EGY":69.79,"ERI":66.98,"ESP":82.2317073170732,"EST":78.5951219512195,"ETH":65.969,"FIN":81.9317073170732,"FJI":66.924,"FRA":82.1756097560976,"FRO":82.5341926829268,"FSM":65.878,"G001":72.181968378825,"GAB":67.073,"GBR":80.331756097561,"GEO":73.509,"GHA":64.309,"GIB":83.07,"GIN":59.35,"GMB":64.418,"GNB":61.343,"GNQ":62.141,"GRC":81.2878048780488,"GRD":75.019,"GRL":71.2858536585366,"GTM":69.971,"GUM":75.529,"GUY":67.751,"HKG":85.4963414634146,"HND":70.864,"HRV":77.5243902439024,"HTI":63.773,"HUN":75.419512195122,"IDN":68.817,"IMN":80.591,"IND":70.156,"IRL":82.4560975609756,"IRN":74.141,"IRQ":69.651,"ISL":83.0634146341463,"ISR":82.6487804878049,"ITA":82.1951219512195,"JAM":71.452,"JOR":75.583,"JPN":84.56,"KAZ":71.195,"KEN":61.596,"KGZ":71.8,"KHM":70.059,"KIR":65.205,"KNA":71.181,"KOR":83.4268292682927,"KOS":74.212,"KWT":78.7609756097561,"LAO":68.339,"LBN":76.299,"LBR":61.267,"LBY":72.388,"LCA":72.308,"LIE":81.6585365853659,"LKA":76.928,"LSO":55.133,"LTU":75.0292682926829,"LUX":82.1439024390244,"LVA":75.1853658536585,"MAC":84.1292682926829,"MAF":80.085,"MAR":73.133,"MCO":86.089,"MDA":69.914,"MDG":62.706,"MDV":78.713,"MEX":70.449,"MHL":65.387,"MKD":74.3951219512195,"MLI":58.858,"MLT":82.0975609756098,"MMR":66.612,"MNE":75.9317073170732,"MNG":71.3490243902439,"MNP":78.03,"MOZ":61.39,"MRT":66.794,"MUS":74.1770731707317,"MWI":65.216,"MYS":76.057,"NAM":64.071,"NCL":77.049,"NER":59.89,"NGA":53.072,"NIC":70.766,"NLD":81.3585365853659,"NOR":83.209756097561,"NPL":69.106,"NRU":61.527,"NZL":82.2560975609756,"OMN":77.763,"PAK":65.701,"PAN":76.33,"PER":73.832,"PHL":70.097,"PLW":68.689,"PNG":65.075,"POL":76.4,"PRI":80.009,"PRK":72.783,"PRT":81.3292682926829,"PRY":72.72,"PYF":82.459,"QAT":80.409,"ROU":74.2536585365854,"RUS":71.3387804878049,"RWA":66.953,"SAU":77.596,"SDN":65.124,"SEN":67.496,"SGP":83.5439024390244,"SLB":69.258,"SLE":59.694,"SLV":70.244,"SMR":82.65,"SOM":57.095,"SRB":74.4780487804878,"SSD":57.648,"STP":67.979,"SUR":72.321,"SVK":76.8658536585366,"SVN":80.5317073170732,"SWE":82.3560975609756,"SWZ":59.862,"SXM":75.002,"SYC":77.2365853658537,"SYR":71.944,"TCA":77.499,"TCD":53.082,"TGO":61.14,"THA":77.331,"TJK":68.605,"TKM":68.846,"TLS":66.919,"TON":72.379,"TTO":72.645,"TUN":75.004,"TUR":76.525,"TUV":66.357,"TZA":66.771,"UGA":66.41,"UKR":73.283,"URY":78.381,"USA":76.9804878048781,"UZB":71.461,"VCT":69.605,"VEN":72.369,"VGB":76.894,"VIR":79.819512195122,"VNM":75.383,"VUT":70.385,"WBG":74.998,"WSM":70.727,"YEM":66.435,"ZAF":65.15,"ZMB":63.361,"ZWE":61.53}}