{"schemaVersion":1,"dataKind":"ranking-year","indicatorId":"SP.DYN.LE00.IN","year":2021,"valuesByCountry":{"ABW":73.655,"AFG":60.417,"AGO":62.958,"ALB":76.844,"AND":82.331,"ARE":79.083,"ARG":73.948,"ARM":72.2780487804878,"ASM":72.708,"ATG":77.197,"AUS":83.3,"AUT":81.190243902439,"AZE":70.999,"BDI":62.101,"BEL":81.790243902439,"BEN":59.61,"BFA":60.046,"BGD":71.103,"BGR":71.2121951219512,"BHR":78.083,"BHS":70.752,"BIH":74.567,"BLR":72.0714634146342,"BLZ":70.917,"BMU":81.745,"BOL":61.427,"BRA":73.038,"BRB":76.58,"BRN":74.869,"BTN":72.448,"BWA":63.303,"CAF":40.279,"CAN":81.4514634146342,"CHE":83.7512195121951,"CHL":78.876,"CHN":78.117,"CIV":60.29,"CMR":61.146,"COD":60.044,"COG":64.192,"COL":72.698,"COM":65.201,"CPV":74.424,"CRI":78.05,"CUB":73.201,"CUW":75.686,"CYM":79.3,"CYP":80.573,"CZE":77.2219512195122,"DEU":80.790243902439,"DJI":63.83,"DMA":69.832,"DNK":81.4048780487805,"DOM":71.757,"DZA":75.208,"ECU":72.746,"EGY":68.976,"ERI":66.94,"ESP":83.1780487804878,"EST":76.9439024390244,"ETH":65.33,"FIN":81.8853658536585,"FJI":64.904,"FRA":82.3243902439024,"FRO":82.6763219512195,"FSM":66.152,"G001":71.2149086723293,"GAB":67.072,"GBR":80.6473170731707,"GEO":71.635,"GHA":64.286,"GIB":80.274,"GIN":59.373,"GMB":63.847,"GNB":61.653,"GNQ":62.447,"GRC":80.0829268292683,"GRD":74.522,"GRL":71.2614634146342,"GTM":67.858,"GUM":75.434,"GUY":64.323,"HKG":85.5326829268293,"HND":69.492,"HRV":76.4243902439025,"HTI":62.613,"HUN":74.0658536585366,"IDN":67.452,"IMN":80.42,"IND":67.282,"IRL":82.2536585365854,"IRN":73.752,"IRQ":70.704,"ISL":83.1658536585366,"ISR":82.5,"ITA":82.6463414634146,"JAM":69.085,"JOR":74.204,"JPN":84.4456097560976,"KAZ":70.131,"KEN":61.225,"KGZ":71.9,"KHM":69.301,"KIR":64.148,"KNA":69.271,"KOR":83.5268292682927,"KOS":74.981,"KWT":78.7365853658537,"LAO":67.807,"LBN":73.65,"LBR":61.166,"LBY":72.062,"LCA":69.119,"LIE":84.4024390243902,"LKA":76.278,"LSO":54.209,"LTU":74.0365853658537,"LUX":82.5975609756098,"LVA":72.9804878048781,"MAC":83.7292682926829,"MAF":80.206,"MAR":73.385,"MCO":85.113,"MDA":68.991,"MDG":62.516,"MDV":78.052,"MEX":69.75,"MHL":65.421,"MKD":73.2463414634146,"MLI":59.116,"MLT":82.2585365853659,"MMR":65.553,"MNE":73.8243902439024,"MNG":71.6451219512195,"MNP":78.16,"MOZ":60.268,"MRT":66.762,"MUS":73.680243902439,"MWI":64.782,"MYS":73.917,"NAM":60.85,"NCL":77.113,"NER":59.542,"NGA":53.455,"NIC":70.478,"NLD":81.309756097561,"NOR":83.1634146341463,"NPL":68.385,"NRU":61.331,"NZL":82.2073170731707,"OMN":75.969,"PAK":65.773,"PAN":77.004,"PER":71.596,"PHL":66.675,"PLW":68.563,"PNG":64.358,"POL":75.3512195121951,"PRI":79.77,"PRK":73.437,"PRT":81.3780487804878,"PRY":68.108,"PYF":79.571,"QAT":81.083,"ROU":72.809756097561,"RUS":69.900243902439,"RWA":66.85,"SAU":77.089,"SDN":64.46,"SEN":66.868,"SGP":83.0926829268293,"SLB":68.89,"SLE":60.26,"SLV":69.941,"SMR":83.539,"SOM":55.703,"SRB":72.780487804878,"SSD":57.047,"STP":68.026,"SUR":68.943,"SVK":74.6146341463415,"SVN":80.6756097560976,"SWE":83.0560975609756,"SWZ":58.228,"SXM":74.505,"SYC":73.3975609756097,"SYR":72.418,"TCA":77.234,"TCD":53.136,"TGO":61.337,"THA":77.606,"TJK":69.594,"TKM":69.353,"TLS":66.199,"TON":72.13,"TTO":71.111,"TUN":72.893,"TUR":75.722,"TUV":65.824,"TZA":66.131,"UGA":66.45,"UKR":71.631,"URY":75.434,"USA":76.3292682926829,"UZB":71.681,"VCT":69.132,"VEN":71.536,"VGB":75.297,"VIR":80.0682926829268,"VNM":74.145,"VUT":69.952,"WBG":73.89,"WSM":71.096,"YEM":66.019,"ZAF":62.01,"ZMB":62.363,"ZWE":60.135}}