{"schemaVersion":1,"dataKind":"ranking-year","indicatorId":"SP.DYN.LE00.IN","year":2022,"valuesByCountry":{"ABW":76.226,"AFG":65.617,"AGO":64.246,"ALB":78.769,"AND":84.016,"ARE":80.487,"ARG":75.806,"ARM":74.7658536585366,"ASM":72.752,"ATG":77.483,"AUS":83.2,"AUT":81.2951219512195,"AZE":74.125,"BDI":62.882,"BEL":81.7487804878049,"BEN":60.475,"BFA":60.7,"BGD":74.265,"BGR":74.1609756097561,"BHR":80.992,"BHS":74.491,"BIH":76.777,"BLR":74.1033658536585,"BLZ":72.19,"BMU":82.062,"BOL":67.434,"BRA":74.872,"BRB":75.676,"BRN":72.917,"BTN":72.754,"BWA":68.749,"CAF":18.818,"CAN":81.0948780487805,"CHE":83.6048780487805,"CHL":79.176,"CHN":78.202,"CIV":61.562,"CMR":62.443,"COD":60.979,"COG":65,"COL":76.508,"COM":66.481,"CPV":75.907,"CRI":79.316,"CUB":77.629,"CUW":76.729,"CYM":79.984,"CYP":80.434,"CZE":78.9292682926829,"DEU":80.6080487804878,"DJI":65.54,"DMA":71.081,"DNK":81.3048780487805,"DOM":74.211,"DZA":76.129,"ECU":76.577,"EGY":71.01,"ERI":67.789,"ESP":83.1341463414634,"EST":77.8439024390244,"ETH":66.897,"FIN":81.1878048780488,"FJI":67.148,"FRA":82.1292682926829,"FRO":82.8162292682927,"FSM":66.961,"G001":72.9675581482237,"GAB":67.713,"GBR":81.0112195121951,"GEO":74.141,"GHA":65.246,"GIB":83.517,"GIN":60.432,"GMB":64.859,"GNB":63.605,"GNQ":63.355,"GRC":80.7878048780488,"GRD":75.151,"GRL":71.230243902439,"GTM":71.206,"GUM":77.102,"GUY":69.888,"HKG":83.6609756097561,"HND":72.715,"HRV":77.5756097560976,"HTI":63.948,"HUN":75.8682926829268,"IDN":70.925,"IMN":80.956,"IND":71.698,"IRL":82.509756097561,"IRN":76.799,"IRQ":72.037,"ISL":82.119512195122,"ISR":82.7,"ITA":82.7,"JAM":71.481,"JOR":77.088,"JPN":83.9963414634146,"KAZ":73.503,"KEN":63.549,"KGZ":72.0487804878049,"KHM":70.528,"KIR":66.269,"KNA":70.313,"KOR":82.6804878048781,"KOS":77.623,"KWT":80.5878048780488,"LAO":68.715,"LBN":78.003,"LBR":61.934,"LBY":74.462,"LCA":72.67,"LIE":84.1219512195122,"LKA":77.3,"LSO":56.812,"LTU":75.6439024390244,"LUX":82.9463414634147,"LVA":74.2780487804878,"MAC":83.0804878048781,"MAF":80.236,"MAR":75.161,"MCO":85.746,"MDA":71.546,"MDG":63.068,"MDV":80.76,"MEX":73.973,"MHL":66.725,"MKD":74.4248780487805,"MLI":60.035,"MLT":82.2975609756098,"MMR":66.506,"MNE":76.1878048780488,"MNG":71.9007317073171,"MNP":78.531,"MOZ":63.011,"MRT":68.281,"MUS":73.5146341463415,"MWI":66.037,"MYS":75.444,"NAM":64.19,"NCL":77.698,"NER":60.398,"NGA":54.079,"NIC":74.463,"NLD":81.6146341463415,"NOR":82.509756097561,"NPL":70.087,"NRU":61.93,"NZL":81.9585365853658,"OMN":77.911,"PAK":67.417,"PAN":79.324,"PER":76.834,"PHL":69.472,"PLW":68.922,"PNG":65.274,"POL":77.1560975609756,"PRI":79.427,"PRK":73.641,"PRT":81.6317073170732,"PRY":72.319,"PYF":83.859,"QAT":81.857,"ROU":75.1536585365854,"RUS":72.5456097560976,"RWA":67.528,"SAU":77.31,"SDN":65.695,"SEN":67.788,"SGP":82.8951219512195,"SLB":70.409,"SLE":61.275,"SLV":71.969,"SMR":85.708,"SOM":53.931,"SRB":75.2365853658537,"SSD":57.203,"STP":69.237,"SUR":73.254,"SVK":76.9658536585366,"SVN":81.2829268292683,"SWE":83.0585365853659,"SWZ":63.028,"SXM":76.18,"SYC":74.509756097561,"SYR":72.79,"TCA":77.918,"TCD":54.528,"TGO":62.292,"THA":75.291,"TJK":71.562,"TKM":69.913,"TLS":67.368,"TON":72.635,"TTO":73.331,"TUN":76.05,"TUR":77.591,"TUV":66.852,"TZA":66.879,"UGA":67.675,"UKR":72.658,"URY":76.468,"USA":77.4341463414634,"UZB":72.147,"VCT":71.191,"VEN":72.566,"VGB":77.177,"VIR":80.319512195122,"VNM":74.502,"VUT":71.302,"WBG":76.662,"WSM":71.55,"YEM":67.952,"ZAF":65.454,"ZMB":65.279,"ZWE":62.36}}