{"schemaVersion":1,"dataKind":"ranking-year","indicatorId":"SP.DYN.LE00.IN","year":2023,"valuesByCountry":{"ABW":76.353,"AFG":66.035,"AGO":64.617,"ALB":79.602,"AND":84.041,"ARE":82.909,"ARG":77.395,"ARM":77.4658536585366,"ASM":72.852,"ATG":77.598,"AUS":83.0512195121951,"AUT":81.7926829268293,"AZE":74.429,"BDI":63.651,"BEL":82.4,"BEN":60.774,"BFA":61.092,"BGD":74.672,"BGR":75.7560975609756,"BHR":81.284,"BHS":74.552,"BIH":77.85,"BLR":74.1837804878049,"BLZ":73.566,"BMU":82.309,"BOL":68.581,"BRA":75.848,"BRB":76.178,"BRN":75.327,"BTN":72.975,"BWA":69.163,"CAF":57.408,"CAN":81.6263414634146,"CHE":84.1560975609756,"CHL":81.167,"CHN":77.953,"CIV":61.944,"CMR":63.7,"COD":61.895,"COG":65.772,"COL":77.725,"COM":66.777,"CPV":76.059,"CRI":80.799,"CUB":78.085,"CUW":76.8,"CYM":80.358,"CYP":81.648,"CZE":79.8268292682927,"DEU":81.0414634146342,"DJI":65.987,"DMA":71.132,"DNK":81.7536585365854,"DOM":73.72,"DZA":76.261,"ECU":77.392,"EGY":71.633,"ERI":68.624,"ESP":83.9341463414634,"EST":78.7926829268293,"ETH":67.315,"FIN":81.5853658536585,"FJI":67.316,"FRA":82.8317073170732,"FRO":82.9521195121951,"FSM":67.198,"G001":73.3288401042825,"GAB":68.337,"GBR":81.2380975609756,"GEO":74.496,"GHA":65.498,"GIB":83.553,"GIN":60.74,"GMB":65.86,"GNB":64.085,"GNQ":63.707,"GRC":81.7365853658537,"GRD":75.205,"GRL":70.9724390243902,"GTM":72.602,"GUM":77.209,"GUY":70.18,"HKG":85.2473170731707,"HND":72.884,"HRV":78.4731707317073,"HTI":64.936,"HUN":76.5707317073171,"IDN":71.146,"IMN":80.999,"IND":72.003,"IRL":82.8073170731707,"IRN":77.654,"IRQ":72.324,"ISL":82.4560975609756,"ISR":83.1951219512195,"ITA":83.3512195121951,"JAM":71.479,"JOR":77.814,"JPN":84.0412195121951,"KAZ":74.402,"KEN":63.646,"KGZ":72.2487804878049,"KHM":70.668,"KIR":66.473,"KNA":72.145,"KOR":83.4292682926829,"KOS":78.033,"KWT":83.1878048780488,"LAO":68.964,"LBN":77.817,"LBR":62.163,"LBY":69.339,"LCA":72.697,"LIE":84.5951219512195,"LKA":77.483,"LSO":57.375,"LTU":77.290243902439,"LUX":83.309756097561,"LVA":75.4268292682927,"MAC":83.1804878048781,"MAF":80.224,"MAR":75.313,"MCO":86.372,"MDA":71.198,"MDG":63.632,"MDV":81.041,"MEX":75.069,"MHL":66.945,"MKD":75.3160975609756,"MLI":60.439,"MLT":83.3560975609756,"MMR":66.889,"MNE":77.5878048780488,"MNG":72.1224390243902,"MNP":78.808,"MOZ":63.611,"MRT":68.484,"MUS":73.4121951219512,"MWI":67.353,"MYS":76.657,"NAM":67.385,"NCL":78.766,"NER":61.183,"NGA":54.462,"NIC":74.947,"NLD":81.8634146341464,"NOR":83.0121951219512,"NPL":70.354,"NRU":62.109,"NZL":81.7585365853659,"OMN":80.031,"PAK":67.649,"PAN":79.594,"PER":77.74,"PHL":69.833,"PLW":69.269,"PNG":66.134,"POL":78.2585365853659,"PRI":81.69,"PRK":73.642,"PRT":82.3292682926829,"PRY":73.844,"PYF":84.07,"QAT":82.368,"ROU":76.4048780487805,"RUS":73.2546341463415,"RWA":67.785,"SAU":78.732,"SDN":66.331,"SEN":68.683,"SGP":83.0975609756098,"SLB":70.528,"SLE":61.786,"SLV":72.099,"SMR":85.706,"SOM":58.816,"SRB":76.1414634146341,"SSD":57.617,"STP":69.718,"SUR":73.631,"SVK":78.119512195122,"SVN":81.9292682926829,"SWE":83.309756097561,"SWZ":64.123,"SXM":76.371,"SYC":75.419512195122,"SYR":72.12,"TCA":78.008,"TCD":55.069,"TGO":62.74,"THA":76.412,"TJK":71.79,"TKM":70.073,"TLS":67.689,"TON":72.895,"TTO":73.49,"TUN":76.508,"TUR":77.156,"TUV":67.105,"TZA":66.995,"UGA":68.252,"UKR":73.422,"URY":78.138,"USA":78.3853658536585,"UZB":72.388,"VCT":71.23,"VEN":72.514,"VGB":77.276,"VIR":80.519512195122,"VNM":74.588,"VUT":71.477,"WBG":65.17,"WSM":71.698,"YEM":69.295,"ZAF":66.139,"ZMB":66.349,"ZWE":62.775}}