{"schemaVersion":1,"dataKind":"ranking-year","indicatorId":"SP.DYN.LE00.IN","year":2024,"valuesByCountry":{"ABW":76.5,"AFG":66.289,"AGO":64.805,"ALB":79.776,"AND":84.188,"ARE":83.069,"ARG":77.543,"ARM":78.319512195122,"ASM":72.992,"ATG":77.766,"AUS":83.0512195121951,"AUT":81.9951219512195,"AZE":74.576,"BDI":63.818,"BEL":82.3,"BEN":60.961,"BFA":61.292,"BGD":74.93,"BGR":75.7609756097561,"BHR":81.423,"BHS":74.71,"BIH":78.044,"BLR":74.3653414634147,"BLZ":73.739,"BMU":82.49,"BOL":68.739,"BRA":76.023,"BRB":76.332,"BRN":75.501,"BTN":73.262,"BWA":69.293,"CAF":57.671,"CAN":82.1080487804878,"CHE":84.4073170731707,"CHL":81.359,"CHN":78.017,"CIV":62.11,"CMR":63.968,"COD":62.074,"COG":66.001,"COL":77.913,"COM":67.023,"CPV":76.224,"CRI":80.996,"CUB":78.264,"CUW":76.989,"CYM":80.54,"CYP":81.821,"CZE":79.9780487804878,"DEU":80.7926829268293,"DJI":66.202,"DMA":71.294,"DNK":82.2536585365854,"DOM":73.868,"DZA":76.475,"ECU":77.579,"EGY":71.806,"ERI":68.893,"ESP":83.8878048780488,"EST":79.2951219512195,"ETH":67.603,"FIN":82.3365853658537,"FJI":67.463,"FRA":82.9804878048781,"FRO":83.0832463414634,"FSM":67.357,"G001":73.480380292779,"GAB":68.511,"GBR":81.3868536585366,"GEO":74.657,"GHA":65.695,"GIB":83.63,"GIN":60.904,"GMB":66.057,"GNB":64.254,"GNQ":63.906,"GRC":81.8390243902439,"GRD":75.367,"GRL":70.2734146341463,"GTM":72.746,"GUM":77.422,"GUY":70.319,"HKG":85.3926829268293,"HND":73.044,"HRV":78.9292682926829,"HTI":65.119,"HUN":76.7243902439025,"IDN":71.288,"IMN":81.091,"IND":72.235,"IRL":83.009756097561,"IRN":77.854,"IRQ":72.424,"ISL":82.809756097561,"ISR":83.1975609756098,"ITA":83.9512195121951,"JAM":71.606,"JOR":77.981,"JPN":84.0363414634146,"KAZ":74.531,"KEN":63.834,"KGZ":72.4,"KHM":70.817,"KIR":66.6,"KNA":72.281,"KOR":83.6292682926829,"KOS":78.222,"KWT":84.580487804878,"LAO":69.225,"LBN":77.945,"LBR":62.324,"LBY":71.121,"LCA":72.846,"LIE":84.2,"LKA":77.672,"LSO":57.798,"LTU":77.1951219512195,"LUX":83.1951219512195,"LVA":76.4292682926829,"MAC":83.3317073170732,"MAF":80.438,"MAR":75.493,"MCO":86.497,"MDA":71.332,"MDG":63.835,"MDV":81.285,"MEX":75.264,"MHL":67.075,"MKD":76.6165853658537,"MLI":60.675,"MLT":82.9560975609756,"MMR":67.095,"MNE":77.890243902439,"MNG":72.3980487804878,"MNP":78.947,"MOZ":63.797,"MRT":68.713,"MUS":73.7890243902439,"MWI":67.561,"MYS":76.821,"NAM":67.516,"NCL":78.921,"NER":61.433,"NGA":54.635,"NIC":75.1,"NLD":81.9658536585366,"NOR":83.1609756097561,"NPL":70.636,"NRU":62.279,"NZL":82.009756097561,"OMN":80.246,"PAK":67.799,"PAN":79.775,"PER":77.941,"PHL":69.946,"PLW":69.383,"PNG":66.256,"POL":78.409756097561,"PRI":81.902,"PRK":73.743,"PRT":82.3829268292683,"PRY":73.982,"PYF":84.192,"QAT":82.522,"ROU":76.4585365853659,"RUS":73.4404878048781,"RWA":68.017,"SAU":78.982,"SDN":66.521,"SEN":68.924,"SGP":83.3463414634146,"SLB":70.694,"SLE":61.964,"SLV":72.302,"SMR":85.817,"SOM":58.967,"SRB":75.9682926829268,"SSD":57.738,"STP":69.905,"SUR":73.757,"SVK":78.3707317073171,"SVN":82.2853658536585,"SWE":84.0634146341463,"SWZ":64.264,"SXM":76.528,"SYC":76.2951219512195,"SYR":72.56,"TCA":78.181,"TCD":55.238,"TGO":62.935,"THA":76.564,"TJK":71.927,"TKM":70.201,"TLS":67.904,"TON":73.07,"TTO":73.617,"TUN":76.711,"TUR":77.421,"TUV":67.259,"TZA":67.212,"UGA":68.487,"UKR":74.692,"URY":78.287,"USA":78.890243902439,"UZB":72.528,"VCT":71.382,"VEN":72.673,"VGB":77.431,"VIR":80.7707317073171,"VNM":74.736,"VUT":71.654,"WBG":69.213,"WSM":71.826,"YEM":69.439,"ZAF":66.312,"ZMB":66.528,"ZWE":63.064}}