{"schemaVersion":1,"dataKind":"ranking-year","indicatorId":"SP.DYN.TFRT.IN","year":1960,"valuesByCountry":{"ABW":4.567,"AFG":7.282,"AGO":6.708,"ALB":6.383,"AND":2.545,"ARE":6.499,"ARG":3.136,"ARM":4.786,"ASM":6.578,"ATG":4.602,"AUS":3.453,"AUT":2.69,"AZE":5.878,"BDI":7.003,"BEL":2.54,"BEN":6.282,"BFA":6.248,"BGD":6.742,"BGR":2.31,"BHR":7.262,"BHS":5.093,"BIH":3.963,"BLR":2.67,"BLZ":6.5,"BMU":3.63,"BOL":6.273,"BRA":6.051,"BRB":4.706,"BRN":7.322,"BTN":6.704,"BWA":6.595,"CAF":5.948,"CAN":3.811,"CHE":2.44,"CHL":4.697,"CHN":4.451,"CIV":7.691,"CMR":5.725,"COD":6.105,"COG":6.085,"COL":6.735,"COM":6.792,"CPV":6.885,"CRI":6.712,"CUB":4.129,"CUW":5.13,"CYM":4.713,"CYP":3.393,"CZE":2.09,"DEU":2.37,"DJI":6.847,"DMA":6.178,"DNK":2.57,"DOM":7.555,"DZA":7.503,"ECU":6.721,"EGY":6.793,"ERI":6.483,"ESP":2.86,"EST":1.98,"ETH":6.514,"FIN":2.72,"FJI":6.364,"FRA":2.85,"FRO":3.854,"FSM":6.742,"G001":4.68612930470292,"GAB":4.422,"GBR":2.69,"GEO":2.942,"GHA":6.89,"GIB":3.102,"GIN":6.112,"GMB":6.246,"GNB":5.921,"GNQ":5.653,"GRC":2.23,"GRD":6.743,"GRL":6.686,"GTM":6.999,"GUM":5.969,"GUY":6.331,"HKG":5.085,"HND":7.458,"HRV":2.239,"HTI":6.178,"HUN":2.02,"IDN":5.505,"IMN":2.682,"IND":5.921,"IRL":3.78,"IRN":7.519,"IRQ":5.3,"ISL":4.29,"ISR":3.866,"ITA":2.4,"JAM":5.538,"JOR":7.599,"JPN":2,"KAZ":4.495,"KEN":7.651,"KGZ":5.309,"KHM":6.313,"KIR":6.441,"KNA":6.541,"KOR":5.994,"KOS":6.359,"KWT":7.223,"LAO":6.292,"LBN":5.877,"LBR":6.391,"LBY":7.509,"LCA":6.767,"LIE":2.779,"LKA":5.352,"LSO":5.784,"LTU":2.56,"LUX":2.29,"LVA":1.94,"MAC":4.957,"MAF":6.389,"MAR":6.887,"MCO":2.812,"MDA":3.315,"MDG":7.343,"MDV":6.713,"MEX":6.763,"MHL":8.077,"MKD":3.826,"MLI":7.019,"MLT":3.62,"MMR":5.901,"MNE":3.532,"MNG":6.817,"MNP":5.958,"MOZ":6.312,"MRT":6.149,"MUS":5.897,"MWI":7.042,"MYS":6.412,"NAM":6.243,"NCL":5.436,"NER":7.53,"NGA":6.364,"NIC":7.159,"NLD":3.12,"NOR":2.85,"NPL":6.069,"NRU":5.337,"NZL":4.24,"OMN":7.277,"PAK":6.8,"PAN":5.829,"PER":6.941,"PHL":6.996,"PLW":7.189,"PNG":6.018,"POL":2.98,"PRI":4.796,"PRK":3.568,"PRT":3.16,"PRY":6.5,"PYF":5.931,"QAT":6.531,"ROU":2.34,"RUS":2.52,"RWA":8.283,"SAU":7.626,"SDN":6.663,"SEN":6.996,"SGP":5.76,"SLB":7.065,"SLE":6.175,"SLV":6.618,"SMR":2.428,"SOM":7.25,"SRB":2.155,"SSD":7.161,"STP":6.242,"SUR":6.59,"SVK":3.04,"SVN":2.185,"SWE":2.17,"SWZ":6.752,"SXM":4.767,"SYC":5.313,"SYR":7.505,"TCA":5.991,"TCD":6.25,"TGO":6.796676,"THA":6.325,"TJK":6.235,"TKM":6.59,"TLS":6.319,"TON":6.651,"TTO":5.405,"TUN":7.157,"TUR":6.383,"TUV":5.146,"TZA":6.536,"UGA":6.905,"UKR":2.285,"URY":2.827,"USA":3.654,"UZB":6.613,"VCT":7.247,"VEN":6.382,"VGB":4.812,"VIR":5.149,"VNM":6.273,"VUT":6.784,"WSM":7.779,"YEM":7.988,"ZAF":6.105,"ZMB":6.947,"ZWE":7.195}}