{"schemaVersion":1,"dataKind":"ranking-year","indicatorId":"SP.DYN.TFRT.IN","year":1961,"valuesByCountry":{"ABW":4.422,"AFG":7.284,"AGO":6.79,"ALB":6.273,"AND":2.543,"ARE":6.494,"ARG":3.12,"ARM":4.67,"ASM":6.575,"ATG":4.559,"AUS":3.54,"AUT":2.78,"AZE":5.937,"BDI":7.023,"BEL":2.63,"BEN":6.402,"BFA":6.286,"BGD":6.78,"BGR":2.29,"BHR":7.231,"BHS":5.156,"BIH":3.888,"BLR":2.59,"BLZ":6.48,"BMU":3.594,"BOL":6.257,"BRA":6.022,"BRB":4.153,"BRN":7.185,"BTN":6.698,"BWA":6.564,"CAF":5.958,"CAN":3.753,"CHE":2.52,"CHL":4.655,"CHN":3.863,"CIV":7.72,"CMR":5.732,"COD":6.124,"COG":6.093,"COL":6.712,"COM":6.849,"CPV":6.922,"CRI":6.651,"CUB":4.265,"CUW":5.042,"CYM":4.781,"CYP":3.619,"CZE":2.11,"DEU":2.45,"DJI":6.848,"DMA":6.156,"DNK":2.55,"DOM":7.487,"DZA":7.564,"ECU":6.7,"EGY":6.758,"ERI":6.474,"ESP":2.77,"EST":1.98,"ETH":6.533,"FIN":2.72,"FJI":6.284,"FRA":2.87,"FRO":3.757,"FSM":6.74,"G001":4.564754529949,"GAB":4.504,"GBR":2.78,"GEO":2.943,"GHA":6.912,"GIB":3.26,"GIN":6.126,"GMB":6.228,"GNB":5.931,"GNQ":5.661,"GRC":2.13,"GRD":6.627,"GRL":6.781,"GTM":6.979,"GUM":5.948,"GUY":6.339,"HKG":5.169,"HND":7.448,"HRV":2.219,"HTI":6.179,"HUN":1.94,"IDN":5.522,"IMN":2.688,"IND":5.937,"IRL":3.78,"IRN":7.459,"IRQ":5.8,"ISL":3.88,"ISR":3.858,"ITA":2.44,"JAM":5.597,"JOR":7.699,"JPN":1.96,"KAZ":4.424,"KEN":7.715,"KGZ":5.364,"KHM":6.302,"KIR":6.477,"KNA":6.272,"KOR":5.803,"KOS":6.314,"KWT":7.248,"LAO":6.31,"LBN":5.891,"LBR":6.446,"LBY":7.556,"LCA":6.835,"LIE":2.778,"LKA":5.24,"LSO":5.785,"LTU":2.53,"LUX":2.29,"LVA":1.94,"MAC":4.674,"MAF":6.395,"MAR":6.969,"MCO":2.783,"MDA":3.228,"MDG":7.299,"MDV":6.792,"MEX":6.777,"MHL":8.115,"MKD":3.615,"MLI":7.031,"MLT":3.27,"MMR":5.9,"MNE":3.487,"MNG":6.963,"MNP":5.912,"MOZ":6.366,"MRT":6.199,"MUS":5.982,"MWI":7.067,"MYS":6.367,"NAM":6.293,"NCL":5.465,"NER":7.512,"NGA":6.353,"NIC":7.112,"NLD":3.22,"NOR":2.94,"NPL":6.093,"NRU":5.376,"NZL":4.31,"OMN":7.287,"PAK":6.8,"PAN":5.865,"PER":6.923,"PHL":6.994,"PLW":7.173,"PNG":6.074,"POL":2.83,"PRI":4.51,"PRK":3.261,"PRT":3.21,"PRY":6.489,"PYF":5.946,"QAT":6.526,"ROU":2.17,"RUS":2.45,"RWA":8.279,"SAU":7.634,"SDN":6.656,"SEN":7.038,"SGP":5.41,"SLB":7.052,"SLE":6.205,"SLV":6.644,"SMR":2.684,"SOM":7.252,"SRB":2.133,"SSD":7.178,"STP":6.263,"SUR":6.583,"SVK":2.96,"SVN":2.27,"SWE":2.21,"SWZ":6.774,"SXM":4.678,"SYC":5.422,"SYR":7.502,"TCA":5.907,"TCD":6.268,"TGO":6.820639,"THA":6.324,"TJK":6.353,"TKM":6.689,"TLS":6.273,"TON":6.61,"TTO":5.405,"TUN":7.159,"TUR":6.419,"TUV":5.089,"TZA":6.562,"UGA":6.927,"UKR":2.197,"URY":2.846,"USA":3.62,"UZB":6.752,"VCT":7.157,"VEN":6.298,"VGB":4.667,"VIR":4.801,"VNM":5.476,"VUT":6.729,"WSM":7.771,"YEM":8,"ZAF":6.08,"ZMB":6.982,"ZWE":7.212},"yearsByCountry":{"LUX":1960}}