{"schemaVersion":1,"dataKind":"ranking-year","indicatorId":"SP.DYN.TFRT.IN","year":1962,"valuesByCountry":{"ABW":4.262,"AFG":7.292,"AGO":6.872,"ALB":6.106,"AND":2.548,"ARE":6.489,"ARG":3.126,"ARM":4.521,"ASM":6.603,"ATG":4.547,"AUS":3.442,"AUT":2.8,"AZE":5.961,"BDI":7.038,"BEL":2.59,"BEN":6.457,"BFA":6.322,"BGD":6.806,"BGR":2.24,"BHR":7.185,"BHS":5.125,"BIH":3.805,"BLR":2.5,"BLZ":6.46,"BMU":3.441,"BOL":6.246,"BRA":5.984,"BRB":4.3,"BRN":7.03,"BTN":6.692,"BWA":6.536,"CAF":5.97,"CAN":3.681,"CHE":2.58,"CHL":4.602,"CHN":6.085,"CIV":7.75,"CMR":5.729,"COD":6.141,"COG":6.099,"COL":6.663,"COM":6.897,"CPV":6.953,"CRI":6.543,"CUB":4.421,"CUW":4.927,"CYM":4.793,"CYP":3.51,"CZE":2.12,"DEU":2.44,"DJI":6.854,"DMA":6.122,"DNK":2.55,"DOM":7.404,"DZA":7.607,"ECU":6.676,"EGY":6.709,"ERI":6.496,"ESP":2.8,"EST":1.95,"ETH":6.561,"FIN":2.68,"FJI":6.198,"FRA":2.89,"FRO":3.835,"FSM":6.729,"G001":5.02406248655481,"GAB":4.587,"GBR":2.86,"GEO":2.937,"GHA":6.942,"GIB":3.528,"GIN":6.14,"GMB":6.213,"GNB":5.941,"GNQ":5.673,"GRC":2.16,"GRD":6.442,"GRL":6.785,"GTM":6.934,"GUM":5.899,"GUY":6.333,"HKG":5.177,"HND":7.443,"HRV":2.192,"HTI":6.175,"HUN":1.79,"IDN":5.534,"IMN":2.634,"IND":5.953,"IRL":3.92,"IRN":7.401,"IRQ":6.991,"ISL":3.98,"ISR":3.85,"ITA":2.46,"JAM":5.635,"JOR":7.785,"JPN":1.98,"KAZ":4.357,"KEN":7.769,"KGZ":5.421,"KHM":6.301,"KIR":6.415,"KNA":6.061,"KOR":5.562,"KOS":6.244,"KWT":7.254,"LAO":6.313,"LBN":5.902,"LBR":6.504,"LBY":7.61,"LCA":6.818,"LIE":2.798,"LKA":5.177,"LSO":5.787,"LTU":2.45,"LUX":2.37,"LVA":1.91,"MAC":4.393,"MAF":6.373,"MAR":7.046,"MCO":2.756,"MDA":3.043,"MDG":7.256,"MDV":6.887,"MEX":6.8,"MHL":8.122,"MKD":3.503,"MLI":7.038,"MLT":3.24,"MMR":5.904,"MNE":3.443,"MNG":7.098,"MNP":5.848,"MOZ":6.424,"MRT":6.244,"MUS":5.877,"MWI":7.095,"MYS":6.296,"NAM":6.35,"NCL":5.388,"NER":7.501,"NGA":6.356,"NIC":7.1,"NLD":3.18,"NOR":2.91,"NPL":6.082,"NRU":5.423,"NZL":4.19,"OMN":7.318,"PAK":6.8,"PAN":5.872,"PER":6.895,"PHL":6.98,"PLW":7.145,"PNG":6.135,"POL":2.72,"PRI":4.359,"PRK":3.412,"PRT":3.23,"PRY":6.472,"PYF":5.968,"QAT":6.53,"ROU":2.04,"RUS":2.36,"RWA":8.271,"SAU":7.636,"SDN":6.704,"SEN":7.079,"SGP":5.21,"SLB":7.042,"SLE":6.222,"SLV":6.675,"SMR":2.434,"SOM":7.255,"SRB":2.109,"SSD":7.195,"STP":6.284,"SUR":6.572,"SVK":2.83,"SVN":2.276,"SWE":2.25,"SWZ":6.794,"SXM":4.572,"SYC":5.513,"SYR":7.51,"TCA":5.816,"TCD":6.285,"TGO":6.856907,"THA":6.331,"TJK":6.479,"TKM":6.756,"TLS":6.218,"TON":6.571,"TTO":5.358,"TUN":7.168,"TUR":6.382,"TUV":5.004,"TZA":6.605,"UGA":6.959,"UKR":2.154,"URY":2.866,"USA":3.461,"UZB":6.878,"VCT":7.033,"VEN":6.231,"VGB":4.514,"VIR":5.072,"VNM":6.257,"VUT":6.672,"WSM":7.759,"YEM":8.01,"ZAF":6.046,"ZMB":7.012,"ZWE":7.231}}