{"schemaVersion":1,"dataKind":"ranking-year","indicatorId":"SP.DYN.TFRT.IN","year":1963,"valuesByCountry":{"ABW":4.107,"AFG":7.302,"AGO":6.954,"ALB":5.927,"AND":2.602,"ARE":6.495,"ARG":3.109,"ARM":4.345,"ASM":6.687,"ATG":4.536,"AUS":3.332,"AUT":2.82,"AZE":5.945,"BDI":7.067,"BEL":2.68,"BEN":6.51,"BFA":6.356,"BGD":6.798,"BGR":2.21,"BHR":7.137,"BHS":5.062,"BIH":3.7,"BLR":2.4,"BLZ":6.44,"BMU":3.476,"BOL":6.232,"BRA":5.93,"BRB":4.304,"BRN":6.893,"BTN":6.687,"BWA":6.578,"CAF":5.985,"CAN":3.607,"CHE":2.65,"CHL":4.536,"CHN":7.513,"CIV":7.781,"CMR":5.731,"COD":6.158,"COG":6.147,"COL":6.584,"COM":6.916,"CPV":6.976,"CRI":6.389,"CUB":4.559,"CUW":4.798,"CYM":4.686,"CYP":3.494,"CZE":2.31,"DEU":2.51,"DJI":6.86,"DMA":6.084,"DNK":2.67,"DOM":7.303,"DZA":7.649,"ECU":6.646,"EGY":6.648,"ERI":6.481,"ESP":2.88,"EST":1.89,"ETH":6.586,"FIN":2.68,"FJI":6.088,"FRA":2.89,"FRO":3.896,"FSM":6.713,"G001":5.3143047438063,"GAB":4.649,"GBR":2.88,"GEO":2.949,"GHA":6.936,"GIB":4.061,"GIN":6.153,"GMB":6.202,"GNB":5.951,"GNQ":5.69,"GRC":2.14,"GRD":6.196,"GRL":6.757,"GTM":6.899,"GUM":5.571,"GUY":6.307,"HKG":5.152,"HND":7.441,"HRV":2.145,"HTI":6.173,"HUN":1.82,"IDN":5.551,"IMN":2.624,"IND":5.969,"IRL":4.01,"IRN":7.317,"IRQ":7.005,"ISL":3.99,"ISR":3.838,"ITA":2.51,"JAM":5.731,"JOR":7.854,"JPN":2,"KAZ":4.264,"KEN":7.817,"KGZ":5.479,"KHM":6.292,"KIR":6.35,"KNA":6.121,"KOR":5.334,"KOS":6.176,"KWT":7.275,"LAO":6.318,"LBN":5.905,"LBR":6.556,"LBY":7.685,"LCA":6.721,"LIE":2.851,"LKA":5.118,"LSO":5.776,"LTU":2.35,"LUX":2.37,"LVA":1.85,"MAC":4.227,"MAF":6.36,"MAR":7.012,"MCO":2.727,"MDA":2.891,"MDG":7.212,"MDV":6.941,"MEX":6.817,"MHL":8.123,"MKD":3.616,"MLI":7.046,"MLT":2.9,"MMR":5.905,"MNE":3.382,"MNG":7.238,"MNP":5.793,"MOZ":6.474,"MRT":6.312,"MUS":6.18,"MWI":7.127,"MYS":6.191,"NAM":6.408,"NCL":5.343,"NER":7.489,"NGA":6.349,"NIC":7.081,"NLD":3.19,"NOR":2.93,"NPL":6.056,"NRU":5.441,"NZL":4.05,"OMN":7.334,"PAK":6.8,"PAN":5.865,"PER":6.858,"PHL":6.952,"PLW":7.117,"PNG":6.153,"POL":2.7,"PRI":4.525,"PRK":3.626,"PRT":3.12,"PRY":6.447,"PYF":5.975,"QAT":6.527,"ROU":2.01,"RUS":2.27,"RWA":8.269,"SAU":7.654,"SDN":6.758,"SEN":7.12,"SGP":5.16,"SLB":7.034,"SLE":6.261,"SLV":6.69,"SMR":2.401,"SOM":7.258,"SRB":2.084,"SSD":7.196,"STP":6.306,"SUR":6.508,"SVK":2.92,"SVN":2.269,"SWE":2.33,"SWZ":6.804,"SXM":4.467,"SYC":5.606,"SYR":7.511,"TCA":5.719,"TCD":6.301,"TGO":6.893064,"THA":6.342,"TJK":6.62,"TKM":6.788,"TLS":6.155,"TON":6.517,"TTO":5.242,"TUN":7.17,"TUR":6.339,"TUV":4.914,"TZA":6.647,"UGA":6.984,"UKR":2.111,"URY":2.884,"USA":3.319,"UZB":6.808,"VCT":6.921,"VEN":6.155,"VGB":4.363,"VIR":4.958,"VNM":6.385,"VUT":6.623,"WSM":7.729,"YEM":8.028,"ZAF":6.012,"ZMB":7.06,"ZWE":7.23},"yearsByCountry":{"LUX":1962}}