{"schemaVersion":1,"dataKind":"ranking-year","indicatorId":"SP.DYN.TFRT.IN","year":1964,"valuesByCountry":{"ABW":3.94,"AFG":7.304,"AGO":7.036,"ALB":5.714,"AND":2.689,"ARE":6.494,"ARG":3.075,"ARM":4.15,"ASM":6.78,"ATG":4.484,"AUS":3.146,"AUT":2.79,"AZE":5.888,"BDI":7.09,"BEL":2.71,"BEN":6.565,"BFA":6.419,"BGD":6.785,"BGR":2.19,"BHR":7.091,"BHS":4.969,"BIH":3.6,"BLR":2.31,"BLZ":6.42,"BMU":3.231,"BOL":6.21,"BRA":5.818,"BRB":4.214,"BRN":6.773,"BTN":6.682,"BWA":6.613,"CAF":6.005,"CAN":3.456,"CHE":2.66,"CHL":4.457,"CHN":6.672,"CIV":7.811,"CMR":5.739,"COD":6.188,"COG":6.183,"COL":6.475,"COM":6.938,"CPV":6.989,"CRI":6.193,"CUB":4.528,"CUW":4.641,"CYM":4.411,"CYP":3.409,"CZE":2.34,"DEU":2.54,"DJI":6.872,"DMA":6.027,"DNK":2.6,"DOM":7.186,"DZA":7.672,"ECU":6.61,"EGY":6.541,"ERI":6.487,"ESP":3.01,"EST":1.94,"ETH":6.612,"FIN":2.59,"FJI":5.96,"FRA":2.87,"FRO":3.975,"FSM":6.737,"G001":5.13081511174369,"GAB":4.713,"GBR":2.93,"GEO":2.891,"GHA":6.902,"GIB":4.26,"GIN":6.166,"GMB":6.195,"GNB":5.961,"GNQ":5.711,"GRC":2.24,"GRD":5.906,"GRL":6.654,"GTM":6.871,"GUM":5.393,"GUY":6.232,"HKG":5.085,"HND":7.443,"HRV":2.142,"HTI":6.164,"HUN":1.82,"IDN":5.568,"IMN":2.627,"IND":5.979,"IRL":4.07,"IRN":7.237,"IRQ":7.01,"ISL":3.88,"ISR":3.826,"ITA":2.66,"JAM":5.79,"JOR":7.913,"JPN":2.05,"KAZ":4.071,"KEN":7.869,"KGZ":5.433,"KHM":6.288,"KIR":6.289,"KNA":6.084,"KOR":5.068,"KOS":6.112,"KWT":7.286,"LAO":6.313,"LBN":5.851,"LBR":6.585,"LBY":7.752,"LCA":6.758,"LIE":2.919,"LKA":5.057,"LSO":5.765,"LTU":2.28,"LUX":2.34,"LVA":1.79,"MAC":3.943,"MAF":6.354,"MAR":6.97,"MCO":2.69,"MDA":2.71,"MDG":7.188,"MDV":7.003,"MEX":6.833,"MHL":8.143,"MKD":3.56,"MLI":7.055,"MLT":2.79,"MMR":5.907,"MNE":3.279,"MNG":7.329,"MNP":5.716,"MOZ":6.513,"MRT":6.37,"MUS":5.956,"MWI":7.114,"MYS":6.03,"NAM":6.428,"NCL":5.368,"NER":7.48,"NGA":6.362,"NIC":7.064,"NLD":3.17,"NOR":2.98,"NPL":6.043,"NRU":5.473,"NZL":3.8,"OMN":7.37,"PAK":6.8,"PAN":5.808,"PER":6.81,"PHL":6.886,"PLW":7.076,"PNG":6.191,"POL":2.57,"PRI":4.108,"PRK":3.547,"PRT":3.21,"PRY":6.421,"PYF":5.98,"QAT":6.525,"ROU":1.96,"RUS":2.18,"RWA":8.266,"SAU":7.672,"SDN":6.804,"SEN":7.157,"SGP":4.97,"SLB":7.047,"SLE":6.294,"SLV":6.684,"SMR":2.368,"SOM":7.261,"SRB":2.067,"SSD":7.22,"STP":6.327,"SUR":6.426,"SVK":2.89,"SVN":2.305,"SWE":2.47,"SWZ":6.789,"SXM":4.354,"SYC":5.694,"SYR":7.525,"TCA":5.608,"TCD":6.318,"TGO":6.915946,"THA":6.309,"TJK":6.68,"TKM":6.787,"TLS":6.084,"TON":6.464,"TTO":5.081,"TUN":7.166,"TUR":6.291,"TUV":4.826,"TZA":6.68,"UGA":7.012,"UKR":2.014,"URY":2.863,"USA":3.19,"UZB":6.823,"VCT":6.828,"VEN":6.071,"VGB":4.194,"VIR":5.474,"VNM":6.285,"VUT":6.568,"WSM":7.703,"YEM":8.071,"ZAF":5.955,"ZMB":7.085,"ZWE":7.23}}