{"schemaVersion":1,"dataKind":"ranking-year","indicatorId":"SP.DYN.TFRT.IN","year":1965,"valuesByCountry":{"ABW":3.797,"AFG":7.305,"AGO":7.116,"ALB":5.474,"AND":2.715,"ARE":6.495,"ARG":3.005,"ARM":3.988,"ASM":6.73,"ATG":4.416,"AUS":2.977,"AUT":2.7,"AZE":5.792,"BDI":7.113,"BEL":2.61,"BEN":6.605,"BFA":6.471,"BGD":6.771,"BGR":2.09,"BHR":7.027,"BHS":4.884,"BIH":3.53,"BLR":2.27,"BLZ":6.4,"BMU":3.077,"BOL":6.182,"BRA":5.677,"BRB":4.176,"BRN":6.647,"BTN":6.679,"BWA":6.604,"CAF":6.028,"CAN":3.115,"CHE":2.59,"CHL":4.364,"CHN":6.605,"CIV":7.841,"CMR":5.796,"COD":6.21,"COG":6.229,"COL":6.333,"COM":6.967,"CPV":6.993,"CRI":5.96,"CUB":4.504,"CUW":4.475,"CYM":4.159,"CYP":3.47,"CZE":2.18,"DEU":2.5,"DJI":6.864,"DMA":5.952,"DNK":2.61,"DOM":7.053,"DZA":7.711,"ECU":6.564,"EGY":6.387,"ERI":6.494,"ESP":2.94,"EST":1.88,"ETH":6.63,"FIN":2.48,"FJI":5.763,"FRA":2.84,"FRO":4.086,"FSM":6.743,"G001":5.08093210665586,"GAB":4.785,"GBR":2.86,"GEO":2.774,"GHA":6.88,"GIB":3.989,"GIN":6.178,"GMB":6.192,"GNB":5.971,"GNQ":5.734,"GRC":2.25,"GRD":5.597,"GRL":6.419,"GTM":6.839,"GUM":5.137,"GUY":6.135,"HKG":4.923,"HND":7.442,"HRV":2.224,"HTI":6.129,"HUN":1.82,"IDN":5.593,"IMN":2.539,"IND":5.941,"IRL":4.04,"IRN":7.222,"IRQ":7.02,"ISL":3.73,"ISR":3.814,"ITA":2.6,"JAM":5.719,"JOR":7.932,"JPN":2.14,"KAZ":3.881,"KEN":7.923,"KGZ":5.375,"KHM":6.267,"KIR":6.262,"KNA":6.008,"KOR":4.887,"KOS":6.035,"KWT":7.314,"LAO":6.316,"LBN":5.768,"LBR":6.617,"LBY":7.823,"LCA":6.688,"LIE":2.963,"LKA":4.934,"LSO":5.772,"LTU":2.23,"LUX":2.42,"LVA":1.74,"MAC":3.619,"MAF":6.345,"MAR":6.932,"MCO":2.66,"MDA":2.685,"MDG":7.171,"MDV":7.07,"MEX":6.819,"MHL":8.156,"MKD":3.516,"MLI":7.081,"MLT":2.52,"MMR":5.912,"MNE":3.186,"MNG":7.377,"MNP":5.658,"MOZ":6.544,"MRT":6.444,"MUS":5.508,"MWI":7.126,"MYS":5.836,"NAM":6.445,"NCL":5.311,"NER":7.466,"NGA":6.367,"NIC":7.033,"NLD":3.04,"NOR":2.94,"NPL":6.007,"NRU":5.476,"NZL":3.54,"OMN":7.391,"PAK":6.8,"PAN":5.728,"PER":6.75,"PHL":6.799,"PLW":7.014,"PNG":6.203,"POL":2.52,"PRI":4.044,"PRK":3.556,"PRT":3.15,"PRY":6.345,"PYF":6,"QAT":6.527,"ROU":1.91,"RUS":2.13,"RWA":8.249,"SAU":7.658,"SDN":6.84,"SEN":7.19,"SGP":4.66,"SLB":7.017,"SLE":6.311,"SLV":6.636,"SMR":2.334,"SOM":7.261,"SRB":2.057,"SSD":7.222,"STP":6.349,"SUR":6.321,"SVK":2.78,"SVN":2.432,"SWE":2.39,"SWZ":6.794,"SXM":4.233,"SYC":5.716,"SYR":7.532,"TCA":5.502,"TCD":6.337,"TGO":6.93729,"THA":6.258,"TJK":6.743,"TKM":6.756,"TLS":6.008,"TON":6.408,"TTO":4.88,"TUN":7.113,"TUR":6.22,"TUV":4.726,"TZA":6.727,"UGA":7.042,"UKR":1.943,"URY":2.84,"USA":2.913,"UZB":6.81,"VCT":6.735,"VEN":5.977,"VGB":4.053,"VIR":5.64,"VNM":6.156,"VUT":6.524,"WSM":7.653,"YEM":8.101,"ZAF":5.892,"ZMB":7.116,"ZWE":7.231}}