{"schemaVersion":1,"dataKind":"ranking-year","indicatorId":"SP.DYN.TFRT.IN","year":1966,"valuesByCountry":{"ABW":3.621,"AFG":7.32,"AGO":7.194,"ALB":5.325,"AND":2.759,"ARE":6.495,"ARG":2.966,"ARM":3.829,"ASM":6.618,"ATG":4.322,"AUS":2.881,"AUT":2.66,"AZE":5.663,"BDI":7.135,"BEL":2.52,"BEN":6.625,"BFA":6.527,"BGD":6.766,"BGR":2.03,"BHR":6.944,"BHS":4.788,"BIH":3.394,"BLR":2.29,"BLZ":6.379,"BMU":2.794,"BOL":6.158,"BRA":5.516,"BRB":4.144,"BRN":6.514,"BTN":6.674,"BWA":6.606,"CAF":6.057,"CAN":2.749,"CHE":2.5,"CHL":4.259,"CHN":6.307,"CIV":7.868,"CMR":5.854,"COD":6.242,"COG":6.267,"COL":6.159,"COM":7.001,"CPV":6.99,"CRI":5.697,"CUB":4.398,"CUW":4.265,"CYM":4.078,"CYP":3.395,"CZE":2.02,"DEU":2.53,"DJI":6.875,"DMA":5.856,"DNK":2.62,"DOM":6.949,"DZA":7.71,"ECU":6.507,"EGY":6.308,"ERI":6.497,"ESP":2.91,"EST":1.87,"ETH":6.661,"FIN":2.41,"FJI":5.546,"FRA":2.8,"FRO":4.044,"FSM":6.781,"G001":4.96824855612943,"GAB":4.861,"GBR":2.78,"GEO":2.728,"GHA":6.862,"GIB":3.604,"GIN":6.19,"GMB":6.183,"GNB":5.982,"GNQ":5.756,"GRC":2.32,"GRD":5.3,"GRL":6.031,"GTM":6.802,"GUM":5.072,"GUY":6.021,"HKG":4.464,"HND":7.41,"HRV":2.227,"HTI":6.093,"HUN":1.89,"IDN":5.593,"IMN":2.462,"IND":5.881,"IRL":3.94,"IRN":7.214,"IRQ":7.022,"ISL":3.59,"ISR":3.802,"ITA":2.58,"JAM":5.692,"JOR":7.992,"JPN":1.58,"KAZ":3.819,"KEN":7.955,"KGZ":5.321,"KHM":6.237,"KIR":6.225,"KNA":5.783,"KOR":4.782,"KOS":5.947,"KWT":7.34,"LAO":6.307,"LBN":5.677,"LBR":6.628,"LBY":7.891,"LCA":6.607,"LIE":2.779,"LKA":4.828,"LSO":5.756,"LTU":2.22,"LUX":2.34,"LVA":1.76,"MAC":3.317,"MAF":6.323,"MAR":6.889,"MCO":2.625,"MDA":2.651,"MDG":7.156,"MDV":7.145,"MEX":6.79,"MHL":8.199,"MKD":3.432,"MLI":7.111,"MLT":2.33,"MMR":5.876,"MNE":3.093,"MNG":7.409,"MNP":5.589,"MOZ":6.577,"MRT":6.516,"MUS":5.46,"MWI":7.174,"MYS":5.635,"NAM":6.472,"NCL":5.248,"NER":7.481,"NGA":6.386,"NIC":6.99,"NLD":2.9,"NOR":2.9,"NPL":5.98,"NRU":5.412,"NZL":3.41,"OMN":7.412,"PAK":6.8,"PAN":5.649,"PER":6.68,"PHL":6.691,"PLW":6.932,"PNG":6.232,"POL":2.34,"PRI":3.817,"PRK":3.709,"PRT":3.16,"PRY":6.231,"PYF":5.981,"QAT":6.521,"ROU":1.9,"RUS":2.1,"RWA":8.23,"SAU":7.655,"SDN":6.879,"SEN":7.217,"SGP":4.46,"SLB":6.997,"SLE":6.345,"SLV":6.565,"SMR":2.326,"SOM":7.257,"SRB":2.041,"SSD":7.254,"STP":6.371,"SUR":6.198,"SVK":2.66,"SVN":2.465,"SWE":2.37,"SWZ":6.802,"SXM":4.084,"SYC":6.126,"SYR":7.552,"TCA":5.435,"TCD":6.362,"TGO":6.956084,"THA":6.182,"TJK":6.815,"TKM":6.703,"TLS":5.932,"TON":6.349,"TTO":4.62,"TUN":7.055,"TUR":6.152,"TUV":4.637,"TZA":6.804,"UGA":7.066,"UKR":2.037,"URY":2.819,"USA":2.721,"UZB":6.66,"VCT":6.639,"VEN":5.87,"VGB":3.965,"VIR":4.993,"VNM":5.968,"VUT":6.511,"WSM":7.596,"YEM":8.142,"ZAF":5.907,"ZMB":7.138,"ZWE":7.196}}