{"schemaVersion":1,"dataKind":"ranking-year","indicatorId":"SP.DYN.TFRT.IN","year":1967,"valuesByCountry":{"ABW":3.452,"AFG":7.339,"AGO":7.267,"ALB":5.31,"AND":2.78,"ARE":6.51,"ARG":2.982,"ARM":3.731,"ASM":6.461,"ATG":4.178,"AUS":2.848,"AUT":2.62,"AZE":5.377,"BDI":7.156,"BEL":2.41,"BEN":6.643,"BFA":6.585,"BGD":6.79,"BGR":2.02,"BHR":6.843,"BHS":4.689,"BIH":3.219,"BLR":2.26,"BLZ":6.358,"BMU":2.567,"BOL":6.133,"BRA":5.336,"BRB":3.599,"BRN":6.372,"BTN":6.669,"BWA":6.598,"CAF":6.076,"CAN":2.528,"CHE":2.39,"CHL":4.144,"CHN":5.806,"CIV":7.893,"CMR":5.951,"COD":6.267,"COG":6.29,"COL":5.957,"COM":7.02,"CPV":6.982,"CRI":5.416,"CUB":4.294,"CUW":4.059,"CYM":4.045,"CYP":3.324,"CZE":1.91,"DEU":2.48,"DJI":6.87,"DMA":5.737,"DNK":2.35,"DOM":6.755,"DZA":7.712,"ECU":6.436,"EGY":6.252,"ERI":6.504,"ESP":2.94,"EST":1.9,"ETH":6.684,"FIN":2.32,"FJI":5.333,"FRA":2.75,"FRO":3.978,"FSM":6.81,"G001":4.86580773166785,"GAB":4.919,"GBR":2.68,"GEO":2.743,"GHA":6.893,"GIB":3.183,"GIN":6.202,"GMB":6.206,"GNB":5.994,"GNQ":5.776,"GRC":2.45,"GRD":5.04,"GRL":5.545,"GTM":6.755,"GUM":4.646,"GUY":5.888,"HKG":4.123,"HND":7.359,"HRV":2.102,"HTI":6.051,"HUN":2.01,"IDN":5.583,"IMN":2.447,"IND":5.825,"IRL":3.84,"IRN":7.19,"IRQ":7.029,"ISL":3.28,"ISR":3.79,"ITA":2.5,"JAM":5.668,"JOR":8.059,"JPN":2.23,"KAZ":3.769,"KEN":7.953,"KGZ":5.255,"KHM":6.201,"KIR":6.112,"KNA":5.46,"KOR":4.615,"KOS":5.877,"KWT":7.326,"LAO":6.306,"LBN":5.569,"LBR":6.65,"LBY":7.932,"LCA":6.508,"LIE":2.477,"LKA":4.787,"LSO":5.745,"LTU":2.23,"LUX":2.24,"LVA":1.8,"MAC":3.014,"MAF":6.302,"MAR":6.845,"MCO":2.591,"MDA":2.617,"MDG":7.144,"MDV":7.227,"MEX":6.753,"MHL":8.169,"MKD":3.332,"MLI":7.136,"MLT":2.24,"MMR":5.842,"MNE":2.912,"MNG":7.389,"MNP":5.701,"MOZ":6.607,"MRT":6.568,"MUS":4.626,"MWI":7.213,"MYS":5.433,"NAM":6.485,"NCL":5.15,"NER":7.49,"NGA":6.401,"NIC":6.94,"NLD":2.81,"NOR":2.81,"NPL":5.954,"NRU":5.294,"NZL":3.35,"OMN":7.437,"PAK":6.8,"PAN":5.534,"PER":6.6,"PHL":6.572,"PLW":6.836,"PNG":6.242,"POL":2.33,"PRI":3.569,"PRK":4.05,"PRT":3.16,"PRY":6.097,"PYF":5.951,"QAT":6.462,"ROU":3.66,"RUS":2.04,"RWA":8.211,"SAU":7.658,"SDN":6.909,"SEN":7.237,"SGP":3.91,"SLB":6.974,"SLE":6.383,"SLV":6.487,"SMR":2.305,"SOM":7.248,"SRB":2.02,"SSD":7.257,"STP":6.394,"SUR":6.038,"SVK":2.48,"SVN":2.37,"SWE":2.28,"SWZ":6.766,"SXM":3.941,"SYC":5.895,"SYR":7.556,"TCA":5.395,"TCD":6.393,"TGO":6.958849,"THA":6.077,"TJK":6.886,"TKM":6.635,"TLS":5.858,"TON":6.293,"TTO":4.35,"TUN":6.952,"TUR":6.057,"TUV":4.494,"TZA":6.864,"UGA":7.102,"UKR":2.04,"URY":2.784,"USA":2.558,"UZB":6.567,"VCT":6.533,"VEN":5.748,"VGB":3.912,"VIR":5.196,"VNM":5.883,"VUT":6.509,"WSM":7.551,"YEM":8.174,"ZAF":5.852,"ZMB":7.154,"ZWE":7.157}}