{"schemaVersion":1,"dataKind":"ranking-year","indicatorId":"SP.DYN.TFRT.IN","year":1968,"valuesByCountry":{"ABW":3.277,"AFG":7.363,"AGO":7.332,"ALB":5.317,"AND":2.77,"ARE":6.529,"ARG":3.011,"ARM":3.622,"ASM":6.281,"ATG":4.014,"AUS":2.888,"AUT":2.58,"AZE":5.222,"BDI":7.18,"BEL":2.31,"BEN":6.669,"BFA":6.645,"BGD":6.791,"BGR":2.27,"BHR":6.708,"BHS":4.556,"BIH":3.076,"BLR":2.22,"BLZ":6.337,"BMU":2.451,"BOL":6.101,"BRA":5.165,"BRB":3.574,"BRN":6.204,"BTN":6.664,"BWA":6.582,"CAF":6.101,"CAN":2.386,"CHE":2.29,"CHL":4.025,"CHN":6.508,"CIV":7.912,"CMR":6.043,"COD":6.286,"COG":6.327,"COL":5.737,"COM":7.051,"CPV":6.97,"CRI":5.028,"CUB":4.194,"CUW":3.827,"CYM":3.992,"CYP":3.267,"CZE":1.84,"DEU":2.38,"DJI":6.876,"DMA":5.587,"DNK":2.12,"DOM":6.548,"DZA":7.711,"ECU":6.351,"EGY":6.193,"ERI":6.503,"ESP":2.87,"EST":2.03,"ETH":6.7,"FIN":2.14,"FJI":5.113,"FRA":2.69,"FRO":3.856,"FSM":6.84,"G001":4.9782579930493,"GAB":4.984,"GBR":2.6,"GEO":2.689,"GHA":6.892,"GIB":2.98,"GIN":6.214,"GMB":6.221,"GNB":6.008,"GNQ":5.791,"GRC":2.42,"GRD":4.835,"GRL":4.928,"GTM":6.699,"GUM":4.346,"GUY":5.751,"HKG":3.783,"HND":7.295,"HRV":2.027,"HTI":6.009,"HUN":2.06,"IDN":5.568,"IMN":2.447,"IND":5.76,"IRL":3.77,"IRN":7.119,"IRQ":7.056,"ISL":3.06,"ISR":3.786,"ITA":2.46,"JAM":5.576,"JOR":8.135,"JPN":2.13,"KAZ":3.629,"KEN":7.948,"KGZ":5.182,"KHM":6.165,"KIR":5.984,"KNA":5.165,"KOR":4.51,"KOS":5.812,"KWT":7.278,"LAO":6.298,"LBN":5.448,"LBR":6.657,"LBY":7.974,"LCA":6.387,"LIE":2.217,"LKA":4.658,"LSO":5.725,"LTU":2.24,"LUX":2.12,"LVA":1.83,"MAC":2.608,"MAF":6.262,"MAR":6.786,"MCO":2.566,"MDA":2.592,"MDG":7.131,"MDV":7.279,"MEX":6.707,"MHL":8.143,"MKD":3.219,"MLI":7.159,"MLT":2.12,"MMR":5.797,"MNE":2.795,"MNG":7.371,"MNP":7.741,"MOZ":6.646,"MRT":6.603,"MUS":4.596,"MWI":7.262,"MYS":5.291,"NAM":6.502,"NCL":5.058,"NER":7.497,"NGA":6.42,"NIC":6.885,"NLD":2.72,"NOR":2.75,"NPL":5.944,"NRU":5.139,"NZL":3.34,"OMN":7.462,"PAK":6.8,"PAN":5.411,"PER":6.513,"PHL":6.448,"PLW":6.714,"PNG":6.252,"POL":2.24,"PRI":3.381,"PRK":3.872,"PRT":3.12,"PRY":5.972,"PYF":5.9,"QAT":6.392,"ROU":3.63,"RUS":1.99,"RWA":8.187,"SAU":7.627,"SDN":6.946,"SEN":7.251,"SGP":3.53,"SLB":6.948,"SLE":6.385,"SLV":6.386,"SMR":2.299,"SOM":7.231,"SRB":2.005,"SSD":7.264,"STP":6.419,"SUR":5.863,"SVK":2.39,"SVN":2.253,"SWE":2.07,"SWZ":6.761,"SXM":3.784,"SYC":5.614,"SYR":7.569,"TCA":5.397,"TCD":6.432,"TGO":6.970459,"THA":5.928,"TJK":6.912,"TKM":6.56,"TLS":5.788,"TON":6.226,"TTO":4.106,"TUN":6.806,"TUR":5.962,"TUV":4.361,"TZA":6.9,"UGA":7.13,"UKR":2.031,"URY":2.771,"USA":2.464,"UZB":6.394,"VCT":6.416,"VEN":5.614,"VGB":3.875,"VIR":4.954,"VNM":6.029,"VUT":6.463,"WSM":7.499,"YEM":8.191,"ZAF":5.782,"ZMB":7.18,"ZWE":7.114}}