{"schemaVersion":1,"dataKind":"ranking-year","indicatorId":"SP.DYN.TFRT.IN","year":1969,"valuesByCountry":{"ABW":3.111,"AFG":7.389,"AGO":7.388,"ALB":5.287,"AND":2.769,"ARE":6.524,"ARG":3.049,"ARM":3.488,"ASM":6.122,"ATG":3.829,"AUS":2.886,"AUT":2.49,"AZE":5.065,"BDI":7.215,"BEL":2.27,"BEN":6.705,"BFA":6.664,"BGD":6.806,"BGR":2.27,"BHR":6.57,"BHS":4.38,"BIH":2.954,"BLR":2.26,"BLZ":6.316,"BMU":2.361,"BOL":6.058,"BRA":5.041,"BRB":3.342,"BRN":6.008,"BTN":6.658,"BWA":6.559,"CAF":6.063,"CAN":2.334,"CHE":2.19,"CHL":3.902,"CHN":6.175,"CIV":7.927,"CMR":6.144,"COD":6.304,"COG":6.35,"COL":5.506,"COM":7.073,"CPV":6.954,"CRI":4.835,"CUB":4.124,"CUW":3.608,"CYM":3.522,"CYP":3.188,"CZE":1.87,"DEU":2.21,"DJI":6.878,"DMA":5.412,"DNK":2,"DOM":6.366,"DZA":7.709,"ECU":6.252,"EGY":6.12,"ERI":6.503,"ESP":2.86,"EST":2.13,"ETH":6.719,"FIN":1.93,"FJI":4.905,"FRA":2.62,"FRO":3.564,"FSM":6.877,"G001":4.88003246945033,"GAB":5.049,"GBR":2.51,"GEO":2.687,"GHA":6.954,"GIB":2.949,"GIN":6.228,"GMB":6.246,"GNB":6.024,"GNQ":5.802,"GRC":2.36,"GRD":4.69,"GRL":4.209,"GTM":6.646,"GUM":4.44,"GUY":5.581,"HKG":3.599,"HND":7.228,"HRV":1.951,"HTI":5.957,"HUN":2.04,"IDN":5.553,"IMN":2.512,"IND":5.684,"IRL":3.83,"IRN":7.007,"IRQ":7.083,"ISL":2.99,"ISR":3.782,"ITA":2.47,"JAM":5.468,"JOR":8.192,"JPN":2.13,"KAZ":3.509,"KEN":7.947,"KGZ":5.183,"KHM":6.124,"KIR":5.848,"KNA":4.967,"KOR":4.447,"KOS":5.731,"KWT":7.181,"LAO":6.301,"LBN":5.316,"LBR":6.644,"LBY":8.011,"LCA":6.249,"LIE":2.135,"LKA":4.499,"LSO":5.704,"LTU":2.3,"LUX":2.02,"LVA":1.88,"MAC":2.307,"MAF":6.186,"MAR":6.726,"MCO":2.536,"MDA":2.566,"MDG":7.118,"MDV":7.327,"MEX":6.626,"MHL":8.112,"MKD":3.101,"MLI":7.175,"MLT":2.02,"MMR":5.747,"MNE":2.791,"MNG":7.337,"MNP":7.623,"MOZ":6.672,"MRT":6.643,"MUS":3.965,"MWI":7.274,"MYS":5.159,"NAM":6.508,"NCL":5.008,"NER":7.506,"NGA":6.438,"NIC":6.825,"NLD":2.75,"NOR":2.7,"NPL":5.893,"NRU":4.942,"NZL":3.28,"OMN":7.489,"PAK":6.8,"PAN":5.287,"PER":6.418,"PHL":6.333,"PLW":6.576,"PNG":6.258,"POL":2.2,"PRI":3.315,"PRK":3.86,"PRT":3.12,"PRY":5.837,"PYF":5.818,"QAT":6.311,"ROU":3.19,"RUS":1.97,"RWA":8.176,"SAU":7.597,"SDN":6.967,"SEN":7.259,"SGP":3.22,"SLB":6.974,"SLE":6.393,"SLV":6.278,"SMR":2.312,"SOM":7.209,"SRB":1.986,"SSD":7.281,"STP":6.444,"SUR":5.696,"SVK":2.43,"SVN":2.174,"SWE":1.93,"SWZ":6.761,"SXM":3.634,"SYC":5.479,"SYR":7.586,"TCA":5.311,"TCD":6.477,"TGO":7.014899,"THA":5.704,"TJK":6.911,"TKM":6.482,"TLS":5.722,"TON":6.166,"TTO":3.856,"TUN":6.623,"TUR":5.872,"TUV":4.227,"TZA":6.954,"UGA":7.115,"UKR":2.012,"URY":2.769,"USA":2.456,"UZB":6.338,"VCT":6.275,"VEN":5.469,"VGB":3.807,"VIR":4.812,"VNM":6.013,"VUT":6.41,"WSM":7.432,"YEM":8.216,"ZAF":5.719,"ZMB":7.18,"ZWE":7.036}}