{"schemaVersion":1,"dataKind":"ranking-year","indicatorId":"SP.DYN.TFRT.IN","year":1970,"valuesByCountry":{"ABW":2.973,"AFG":7.4,"AGO":7.434,"ALB":5.158,"AND":2.787,"ARE":6.519,"ARG":3.085,"ARM":3.328,"ASM":5.953,"ATG":3.628,"AUS":2.859,"AUT":2.29,"AZE":4.913,"BDI":7.214,"BEL":2.25,"BEN":6.735,"BFA":6.685,"BGD":6.839,"BGR":2.17,"BHR":6.428,"BHS":4.212,"BIH":2.791,"BLR":2.31,"BLZ":6.299,"BMU":2.308,"BOL":6.004,"BRA":4.934,"BRB":3.079,"BRN":5.801,"BTN":6.65,"BWA":6.55,"CAF":6.027,"CAN":2.258,"CHE":2.1,"CHL":3.778,"CHN":6.085,"CIV":7.936,"CMR":6.197,"COD":6.329,"COG":6.376,"COL":5.276,"COM":7.099,"CPV":6.935,"CRI":4.585,"CUB":3.981,"CUW":3.397,"CYM":4.662,"CYP":3.065,"CZE":1.92,"DEU":2.03,"DJI":6.879,"DMA":5.215,"DNK":1.95,"DOM":6.184,"DZA":7.704,"ECU":6.138,"EGY":6.059,"ERI":6.541,"ESP":2.84,"EST":2.17,"ETH":6.782,"FIN":1.83,"FJI":4.708,"FRA":2.55,"FRO":3.418,"FSM":6.928,"G001":4.84002924595242,"GAB":5.097,"GBR":2.44,"GEO":2.695,"GHA":6.952,"GIB":2.948,"GIN":6.243,"GMB":6.257,"GNB":6.041,"GNQ":5.808,"GRC":2.4,"GRD":4.46,"GRL":3.541,"GTM":6.6,"GUM":4.343,"GUY":5.411,"HKG":3.386,"HND":7.172,"HRV":1.882,"HTI":5.911,"HUN":1.98,"IDN":5.488,"IMN":2.566,"IND":5.624,"IRL":3.85,"IRN":6.798,"IRQ":7.071,"ISL":2.81,"ISR":3.778,"ITA":2.38,"JAM":5.349,"JOR":8.181,"JPN":2.13,"KAZ":3.505,"KEN":7.943,"KGZ":5.203,"KHM":6.071,"KIR":5.706,"KNA":4.728,"KOR":4.53,"KOS":5.624,"KWT":7.025,"LAO":6.31,"LBN":5.188,"LBR":6.578,"LBY":8.048,"LCA":6.101,"LIE":2.093,"LKA":4.387,"LSO":5.698,"LTU":2.4,"LUX":1.97,"LVA":1.96,"MAC":2.083,"MAF":6.089,"MAR":6.682,"MCO":2.5,"MDA":2.565,"MDG":7.096,"MDV":7.391,"MEX":6.529,"MHL":8.075,"MKD":3.012,"MLI":7.181,"MLT":2.03,"MMR":5.682,"MNE":2.687,"MNG":7.314,"MNP":7.439,"MOZ":6.699,"MRT":6.677,"MUS":3.82,"MWI":7.295,"MYS":5.035,"NAM":6.52,"NCL":5.07,"NER":7.514,"NGA":6.466,"NIC":6.773,"NLD":2.57,"NOR":2.5,"NPL":5.869,"NRU":4.74,"NZL":3.17,"OMN":7.523,"PAK":6.801,"PAN":5.175,"PER":6.316,"PHL":6.218,"PLW":6.387,"PNG":6.25,"POL":2.2,"PRI":3.243,"PRK":3.848,"PRT":3.01,"PRY":5.718,"PYF":5.628,"QAT":6.228,"ROU":2.89,"RUS":1.99,"RWA":8.145,"SAU":7.583,"SDN":6.986,"SEN":7.262,"SGP":3.07,"SLB":6.983,"SLE":6.411,"SLV":6.178,"SMR":2.316,"SOM":7.182,"SRB":1.973,"SSD":7.286,"STP":6.468,"SUR":5.529,"SVK":2.41,"SVN":2.109,"SWE":1.92,"SWZ":6.749,"SXM":3.48,"SYC":5.307,"SYR":7.621,"TCA":5.229,"TCD":6.528,"TGO":7.034988,"THA":5.452,"TJK":6.911,"TKM":6.404,"TLS":5.655,"TON":6.071,"TTO":3.709,"TUN":6.426,"TUR":5.775,"TUV":4.081,"TZA":7.001,"UGA":7.149,"UKR":2.078,"URY":2.772,"USA":2.48,"UZB":6.313,"VCT":6.116,"VEN":5.321,"VGB":3.739,"VIR":5.254,"VNM":6.019,"VUT":6.346,"WSM":7.338,"YEM":8.234,"ZAF":5.634,"ZMB":7.224,"ZWE":6.982}}