{"schemaVersion":1,"dataKind":"ranking-year","indicatorId":"SP.DYN.TFRT.IN","year":1971,"valuesByCountry":{"ABW":2.862,"AFG":7.432,"AGO":7.467,"ALB":5.083,"AND":2.832,"ARE":6.519,"ARG":3.108,"ARM":3.286,"ASM":5.765,"ATG":3.455,"AUS":2.961,"AUT":2.2,"AZE":4.769,"BDI":7.213,"BEL":2.21,"BEN":6.766,"BFA":6.698,"BGD":6.831,"BGR":2.1,"BHR":6.284,"BHS":4.058,"BIH":2.749,"BLR":2.31,"BLZ":6.288,"BMU":2.277,"BOL":5.947,"BRA":4.838,"BRB":3.199,"BRN":5.619,"BTN":6.643,"BWA":6.544,"CAF":5.993,"CAN":2.141,"CHE":2.04,"CHL":3.654,"CHN":5.523,"CIV":7.941,"CMR":6.259,"COD":6.344,"COG":6.416,"COL":5.057,"COM":7.116,"CPV":6.913,"CRI":4.362,"CUB":3.799,"CUW":3.18,"CYM":3.465,"CYP":3.036,"CZE":2,"DEU":1.92,"DJI":6.882,"DMA":4.985,"DNK":2.04,"DOM":6.009,"DZA":7.671,"ECU":6.011,"EGY":5.99,"ERI":6.541,"ESP":2.9,"EST":2.19,"ETH":6.838,"FIN":1.68,"FJI":4.51,"FRA":2.47,"FRO":3.215,"FSM":6.938,"G001":4.68936425688911,"GAB":5.163,"GBR":2.41,"GEO":2.707,"GHA":6.946,"GIB":2.944,"GIN":6.262,"GMB":6.33,"GNB":6.06,"GNQ":5.808,"GRC":2.32,"GRD":4.307,"GRL":3.202,"GTM":6.546,"GUM":4.202,"GUY":5.257,"HKG":3.459,"HND":7.113,"HRV":1.974,"HTI":5.877,"HUN":1.93,"IDN":5.397,"IMN":2.512,"IND":5.565,"IRL":3.93,"IRN":6.549,"IRQ":7.055,"ISL":2.92,"ISR":3.774,"ITA":2.4,"JAM":5.212,"JOR":8.15,"JPN":2.16,"KAZ":3.534,"KEN":7.922,"KGZ":5.181,"KHM":6.007,"KIR":5.554,"KNA":4.506,"KOR":4.54,"KOS":5.556,"KWT":6.839,"LAO":6.295,"LBN":5.05,"LBR":6.542,"LBY":8.096,"LCA":5.953,"LIE":2.033,"LKA":4.266,"LSO":5.696,"LTU":2.41,"LUX":1.95,"LVA":2,"MAC":1.994,"MAF":5.97,"MAR":6.616,"MCO":2.47,"MDA":2.563,"MDG":7.068,"MDV":7.384,"MEX":6.419,"MHL":8.036,"MKD":2.927,"MLI":7.203,"MLT":2.06,"MMR":5.615,"MNE":2.673,"MNG":7.297,"MNP":7.134,"MOZ":6.701,"MRT":6.696,"MUS":3.508,"MWI":7.311,"MYS":4.924,"NAM":6.521,"NCL":5.051,"NER":7.518,"NGA":6.532,"NIC":6.714,"NLD":2.36,"NOR":2.49,"NPL":5.845,"NRU":4.541,"NZL":3.18,"OMN":7.558,"PAK":6.802,"PAN":5.054,"PER":6.207,"PHL":6.083,"PLW":6.164,"PNG":6.229,"POL":2.25,"PRI":3.291,"PRK":3.739,"PRT":3,"PRY":5.591,"PYF":5.446,"QAT":6.145,"ROU":2.67,"RUS":2.03,"RWA":8.092,"SAU":7.556,"SDN":7.019,"SEN":7.261,"SGP":3.02,"SLB":6.985,"SLE":6.429,"SLV":6.13,"SMR":2.326,"SOM":7.151,"SRB":1.96,"SSD":7.296,"STP":6.49,"SUR":5.356,"SVK":2.43,"SVN":2.157,"SWE":1.96,"SWZ":6.739,"SXM":3.346,"SYC":5.689,"SYR":7.6,"TCA":5.141,"TCD":6.582,"TGO":7.063704,"THA":5.253,"TJK":6.911,"TKM":6.323,"TLS":5.58,"TON":5.958,"TTO":3.612,"TUN":6.29,"TUR":5.671,"TUV":3.944,"TZA":7.044,"UGA":7.181,"UKR":2.113,"URY":2.767,"USA":2.266,"UZB":6.284,"VCT":5.946,"VEN":5.174,"VGB":3.642,"VIR":5.066,"VNM":6.069,"VUT":6.293,"WSM":7.224,"YEM":8.26,"ZAF":5.569,"ZMB":7.26,"ZWE":6.939}}