{"schemaVersion":1,"dataKind":"ranking-year","indicatorId":"SP.DYN.TFRT.IN","year":1972,"valuesByCountry":{"ABW":2.755,"AFG":7.453,"AGO":7.488,"ALB":4.979,"AND":2.905,"ARE":6.502,"ARG":3.135,"ARM":3.198,"ASM":5.519,"ATG":3.287,"AUS":2.744,"AUT":2.08,"AZE":4.615,"BDI":7.21,"BEL":2.09,"BEN":6.799,"BFA":6.719,"BGD":6.816,"BGR":2.03,"BHR":6.139,"BHS":3.886,"BIH":2.672,"BLR":2.28,"BLZ":6.284,"BMU":2.225,"BOL":5.885,"BRA":4.735,"BRB":3.153,"BRN":5.5,"BTN":6.639,"BWA":6.563,"CAF":5.959,"CAN":1.98,"CHE":1.91,"CHL":3.53,"CHN":5.112,"CIV":7.942,"CMR":6.293,"COD":6.369,"COG":6.444,"COL":4.857,"COM":7.142,"CPV":6.887,"CRI":4.158,"CUB":3.612,"CUW":2.992,"CYM":4.887,"CYP":2.988,"CZE":2.09,"DEU":1.71,"DJI":6.851,"DMA":4.671,"DNK":2.03,"DOM":5.841,"DZA":7.634,"ECU":5.873,"EGY":5.929,"ERI":6.538,"ESP":2.87,"EST":2.13,"ETH":6.895,"FIN":1.58,"FJI":4.316,"FRA":2.38,"FRO":3.256,"FSM":6.961,"G001":4.54782327999565,"GAB":5.237,"GBR":2.2,"GEO":2.674,"GHA":6.916,"GIB":2.788,"GIN":6.283,"GMB":6.366,"GNB":6.078,"GNQ":5.805,"GRC":2.32,"GRD":4.175,"GRL":3.012,"GTM":6.511,"GUM":4.046,"GUY":5.077,"HKG":3.315,"HND":7.058,"HRV":2.007,"HTI":5.849,"HUN":1.93,"IDN":5.315,"IMN":2.454,"IND":5.482,"IRL":3.84,"IRN":6.257,"IRQ":7.024,"ISL":3.09,"ISR":3.77,"ITA":2.35,"JAM":5.06,"JOR":8.117,"JPN":2.14,"KAZ":3.553,"KEN":7.894,"KGZ":5.137,"KHM":5.943,"KIR":5.374,"KNA":4.161,"KOR":4.12,"KOS":5.488,"KWT":6.637,"LAO":6.284,"LBN":4.912,"LBR":6.599,"LBY":8.073,"LCA":5.813,"LIE":1.983,"LKA":4.156,"LSO":5.694,"LTU":2.34,"LUX":1.75,"LVA":2,"MAC":1.94,"MAF":5.839,"MAR":6.545,"MCO":2.44,"MDA":2.564,"MDG":7.042,"MDV":7.374,"MEX":6.281,"MHL":7.995,"MKD":2.865,"MLI":7.219,"MLT":2.01,"MMR":5.527,"MNE":2.611,"MNG":7.279,"MNP":6.776,"MOZ":6.701,"MRT":6.706,"MUS":3.407,"MWI":7.326,"MYS":4.822,"NAM":6.533,"NCL":5.047,"NER":7.523,"NGA":6.579,"NIC":6.653,"NLD":2.15,"NOR":2.38,"NPL":5.801,"NRU":4.355,"NZL":3,"OMN":7.588,"PAK":6.805,"PAN":4.908,"PER":6.091,"PHL":5.937,"PLW":5.896,"PNG":6.197,"POL":2.24,"PRI":3.058,"PRK":3.889,"PRT":2.86,"PRY":5.458,"PYF":5.272,"QAT":6.073,"ROU":2.55,"RUS":2.04,"RWA":8.089,"SAU":7.539,"SDN":6.983,"SEN":7.258,"SGP":3.04,"SLB":6.992,"SLE":6.447,"SLV":6.032,"SMR":2.286,"SOM":7.118,"SRB":1.952,"SSD":7.311,"STP":6.51,"SUR":5.176,"SVK":2.49,"SVN":2.165,"SWE":1.91,"SWZ":6.722,"SXM":3.234,"SYC":5.155,"SYR":7.573,"TCA":5.027,"TCD":6.85,"TGO":7.068624,"THA":5.077,"TJK":6.893,"TKM":6.2,"TLS":5.492,"TON":5.862,"TTO":3.551,"TUN":6.187,"TUR":5.548,"TUV":3.806,"TZA":7.052,"UGA":7.185,"UKR":2.127,"URY":2.782,"USA":2.01,"UZB":6.246,"VCT":5.774,"VEN":5.035,"VGB":3.542,"VIR":4.78,"VNM":6.1,"VUT":6.228,"WSM":7.07,"YEM":8.273,"ZAF":5.49,"ZMB":7.3,"ZWE":6.942}}