{"schemaVersion":1,"dataKind":"ranking-year","indicatorId":"SP.DYN.TFRT.IN","year":1973,"valuesByCountry":{"ABW":2.655,"AFG":7.487,"AGO":7.498,"ALB":4.829,"AND":2.826,"ARE":6.464,"ARG":3.17,"ARM":3.081,"ASM":5.297,"ATG":3.126,"AUS":2.491,"AUT":1.94,"AZE":4.451,"BDI":7.215,"BEL":1.95,"BEN":6.809,"BFA":6.77,"BGD":6.8,"BGR":2.15,"BHR":5.965,"BHS":3.726,"BIH":2.539,"BLR":2.25,"BLZ":6.285,"BMU":2.143,"BOL":5.847,"BRA":4.638,"BRB":2.865,"BRN":5.355,"BTN":6.633,"BWA":6.587,"CAF":5.925,"CAN":1.89,"CHE":1.81,"CHL":3.409,"CHN":4.726,"CIV":7.939,"CMR":6.326,"COD":6.385,"COG":6.42,"COL":4.68,"COM":7.165,"CPV":6.855,"CRI":3.991,"CUB":3.402,"CUW":2.872,"CYM":3.562,"CYP":2.403,"CZE":2.31,"DEU":1.54,"DJI":6.817,"DMA":4.275,"DNK":1.92,"DOM":5.667,"DZA":7.592,"ECU":5.727,"EGY":5.843,"ERI":6.548,"ESP":2.84,"EST":2.06,"ETH":6.962,"FIN":1.49,"FJI":4.158,"FRA":2.28,"FRO":3.22,"FSM":6.971,"G001":4.41717271303181,"GAB":5.287,"GBR":2.04,"GEO":2.617,"GHA":6.872,"GIB":2.671,"GIN":6.308,"GMB":6.405,"GNB":6.098,"GNQ":5.8,"GRC":2.27,"GRD":4.046,"GRL":2.739,"GTM":6.487,"GUM":3.89,"GUY":4.866,"HKG":3.177,"HND":6.985,"HRV":2.013,"HTI":5.811,"HUN":1.93,"IDN":5.246,"IMN":2.364,"IND":5.402,"IRL":3.71,"IRN":6.061,"IRQ":6.986,"ISL":2.94,"ISR":3.698,"ITA":2.3,"JAM":4.995,"JOR":8.062,"JPN":2.14,"KAZ":3.508,"KEN":7.86,"KGZ":5.024,"KHM":5.559,"KIR":5.199,"KNA":3.966,"KOR":4.07,"KOS":5.418,"KWT":6.43,"LAO":6.281,"LBN":4.79,"LBR":6.651,"LBY":8.047,"LCA":5.686,"LIE":1.936,"LKA":4.001,"LSO":5.688,"LTU":2.22,"LUX":1.58,"LVA":1.98,"MAC":1.843,"MAF":5.638,"MAR":6.481,"MCO":2.408,"MDA":2.566,"MDG":7.011,"MDV":7.399,"MEX":6.121,"MHL":7.952,"MKD":2.719,"MLI":7.223,"MLT":1.65,"MMR":5.435,"MNE":2.512,"MNG":7.24,"MNP":6.398,"MOZ":6.698,"MRT":6.718,"MUS":3.071,"MWI":7.338,"MYS":4.727,"NAM":6.54,"NCL":4.932,"NER":7.529,"NGA":6.633,"NIC":6.586,"NLD":1.9,"NOR":2.23,"NPL":5.701,"NRU":4.192,"NZL":2.76,"OMN":7.625,"PAK":6.808,"PAN":4.741,"PER":5.968,"PHL":5.787,"PLW":5.592,"PNG":6.16,"POL":2.26,"PRI":2.93,"PRK":3.353,"PRT":2.77,"PRY":5.351,"PYF":5.091,"QAT":6.008,"ROU":2.44,"RUS":2.01,"RWA":8.092,"SAU":7.484,"SDN":6.939,"SEN":7.255,"SGP":2.79,"SLB":7.001,"SLE":6.473,"SLV":5.929,"SMR":2.227,"SOM":7.086,"SRB":1.94,"SSD":7.311,"STP":6.525,"SUR":5.007,"SVK":2.56,"SVN":2.204,"SWE":1.87,"SWZ":6.715,"SXM":3.111,"SYC":4.784,"SYR":7.548,"TCA":4.913,"TCD":6.869,"TGO":7.08101,"THA":4.845,"TJK":6.841,"TKM":6.152,"TLS":5.392,"TON":5.801,"TTO":3.466,"TUN":6.12,"TUR":5.41,"TUV":3.712,"TZA":7.062,"UGA":7.193,"UKR":2.044,"URY":2.855,"USA":1.879,"UZB":6.162,"VCT":5.587,"VEN":4.906,"VGB":3.428,"VIR":4.231,"VNM":6.108,"VUT":6.151,"WSM":6.908,"YEM":8.29,"ZAF":5.413,"ZMB":7.339,"ZWE":6.942}}