{"schemaVersion":1,"dataKind":"ranking-year","indicatorId":"SP.DYN.TFRT.IN","year":1974,"valuesByCountry":{"ABW":2.573,"AFG":7.526,"AGO":7.5,"ALB":4.7,"AND":2.735,"ARE":6.411,"ARG":3.216,"ARM":2.984,"ASM":5.139,"ATG":2.932,"AUS":2.397,"AUT":1.91,"AZE":4.33,"BDI":7.222,"BEL":1.83,"BEN":6.822,"BFA":6.842,"BGD":6.778,"BGR":2.29,"BHR":5.787,"BHS":3.572,"BIH":2.454,"BLR":2.21,"BLZ":6.287,"BMU":2.023,"BOL":5.796,"BRA":4.502,"BRB":2.652,"BRN":5.183,"BTN":6.618,"BWA":6.614,"CAF":5.899,"CAN":1.837,"CHE":1.73,"CHL":3.293,"CHN":4.17,"CIV":7.929,"CMR":6.361,"COD":6.404,"COG":6.39,"COL":4.527,"COM":7.163,"CPV":6.818,"CRI":3.893,"CUB":3.164,"CUW":2.773,"CYM":2.958,"CYP":2.28,"CZE":2.46,"DEU":1.51,"DJI":6.78,"DMA":3.842,"DNK":1.9,"DOM":5.44,"DZA":7.545,"ECU":5.577,"EGY":5.784,"ERI":6.567,"ESP":2.88,"EST":2.07,"ETH":7.018,"FIN":1.61,"FJI":4.068,"FRA":2.18,"FRO":3.065,"FSM":6.928,"G001":4.25592763733336,"GAB":5.327,"GBR":1.92,"GEO":2.565,"GHA":6.822,"GIB":2.596,"GIN":6.336,"GMB":6.415,"GNB":6.12,"GNQ":5.795,"GRC":2.38,"GRD":3.92,"GRL":2.45,"GTM":6.458,"GUM":3.764,"GUY":4.638,"HKG":2.967,"HND":6.913,"HRV":1.983,"HTI":5.781,"HUN":2.27,"IDN":5.089,"IMN":2.263,"IND":5.325,"IRL":3.59,"IRN":5.968,"IRQ":6.952,"ISL":2.66,"ISR":3.626,"ITA":2.28,"JAM":4.665,"JOR":7.997,"JPN":2.05,"KAZ":3.453,"KEN":7.822,"KGZ":4.891,"KHM":4.797,"KIR":5.094,"KNA":3.806,"KOR":3.77,"KOS":5.373,"KWT":6.233,"LAO":6.289,"LBN":4.654,"LBR":6.691,"LBY":8.02,"LCA":5.571,"LIE":1.904,"LKA":3.855,"LSO":5.753,"LTU":2.21,"LUX":1.58,"LVA":1.97,"MAC":1.731,"MAF":5.388,"MAR":6.397,"MCO":2.377,"MDA":2.564,"MDG":6.993,"MDV":7.377,"MEX":5.947,"MHL":7.899,"MKD":2.698,"MLI":7.228,"MLT":1.64,"MMR":5.341,"MNE":2.434,"MNG":7.173,"MNP":6.02,"MOZ":6.671,"MRT":6.73,"MUS":3.453,"MWI":7.344,"MYS":4.619,"NAM":6.552,"NCL":4.686,"NER":7.539,"NGA":6.703,"NIC":6.521,"NLD":1.77,"NOR":2.13,"NPL":5.75,"NRU":4.067,"NZL":2.58,"OMN":7.672,"PAK":6.811,"PAN":4.576,"PER":5.841,"PHL":5.693,"PLW":5.258,"PNG":6.114,"POL":2.26,"PRI":2.882,"PRK":3.142,"PRT":2.7,"PRY":5.272,"PYF":4.906,"QAT":5.935,"ROU":2.71,"RUS":2,"RWA":8.102,"SAU":7.426,"SDN":6.909,"SEN":7.252,"SGP":2.35,"SLB":7.01,"SLE":6.534,"SLV":5.822,"SMR":2.134,"SOM":7.057,"SRB":1.93,"SSD":7.314,"STP":6.534,"SUR":4.811,"SVK":2.61,"SVN":2.125,"SWE":1.87,"SWZ":6.71,"SXM":3.009,"SYC":5.099,"SYR":7.52,"TCA":4.793,"TCD":6.864,"TGO":7.089781,"THA":4.598,"TJK":6.772,"TKM":6.087,"TLS":5.287,"TON":5.765,"TTO":3.319,"TUN":6.048,"TUR":5.243,"TUV":3.633,"TZA":7.123,"UGA":7.192,"UKR":2.064,"URY":2.957,"USA":1.835,"UZB":6.053,"VCT":5.379,"VEN":4.791,"VGB":3.333,"VIR":3.873,"VNM":5.781,"VUT":6.057,"WSM":6.747,"YEM":8.326,"ZAF":5.298,"ZMB":7.364,"ZWE":6.879}}