{"schemaVersion":1,"dataKind":"ranking-year","indicatorId":"SP.DYN.TFRT.IN","year":1975,"valuesByCountry":{"ABW":2.499,"AFG":7.542,"AGO":7.494,"ALB":4.566,"AND":2.458,"ARE":6.353,"ARG":3.271,"ARM":2.921,"ASM":5.013,"ATG":2.77,"AUS":2.148,"AUT":1.83,"AZE":4.176,"BDI":7.244,"BEL":1.74,"BEN":6.83,"BFA":6.913,"BGD":6.728,"BGR":2.23,"BHR":5.618,"BHS":3.424,"BIH":2.389,"BLR":2.17,"BLZ":6.278,"BMU":1.888,"BOL":5.748,"BRA":4.415,"BRB":2.447,"BRN":4.99,"BTN":6.62,"BWA":6.613,"CAF":5.877,"CAN":1.824,"CHE":1.61,"CHL":3.182,"CHN":3.571,"CIV":7.91,"CMR":6.401,"COD":6.419,"COG":6.356,"COL":4.398,"COM":7.162,"CPV":6.771,"CRI":3.804,"CUB":2.824,"CUW":2.662,"CYM":2.715,"CYP":2.107,"CZE":2.43,"DEU":1.45,"DJI":6.737,"DMA":3.461,"DNK":1.92,"DOM":5.235,"DZA":7.485,"ECU":5.426,"EGY":5.749,"ERI":6.586,"ESP":2.77,"EST":2.04,"ETH":7.079,"FIN":1.68,"FJI":4.104,"FRA":2.09,"FRO":2.902,"FSM":6.879,"G001":4.07351270589018,"GAB":5.391,"GBR":1.81,"GEO":2.552,"GHA":6.762,"GIB":2.527,"GIN":6.367,"GMB":6.428,"GNB":6.15,"GNQ":5.791,"GRC":2.33,"GRD":3.754,"GRL":2.345,"GTM":6.41,"GUM":3.658,"GUY":4.45,"HKG":2.666,"HND":6.866,"HRV":1.951,"HTI":5.748,"HUN":2.35,"IDN":5.032,"IMN":2.16,"IND":5.195,"IRL":3.37,"IRN":5.947,"IRQ":6.913,"ISL":2.65,"ISR":3.554,"ITA":2.17,"JAM":4.436,"JOR":7.925,"JPN":1.91,"KAZ":3.398,"KEN":7.795,"KGZ":4.764,"KHM":4.103,"KIR":5.019,"KNA":3.675,"KOR":3.43,"KOS":5.283,"KWT":6.059,"LAO":6.287,"LBN":4.521,"LBR":6.744,"LBY":7.977,"LCA":5.358,"LIE":1.897,"LKA":3.816,"LSO":5.825,"LTU":2.18,"LUX":1.55,"LVA":1.96,"MAC":1.554,"MAF":5.1,"MAR":6.299,"MCO":2.351,"MDA":2.522,"MDG":6.971,"MDV":7.321,"MEX":5.739,"MHL":7.832,"MKD":2.692,"MLI":7.253,"MLT":2.27,"MMR":5.249,"MNE":2.381,"MNG":7.066,"MNP":5.625,"MOZ":6.659,"MRT":6.713,"MUS":3.197,"MWI":7.359,"MYS":4.501,"NAM":6.533,"NCL":4.456,"NER":7.539,"NGA":6.773,"NIC":6.445,"NLD":1.66,"NOR":1.98,"NPL":5.733,"NRU":3.972,"NZL":2.37,"OMN":7.711,"PAK":6.812,"PAN":4.414,"PER":5.709,"PHL":5.596,"PLW":4.903,"PNG":6.065,"POL":2.27,"PRI":2.772,"PRK":3.047,"PRT":2.75,"PRY":5.177,"PYF":4.713,"QAT":5.861,"ROU":2.59,"RUS":1.98,"RWA":8.096,"SAU":7.37,"SDN":6.866,"SEN":7.252,"SGP":2.07,"SLB":6.988,"SLE":6.546,"SLV":5.705,"SMR":2.053,"SOM":7.033,"SRB":1.923,"SSD":7.326,"STP":6.534,"SUR":4.629,"SVK":2.55,"SVN":2.175,"SWE":1.77,"SWZ":6.707,"SXM":2.921,"SYC":4.752,"SYR":7.486,"TCA":4.687,"TCD":6.876,"TGO":7.088292,"THA":4.364,"TJK":6.692,"TKM":6.004,"TLS":5.19,"TON":5.746,"TTO":3.214,"TUN":5.972,"TUR":5.087,"TUV":3.578,"TZA":7.101,"UGA":7.201,"UKR":2.049,"URY":3.017,"USA":1.774,"UZB":5.918,"VCT":5.165,"VEN":4.686,"VGB":3.254,"VIR":3.595,"VNM":5.621,"VUT":5.976,"WSM":6.606,"YEM":8.373,"ZAF":5.191,"ZMB":7.421,"ZWE":6.832}}