{"schemaVersion":1,"dataKind":"ranking-year","indicatorId":"SP.DYN.TFRT.IN","year":1976,"valuesByCountry":{"ABW":2.432,"AFG":7.561,"AGO":7.485,"ALB":4.374,"AND":2.207,"ARE":6.291,"ARG":3.317,"ARM":2.844,"ASM":4.932,"ATG":2.78,"AUS":2.06,"AUT":1.69,"AZE":4.018,"BDI":7.248,"BEL":1.73,"BEN":6.83,"BFA":6.952,"BGD":6.66,"BGR":2.24,"BHR":5.454,"BHS":3.297,"BIH":2.314,"BLR":2.12,"BLZ":6.25,"BMU":1.864,"BOL":5.739,"BRA":4.339,"BRB":2.241,"BRN":4.784,"BTN":6.616,"BWA":6.599,"CAF":5.936,"CAN":1.796,"CHE":1.55,"CHL":3.078,"CHN":3.235,"CIV":7.877,"CMR":6.447,"COD":6.437,"COG":6.317,"COL":4.285,"COM":7.159,"CPV":6.714,"CRI":3.747,"CUB":2.506,"CUW":2.554,"CYM":2.529,"CYP":2.327,"CZE":2.39,"DEU":1.45,"DJI":6.691,"DMA":3.191,"DNK":1.75,"DOM":5.046,"DZA":7.405,"ECU":5.276,"EGY":5.727,"ERI":6.603,"ESP":2.77,"EST":2.07,"ETH":7.129,"FIN":1.7,"FJI":4.123,"FRA":2.01,"FRO":2.738,"FSM":6.818,"G001":3.96690771984079,"GAB":5.457,"GBR":1.74,"GEO":2.51,"GHA":6.703,"GIB":2.479,"GIN":6.4,"GMB":6.434,"GNB":6.192,"GNQ":5.791,"GRC":2.35,"GRD":3.597,"GRL":2.255,"GTM":6.368,"GUM":3.534,"GUY":4.28,"HKG":2.48,"HND":6.814,"HRV":1.936,"HTI":5.71,"HUN":2.23,"IDN":4.921,"IMN":2.083,"IND":5.13,"IRL":3.29,"IRN":6.066,"IRQ":6.856,"ISL":2.52,"ISR":3.482,"ITA":2.04,"JAM":4.213,"JOR":7.832,"JPN":1.85,"KAZ":3.332,"KEN":7.767,"KGZ":4.676,"KHM":3.409,"KIR":4.964,"KNA":3.589,"KOR":3,"KOS":5.185,"KWT":5.896,"LAO":6.289,"LBN":4.394,"LBR":6.793,"LBY":7.932,"LCA":5.161,"LIE":1.909,"LKA":3.783,"LSO":5.871,"LTU":2.18,"LUX":1.48,"LVA":1.93,"MAC":1.43,"MAF":4.839,"MAR":6.175,"MCO":2.326,"MDA":2.472,"MDG":6.954,"MDV":7.292,"MEX":5.543,"MHL":7.757,"MKD":2.623,"MLI":7.272,"MLT":2.21,"MMR":5.159,"MNE":2.352,"MNG":6.931,"MNP":5.234,"MOZ":6.641,"MRT":6.727,"MUS":3.129,"MWI":7.387,"MYS":4.398,"NAM":6.494,"NCL":4.231,"NER":7.563,"NGA":6.806,"NIC":6.366,"NLD":1.63,"NOR":1.86,"NPL":5.717,"NRU":3.899,"NZL":2.27,"OMN":7.743,"PAK":6.808,"PAN":4.264,"PER":5.575,"PHL":5.505,"PLW":4.526,"PNG":6.018,"POL":2.3,"PRI":2.863,"PRK":2.836,"PRT":2.82,"PRY":5.117,"PYF":4.512,"QAT":5.782,"ROU":2.54,"RUS":1.97,"RWA":8.122,"SAU":7.33,"SDN":6.823,"SEN":7.258,"SGP":2.11,"SLB":6.954,"SLE":6.553,"SLV":5.59,"SMR":1.947,"SOM":7.016,"SRB":1.913,"SSD":7.331,"STP":6.524,"SUR":4.445,"SVK":2.55,"SVN":2.201,"SWE":1.68,"SWZ":6.701,"SXM":2.833,"SYC":4.086,"SYR":7.448,"TCA":4.624,"TCD":6.893,"TGO":7.062682,"THA":4.119,"TJK":6.601,"TKM":5.901,"TLS":5.119,"TON":5.726,"TTO":3.138,"TUN":5.873,"TUR":4.931,"TUV":3.554,"TZA":7.086,"UGA":7.194,"UKR":2.044,"URY":3.005,"USA":1.738,"UZB":5.749,"VCT":4.949,"VEN":4.589,"VGB":3.2,"VIR":3.39,"VNM":5.461,"VUT":5.885,"WSM":6.473,"YEM":8.423,"ZAF":5.071,"ZMB":7.388,"ZWE":6.771}}