{"schemaVersion":1,"dataKind":"ranking-year","indicatorId":"SP.DYN.TFRT.IN","year":1977,"valuesByCountry":{"ABW":2.372,"AFG":7.591,"AGO":7.475,"ALB":4.204,"AND":2.029,"ARE":6.223,"ARG":3.359,"ARM":2.739,"ASM":4.953,"ATG":2.784,"AUS":2.007,"AUT":1.63,"AZE":3.869,"BDI":7.245,"BEL":1.71,"BEN":6.832,"BFA":7.046,"BGD":6.583,"BGR":2.21,"BHR":5.287,"BHS":3.167,"BIH":2.197,"BLR":2.08,"BLZ":6.195,"BMU":1.689,"BOL":5.673,"BRA":4.267,"BRB":2.201,"BRN":4.58,"BTN":6.605,"BWA":6.543,"CAF":5.986,"CAN":1.782,"CHE":1.53,"CHL":2.981,"CHN":2.844,"CIV":7.828,"CMR":6.508,"COD":6.45,"COG":6.271,"COL":4.163,"COM":7.15,"CPV":6.645,"CRI":3.701,"CUB":2.209,"CUW":2.463,"CYM":2.413,"CYP":2.089,"CZE":2.34,"DEU":1.4,"DJI":6.64,"DMA":3.02,"DNK":1.66,"DOM":4.842,"DZA":7.312,"ECU":5.13,"EGY":5.678,"ERI":6.608,"ESP":2.65,"EST":2.06,"ETH":7.189,"FIN":1.68,"FJI":4.108,"FRA":1.94,"FRO":2.684,"FSM":6.742,"G001":3.84198826465246,"GAB":5.516,"GBR":1.69,"GEO":2.441,"GHA":6.637,"GIB":2.468,"GIN":6.434,"GMB":6.433,"GNB":6.249,"GNQ":5.795,"GRC":2.27,"GRD":3.457,"GRL":2.349,"GTM":6.319,"GUM":3.363,"GUY":4.116,"HKG":2.376,"HND":6.732,"HRV":1.947,"HTI":5.674,"HUN":2.15,"IDN":4.807,"IMN":2.023,"IND":5.007,"IRL":3.24,"IRN":6.179,"IRQ":6.795,"ISL":2.31,"ISR":3.41,"ITA":1.93,"JAM":4.004,"JOR":7.723,"JPN":1.8,"KAZ":3.257,"KEN":7.729,"KGZ":4.593,"KHM":2.716,"KIR":4.957,"KNA":3.478,"KOR":2.99,"KOS":5.012,"KWT":5.712,"LAO":6.293,"LBN":4.279,"LBR":6.841,"LBY":7.872,"LCA":4.966,"LIE":1.92,"LKA":3.741,"LSO":5.848,"LTU":2.14,"LUX":1.5,"LVA":1.89,"MAC":1.391,"MAF":4.576,"MAR":6.036,"MCO":2.306,"MDA":2.424,"MDG":6.927,"MDV":7.266,"MEX":5.361,"MHL":7.67,"MKD":2.49,"MLI":7.299,"MLT":2.14,"MMR":5.069,"MNE":2.307,"MNG":6.79,"MNP":4.829,"MOZ":6.617,"MRT":6.736,"MUS":3.071,"MWI":7.408,"MYS":4.282,"NAM":6.441,"NCL":4.054,"NER":7.595,"NGA":6.862,"NIC":6.28,"NLD":1.58,"NOR":1.75,"NPL":5.688,"NRU":3.858,"NZL":2.21,"OMN":7.781,"PAK":6.799,"PAN":4.118,"PER":5.44,"PHL":5.442,"PLW":4.09,"PNG":5.957,"POL":2.23,"PRI":2.923,"PRK":2.771,"PRT":2.69,"PRY":5.078,"PYF":4.366,"QAT":5.691,"ROU":2.57,"RUS":1.95,"RWA":8.138,"SAU":7.295,"SDN":6.775,"SEN":7.268,"SGP":1.82,"SLB":6.915,"SLE":6.568,"SLV":5.473,"SMR":1.868,"SOM":7.004,"SRB":1.901,"SSD":7.325,"STP":6.504,"SUR":4.256,"SVK":2.49,"SVN":2.166,"SWE":1.64,"SWZ":6.676,"SXM":2.752,"SYC":3.754,"SYR":7.418,"TCA":4.553,"TCD":6.896,"TGO":7.025358,"THA":3.865,"TJK":6.494,"TKM":5.77,"TLS":5.085,"TON":5.699,"TTO":3.121,"TUN":5.681,"TUR":4.784,"TUV":3.555,"TZA":7.072,"UGA":7.183,"UKR":1.983,"URY":2.899,"USA":1.79,"UZB":5.54,"VCT":4.748,"VEN":4.494,"VGB":3.148,"VIR":3.257,"VNM":5.291,"VUT":5.806,"WSM":6.313,"YEM":8.466,"ZAF":4.942,"ZMB":7.353,"ZWE":6.713}}