{"schemaVersion":1,"dataKind":"ranking-year","indicatorId":"SP.DYN.TFRT.IN","year":1978,"valuesByCountry":{"ABW":2.312,"AFG":7.599,"AGO":7.467,"ALB":3.996,"AND":1.884,"ARE":6.151,"ARG":3.359,"ARM":2.617,"ASM":4.873,"ATG":2.573,"AUS":1.949,"AUT":1.6,"AZE":3.73,"BDI":7.259,"BEL":1.69,"BEN":6.824,"BFA":7.148,"BGD":6.509,"BGR":2.15,"BHR":5.12,"BHS":3.052,"BIH":2.081,"BLR":2.06,"BLZ":6.109,"BMU":1.798,"BOL":5.61,"BRA":4.195,"BRB":1.839,"BRN":4.389,"BTN":6.584,"BWA":6.479,"CAF":6.039,"CAN":1.768,"CHE":1.51,"CHL":2.892,"CHN":2.716,"CIV":7.669,"CMR":6.545,"COD":6.463,"COG":6.21,"COL":3.998,"COM":7.155,"CPV":6.564,"CRI":3.662,"CUB":1.884,"CUW":2.38,"CYM":2.366,"CYP":2.079,"CZE":2.33,"DEU":1.38,"DJI":6.586,"DMA":2.955,"DNK":1.67,"DOM":4.644,"DZA":7.211,"ECU":4.989,"EGY":5.629,"ERI":6.607,"ESP":2.54,"EST":2.02,"ETH":7.229,"FIN":1.64,"FJI":4.098,"FRA":1.89,"FRO":2.597,"FSM":6.65,"G001":3.7738187952534,"GAB":5.568,"GBR":1.75,"GEO":2.417,"GHA":6.564,"GIB":2.486,"GIN":6.44,"GMB":6.421,"GNB":6.32,"GNQ":5.804,"GRC":2.28,"GRD":3.351,"GRL":2.197,"GTM":6.261,"GUM":3.105,"GUY":3.967,"HKG":2.272,"HND":6.634,"HRV":1.955,"HTI":5.642,"HUN":2.06,"IDN":4.732,"IMN":1.988,"IND":4.888,"IRL":3.21,"IRN":6.344,"IRQ":6.726,"ISL":2.35,"ISR":3.354,"ITA":1.84,"JAM":3.838,"JOR":7.594,"JPN":1.79,"KAZ":3.156,"KEN":7.666,"KGZ":4.526,"KHM":3.338,"KIR":4.969,"KNA":3.286,"KOR":2.64,"KOS":4.831,"KWT":5.521,"LAO":6.298,"LBN":4.176,"LBR":6.884,"LBY":7.789,"LCA":4.825,"LIE":1.9,"LKA":3.81,"LSO":5.823,"LTU":2.08,"LUX":1.48,"LVA":1.87,"MAC":1.425,"MAF":4.319,"MAR":5.91,"MCO":2.284,"MDA":2.387,"MDG":6.904,"MDV":7.229,"MEX":5.202,"MHL":7.58,"MKD":2.416,"MLI":7.319,"MLT":2.05,"MMR":4.985,"MNE":2.247,"MNG":6.62,"MNP":4.434,"MOZ":6.592,"MRT":6.727,"MUS":3.011,"MWI":7.434,"MYS":4.179,"NAM":6.384,"NCL":3.875,"NER":7.662,"NGA":6.921,"NIC":6.164,"NLD":1.58,"NOR":1.77,"NPL":5.676,"NRU":3.843,"NZL":2.07,"OMN":7.818,"PAK":6.783,"PAN":3.984,"PER":5.305,"PHL":5.393,"PLW":3.74,"PNG":5.879,"POL":2.21,"PRI":2.9,"PRK":2.793,"PRT":2.45,"PRY":5.036,"PYF":4.045,"QAT":5.577,"ROU":2.52,"RUS":1.92,"RWA":8.157,"SAU":7.263,"SDN":6.72,"SEN":7.279,"SGP":1.79,"SLB":6.871,"SLE":6.591,"SLV":5.357,"SMR":1.771,"SOM":7.13,"SRB":1.889,"SSD":7.329,"STP":6.473,"SUR":4.08,"SVK":2.47,"SVN":2.196,"SWE":1.6,"SWZ":6.647,"SXM":2.683,"SYC":3.919,"SYR":7.345,"TCA":4.485,"TCD":6.891,"TGO":6.982702,"THA":3.617,"TJK":6.4,"TKM":5.61,"TLS":5.094,"TON":5.684,"TTO":3.129,"TUN":5.401,"TUR":4.691,"TUV":3.59,"TZA":7.06,"UGA":7.163,"UKR":1.969,"URY":2.829,"USA":1.76,"UZB":5.281,"VCT":4.554,"VEN":4.397,"VGB":3.113,"VIR":3.303,"VNM":5.104,"VUT":5.768,"WSM":6.146,"YEM":8.501,"ZAF":4.853,"ZMB":7.294,"ZWE":6.658}}