{"schemaVersion":1,"dataKind":"ranking-year","indicatorId":"SP.DYN.TFRT.IN","year":1979,"valuesByCountry":{"ABW":2.257,"AFG":7.612,"AGO":7.461,"ALB":3.782,"AND":1.795,"ARE":6.059,"ARG":3.339,"ARM":2.53,"ASM":4.756,"ATG":2.632,"AUS":1.907,"AUT":1.6,"AZE":3.605,"BDI":7.307,"BEL":1.69,"BEN":6.905,"BFA":7.194,"BGD":6.421,"BGR":2.16,"BHR":4.937,"BHS":2.937,"BIH":1.993,"BLR":2.05,"BLZ":5.992,"BMU":1.661,"BOL":5.542,"BRA":4.12,"BRB":1.862,"BRN":4.216,"BTN":6.553,"BWA":6.395,"CAF":6.09,"CAN":1.754,"CHE":1.52,"CHL":2.812,"CHN":2.745,"CIV":7.625,"CMR":6.581,"COD":6.479,"COG":6.143,"COL":3.888,"COM":7.162,"CPV":6.473,"CRI":3.651,"CUB":1.771,"CUW":2.312,"CYM":2.368,"CYP":2.136,"CZE":2.27,"DEU":1.38,"DJI":6.523,"DMA":2.96,"DNK":1.6,"DOM":4.473,"DZA":7.119,"ECU":4.855,"EGY":5.569,"ERI":6.621,"ESP":2.37,"EST":2,"ETH":7.248,"FIN":1.64,"FJI":4.078,"FRA":1.87,"FRO":2.696,"FSM":6.545,"G001":3.75640639347632,"GAB":5.608,"GBR":1.86,"GEO":2.382,"GHA":6.513,"GIB":2.523,"GIN":6.45,"GMB":6.411,"GNB":6.401,"GNQ":5.817,"GRC":2.26,"GRD":3.344,"GRL":2.187,"GTM":6.216,"GUM":3.033,"GUY":3.86,"HKG":2.12,"HND":6.531,"HRV":1.947,"HTI":5.594,"HUN":2.01,"IDN":4.625,"IMN":1.96,"IND":4.808,"IRL":3.21,"IRN":6.549,"IRQ":6.662,"ISL":2.49,"ISR":3.298,"ITA":1.73,"JAM":3.719,"JOR":7.448,"JPN":1.77,"KAZ":3.137,"KEN":7.598,"KGZ":4.377,"KHM":4.556,"KIR":4.965,"KNA":3.23,"KOR":2.9,"KOS":4.697,"KWT":5.333,"LAO":6.314,"LBN":4.077,"LBR":6.919,"LBY":7.68,"LCA":4.583,"LIE":1.673,"LKA":3.822,"LSO":5.789,"LTU":2.05,"LUX":1.48,"LVA":1.87,"MAC":1.58,"MAF":4.111,"MAR":5.849,"MCO":2.264,"MDA":2.384,"MDG":6.872,"MDV":7.233,"MEX":4.964,"MHL":7.473,"MKD":2.401,"MLI":7.348,"MLT":2.1,"MMR":4.897,"MNE":2.197,"MNG":6.424,"MNP":4.047,"MOZ":6.564,"MRT":6.702,"MUS":2.914,"MWI":7.465,"MYS":4.091,"NAM":6.314,"NCL":3.749,"NER":7.722,"NGA":6.887,"NIC":6.069,"NLD":1.56,"NOR":1.75,"NPL":5.644,"NRU":3.847,"NZL":2.12,"OMN":7.85,"PAK":6.761,"PAN":3.884,"PER":5.171,"PHL":5.255,"PLW":3.486,"PNG":5.785,"POL":2.28,"PRI":2.846,"PRK":2.849,"PRT":2.31,"PRY":5.062,"PYF":3.941,"QAT":5.461,"ROU":2.49,"RUS":1.9,"RWA":8.13,"SAU":7.227,"SDN":6.651,"SEN":7.29,"SGP":1.79,"SLB":6.822,"SLE":6.582,"SLV":5.234,"SMR":1.634,"SOM":7.161,"SRB":1.875,"SSD":7.32,"STP":6.434,"SUR":3.925,"SVK":2.45,"SVN":2.215,"SWE":1.66,"SWZ":6.607,"SXM":2.629,"SYC":3.66,"SYR":7.247,"TCA":4.43,"TCD":6.905,"TGO":6.935004,"THA":3.451,"TJK":6.311,"TKM":5.457,"TLS":5.142,"TON":5.647,"TTO":3.126,"TUN":5.184,"TUR":4.579,"TUV":3.645,"TZA":7.043,"UGA":7.142,"UKR":1.957,"URY":2.711,"USA":1.808,"UZB":5.159,"VCT":4.291,"VEN":4.298,"VGB":3.066,"VIR":3.04,"VNM":4.94,"VUT":5.733,"WSM":5.991,"YEM":8.671,"ZAF":4.818,"ZMB":7.222,"ZWE":6.59}}