{"schemaVersion":1,"dataKind":"ranking-year","indicatorId":"SP.DYN.TFRT.IN","year":1980,"valuesByCountry":{"ABW":2.203,"AFG":7.643,"AGO":7.459,"ALB":3.59,"AND":1.83,"ARE":5.953,"ARG":3.301,"ARM":2.48,"ASM":4.627,"ATG":2.311,"AUS":1.891,"AUT":1.65,"AZE":3.497,"BDI":7.353,"BEL":1.68,"BEN":6.989,"BFA":7.222,"BGD":6.326,"BGR":2.05,"BHR":4.762,"BHS":2.842,"BIH":1.98,"BLR":2.03,"BLZ":5.849,"BMU":1.664,"BOL":5.474,"BRA":4.037,"BRB":1.777,"BRN":4.067,"BTN":6.511,"BWA":6.292,"CAF":6.13,"CAN":1.74,"CHE":1.55,"CHL":2.744,"CHN":2.739,"CIV":7.586,"CMR":6.613,"COD":6.495,"COG":6.065,"COL":3.798,"COM":7.154,"CPV":6.375,"CRI":3.583,"CUB":1.637,"CUW":2.272,"CYM":2.405,"CYP":2.298,"CZE":2.08,"DEU":1.44,"DJI":6.46,"DMA":3.035,"DNK":1.55,"DOM":4.302,"DZA":6.994,"ECU":4.73,"EGY":5.494,"ERI":6.614,"ESP":2.22,"EST":2.02,"ETH":7.287,"FIN":1.63,"FJI":4.038,"FRA":1.85,"FRO":2.463,"FSM":6.423,"G001":3.73131914876981,"GAB":5.664,"GBR":1.9,"GEO":2.347,"GHA":6.474,"GIB":2.567,"GIN":6.459,"GMB":6.414,"GNB":6.487,"GNQ":5.835,"GRC":2.23,"GRD":3.298,"GRL":2.435,"GTM":6.171,"GUM":3.039,"GUY":3.77,"HKG":2.047,"HND":6.418,"HRV":1.931,"HTI":5.557,"HUN":1.91,"IDN":4.495,"IMN":1.954,"IND":4.775,"IRL":3.21,"IRN":6.63,"IRQ":6.593,"ISL":2.48,"ISR":3.242,"ITA":1.64,"JAM":3.588,"JOR":7.287,"JPN":1.75,"KAZ":3.092,"KEN":7.531,"KGZ":4.225,"KHM":5.774,"KIR":4.964,"KNA":3.261,"KOR":2.82,"KOS":4.658,"KWT":5.184,"LAO":6.332,"LBN":4.011,"LBR":6.872,"LBY":7.543,"LCA":4.412,"LIE":1.696,"LKA":3.725,"LSO":5.746,"LTU":1.99,"LUX":1.5,"LVA":1.86,"MAC":1.731,"MAF":3.884,"MAR":5.784,"MCO":2.244,"MDA":2.381,"MDG":6.838,"MDV":7.226,"MEX":4.739,"MHL":7.37,"MKD":2.363,"MLI":7.365,"MLT":1.99,"MMR":4.789,"MNE":2.217,"MNG":6.211,"MNP":3.647,"MOZ":6.53,"MRT":6.671,"MUS":2.803,"MWI":7.518,"MYS":4.035,"NAM":6.238,"NCL":3.659,"NER":7.782,"NGA":6.847,"NIC":5.959,"NLD":1.6,"NOR":1.72,"NPL":5.603,"NRU":3.878,"NZL":2.03,"OMN":7.887,"PAK":6.734,"PAN":3.796,"PER":5.041,"PHL":5.108,"PLW":3.351,"PNG":5.705,"POL":2.28,"PRI":2.815,"PRK":2.841,"PRT":2.25,"PRY":5.102,"PYF":3.935,"QAT":5.329,"ROU":2.43,"RUS":1.89,"RWA":8.115,"SAU":7.145,"SDN":6.592,"SEN":7.292,"SGP":1.82,"SLB":6.768,"SLE":6.562,"SLV":5.107,"SMR":1.525,"SOM":7.178,"SRB":1.863,"SSD":7.328,"STP":6.386,"SUR":3.791,"SVK":2.32,"SVN":2.11,"SWE":1.68,"SWZ":6.574,"SXM":2.593,"SYC":3.79,"SYR":7.119,"TCA":4.37,"TCD":6.908,"TGO":6.875555,"THA":3.293,"TJK":6.212,"TKM":5.303,"TLS":5.219,"TON":5.599,"TTO":3.145,"TUN":5.033,"TUR":4.453,"TUV":3.73,"TZA":6.991,"UGA":7.113,"UKR":1.949,"URY":2.59,"USA":1.8395,"UZB":5.039,"VCT":3.923,"VEN":4.2,"VGB":2.924,"VIR":3.105,"VNM":4.795,"VUT":5.691,"WSM":5.861,"YEM":8.71,"ZAF":4.78,"ZMB":7.139,"ZWE":6.517}}