{"schemaVersion":1,"dataKind":"ranking-year","indicatorId":"SP.DYN.TFRT.IN","year":1981,"valuesByCountry":{"ABW":2.161,"AFG":7.617,"AGO":7.459,"ALB":3.468,"AND":1.797,"ARE":5.814,"ARG":3.253,"ARM":2.48,"ASM":4.498,"ATG":2.166,"AUS":1.935,"AUT":1.67,"AZE":3.41,"BDI":7.329,"BEL":1.66,"BEN":7.056,"BFA":7.256,"BGD":6.237,"BGR":2,"BHR":4.602,"BHS":2.771,"BIH":2.024,"BLR":2.02,"BLZ":5.684,"BMU":1.596,"BOL":5.408,"BRA":3.943,"BRB":1.846,"BRN":3.943,"BTN":6.46,"BWA":6.163,"CAF":6.167,"CAN":1.7,"CHE":1.55,"CHL":2.689,"CHN":2.792,"CIV":7.539,"CMR":6.61,"COD":6.519,"COG":5.984,"COL":3.706,"COM":7.143,"CPV":6.273,"CRI":3.556,"CUB":1.591,"CUW":2.249,"CYM":2.384,"CYP":2.154,"CZE":2,"DEU":1.43,"DJI":6.397,"DMA":3.114,"DNK":1.44,"DOM":4.149,"DZA":6.845,"ECU":4.612,"EGY":5.368,"ERI":6.622,"ESP":2.04,"EST":2.07,"ETH":7.313,"FIN":1.64,"FJI":3.991,"FRA":1.85,"FRO":2.467,"FSM":6.291,"G001":3.70557184354347,"GAB":5.726,"GBR":1.82,"GEO":2.33,"GHA":6.415,"GIB":2.534,"GIN":6.459,"GMB":6.399,"GNB":6.569,"GNQ":5.856,"GRC":2.09,"GRD":2.989,"GRL":2.332,"GTM":6.121,"GUM":2.969,"GUY":3.719,"HKG":1.933,"HND":6.301,"HRV":1.926,"HTI":5.533,"HUN":1.88,"IDN":4.356,"IMN":1.941,"IND":4.698,"IRL":3.05,"IRN":6.618,"IRQ":6.526,"ISL":2.33,"ISR":3.186,"ITA":1.58,"JAM":3.51,"JOR":7.121,"JPN":1.74,"KAZ":3.052,"KEN":7.454,"KGZ":4.188,"KHM":6.042,"KIR":4.961,"KNA":3.296,"KOR":2.57,"KOS":4.501,"KWT":5.021,"LAO":6.35,"LBN":3.953,"LBR":6.834,"LBY":7.371,"LCA":4.276,"LIE":1.688,"LKA":3.649,"LSO":5.694,"LTU":1.98,"LUX":1.55,"LVA":1.88,"MAC":1.849,"MAF":3.64,"MAR":5.71,"MCO":2.224,"MDA":2.402,"MDG":6.774,"MDV":7.191,"MEX":4.574,"MHL":7.269,"MKD":2.293,"MLI":7.365,"MLT":1.87,"MMR":4.688,"MNE":2.193,"MNG":5.982,"MNP":3.258,"MOZ":6.48,"MRT":6.635,"MUS":2.666,"MWI":7.493,"MYS":4.002,"NAM":6.159,"NCL":3.586,"NER":7.822,"NGA":6.82,"NIC":5.84,"NLD":1.56,"NOR":1.7,"NPL":5.576,"NRU":3.935,"NZL":2.01,"OMN":7.904,"PAK":6.704,"PAN":3.723,"PER":4.915,"PHL":4.973,"PLW":3.276,"PNG":5.645,"POL":2.24,"PRI":2.711,"PRK":2.921,"PRT":2.13,"PRY":5.153,"PYF":3.934,"QAT":5.196,"ROU":2.36,"RUS":1.91,"RWA":8.102,"SAU":7.067,"SDN":6.528,"SEN":7.279,"SGP":1.78,"SLB":6.709,"SLE":6.554,"SLV":4.986,"SMR":1.412,"SOM":7.227,"SRB":1.852,"SSD":7.332,"STP":6.333,"SUR":3.752,"SVK":2.29,"SVN":1.961,"SWE":1.63,"SWZ":6.539,"SXM":2.546,"SYC":3.665,"SYR":6.974,"TCA":4.291,"TCD":6.942,"TGO":6.808608,"THA":3.127,"TJK":6.117,"TKM":5.162,"TLS":5.525,"TON":5.554,"TTO":3.133,"TUN":5.023,"TUR":4.351,"TUV":3.804,"TZA":6.93,"UGA":7.118,"UKR":1.915,"URY":2.534,"USA":1.812,"UZB":4.905,"VCT":3.845,"VEN":4.104,"VGB":2.334,"VIR":2.999,"VNM":4.665,"VUT":5.651,"WSM":5.749,"YEM":8.752,"ZAF":4.712,"ZMB":7.073,"ZWE":6.445}}