{"schemaVersion":1,"dataKind":"ranking-year","indicatorId":"SP.DYN.TFRT.IN","year":1982,"valuesByCountry":{"ABW":2.142,"AFG":7.6,"AGO":7.461,"ALB":3.416,"AND":1.726,"ARE":5.658,"ARG":3.204,"ARM":2.503,"ASM":4.37,"ATG":2.087,"AUS":1.929,"AUT":1.66,"AZE":3.343,"BDI":7.314,"BEL":1.61,"BEN":7.055,"BFA":7.253,"BGD":6.118,"BGR":2.01,"BHR":4.505,"BHS":2.708,"BIH":2.052,"BLR":2.05,"BLZ":5.497,"BMU":1.643,"BOL":5.346,"BRA":3.838,"BRB":1.859,"BRN":3.841,"BTN":6.402,"BWA":5.97,"CAF":6.16,"CAN":1.69,"CHE":1.56,"CHL":2.648,"CHN":2.972,"CIV":7.488,"CMR":6.594,"COD":6.54,"COG":5.85,"COL":3.618,"COM":7.134,"CPV":6.17,"CRI":3.54,"CUB":1.776,"CUW":2.236,"CYM":2.008,"CYP":2.487,"CZE":2,"DEU":1.41,"DJI":6.342,"DMA":3.166,"DNK":1.43,"DOM":4.014,"DZA":6.675,"ECU":4.501,"EGY":5.329,"ERI":6.634,"ESP":1.94,"EST":2.07,"ETH":7.337,"FIN":1.71,"FJI":3.941,"FRA":1.86,"FRO":2.348,"FSM":6.164,"G001":3.72160011270126,"GAB":5.74,"GBR":1.78,"GEO":2.312,"GHA":6.312,"GIB":2.491,"GIN":6.487,"GMB":6.396,"GNB":6.64,"GNQ":5.88,"GRC":2.03,"GRD":3.154,"GRL":2.236,"GTM":6.057,"GUM":2.912,"GUY":3.678,"HKG":1.86,"HND":6.179,"HRV":1.9,"HTI":5.526,"HUN":1.8,"IDN":4.247,"IMN":1.915,"IND":4.62,"IRL":2.94,"IRN":6.586,"IRQ":6.46,"ISL":2.27,"ISR":3.13,"ITA":1.56,"JAM":3.458,"JOR":6.959,"JPN":1.77,"KAZ":3.02,"KEN":7.345,"KGZ":4.198,"KHM":6.193,"KIR":4.952,"KNA":3.175,"KOR":2.39,"KOS":4.493,"KWT":4.848,"LAO":6.369,"LBN":3.855,"LBR":6.788,"LBY":7.162,"LCA":4.169,"LIE":1.606,"LKA":3.32,"LSO":5.632,"LTU":1.97,"LUX":1.49,"LVA":1.97,"MAC":1.992,"MAF":3.362,"MAR":5.604,"MCO":2.203,"MDA":2.449,"MDG":6.699,"MDV":7.146,"MEX":4.425,"MHL":7.179,"MKD":2.286,"MLI":7.32,"MLT":1.9,"MMR":4.662,"MNE":2.186,"MNG":5.801,"MNP":2.896,"MOZ":6.43,"MRT":6.588,"MUS":2.534,"MWI":7.451,"MYS":3.967,"NAM":6.078,"NCL":3.484,"NER":7.862,"NGA":6.799,"NIC":5.737,"NLD":1.5,"NOR":1.71,"NPL":5.549,"NRU":3.993,"NZL":1.95,"OMN":7.837,"PAK":6.674,"PAN":3.659,"PER":4.795,"PHL":4.917,"PLW":3.22,"PNG":5.587,"POL":2.34,"PRI":2.613,"PRK":2.854,"PRT":2.07,"PRY":5.126,"PYF":3.797,"QAT":5.044,"ROU":2.17,"RUS":2.04,"RWA":8.064,"SAU":6.979,"SDN":6.473,"SEN":7.245,"SGP":1.74,"SLB":6.64,"SLE":6.563,"SLV":4.826,"SMR":1.304,"SOM":7.252,"SRB":1.842,"SSD":7.343,"STP":6.276,"SUR":3.821,"SVK":2.28,"SVN":1.93,"SWE":1.62,"SWZ":6.491,"SXM":2.486,"SYC":3.131,"SYR":6.811,"TCA":4.192,"TCD":6.961,"TGO":6.724837,"THA":2.943,"TJK":6.034,"TKM":5.042,"TLS":5.555,"TON":5.497,"TTO":3.108,"TUN":4.89,"TUR":4.205,"TUV":3.877,"TZA":6.868,"UGA":7.11,"UKR":1.951,"URY":2.512,"USA":1.8275,"UZB":4.817,"VCT":3.743,"VEN":4.014,"VGB":2.269,"VIR":3.076,"VNM":4.593,"VUT":5.603,"WSM":5.677,"YEM":8.793,"ZAF":4.696,"ZMB":7.039,"ZWE":6.333}}