{"schemaVersion":1,"dataKind":"ranking-year","indicatorId":"SP.DYN.TFRT.IN","year":1983,"valuesByCountry":{"ABW":2.148,"AFG":7.57,"AGO":7.462,"ALB":3.319,"AND":1.574,"ARE":5.482,"ARG":3.148,"ARM":2.558,"ASM":4.267,"ATG":2.116,"AUS":1.924,"AUT":1.56,"AZE":3.293,"BDI":7.298,"BEL":1.57,"BEN":7.045,"BFA":7.251,"BGD":5.906,"BGR":2.01,"BHR":4.406,"BHS":2.652,"BIH":2.049,"BLR":2.11,"BLZ":5.309,"BMU":1.812,"BOL":5.289,"BRA":3.723,"BRB":1.856,"BRN":3.751,"BTN":6.336,"BWA":5.785,"CAF":6.151,"CAN":1.68,"CHE":1.52,"CHL":2.619,"CHN":2.559,"CIV":7.417,"CMR":6.575,"COD":6.564,"COG":5.758,"COL":3.501,"COM":7.11,"CPV":6.068,"CRI":3.525,"CUB":1.801,"CUW":2.238,"CYM":1.832,"CYP":2.493,"CZE":1.97,"DEU":1.33,"DJI":6.298,"DMA":3.178,"DNK":1.38,"DOM":3.947,"DZA":6.496,"ECU":4.395,"EGY":5.308,"ERI":6.646,"ESP":1.8,"EST":2.16,"ETH":7.351,"FIN":1.74,"FJI":3.877,"FRA":1.86,"FRO":2.161,"FSM":6.032,"G001":3.5948005297794,"GAB":5.759,"GBR":1.77,"GEO":2.339,"GHA":6.227,"GIB":2.436,"GIN":6.487,"GMB":6.393,"GNB":6.694,"GNQ":5.903,"GRC":1.94,"GRD":3.306,"GRL":2.054,"GTM":5.976,"GUM":3.029,"GUY":3.637,"HKG":1.722,"HND":6.059,"HRV":1.88,"HTI":5.513,"HUN":1.75,"IDN":4.109,"IMN":1.888,"IND":4.565,"IRL":2.74,"IRN":6.528,"IRQ":6.387,"ISL":2.24,"ISR":3.106,"ITA":1.51,"JAM":3.411,"JOR":6.812,"JPN":1.8,"KAZ":3.068,"KEN":7.218,"KGZ":4.165,"KHM":6.296,"KIR":4.914,"KNA":3.098,"KOR":2.06,"KOS":4.462,"KWT":4.658,"LAO":6.376,"LBN":3.734,"LBR":6.76,"LBY":6.91,"LCA":4.082,"LIE":1.529,"LKA":3.114,"LSO":5.56,"LTU":2.1,"LUX":1.43,"LVA":2.07,"MAC":2.098,"MAF":3.149,"MAR":5.41,"MCO":2.184,"MDA":2.578,"MDG":6.626,"MDV":7.092,"MEX":4.296,"MHL":7.083,"MKD":2.25,"MLI":7.276,"MLT":1.92,"MMR":4.633,"MNE":2.166,"MNG":5.628,"MNP":2.581,"MOZ":6.434,"MRT":6.541,"MUS":2.396,"MWI":7.361,"MYS":3.928,"NAM":5.995,"NCL":3.353,"NER":7.902,"NGA":6.775,"NIC":5.611,"NLD":1.47,"NOR":1.66,"NPL":5.536,"NRU":4.056,"NZL":1.92,"OMN":7.748,"PAK":6.644,"PAN":3.601,"PER":4.68,"PHL":4.867,"PLW":3.143,"PNG":5.563,"POL":2.42,"PRI":2.456,"PRK":2.777,"PRT":1.95,"PRY":5.087,"PYF":3.743,"QAT":4.898,"ROU":2.06,"RUS":2.11,"RWA":8.001,"SAU":6.875,"SDN":6.413,"SEN":7.189,"SGP":1.61,"SLB":6.569,"SLE":6.573,"SLV":4.65,"SMR":1.248,"SOM":7.277,"SRB":1.832,"SSD":7.342,"STP":6.217,"SUR":3.865,"SVK":2.28,"SVN":1.81,"SWE":1.61,"SWZ":6.432,"SXM":2.398,"SYC":3.218,"SYR":6.692,"TCA":4.085,"TCD":6.979,"TGO":6.633341,"THA":2.755,"TJK":5.981,"TKM":4.967,"TLS":5.586,"TON":5.45,"TTO":3.07,"TUN":4.771,"TUR":4.056,"TUV":3.912,"TZA":6.805,"UGA":7.068,"UKR":2.099,"URY":2.486,"USA":1.799,"UZB":4.714,"VCT":3.561,"VEN":3.933,"VGB":2.121,"VIR":3.097,"VNM":4.524,"VUT":5.547,"WSM":5.617,"YEM":8.828,"ZAF":4.626,"ZMB":7.007,"ZWE":6.197}}