{"schemaVersion":1,"dataKind":"ranking-year","indicatorId":"SP.DYN.TFRT.IN","year":1984,"valuesByCountry":{"ABW":2.17,"AFG":7.554,"AGO":7.459,"ALB":3.282,"AND":1.475,"ARE":5.303,"ARG":3.116,"ARM":2.603,"ASM":4.25,"ATG":2.038,"AUS":1.84,"AUT":1.52,"AZE":3.259,"BDI":7.295,"BEL":1.54,"BEN":7.031,"BFA":7.245,"BGD":5.732,"BGR":2.01,"BHR":4.303,"BHS":2.591,"BIH":2.015,"BLR":2.11,"BLZ":5.115,"BMU":1.683,"BOL":5.242,"BRA":3.6,"BRB":1.752,"BRN":3.68,"BTN":6.262,"BWA":5.625,"CAF":6.138,"CAN":1.65,"CHE":1.53,"CHL":2.601,"CHN":2.607,"CIV":7.352,"CMR":6.563,"COD":6.586,"COG":5.658,"COL":3.35,"COM":7.072,"CPV":5.97,"CRI":3.519,"CUB":1.774,"CUW":2.237,"CYM":1.79,"CYP":2.512,"CZE":1.97,"DEU":1.29,"DJI":6.247,"DMA":3.151,"DNK":1.4,"DOM":3.822,"DZA":6.283,"ECU":4.305,"EGY":5.207,"ERI":6.623,"ESP":1.73,"EST":2.17,"ETH":7.356,"FIN":1.69,"FJI":3.796,"FRA":1.86,"FRO":2.167,"FSM":5.888,"G001":3.56788191666521,"GAB":5.733,"GBR":1.77,"GEO":2.378,"GHA":6.153,"GIB":2.398,"GIN":6.512,"GMB":6.385,"GNB":6.727,"GNQ":5.926,"GRC":1.83,"GRD":3.224,"GRL":2.107,"GTM":5.855,"GUM":2.855,"GUY":3.541,"HKG":1.559,"HND":5.935,"HRV":1.87,"HTI":5.505,"HUN":1.75,"IDN":3.956,"IMN":1.865,"IND":4.516,"IRL":2.58,"IRN":6.433,"IRQ":6.321,"ISL":2.08,"ISR":3.082,"ITA":1.46,"JAM":3.324,"JOR":6.671,"JPN":1.81,"KAZ":3.146,"KEN":7.083,"KGZ":4.198,"KHM":6.338,"KIR":4.91,"KNA":2.884,"KOR":1.74,"KOS":4.406,"KWT":4.452,"LAO":6.37,"LBN":3.658,"LBR":6.728,"LBY":6.622,"LCA":4.018,"LIE":1.508,"LKA":3.006,"LSO":5.478,"LTU":2.07,"LUX":1.42,"LVA":2.09,"MAC":2.145,"MAF":3.033,"MAR":5.199,"MCO":2.165,"MDA":2.669,"MDG":6.547,"MDV":7.025,"MEX":4.184,"MHL":6.988,"MKD":2.24,"MLI":7.256,"MLT":1.95,"MMR":4.517,"MNE":2.136,"MNG":5.451,"MNP":2.323,"MOZ":6.438,"MRT":6.483,"MUS":2.16,"MWI":7.265,"MYS":3.885,"NAM":5.94,"NCL":3.164,"NER":7.921,"NGA":6.701,"NIC":5.488,"NLD":1.49,"NOR":1.66,"NPL":5.509,"NRU":4.108,"NZL":1.93,"OMN":7.642,"PAK":6.615,"PAN":3.519,"PER":4.568,"PHL":4.77,"PLW":3.08,"PNG":5.514,"POL":2.37,"PRI":2.353,"PRK":2.708,"PRT":1.9,"PRY":5.037,"PYF":3.834,"QAT":4.756,"ROU":2.26,"RUS":2.06,"RWA":7.913,"SAU":6.776,"SDN":6.343,"SEN":7.111,"SGP":1.62,"SLB":6.489,"SLE":6.592,"SLV":4.478,"SMR":1.198,"SOM":7.3,"SRB":1.814,"SSD":7.346,"STP":6.158,"SUR":3.796,"SVK":2.26,"SVN":1.74,"SWE":1.66,"SWZ":6.36,"SXM":2.289,"SYC":3.24,"SYR":6.586,"TCA":3.986,"TCD":7.015,"TGO":6.541951,"THA":2.582,"TJK":5.956,"TKM":4.964,"TLS":5.614,"TON":5.407,"TTO":3.017,"TUN":4.664,"TUR":3.911,"TUV":3.946,"TZA":6.715,"UGA":7.024,"UKR":2.081,"URY":2.471,"USA":1.8065,"UZB":4.729,"VCT":3.283,"VEN":3.861,"VGB":1.987,"VIR":2.896,"VNM":4.412,"VUT":5.489,"WSM":5.553,"YEM":8.853,"ZAF":4.566,"ZMB":6.974,"ZWE":6.044}}