{"schemaVersion":1,"dataKind":"ranking-year","indicatorId":"SP.DYN.TFRT.IN","year":1985,"valuesByCountry":{"ABW":2.188,"AFG":7.55,"AGO":7.451,"ALB":3.214,"AND":1.434,"ARE":5.125,"ARG":3.066,"ARM":2.644,"ASM":4.255,"ATG":2.151,"AUS":1.923,"AUT":1.47,"AZE":2.91,"BDI":7.294,"BEL":1.51,"BEN":7.003,"BFA":7.242,"BGD":5.539,"BGR":1.97,"BHR":4.281,"BHS":2.546,"BIH":1.96,"BLR":2.09,"BLZ":4.997,"BMU":1.774,"BOL":5.153,"BRA":3.48,"BRB":1.769,"BRN":3.612,"BTN":6.176,"BWA":5.482,"CAF":6.119,"CAN":1.67,"CHE":1.52,"CHL":2.592,"CHN":2.633,"CIV":7.273,"CMR":6.564,"COD":6.612,"COG":5.587,"COL":3.225,"COM":7.021,"CPV":5.921,"CRI":3.511,"CUB":1.772,"CUW":2.242,"CYM":1.752,"CYP":2.432,"CZE":1.95,"DEU":1.37,"DJI":6.192,"DMA":3.116,"DNK":1.45,"DOM":3.686,"DZA":6.035,"ECU":4.145,"EGY":5.116,"ERI":6.587,"ESP":1.64,"EST":2.13,"ETH":7.338,"FIN":1.64,"FJI":3.663,"FRA":1.86,"FRO":2.3053,"FSM":5.749,"G001":3.52964883940766,"GAB":5.713,"GBR":1.79,"GEO":2.399,"GHA":6.119,"GIB":2.371,"GIN":6.527,"GMB":6.357,"GNB":6.739,"GNQ":5.946,"GRC":1.67,"GRD":3.478,"GRL":2.241,"GTM":5.729,"GUM":2.905,"GUY":3.47,"HKG":1.491,"HND":5.816,"HRV":1.82,"HTI":5.495,"HUN":1.85,"IDN":3.725,"IMN":1.88,"IND":4.432,"IRL":2.48,"IRN":6.242,"IRQ":6.246,"ISL":1.93,"ISR":3.058,"ITA":1.42,"JAM":3.212,"JOR":6.534,"JPN":1.76,"KAZ":3.208,"KEN":6.96,"KGZ":4.203,"KHM":6.313,"KIR":4.911,"KNA":2.82,"KOR":1.66,"KOS":4.197,"KWT":4.218,"LAO":6.328,"LBN":3.533,"LBR":6.693,"LBY":6.328,"LCA":3.97,"LIE":1.495,"LKA":2.895,"LSO":5.401,"LTU":2.08,"LUX":1.38,"LVA":2.08,"MAC":2.235,"MAF":2.952,"MAR":4.988,"MCO":2.141,"MDA":2.674,"MDG":6.456,"MDV":6.939,"MEX":4.087,"MHL":6.866,"MKD":2.252,"MLI":7.261,"MLT":1.95,"MMR":4.316,"MNE":2.129,"MNG":5.262,"MNP":2.145,"MOZ":6.43,"MRT":6.423,"MUS":2.02,"MWI":7.17,"MYS":3.804,"NAM":5.877,"NCL":3.046,"NER":7.932,"NGA":6.616,"NIC":5.359,"NLD":1.51,"NOR":1.68,"NPL":5.457,"NRU":4.144,"NZL":1.93,"OMN":7.512,"PAK":6.585,"PAN":3.427,"PER":4.46,"PHL":4.664,"PLW":3.01,"PNG":5.47,"POL":2.33,"PRI":2.351,"PRK":2.646,"PRT":1.72,"PRY":4.974,"PYF":3.862,"QAT":4.642,"ROU":2.31,"RUS":2.05,"RWA":7.786,"SAU":6.649,"SDN":6.279,"SEN":7.013,"SGP":1.61,"SLB":6.375,"SLE":6.592,"SLV":4.316,"SMR":1.17,"SOM":7.327,"SRB":1.8,"SSD":7.357,"STP":6.101,"SUR":3.711,"SVK":2.26,"SVN":1.71,"SWE":1.74,"SWZ":6.282,"SXM":2.181,"SYC":3.091,"SYR":6.484,"TCA":3.908,"TCD":7.037,"TGO":6.457372,"THA":2.45,"TJK":5.944,"TKM":4.966,"TLS":5.65,"TON":5.344,"TTO":2.988,"TUN":4.521,"TUR":3.779,"TUV":3.973,"TZA":6.598,"UGA":7.037,"UKR":2.033,"URY":2.47,"USA":1.844,"UZB":4.691,"VCT":3.081,"VEN":3.794,"VGB":1.919,"VIR":2.831,"VNM":4.206,"VUT":5.433,"WSM":5.489,"YEM":8.864,"ZAF":4.495,"ZMB":6.928,"ZWE":5.871}}