{"schemaVersion":1,"dataKind":"ranking-year","indicatorId":"SP.DYN.TFRT.IN","year":1986,"valuesByCountry":{"ABW":2.212,"AFG":7.553,"AGO":7.435,"ALB":3.141,"AND":1.397,"ARE":4.999,"ARG":3.054,"ARM":2.662,"ASM":4.276,"ATG":2.032,"AUS":1.868,"AUT":1.45,"AZE":2.9,"BDI":7.32,"BEL":1.54,"BEN":6.962,"BFA":7.218,"BGD":5.302,"BGR":2.02,"BHR":4.254,"BHS":2.529,"BIH":1.909,"BLR":2.09,"BLZ":4.937,"BMU":1.732,"BOL":5.115,"BRA":3.361,"BRB":1.694,"BRN":3.549,"BTN":6.103,"BWA":5.332,"CAF":6.106,"CAN":1.675,"CHE":1.53,"CHL":2.589,"CHN":2.721,"CIV":7.187,"CMR":6.572,"COD":6.634,"COG":5.514,"COL":3.147,"COM":6.953,"CPV":5.81,"CRI":3.454,"CUB":1.779,"CUW":2.241,"CYM":1.691,"CYP":2.452,"CZE":1.92,"DEU":1.43,"DJI":6.139,"DMA":3.084,"DNK":1.48,"DOM":3.603,"DZA":5.645,"ECU":4,"EGY":4.998,"ERI":6.555,"ESP":1.56,"EST":2.18,"ETH":7.318,"FIN":1.6,"FJI":3.535,"FRA":1.85,"FRO":2.4244,"FSM":5.612,"G001":3.51437316528329,"GAB":5.688,"GBR":1.78,"GEO":2.38,"GHA":6.084,"GIB":2.356,"GIN":6.548,"GMB":6.344,"GNB":6.734,"GNQ":5.962,"GRC":1.6,"GRD":3.584,"GRL":2.044,"GTM":5.663,"GUM":2.934,"GUY":3.381,"HKG":1.367,"HND":5.7,"HRV":1.76,"HTI":5.479,"HUN":1.84,"IDN":3.53,"IMN":1.892,"IND":4.399,"IRL":2.44,"IRN":6.011,"IRQ":6.182,"ISL":1.92,"ISR":3.034,"ITA":1.35,"JAM":3.106,"JOR":6.387,"JPN":1.72,"KAZ":3.189,"KEN":6.84,"KGZ":4.221,"KHM":6.226,"KIR":4.871,"KNA":2.683,"KOR":1.58,"KOS":4.115,"KWT":4.003,"LAO":6.255,"LBN":3.466,"LBR":6.638,"LBY":6.022,"LCA":3.801,"LIE":1.479,"LKA":2.743,"LSO":5.317,"LTU":2.12,"LUX":1.43,"LVA":2.12,"MAC":2.189,"MAF":2.895,"MAR":4.772,"MCO":2.106,"MDA":2.738,"MDG":6.343,"MDV":6.846,"MEX":3.971,"MHL":6.731,"MKD":2.253,"MLI":7.311,"MLT":1.93,"MMR":4.081,"MNE":2.091,"MNG":5.029,"MNP":2.174,"MOZ":6.413,"MRT":6.343,"MUS":1.99,"MWI":7.069,"MYS":3.699,"NAM":5.793,"NCL":3.079,"NER":7.904,"NGA":6.557,"NIC":5.217,"NLD":1.55,"NOR":1.71,"NPL":5.4,"NRU":4.149,"NZL":1.96,"OMN":7.352,"PAK":6.554,"PAN":3.339,"PER":4.354,"PHL":4.563,"PLW":2.976,"PNG":5.415,"POL":2.22,"PRI":2.355,"PRK":2.594,"PRT":1.66,"PRY":4.929,"PYF":3.714,"QAT":4.565,"ROU":2.39,"RUS":2.15,"RWA":7.612,"SAU":6.517,"SDN":6.225,"SEN":6.902,"SGP":1.43,"SLB":6.259,"SLE":6.597,"SLV":4.194,"SMR":1.147,"SOM":7.349,"SRB":1.778,"SSD":7.378,"STP":6.046,"SUR":3.61,"SVK":2.2,"SVN":1.67,"SWE":1.8,"SWZ":6.106,"SXM":2.102,"SYC":3.074,"SYR":6.365,"TCA":3.789,"TCD":7.067,"TGO":6.381665,"THA":2.358,"TJK":5.906,"TKM":4.936,"TLS":5.672,"TON":5.273,"TTO":2.903,"TUN":4.361,"TUR":3.658,"TUV":3.973,"TZA":6.488,"UGA":7.083,"UKR":2.117,"URY":2.47,"USA":1.8375,"UZB":4.675,"VCT":2.924,"VEN":3.73,"VGB":1.78,"VIR":2.74,"VNM":3.955,"VUT":5.382,"WSM":5.421,"YEM":8.858,"ZAF":4.409,"ZMB":6.868,"ZWE":5.688}}