{"schemaVersion":1,"dataKind":"ranking-year","indicatorId":"SP.DYN.TFRT.IN","year":1987,"valuesByCountry":{"ABW":2.243,"AFG":7.548,"AGO":7.409,"ALB":3.106,"AND":1.367,"ARE":4.883,"ARG":3.037,"ARM":2.664,"ASM":4.298,"ATG":2.067,"AUS":1.845,"AUT":1.43,"AZE":2.9026,"BDI":7.38,"BEL":1.54,"BEN":6.918,"BFA":7.168,"BGD":5.075,"BGR":1.96,"BHR":4.133,"BHS":2.52,"BIH":1.879,"BLR":2.03,"BLZ":4.883,"BMU":1.746,"BOL":5.063,"BRA":3.232,"BRB":1.611,"BRN":3.491,"BTN":5.999,"BWA":5.104,"CAF":6.12,"CAN":1.68,"CHE":1.52,"CHL":2.59,"CHN":2.76,"CIV":7.09,"CMR":6.538,"COD":6.651,"COG":5.458,"COL":3.087,"COM":6.87,"CPV":5.681,"CRI":3.384,"CUB":1.8,"CUW":2.242,"CYM":1.582,"CYP":2.388,"CZE":1.91,"DEU":1.43,"DJI":6.086,"DMA":3.063,"DNK":1.5,"DOM":3.528,"DZA":5.298,"ECU":3.87,"EGY":4.911,"ERI":6.52,"ESP":1.49,"EST":2.27,"ETH":7.293,"FIN":1.59,"FJI":3.478,"FRA":1.83,"FRO":2.3514,"FSM":5.466,"G001":3.48258025154149,"GAB":5.667,"GBR":1.81,"GEO":2.319,"GHA":6.022,"GIB":2.35,"GIN":6.571,"GMB":6.3,"GNB":6.717,"GNQ":5.974,"GRC":1.5,"GRD":3.581,"GRL":2.083,"GTM":5.639,"GUM":2.966,"GUY":3.305,"HKG":1.311,"HND":5.581,"HRV":1.64,"HTI":5.471,"HUN":1.82,"IDN":3.42,"IMN":1.909,"IND":4.311,"IRL":2.32,"IRN":5.719,"IRQ":6.114,"ISL":2.06,"ISR":3.01,"ITA":1.33,"JAM":3.024,"JOR":6.196,"JPN":1.69,"KAZ":3.122,"KEN":6.686,"KGZ":4.163,"KHM":6.097,"KIR":4.806,"KNA":2.622,"KOR":1.53,"KOS":4.098,"KWT":3.827,"LAO":6.205,"LBN":3.42,"LBR":6.572,"LBY":5.718,"LCA":3.613,"LIE":1.496,"LKA":2.644,"LSO":5.222,"LTU":2.11,"LUX":1.4,"LVA":2.15,"MAC":2.06,"MAF":2.855,"MAR":4.583,"MCO":2.062,"MDA":2.776,"MDG":6.242,"MDV":6.731,"MEX":3.803,"MHL":6.568,"MKD":2.315,"MLI":7.312,"MLT":1.97,"MMR":3.861,"MNE":2.07,"MNG":4.829,"MNP":2.343,"MOZ":6.393,"MRT":6.271,"MUS":2.05,"MWI":6.97,"MYS":3.565,"NAM":5.699,"NCL":3.081,"NER":7.871,"NGA":6.504,"NIC":5.073,"NLD":1.56,"NOR":1.74,"NPL":5.348,"NRU":4.143,"NZL":2.03,"OMN":7.175,"PAK":6.518,"PAN":3.251,"PER":4.247,"PHL":4.509,"PLW":2.933,"PNG":5.359,"POL":2.15,"PRI":2.328,"PRK":2.529,"PRT":1.62,"PRY":4.847,"PYF":3.622,"QAT":4.539,"ROU":2.38,"RUS":2.22,"RWA":7.426,"SAU":6.343,"SDN":6.175,"SEN":6.785,"SGP":1.62,"SLB":6.115,"SLE":6.609,"SLV":4.175,"SMR":1.135,"SOM":7.373,"SRB":1.749,"SSD":7.386,"STP":5.992,"SUR":3.53,"SVK":2.14,"SVN":1.65,"SWE":1.84,"SWZ":5.902,"SXM":2.031,"SYC":2.922,"SYR":6.201,"TCA":3.653,"TCD":7.105,"TGO":6.303876,"THA":2.255,"TJK":5.839,"TKM":4.842,"TLS":5.682,"TON":5.192,"TTO":2.775,"TUN":4.104,"TUR":3.542,"TUV":3.941,"TZA":6.406,"UGA":7.12,"UKR":2.07,"URY":2.486,"USA":1.872,"UZB":4.532,"VCT":2.819,"VEN":3.665,"VGB":1.717,"VIR":2.844,"VNM":3.717,"VUT":5.328,"WSM":5.316,"YEM":8.833,"ZAF":4.352,"ZMB":6.798,"ZWE":5.5}}