{"schemaVersion":1,"dataKind":"ranking-year","indicatorId":"SP.DYN.TFRT.IN","year":1988,"valuesByCountry":{"ABW":2.273,"AFG":7.551,"AGO":7.373,"ALB":3.069,"AND":1.365,"ARE":4.768,"ARG":3.046,"ARM":2.675,"ASM":4.314,"ATG":2.132,"AUS":1.831,"AUT":1.45,"AZE":2.8,"BDI":7.383,"BEL":1.57,"BEN":6.871,"BFA":7.109,"BGD":4.849,"BGR":1.97,"BHR":4.04,"BHS":2.519,"BIH":1.849,"BLR":2.031,"BLZ":4.868,"BMU":1.797,"BOL":5.025,"BRA":3.112,"BRB":1.58,"BRN":3.435,"BTN":5.88,"BWA":4.878,"CAF":6.098,"CAN":1.68,"CHE":1.57,"CHL":2.591,"CHN":2.539,"CIV":6.969,"CMR":6.481,"COD":6.656,"COG":5.392,"COL":3.039,"COM":6.764,"CPV":5.552,"CRI":3.314,"CUB":1.853,"CUW":2.253,"CYM":1.63,"CYP":2.47,"CZE":1.94,"DEU":1.46,"DJI":6.03,"DMA":3.056,"DNK":1.56,"DOM":3.5,"DZA":5.023,"ECU":3.787,"EGY":4.833,"ERI":6.467,"ESP":1.45,"EST":2.27,"ETH":7.262,"FIN":1.69,"FJI":3.432,"FRA":1.81,"FRO":2.5583,"FSM":5.323,"G001":3.39314546306673,"GAB":5.623,"GBR":1.82,"GEO":2.318,"GHA":5.922,"GIB":2.345,"GIN":6.561,"GMB":6.258,"GNB":6.693,"GNQ":5.982,"GRC":1.5,"GRD":3.193,"GRL":2.317,"GTM":5.621,"GUM":2.986,"GUY":3.228,"HKG":1.4,"HND":5.468,"HRV":1.79,"HTI":5.472,"HUN":1.81,"IDN":3.353,"IMN":1.921,"IND":4.222,"IRL":2.17,"IRN":5.434,"IRQ":6.052,"ISL":2.26,"ISR":2.948,"ITA":1.36,"JAM":2.982,"JOR":6.011,"JPN":1.66,"KAZ":3.001,"KEN":6.515,"KGZ":4.031,"KHM":5.944,"KIR":4.733,"KNA":2.622,"KOR":1.55,"KOS":3.967,"KWT":3.702,"LAO":6.158,"LBN":3.392,"LBR":6.507,"LBY":5.41,"LCA":3.435,"LIE":1.496,"LKA":2.565,"LSO":5.104,"LTU":2.02,"LUX":1.51,"LVA":2.11,"MAC":1.863,"MAF":2.824,"MAR":4.394,"MCO":2.011,"MDA":2.628,"MDG":6.178,"MDV":6.583,"MEX":3.64,"MHL":6.384,"MKD":2.324,"MLI":7.324,"MLT":2.06,"MMR":3.67,"MNE":2.006,"MNG":4.647,"MNP":2.157,"MOZ":6.367,"MRT":6.213,"MUS":2.14,"MWI":6.876,"MYS":3.502,"NAM":5.609,"NCL":3.083,"NER":7.841,"NGA":6.498,"NIC":4.931,"NLD":1.55,"NOR":1.84,"NPL":5.307,"NRU":4.114,"NZL":2.1,"OMN":6.953,"PAK":6.476,"PAN":3.173,"PER":4.138,"PHL":4.449,"PLW":2.905,"PNG":5.302,"POL":2.13,"PRI":2.307,"PRK":2.468,"PRT":1.61,"PRY":4.774,"PYF":3.748,"QAT":4.515,"ROU":2.3,"RUS":2.12,"RWA":7.234,"SAU":6.15,"SDN":6.132,"SEN":6.577,"SGP":1.96,"SLB":5.99,"SLE":6.588,"SLV":4.103,"SMR":1.14,"SOM":7.398,"SRB":1.72,"SSD":7.376,"STP":5.938,"SUR":3.461,"SVK":2.13,"SVN":1.63,"SWE":1.96,"SWZ":5.693,"SXM":1.962,"SYC":2.789,"SYR":5.999,"TCA":3.499,"TCD":7.154,"TGO":6.228403,"THA":2.171,"TJK":5.754,"TKM":4.675,"TLS":5.716,"TON":5.103,"TTO":2.646,"TUN":3.833,"TUR":3.445,"TUV":3.881,"TZA":6.379,"UGA":7.102,"UKR":2.042,"URY":2.503,"USA":1.934,"UZB":4.263,"VCT":2.753,"VEN":3.597,"VGB":1.711,"VIR":2.837,"VNM":3.623,"VUT":5.27,"WSM":5.207,"YEM":8.786,"ZAF":4.18,"ZMB":6.703,"ZWE":5.279}}