{"schemaVersion":1,"dataKind":"ranking-year","indicatorId":"SP.DYN.TFRT.IN","year":1989,"valuesByCountry":{"ABW":2.306,"AFG":7.559,"AGO":7.328,"ALB":3.03,"AND":1.395,"ARE":4.65,"ARG":3.022,"ARM":2.705,"ASM":4.41,"ATG":2.199,"AUS":1.838,"AUT":1.45,"AZE":2.8,"BDI":7.387,"BEL":1.58,"BEN":6.815,"BFA":7.047,"BGD":4.695,"BGR":1.9,"BHR":3.956,"BHS":2.523,"BIH":1.792,"BLR":2.026,"BLZ":4.864,"BMU":1.76,"BOL":4.965,"BRA":3.007,"BRB":1.638,"BRN":3.364,"BTN":5.757,"BWA":4.666,"CAF":6.073,"CAN":1.77,"CHE":1.56,"CHL":2.589,"CHN":2.52,"CIV":6.85,"CMR":6.414,"COD":6.65,"COG":5.327,"COL":3.012,"COM":6.646,"CPV":5.452,"CRI":3.238,"CUB":1.832,"CUW":2.269,"CYM":1.755,"CYP":2.369,"CZE":1.87,"DEU":1.42,"DJI":5.973,"DMA":3.059,"DNK":1.62,"DOM":3.475,"DZA":4.761,"ECU":3.736,"EGY":4.676,"ERI":6.413,"ESP":1.4,"EST":2.22,"ETH":7.229,"FIN":1.71,"FJI":3.398,"FRA":1.79,"FRO":2.7128,"FSM":5.183,"G001":3.34612362951916,"GAB":5.55,"GBR":1.79,"GEO":2.322,"GHA":5.818,"GIB":2.353,"GIN":6.548,"GMB":6.254,"GNB":6.663,"GNQ":5.986,"GRC":1.4,"GRD":3.233,"GRL":2.299,"GTM":5.559,"GUM":3.001,"GUY":3.186,"HKG":1.296,"HND":5.354,"HRV":1.63,"HTI":5.444,"HUN":1.82,"IDN":3.247,"IMN":1.926,"IND":4.132,"IRL":2.08,"IRN":5.172,"IRQ":5.988,"ISL":2.19,"ISR":2.886,"ITA":1.33,"JAM":2.93,"JOR":5.798,"JPN":1.57,"KAZ":2.866,"KEN":6.332,"KGZ":3.875,"KHM":5.681,"KIR":4.693,"KNA":2.689,"KOR":1.56,"KOS":3.672,"KWT":3.593,"LAO":6.102,"LBN":3.363,"LBR":6.434,"LBY":5.091,"LCA":3.314,"LIE":1.501,"LKA":2.578,"LSO":4.964,"LTU":1.98,"LUX":1.52,"LVA":2.05,"MAC":1.81,"MAF":2.788,"MAR":4.217,"MCO":1.934,"MDA":2.463,"MDG":6.149,"MDV":6.386,"MEX":3.532,"MHL":6.183,"MKD":2.25,"MLI":7.331,"MLT":2.1,"MMR":3.593,"MNE":1.938,"MNG":4.42,"MNP":2.015,"MOZ":6.348,"MRT":6.195,"MUS":2.23,"MWI":6.803,"MYS":3.313,"NAM":5.517,"NCL":3.057,"NER":7.818,"NGA":6.494,"NIC":4.762,"NLD":1.55,"NOR":1.89,"NPL":5.258,"NRU":4.068,"NZL":2.12,"OMN":6.717,"PAK":6.425,"PAN":3.121,"PER":4.026,"PHL":4.365,"PLW":2.917,"PNG":5.243,"POL":2.08,"PRI":2.386,"PRK":2.412,"PRT":1.57,"PRY":4.681,"PYF":3.49,"QAT":4.412,"ROU":2.22,"RUS":2.01,"RWA":7.029,"SAU":5.975,"SDN":6.106,"SEN":6.479,"SGP":1.75,"SLB":5.867,"SLE":6.571,"SLV":4.033,"SMR":1.145,"SOM":7.424,"SRB":1.685,"SSD":7.374,"STP":5.884,"SUR":3.387,"SVK":2.07,"SVN":1.52,"SWE":2.01,"SWZ":5.479,"SXM":1.902,"SYC":2.671,"SYR":5.777,"TCA":3.335,"TCD":7.186,"TGO":6.148569,"THA":2.136,"TJK":5.609,"TKM":4.463,"TLS":5.762,"TON":5.006,"TTO":2.526,"TUN":3.569,"TUR":3.336,"TUV":3.797,"TZA":6.303,"UGA":7.045,"UKR":1.927,"URY":2.498,"USA":2.014,"UZB":4.102,"VCT":2.73,"VEN":3.524,"VGB":1.769,"VIR":3.024,"VNM":3.641,"VUT":5.211,"WSM":5.107,"YEM":8.713,"ZAF":3.983,"ZMB":6.635,"ZWE":5.073}}