{"schemaVersion":1,"dataKind":"ranking-year","indicatorId":"SP.DYN.TFRT.IN","year":1990,"valuesByCountry":{"ABW":2.345,"AFG":7.576,"AGO":7.272,"ALB":3.014,"AND":1.401,"ARE":4.506,"ARG":3.034,"ARM":2.708,"ASM":4.472,"ATG":2.249,"AUS":1.902,"AUT":1.46,"AZE":2.74,"BDI":7.365,"BEL":1.62,"BEN":6.741,"BFA":7.009,"BGD":4.506,"BGR":1.82,"BHR":3.817,"BHS":2.52,"BIH":1.786,"BLR":1.913,"BLZ":4.802,"BMU":1.699,"BOL":4.9,"BRA":2.896,"BRB":1.842,"BRN":3.29,"BTN":5.604,"BWA":4.509,"CAF":6.049,"CAN":1.83,"CHE":1.58,"CHL":2.579,"CHN":2.514,"CIV":6.719,"CMR":6.362,"COD":6.649,"COG":5.266,"COL":2.995,"COM":6.505,"CPV":5.36,"CRI":3.167,"CUB":1.806,"CUW":2.303,"CYM":1.783,"CYP":2.402,"CZE":1.9,"DEU":1.45,"DJI":5.931,"DMA":3.092,"DNK":1.67,"DOM":3.411,"DZA":4.509,"ECU":3.68,"EGY":4.512,"ERI":6.338,"ESP":1.36,"EST":2.05,"ETH":7.196,"FIN":1.78,"FJI":3.386,"FRA":1.77,"FRO":2.8093,"FSM":5.049,"G001":3.30678743024894,"GAB":5.459,"GBR":1.83,"GEO":2.306,"GHA":5.737,"GIB":2.39,"GIN":6.515,"GMB":6.246,"GNB":6.501,"GNQ":5.987,"GRC":1.39,"GRD":3.058,"GRL":2.444,"GTM":5.48,"GUM":3.015,"GUY":3.181,"HKG":1.272,"HND":5.271,"HRV":1.63,"HTI":5.414,"HUN":1.87,"IDN":3.114,"IMN":1.959,"IND":4.045,"IRL":2.11,"IRN":4.934,"IRQ":5.929,"ISL":2.3,"ISR":2.824,"ITA":1.33,"JAM":2.955,"JOR":5.544,"JPN":1.54,"KAZ":2.745,"KEN":6.135,"KGZ":3.63,"KHM":5.642,"KIR":4.668,"KNA":2.725,"KOR":1.57,"KOS":3.666,"KWT":3.487,"LAO":6.057,"LBN":3.268,"LBR":6.37,"LBY":4.776,"LCA":3.238,"LIE":1.501,"LKA":2.541,"LSO":4.813,"LTU":2.03,"LUX":1.6,"LVA":2.02,"MAC":1.709,"MAF":2.745,"MAR":4.06,"MCO":1.848,"MDA":2.392,"MDG":6.14,"MDV":6.13,"MEX":3.444,"MHL":5.97,"MKD":2.269,"MLI":7.311,"MLT":2.02,"MMR":3.504,"MNE":1.945,"MNG":4.5,"MNP":2.338,"MOZ":6.319,"MRT":6.175,"MUS":2.32,"MWI":6.74,"MYS":3.304,"NAM":5.398,"NCL":3.1,"NER":7.806,"NGA":6.459,"NIC":4.596,"NLD":1.62,"NOR":1.93,"NPL":5.211,"NRU":4.02,"NZL":2.18,"OMN":6.456,"PAK":6.364,"PAN":3.072,"PER":3.912,"PHL":4.322,"PLW":2.881,"PNG":5.18,"POL":2.06,"PRI":2.378,"PRK":2.388,"PRT":1.56,"PRY":4.565,"PYF":3.434,"QAT":4.23,"ROU":1.83,"RUS":1.892,"RWA":6.803,"SAU":5.804,"SDN":6.074,"SEN":6.396,"SGP":1.83,"SLB":5.74,"SLE":6.567,"SLV":3.964,"SMR":1.162,"SOM":7.44,"SRB":1.649,"SSD":7.377,"STP":5.828,"SUR":3.225,"SVK":2.09,"SVN":1.46,"SWE":2.13,"SWZ":5.295,"SXM":1.848,"SYC":2.607,"SYR":5.561,"TCA":3.189,"TCD":7.219,"TGO":6.067132,"THA":2.065,"TJK":5.456,"TKM":4.288,"TLS":5.811,"TON":4.929,"TTO":2.394,"TUN":3.441,"TUR":3.107,"TUV":3.75,"TZA":6.201,"UGA":7.014,"UKR":1.845,"URY":2.477,"USA":2.081,"UZB":4.122,"VCT":2.731,"VEN":3.448,"VGB":1.779,"VIR":3.106,"VNM":3.602,"VUT":5.166,"WBG":6.809,"WSM":5.007,"YEM":8.606,"ZAF":3.724,"ZMB":6.567,"ZWE":4.876}}