{"schemaVersion":1,"dataKind":"ranking-year","indicatorId":"SP.DYN.TFRT.IN","year":1991,"valuesByCountry":{"ABW":2.362,"AFG":7.631,"AGO":7.208,"ALB":2.956,"AND":1.397,"ARE":4.251,"ARG":3.012,"ARM":2.643,"ASM":4.528,"ATG":2.036,"AUS":1.849,"AUT":1.51,"AZE":2.87,"BDI":7.336,"BEL":1.66,"BEN":6.666,"BFA":6.973,"BGD":4.261,"BGR":1.66,"BHR":3.625,"BHS":2.51,"BIH":1.782,"BLR":1.805,"BLZ":4.595,"BMU":1.744,"BOL":4.846,"BRA":2.805,"BRB":1.838,"BRN":3.206,"BTN":5.451,"BWA":4.365,"CAF":6.03,"CAN":1.72,"CHE":1.58,"CHL":2.558,"CHN":1.934,"CIV":6.585,"CMR":6.324,"COD":6.645,"COG":5.221,"COL":2.982,"COM":6.354,"CPV":5.262,"CRI":3.075,"CUB":1.663,"CUW":2.372,"CYM":1.846,"CYP":2.34,"CZE":1.86,"DEU":1.33,"DJI":5.856,"DMA":3.145,"DNK":1.68,"DOM":3.349,"DZA":4.366,"ECU":3.633,"EGY":4.315,"ERI":6.242,"ESP":1.33,"EST":1.8,"ETH":7.161,"FIN":1.79,"FJI":3.365,"FRA":1.75,"FRO":2.6341,"FSM":4.92,"G001":3.12602580049007,"GAB":5.373,"GBR":1.82,"GEO":2.208,"GHA":5.63,"GIB":2.431,"GIN":6.484,"GMB":6.191,"GNB":6.474,"GNQ":5.985,"GRC":1.37,"GRD":3.106,"GRL":2.421,"GTM":5.377,"GUM":3.028,"GUY":3.183,"HKG":1.281,"HND":5.191,"HRV":1.53,"HTI":5.317,"HUN":1.87,"IDN":3.058,"IMN":1.978,"IND":3.959,"IRL":2.08,"IRN":4.568,"IRQ":5.833,"ISL":2.18,"ISR":2.762,"ITA":1.3,"JAM":2.997,"JOR":5.33,"JPN":1.53,"KAZ":2.677,"KEN":5.94,"KGZ":3.58,"KHM":5.588,"KIR":4.642,"KNA":2.597,"KOR":1.71,"KOS":3.373,"KWT":3.398,"LAO":5.986,"LBN":3.162,"LBR":6.323,"LBY":4.461,"LCA":3.19,"LIE":1.5,"LKA":2.514,"LSO":4.681,"LTU":2.01,"LUX":1.6,"LVA":1.86,"MAC":1.615,"MAF":2.708,"MAR":3.947,"MCO":1.786,"MDA":2.278,"MDG":6.118,"MDV":5.796,"MEX":3.363,"MHL":5.757,"MKD":2.31,"MLI":7.28,"MLT":1.99,"MMR":3.432,"MNE":2.015,"MNG":4,"MNP":2.823,"MOZ":6.276,"MRT":6.157,"MUS":2.3,"MWI":6.681,"MYS":3.339,"NAM":5.29,"NCL":3.072,"NER":7.798,"NGA":6.426,"NIC":4.432,"NLD":1.61,"NOR":1.92,"NPL":5.151,"NRU":3.991,"NZL":2.09,"OMN":6.197,"PAK":6.291,"PAN":2.999,"PER":3.794,"PHL":4.273,"PLW":2.742,"PNG":5.109,"POL":2.07,"PRI":2.302,"PRK":2.351,"PRT":1.56,"PRY":4.481,"PYF":3.259,"QAT":3.988,"ROU":1.59,"RUS":1.732,"RWA":6.622,"SAU":5.644,"SDN":6.05,"SEN":6.267,"SGP":1.73,"SLB":5.62,"SLE":6.553,"SLV":3.889,"SMR":1.167,"SOM":7.47,"SRB":1.612,"SSD":7.377,"STP":5.769,"SUR":3.094,"SVK":2.05,"SVN":1.42,"SWE":2.11,"SWZ":5.132,"SXM":1.847,"SYC":2.692,"SYR":5.342,"TCA":3.053,"TCD":7.261,"TGO":5.986704,"THA":2.036,"TJK":5.276,"TKM":4.145,"TLS":5.835,"TON":4.852,"TTO":2.29,"TUN":3.31,"TUR":3.003,"TUV":3.789,"TZA":6.135,"UGA":6.943,"UKR":1.773,"URY":2.454,"USA":2.0625,"UZB":4.19,"VCT":2.747,"VEN":3.37,"VGB":1.843,"VIR":3.379,"VNM":3.524,"VUT":5.13,"WBG":6.751,"WSM":4.912,"YEM":8.459,"ZAF":3.618,"ZMB":6.458,"ZWE":4.715}}