{"schemaVersion":1,"dataKind":"ranking-year","indicatorId":"SP.DYN.TFRT.IN","year":1992,"valuesByCountry":{"ABW":2.353,"AFG":7.703,"AGO":7.138,"ALB":2.885,"AND":1.373,"ARE":4.088,"ARG":2.987,"ARM":2.499,"ASM":4.557,"ATG":2.126,"AUS":1.888,"AUT":1.51,"AZE":2.74,"BDI":7.301,"BEL":1.65,"BEN":6.593,"BFA":6.936,"BGD":4.027,"BGR":1.55,"BHR":3.548,"BHS":2.71,"BIH":1.758,"BLR":1.764,"BLZ":4.429,"BMU":1.725,"BOL":4.713,"BRA":2.71,"BRB":1.804,"BRN":3.111,"BTN":5.267,"BWA":4.255,"CAF":5.964,"CAN":1.71,"CHE":1.58,"CHL":2.478,"CHN":1.776,"CIV":6.426,"CMR":6.256,"COD":6.639,"COG":5.177,"COL":2.983,"COM":6.186,"CPV":5.123,"CRI":3.001,"CUB":1.562,"CUW":2.433,"CYM":1.726,"CYP":2.459,"CZE":1.71,"DEU":1.29,"DJI":5.751,"DMA":3.177,"DNK":1.76,"DOM":3.287,"DZA":4.274,"ECU":3.575,"EGY":4.149,"ERI":6.156,"ESP":1.31,"EST":1.71,"ETH":7.125,"FIN":1.85,"FJI":3.331,"FRA":1.74,"FRO":2.5236,"FSM":4.802,"G001":3.03900996073763,"GAB":5.289,"GBR":1.79,"GEO":2.045,"GHA":5.517,"GIB":2.443,"GIN":6.453,"GMB":6.111,"GNB":6.435,"GNQ":5.984,"GRC":1.36,"GRD":2.97,"GRL":2.607,"GTM":5.314,"GUM":3.042,"GUY":3.188,"HKG":1.347,"HND":5.113,"HRV":1.48,"HTI":5.208,"HUN":1.77,"IDN":2.95,"IMN":1.974,"IND":3.877,"IRL":1.99,"IRN":4.099,"IRQ":5.718,"ISL":2.21,"ISR":2.7,"ITA":1.3,"JAM":3.026,"JOR":5.137,"JPN":1.5,"KAZ":2.584,"KEN":5.74,"KGZ":3.52,"KHM":5.486,"KIR":4.568,"KNA":2.433,"KOR":1.76,"KOS":2.765,"KWT":3.353,"LAO":5.9,"LBN":3.052,"LBR":6.277,"LBY":4.162,"LCA":3.11,"LIE":1.477,"LKA":2.487,"LSO":4.541,"LTU":1.97,"LUX":1.64,"LVA":1.73,"MAC":1.547,"MAF":2.68,"MAR":3.757,"MCO":1.755,"MDA":2.217,"MDG":6.082,"MDV":5.435,"MEX":3.285,"MHL":5.546,"MKD":2.281,"MLI":7.237,"MLT":2.07,"MMR":3.354,"MNE":2.013,"MNG":3.5,"MNP":3.066,"MOZ":6.218,"MRT":6.126,"MUS":2.37,"MWI":6.63,"MYS":3.373,"NAM":5.107,"NCL":2.948,"NER":7.795,"NGA":6.391,"NIC":4.267,"NLD":1.59,"NOR":1.88,"NPL":5.074,"NRU":3.952,"NZL":2.06,"OMN":5.919,"PAK":6.207,"PAN":2.95,"PER":3.673,"PHL":4.161,"PLW":2.71,"PNG":5.033,"POL":1.95,"PRI":2.29,"PRK":2.287,"PRT":1.54,"PRY":4.402,"PYF":3.15,"QAT":3.852,"ROU":1.51,"RUS":1.552,"RWA":6.539,"SAU":5.489,"SDN":6.019,"SEN":6.149,"SGP":1.72,"SLB":5.509,"SLE":6.555,"SLV":3.802,"SMR":1.15,"SOM":7.5,"SRB":1.573,"SSD":7.37,"STP":5.704,"SUR":3.013,"SVK":1.93,"SVN":1.33,"SWE":2.09,"SWZ":4.981,"SXM":1.882,"SYC":2.526,"SYR":5.141,"TCA":2.939,"TCD":7.296,"TGO":5.885765,"THA":2.008,"TJK":5.056,"TKM":3.957,"TLS":5.867,"TON":4.787,"TTO":2.213,"TUN":3.189,"TUR":2.939,"TUV":3.86,"TZA":6.078,"UGA":6.913,"UKR":1.674,"URY":2.432,"USA":2.046,"UZB":4.056,"VCT":2.759,"VEN":3.292,"VGB":1.878,"VIR":3.63,"VNM":3.353,"VUT":5.094,"WBG":6.65,"WSM":4.865,"YEM":8.272,"ZAF":3.479,"ZMB":6.349,"ZWE":4.567}}