{"schemaVersion":1,"dataKind":"ranking-year","indicatorId":"SP.DYN.TFRT.IN","year":1993,"valuesByCountry":{"ABW":2.331,"AFG":7.761,"AGO":7.065,"ALB":2.811,"AND":1.334,"ARE":3.819,"ARG":2.966,"ARM":2.286,"ASM":4.605,"ATG":2.036,"AUS":1.859,"AUT":1.5,"AZE":2.7,"BDI":7.272,"BEL":1.61,"BEN":6.51,"BFA":6.889,"BGD":3.832,"BGR":1.46,"BHR":3.461,"BHS":2.61,"BIH":1.729,"BLR":1.623,"BLZ":4.206,"BMU":1.7,"BOL":4.592,"BRA":2.66,"BRB":1.769,"BRN":3.007,"BTN":5.072,"BWA":4.152,"CAF":5.926,"CAN":1.69,"CHE":1.51,"CHL":2.43,"CHN":1.691,"CIV":6.27,"CMR":6.155,"COD":6.641,"COG":5.134,"COL":2.978,"COM":6.022,"CPV":4.953,"CRI":2.928,"CUB":1.489,"CUW":2.438,"CYM":1.669,"CYP":2.247,"CZE":1.67,"DEU":1.28,"DJI":5.638,"DMA":3.201,"DNK":1.75,"DOM":3.226,"DZA":4.076,"ECU":3.491,"EGY":3.993,"ERI":6.069,"ESP":1.26,"EST":1.49,"ETH":7.088,"FIN":1.81,"FJI":3.293,"FRA":1.73,"FRO":2.5136,"FSM":4.678,"G001":2.97156265844123,"GAB":5.186,"GBR":1.76,"GEO":1.912,"GHA":5.414,"GIB":2.42,"GIN":6.409,"GMB":6.034,"GNB":6.369,"GNQ":5.981,"GRC":1.32,"GRD":2.805,"GRL":2.578,"GTM":5.254,"GUM":3.054,"GUY":3.199,"HKG":1.342,"HND":5.028,"HRV":1.52,"HTI":5.099,"HUN":1.68,"IDN":2.9,"IMN":1.946,"IND":3.799,"IRL":1.9,"IRN":3.674,"IRQ":5.609,"ISL":2.22,"ISR":2.8,"ITA":1.25,"JAM":2.987,"JOR":4.972,"JPN":1.46,"KAZ":2.483,"KEN":5.569,"KGZ":3.2,"KHM":5.433,"KIR":4.487,"KNA":2.375,"KOR":1.654,"KOS":2.65,"KWT":3.313,"LAO":5.798,"LBN":2.937,"LBR":6.246,"LBY":3.883,"LCA":2.999,"LIE":1.454,"LKA":2.438,"LSO":4.365,"LTU":1.74,"LUX":1.7,"LVA":1.51,"MAC":1.471,"MAF":2.665,"MAR":3.548,"MCO":1.749,"MDA":2.112,"MDG":6.062,"MDV":5.063,"MEX":3.211,"MHL":5.382,"MKD":2.26,"MLI":7.18,"MLT":1.96,"MMR":3.281,"MNE":1.955,"MNG":2.5,"MNP":3.226,"MOZ":6.153,"MRT":6.093,"MUS":2.21,"MWI":6.573,"MYS":3.364,"NAM":4.905,"NCL":2.823,"NER":7.79,"NGA":6.354,"NIC":4.102,"NLD":1.57,"NOR":1.86,"NPL":5.042,"NRU":3.887,"NZL":2.04,"OMN":5.638,"PAK":6.112,"PAN":2.909,"PER":3.552,"PHL":4.098,"PLW":2.727,"PNG":4.962,"POL":1.87,"PRI":2.307,"PRK":2.218,"PRT":1.52,"PRY":4.282,"PYF":3.084,"QAT":3.765,"ROU":1.43,"RUS":1.385,"RWA":6.479,"SAU":5.326,"SDN":5.97,"SEN":6.049,"SGP":1.74,"SLB":5.453,"SLE":6.569,"SLV":3.691,"SMR":1.123,"SOM":7.526,"SRB":1.544,"SSD":7.36,"STP":5.635,"SUR":2.943,"SVK":1.87,"SVN":1.33,"SWE":1.99,"SWZ":4.815,"SXM":1.942,"SYC":2.582,"SYR":4.994,"TCA":2.842,"TCD":7.337,"TGO":5.782153,"THA":1.967,"TJK":4.921,"TKM":3.778,"TLS":5.879,"TON":4.726,"TTO":2.129,"TUN":3.058,"TUR":2.916,"TUV":3.922,"TZA":5.997,"UGA":6.886,"UKR":1.564,"URY":2.408,"USA":2.0195,"UZB":3.863,"VCT":2.737,"VEN":3.218,"VGB":1.81,"VIR":3.636,"VNM":3.172,"VUT":5.023,"WBG":6.501,"WSM":4.826,"YEM":8.048,"ZAF":3.372,"ZMB":6.298,"ZWE":4.391}}