{"schemaVersion":1,"dataKind":"ranking-year","indicatorId":"SP.DYN.TFRT.IN","year":1994,"valuesByCountry":{"ABW":2.298,"AFG":7.767,"AGO":6.99,"ALB":2.798,"AND":1.317,"ARE":3.761,"ARG":2.935,"ARM":2.084,"ASM":4.384,"ATG":2.069,"AUS":1.842,"AUT":1.47,"AZE":2.52,"BDI":7.23,"BEL":1.56,"BEN":6.419,"BFA":6.843,"BGD":3.737,"BGR":1.37,"BHR":3.291,"BHS":2.472,"BIH":1.698,"BLR":1.533,"BLZ":3.973,"BMU":1.684,"BOL":4.494,"BRA":2.603,"BRB":1.733,"BRN":2.901,"BTN":4.866,"BWA":4.021,"CAF":5.919,"CAN":1.69,"CHE":1.49,"CHL":2.377,"CHN":1.628,"CIV":6.128,"CMR":6.043,"COD":6.643,"COG":5.103,"COL":2.937,"COM":5.864,"CPV":4.723,"CRI":2.857,"CUB":1.467,"CUW":2.43,"CYM":1.66,"CYP":2.163,"CZE":1.44,"DEU":1.24,"DJI":5.507,"DMA":2.964,"DNK":1.81,"DOM":3.163,"DZA":3.914,"ECU":3.42,"EGY":3.865,"ERI":6.005,"ESP":1.19,"EST":1.42,"ETH":7.051,"FIN":1.85,"FJI":3.258,"FRA":1.73,"FRO":2.39,"FSM":4.575,"G001":2.9191012780647,"GAB":5.044,"GBR":1.74,"GEO":1.835,"GHA":5.254,"GIB":2.38,"GIN":6.358,"GMB":6.035,"GNB":6.299,"GNQ":5.978,"GRC":1.33,"GRD":2.794,"GRL":2.524,"GTM":5.191,"GUM":3.044,"GUY":3.226,"HKG":1.355,"HND":4.935,"HRV":1.47,"HTI":4.991,"HUN":1.64,"IDN":2.851,"IMN":1.915,"IND":3.723,"IRL":1.85,"IRN":3.244,"IRQ":5.488,"ISL":2.14,"ISR":2.9,"ITA":1.21,"JAM":2.93,"JOR":4.819,"JPN":1.5,"KAZ":2.378,"KEN":5.438,"KGZ":2.9,"KHM":5.281,"KIR":4.442,"KNA":2.31,"KOR":1.656,"KOS":2.524,"KWT":3.272,"LAO":5.598,"LBN":2.823,"LBR":6.21,"LBY":3.649,"LCA":3.028,"LIE":1.442,"LKA":2.405,"LSO":4.21,"LTU":1.57,"LUX":1.72,"LVA":1.39,"MAC":1.431,"MAF":2.669,"MAR":3.413,"MCO":1.756,"MDA":1.993,"MDG":6.042,"MDV":4.688,"MEX":3.132,"MHL":5.232,"MKD":2.232,"MLI":7.119,"MLT":1.84,"MMR":3.204,"MNE":1.936,"MNG":2.7,"MNP":2.978,"MOZ":6.082,"MRT":6.058,"MUS":2.25,"MWI":6.488,"MYS":3.346,"NAM":4.676,"NCL":2.715,"NER":7.786,"NGA":6.319,"NIC":3.937,"NLD":1.57,"NOR":1.87,"NPL":4.964,"NRU":3.837,"NZL":1.98,"OMN":5.359,"PAK":6.008,"PAN":2.877,"PER":3.432,"PHL":4.079,"PLW":2.661,"PNG":4.87,"POL":1.81,"PRI":2.278,"PRK":2.183,"PRT":1.45,"PRY":4.196,"PYF":2.942,"QAT":3.665,"ROU":1.4,"RUS":1.4,"RWA":6.415,"SAU":5.161,"SDN":5.912,"SEN":5.915,"SGP":1.71,"SLB":5.398,"SLE":6.557,"SLV":3.613,"SMR":1.138,"SOM":7.544,"SRB":1.505,"SSD":7.346,"STP":5.562,"SUR":2.899,"SVK":1.67,"SVN":1.32,"SWE":1.88,"SWZ":4.662,"SXM":2.054,"SYC":2.597,"SYR":4.856,"TCA":2.756,"TCD":7.31,"TGO":5.672271,"THA":1.928,"TJK":4.792,"TKM":3.623,"TLS":5.912,"TON":4.658,"TTO":2.064,"TUN":2.874,"TUR":2.874,"TUV":3.923,"TZA":5.894,"UGA":6.899,"UKR":1.471,"URY":2.425,"USA":2.0015,"UZB":3.66,"VCT":2.678,"VEN":3.147,"VGB":1.659,"VIR":3.682,"VNM":2.941,"VUT":4.937,"WBG":6.334,"WSM":4.792,"YEM":7.795,"ZAF":3.258,"ZMB":6.26,"ZWE":4.284}}