{"schemaVersion":1,"dataKind":"ranking-year","indicatorId":"SP.DYN.TFRT.IN","year":1995,"valuesByCountry":{"ABW":2.288,"AFG":7.767,"AGO":6.918,"ALB":2.762,"AND":1.319,"ARE":3.278,"ARG":2.864,"ARM":2.067,"ASM":4.121,"ATG":2.159,"AUS":1.822,"AUT":1.42,"AZE":2.29,"BDI":7.184,"BEL":1.56,"BEN":6.33,"BFA":6.814,"BGD":3.588,"BGR":1.23,"BHR":3.128,"BHS":2.419,"BIH":1.669,"BLR":1.406,"BLZ":3.876,"BMU":1.677,"BOL":4.409,"BRA":2.567,"BRB":1.704,"BRN":2.787,"BTN":4.624,"BWA":3.792,"CAF":5.943,"CAN":1.67,"CHE":1.48,"CHL":2.353,"CHN":1.588,"CIV":6.038,"CMR":5.919,"COD":6.676,"COG":5.068,"COL":2.85,"COM":5.73,"CPV":4.494,"CRI":2.779,"CUB":1.481,"CUW":2.419,"CYM":1.674,"CYP":2.032,"CZE":1.28,"DEU":1.25,"DJI":5.331,"DMA":2.708,"DNK":1.8,"DOM":3.101,"DZA":3.487,"ECU":3.381,"EGY":3.764,"ERI":5.939,"ESP":1.16,"EST":1.38,"ETH":6.998,"FIN":1.81,"FJI":3.251,"FRA":1.74,"FRO":2.4177,"FSM":4.494,"G001":2.86595658149546,"GAB":4.884,"GBR":1.71,"GEO":1.807,"GHA":5.106,"GIB":2.334,"GIN":6.288,"GMB":5.994,"GNB":6.223,"GNQ":5.971,"GRC":1.28,"GRD":2.822,"GRL":2.545,"GTM":5.105,"GUM":3.04,"GUY":3.238,"HKG":1.295,"HND":4.835,"HRV":1.58,"HTI":4.884,"HUN":1.57,"IDN":2.809,"IMN":1.923,"IND":3.651,"IRL":1.84,"IRN":2.852,"IRQ":5.36,"ISL":2.08,"ISR":2.9,"ITA":1.19,"JAM":2.851,"JOR":4.676,"JPN":1.42,"KAZ":2.253,"KEN":5.372,"KGZ":3.1,"KHM":5.076,"KIR":4.419,"KNA":2.304,"KOR":1.634,"KOS":2.524,"KWT":3.248,"LAO":5.355,"LBN":2.725,"LBR":6.173,"LBY":3.442,"LCA":3.026,"LIE":1.435,"LKA":2.353,"LSO":4.125,"LTU":1.55,"LUX":1.7,"LVA":1.25,"MAC":1.367,"MAF":2.688,"MAR":3.295,"MCO":1.783,"MDA":1.825,"MDG":6.036,"MDV":4.292,"MEX":3.044,"MHL":5.091,"MKD":2.13,"MLI":7.052,"MLT":1.77,"MMR":3.127,"MNE":1.958,"MNG":2.77,"MNP":3.077,"MOZ":6.019,"MRT":5.962,"MUS":2.14,"MWI":6.392,"MYS":3.317,"NAM":4.417,"NCL":2.652,"NER":7.776,"NGA":6.273,"NIC":3.775,"NLD":1.53,"NOR":1.87,"NPL":4.869,"NRU":3.808,"NZL":1.98,"OMN":5.067,"PAK":5.894,"PAN":2.852,"PER":3.315,"PHL":4.067,"PLW":2.553,"PNG":4.78,"POL":1.62,"PRI":2.248,"PRK":2.146,"PRT":1.41,"PRY":4.108,"PYF":2.781,"QAT":3.557,"ROU":1.33,"RUS":1.337,"RWA":6.345,"SAU":4.986,"SDN":5.856,"SEN":5.819,"SGP":1.67,"SLB":5.335,"SLE":6.555,"SLV":3.568,"SMR":1.166,"SOM":7.581,"SRB":1.468,"SSD":7.337,"STP":5.554,"SUR":2.897,"SVK":1.52,"SVN":1.29,"SWE":1.73,"SWZ":4.523,"SXM":2.143,"SYC":2.361,"SYR":4.697,"TCA":2.699,"TCD":7.29,"TGO":5.564586,"THA":1.888,"TJK":4.664,"TKM":3.491,"TLS":5.936,"TON":4.563,"TTO":1.967,"TUN":2.67,"TUR":2.835,"TUV":3.963,"TZA":5.822,"UGA":6.871,"UKR":1.399,"URY":2.401,"USA":1.978,"UZB":3.566,"VCT":2.609,"VEN":3.082,"VGB":1.777,"VIR":3.237,"VNM":2.7,"VUT":4.847,"WBG":6.161,"WSM":4.767,"YEM":7.525,"ZAF":3.172,"ZMB":6.232,"ZWE":4.153}}