{"schemaVersion":1,"dataKind":"ranking-year","indicatorId":"SP.DYN.TFRT.IN","year":1996,"valuesByCountry":{"ABW":2.233,"AFG":7.757,"AGO":6.851,"ALB":2.666,"AND":1.329,"ARE":3.06,"ARG":2.781,"ARM":2.06,"ASM":3.944,"ATG":2.266,"AUS":1.796,"AUT":1.45,"AZE":2.06,"BDI":7.123,"BEL":1.59,"BEN":6.279,"BFA":6.779,"BGD":3.505,"BGR":1.23,"BHR":2.986,"BHS":2.353,"BIH":1.652,"BLR":1.335,"BLZ":3.755,"BMU":1.699,"BOL":4.336,"BRA":2.511,"BRB":1.673,"BRN":2.681,"BTN":4.369,"BWA":3.573,"CAF":5.963,"CAN":1.63,"CHE":1.5,"CHL":2.284,"CHN":1.554,"CIV":5.954,"CMR":5.795,"COD":6.672,"COG":5.033,"COL":2.768,"COM":5.627,"CPV":4.257,"CRI":2.681,"CUB":1.457,"CUW":2.403,"CYM":1.691,"CYP":1.953,"CZE":1.18,"DEU":1.3,"DJI":5.149,"DMA":2.546,"DNK":1.75,"DOM":3.04,"DZA":3.139,"ECU":3.351,"EGY":3.7,"ERI":5.841,"ESP":1.14,"EST":1.37,"ETH":6.928,"FIN":1.78,"FJI":3.248,"FRA":1.75,"FRO":2.5692,"FSM":4.427,"G001":2.81877822250376,"GAB":4.742,"GBR":1.73,"GEO":1.759,"GHA":4.959,"GIB":2.251,"GIN":6.205,"GMB":5.925,"GNB":6.141,"GNQ":5.96,"GRC":1.26,"GRD":2.848,"GRL":2.521,"GTM":5.008,"GUM":3.033,"GUY":3.23,"HKG":1.191,"HND":4.713,"HRV":1.67,"HTI":4.777,"HUN":1.46,"IDN":2.782,"IMN":1.931,"IND":3.582,"IRL":1.88,"IRN":2.542,"IRQ":5.249,"ISL":2.12,"ISR":2.9,"ITA":1.2,"JAM":2.77,"JOR":4.508,"JPN":1.43,"KAZ":2.084,"KEN":5.307,"KGZ":2.8,"KHM":4.867,"KIR":4.425,"KNA":2.26,"KOR":1.574,"KOS":2.536,"KWT":3.223,"LAO":5.148,"LBN":2.698,"LBR":6.129,"LBY":3.256,"LCA":2.712,"LIE":1.516,"LKA":2.285,"LSO":4.058,"LTU":1.49,"LUX":1.77,"LVA":1.16,"MAC":1.288,"MAF":2.71,"MAR":3.229,"MCO":1.824,"MDA":1.709,"MDG":6.031,"MDV":3.859,"MEX":2.964,"MHL":5.021,"MKD":2.059,"MLI":7.01,"MLT":1.99,"MMR":3.058,"MNE":1.922,"MNG":2.5,"MNP":2.588,"MOZ":5.973,"MRT":5.861,"MUS":2.12,"MWI":6.285,"MYS":3.297,"NAM":4.201,"NCL":2.654,"NER":7.78,"NGA":6.217,"NIC":3.62,"NLD":1.53,"NOR":1.89,"NPL":4.668,"NRU":3.775,"NZL":1.96,"OMN":4.79,"PAK":5.771,"PAN":2.83,"PER":3.203,"PHL":4.004,"PLW":2.39,"PNG":4.728,"POL":1.59,"PRI":1.94,"PRK":2.093,"PRT":1.44,"PRY":4.014,"PYF":2.716,"QAT":3.444,"ROU":1.3,"RUS":1.27,"RWA":6.289,"SAU":4.812,"SDN":5.792,"SEN":5.723,"SGP":1.66,"SLB":5.221,"SLE":6.552,"SLV":3.482,"SMR":1.212,"SOM":7.621,"SRB":1.436,"SSD":7.321,"STP":5.474,"SUR":2.92,"SVK":1.47,"SVN":1.28,"SWE":1.6,"SWZ":4.378,"SXM":2.184,"SYC":2.311,"SYR":4.536,"TCA":2.649,"TCD":7.292,"TGO":5.458922,"THA":1.865,"TJK":3.94,"TKM":3.292,"TLS":5.941,"TON":4.455,"TTO":1.894,"TUN":2.488,"TUR":2.779,"TUV":3.951,"TZA":5.826,"UGA":6.835,"UKR":1.333,"URY":2.364,"USA":1.976,"UZB":3.393,"VCT":2.526,"VEN":3.022,"VGB":1.894,"VIR":2.941,"VNM":2.468,"VUT":4.752,"WBG":5.988,"WSM":4.739,"YEM":7.004,"ZAF":2.991,"ZMB":6.182,"ZWE":4.11}}