{"schemaVersion":1,"dataKind":"ranking-year","indicatorId":"SP.DYN.TFRT.IN","year":1997,"valuesByCountry":{"ABW":2.138,"AFG":7.732,"AGO":6.789,"ALB":2.535,"AND":1.354,"ARE":2.825,"ARG":2.706,"ARM":1.9,"ASM":3.887,"ATG":2.19,"AUS":1.778,"AUT":1.39,"AZE":2.07,"BDI":7.04,"BEL":1.6,"BEN":6.23,"BFA":6.724,"BGD":3.502,"BGR":1.09,"BHR":2.924,"BHS":2.293,"BIH":1.686,"BLR":1.25,"BLZ":3.737,"BMU":1.692,"BOL":4.219,"BRA":2.468,"BRB":1.645,"BRN":2.6,"BTN":4.088,"BWA":3.431,"CAF":5.924,"CAN":1.57,"CHE":1.48,"CHL":2.202,"CHN":1.527,"CIV":5.902,"CMR":5.706,"COD":6.69,"COG":4.997,"COL":2.743,"COM":5.513,"CPV":4.052,"CRI":2.589,"CUB":1.59,"CUW":2.367,"CYM":1.701,"CYP":1.86,"CZE":1.17,"DEU":1.35,"DJI":4.966,"DMA":2.406,"DNK":1.75,"DOM":2.922,"DZA":2.886,"ECU":3.288,"EGY":3.682,"ERI":5.743,"ESP":1.15,"EST":1.32,"ETH":6.869,"FIN":1.75,"FJI":3.188,"FRA":1.77,"FRO":2.4921,"FSM":4.355,"G001":2.77886534522117,"GAB":4.657,"GBR":1.72,"GEO":1.728,"GHA":4.884,"GIB":2.233,"GIN":6.123,"GMB":5.851,"GNB":6.06,"GNQ":5.941,"GRC":1.27,"GRD":2.803,"GRL":2.78,"GTM":4.906,"GUM":3.023,"GUY":3.221,"HKG":1.127,"HND":4.59,"HRV":1.69,"HTI":4.669,"HUN":1.37,"IDN":2.742,"IMN":1.926,"IND":3.514,"IRL":1.93,"IRN":2.323,"IRQ":5.194,"ISL":2.04,"ISR":2.94,"ITA":1.22,"JAM":2.677,"JOR":4.318,"JPN":1.39,"KAZ":1.97,"KEN":5.268,"KGZ":2.6,"KHM":4.395,"KIR":4.368,"KNA":2.3,"KOR":1.537,"KOS":2.312,"KWT":3.135,"LAO":4.961,"LBN":2.667,"LBR":6.079,"LBY":3.132,"LCA":2.743,"LIE":1.569,"LKA":2.215,"LSO":3.982,"LTU":1.47,"LUX":1.71,"LVA":1.11,"MAC":1.205,"MAF":2.746,"MAR":3.147,"MCO":1.884,"MDA":1.79,"MDG":6.023,"MDV":3.477,"MEX":2.886,"MHL":4.959,"MKD":1.916,"MLI":6.971,"MLT":1.93,"MMR":2.985,"MNE":1.886,"MNG":2.4,"MNP":2.245,"MOZ":5.933,"MRT":5.743,"MUS":2.04,"MWI":6.231,"MYS":3.227,"NAM":4.166,"NCL":2.646,"NER":7.802,"NGA":6.138,"NIC":3.473,"NLD":1.56,"NOR":1.86,"NPL":4.442,"NRU":3.738,"NZL":1.96,"OMN":4.524,"PAK":5.642,"PAN":2.81,"PER":3.099,"PHL":3.943,"PLW":2.187,"PNG":4.679,"POL":1.51,"PRI":1.9,"PRK":2.027,"PRT":1.47,"PRY":3.911,"PYF":2.59,"QAT":3.327,"ROU":1.32,"RUS":1.218,"RWA":6.235,"SAU":4.656,"SDN":5.717,"SEN":5.639,"SGP":1.61,"SLB":5.093,"SLE":6.531,"SLV":3.377,"SMR":1.243,"SOM":7.662,"SRB":1.398,"SSD":7.199,"STP":5.396,"SUR":2.952,"SVK":1.43,"SVN":1.25,"SWE":1.52,"SWZ":4.235,"SXM":2.173,"SYC":2.1,"SYR":4.371,"TCA":2.581,"TCD":7.274,"TGO":5.362601,"THA":1.845,"TJK":4.06,"TKM":3.18,"TLS":5.955,"TON":4.378,"TTO":1.831,"TUN":2.338,"TUR":2.744,"TUV":3.952,"TZA":5.836,"UGA":6.856,"UKR":1.271,"URY":2.328,"USA":1.971,"UZB":3.186,"VCT":2.433,"VEN":2.967,"VGB":2.009,"VIR":3.017,"VNM":2.274,"VUT":4.657,"WBG":5.817,"WSM":4.695,"YEM":6.82,"ZAF":2.734,"ZMB":6.124,"ZWE":4.075}}