{"schemaVersion":1,"dataKind":"ranking-year","indicatorId":"SP.DYN.TFRT.IN","year":1998,"valuesByCountry":{"ABW":2.001,"AFG":7.693,"AGO":6.732,"ALB":2.425,"AND":1.383,"ARE":2.765,"ARG":2.662,"ARM":1.81,"ASM":3.878,"ATG":2.017,"AUS":1.762,"AUT":1.37,"AZE":2,"BDI":6.958,"BEL":1.6,"BEN":6.136,"BFA":6.661,"BGD":3.427,"BGR":1.11,"BHR":2.889,"BHS":2.232,"BIH":1.561,"BLR":1.3,"BLZ":3.752,"BMU":1.794,"BOL":4.149,"BRA":2.418,"BRB":1.62,"BRN":2.533,"BTN":3.853,"BWA":3.362,"CAF":5.889,"CAN":1.56,"CHE":1.47,"CHL":2.149,"CHN":1.522,"CIV":5.854,"CMR":5.656,"COD":6.7,"COG":4.909,"COL":2.717,"COM":5.392,"CPV":3.898,"CRI":2.527,"CUB":1.617,"CUW":2.315,"CYM":1.702,"CYP":1.761,"CZE":1.16,"DEU":1.36,"DJI":4.795,"DMA":2.315,"DNK":1.72,"DOM":2.835,"DZA":2.691,"ECU":3.228,"EGY":3.681,"ERI":5.633,"ESP":1.13,"EST":1.28,"ETH":6.792,"FIN":1.7,"FJI":3.118,"FRA":1.78,"FRO":2.3163,"FSM":4.301,"G001":2.7468453071977,"GAB":4.576,"GBR":1.71,"GEO":1.703,"GHA":4.829,"GIB":2.204,"GIN":6.051,"GMB":5.818,"GNB":5.97,"GNQ":5.914,"GRC":1.24,"GRD":2.494,"GRL":2.491,"GTM":4.8,"GUM":3.008,"GUY":3.182,"HKG":1.016,"HND":4.473,"HRV":1.45,"HTI":4.561,"HUN":1.32,"IDN":2.66,"IMN":1.901,"IND":3.446,"IRL":1.94,"IRN":2.19,"IRQ":5.112,"ISL":2.05,"ISR":2.98,"ITA":1.22,"JAM":2.574,"JOR":4.112,"JPN":1.38,"KAZ":1.938,"KEN":5.244,"KGZ":2.7,"KHM":4.13,"KIR":4.29,"KNA":2.31,"KOR":1.464,"KOS":2.35,"KWT":3.039,"LAO":4.792,"LBN":2.648,"LBR":6.017,"LBY":3.043,"LCA":2.403,"LIE":1.586,"LKA":2.136,"LSO":3.815,"LTU":1.46,"LUX":1.68,"LVA":1.09,"MAC":1.113,"MAF":2.795,"MAR":3.037,"MCO":1.954,"MDA":1.65,"MDG":5.992,"MDV":3.171,"MEX":2.815,"MHL":4.868,"MKD":1.89,"MLI":6.936,"MLT":1.84,"MMR":2.912,"MNE":1.893,"MNG":2.3,"MNP":1.685,"MOZ":5.905,"MRT":5.623,"MUS":1.97,"MWI":6.205,"MYS":3.12,"NAM":4.176,"NCL":2.547,"NER":7.84,"NGA":6.069,"NIC":3.339,"NLD":1.63,"NOR":1.81,"NPL":4.275,"NRU":3.683,"NZL":1.89,"OMN":4.274,"PAK":5.507,"PAN":2.789,"PER":3.002,"PHL":3.884,"PLW":2.006,"PNG":4.632,"POL":1.44,"PRI":1.9,"PRK":1.991,"PRT":1.47,"PRY":3.798,"PYF":2.49,"QAT":3.211,"ROU":1.32,"RUS":1.232,"RWA":6.171,"SAU":4.524,"SDN":5.646,"SEN":5.581,"SGP":1.48,"SLB":4.977,"SLE":6.495,"SLV":3.342,"SMR":1.263,"SOM":7.656,"SRB":1.37,"SSD":7.078,"STP":5.304,"SUR":2.986,"SVK":1.37,"SVN":1.23,"SWE":1.5,"SWZ":4.125,"SXM":2.142,"SYC":2.04,"SYR":4.25,"TCA":2.52,"TCD":7.266,"TGO":5.287873,"THA":1.815,"TJK":4.07,"TKM":3.075,"TLS":5.963,"TON":4.309,"TTO":1.784,"TUN":2.197,"TUR":2.707,"TUV":3.951,"TZA":5.811,"UGA":6.837,"UKR":1.206,"URY":2.271,"USA":1.999,"UZB":2.985,"VCT":2.345,"VEN":2.912,"VGB":1.523,"VIR":2.676,"VNM":2.098,"VUT":4.603,"WBG":5.693,"WSM":4.645,"YEM":6.639,"ZAF":2.63,"ZMB":6.067,"ZWE":4.067}}