{"schemaVersion":1,"dataKind":"ranking-year","indicatorId":"SP.DYN.TFRT.IN","year":1999,"valuesByCountry":{"ABW":1.897,"AFG":7.641,"AGO":6.683,"ALB":2.313,"AND":1.421,"ARE":2.793,"ARG":2.643,"ARM":1.534,"ASM":3.891,"ATG":1.956,"AUS":1.755,"AUT":1.34,"AZE":2.07,"BDI":6.897,"BEL":1.62,"BEN":6.032,"BFA":6.586,"BGD":3.357,"BGR":1.23,"BHR":2.899,"BHS":2.134,"BIH":1.366,"BLR":1.31,"BLZ":3.726,"BMU":1.794,"BOL":4.09,"BRA":2.335,"BRB":1.779,"BRN":2.461,"BTN":3.607,"BWA":3.313,"CAF":5.875,"CAN":1.55,"CHE":1.48,"CHL":2.074,"CHN":1.53,"CIV":5.805,"CMR":5.604,"COD":6.692,"COG":4.805,"COL":2.637,"COM":5.28,"CPV":3.727,"CRI":2.481,"CUB":1.64,"CUW":2.285,"CYM":1.708,"CYP":1.672,"CZE":1.13,"DEU":1.36,"DJI":4.687,"DMA":2.458,"DNK":1.73,"DOM":2.846,"DZA":2.62,"ECU":3.166,"EGY":3.599,"ERI":5.516,"ESP":1.17,"EST":1.3,"ETH":6.721,"FIN":1.73,"FJI":3.051,"FRA":1.81,"FRO":2.3082,"FSM":4.27,"G001":2.72138681132452,"GAB":4.502,"GBR":1.68,"GEO":1.643,"GHA":4.822,"GIB":2.189,"GIN":5.985,"GMB":5.772,"GNB":5.871,"GNQ":5.878,"GRC":1.23,"GRD":2.392,"GRL":2.475,"GTM":4.687,"GUM":2.969,"GUY":3.125,"HKG":0.981,"HND":4.366,"HRV":1.38,"HTI":4.452,"HUN":1.28,"IDN":2.568,"IMN":1.858,"IND":3.383,"IRL":1.9,"IRN":2.089,"IRQ":5.035,"ISL":1.99,"ISR":2.965,"ITA":1.23,"JAM":2.465,"JOR":3.971,"JPN":1.34,"KAZ":1.902,"KEN":5.177,"KGZ":2.6,"KHM":3.933,"KIR":4.185,"KNA":2.256,"KOR":1.425,"KOS":2.634,"KWT":2.952,"LAO":4.639,"LBN":2.631,"LBR":5.953,"LBY":2.972,"LCA":2.501,"LIE":1.63,"LKA":2.142,"LSO":3.67,"LTU":1.46,"LUX":1.74,"LVA":1.16,"MAC":1.025,"MAF":2.839,"MAR":2.882,"MCO":2.007,"MDA":1.556,"MDG":5.839,"MDV":2.899,"MEX":2.763,"MHL":4.783,"MKD":1.77,"MLI":6.911,"MLT":1.73,"MMR":2.851,"MNE":1.884,"MNG":2.3,"MNP":1.614,"MOZ":5.875,"MRT":5.524,"MUS":2.05,"MWI":6.124,"MYS":3.068,"NAM":4.138,"NCL":2.484,"NER":7.84,"NGA":6.082,"NIC":3.218,"NLD":1.65,"NOR":1.85,"NPL":4.13,"NRU":3.636,"NZL":1.97,"OMN":4.064,"PAK":5.462,"PAN":2.767,"PER":2.917,"PHL":3.825,"PLW":1.906,"PNG":4.587,"POL":1.37,"PRI":2,"PRK":1.966,"PRT":1.5,"PRY":3.67,"PYF":2.581,"QAT":3.117,"ROU":1.3,"RUS":1.157,"RWA":6.059,"SAU":4.354,"SDN":5.622,"SEN":5.573,"SGP":1.47,"SLB":4.861,"SLE":6.423,"SLV":3.217,"SMR":1.288,"SOM":7.657,"SRB":1.354,"SSD":6.937,"STP":5.228,"SUR":3.016,"SVK":1.33,"SVN":1.21,"SWE":1.5,"SWZ":4.089,"SXM":2.066,"SYC":2.04,"SYR":4.144,"TCA":2.464,"TCD":7.262,"TGO":5.226114,"THA":1.768,"TJK":3.85,"TKM":2.976,"TLS":5.97,"TON":4.228,"TTO":1.76,"TUN":2.082,"TUR":2.63,"TUV":3.919,"TZA":5.747,"UGA":6.825,"UKR":1.127,"URY":2.248,"USA":2.0075,"UZB":2.831,"VCT":2.307,"VEN":2.856,"VGB":1.786,"VIR":2.449,"VNM":1.999,"VUT":4.556,"WBG":5.583,"WSM":4.572,"YEM":6.489,"ZAF":2.559,"ZMB":5.998,"ZWE":4.056}}