{"schemaVersion":1,"dataKind":"ranking-year","indicatorId":"SP.DYN.TFRT.IN","year":2001,"valuesByCountry":{"ABW":1.813,"AFG":7.453,"AGO":6.601,"ALB":2.141,"AND":1.305,"ARE":2.622,"ARG":2.531,"ARM":1.2,"ASM":3.87,"ATG":2.018,"AUS":1.739,"AUT":1.33,"AZE":1.8,"BDI":6.849,"BEL":1.67,"BEN":5.848,"BFA":6.431,"BGD":3.203,"BGR":1.21,"BHR":2.653,"BHS":2.02,"BIH":1.23,"BLR":1.286,"BLZ":3.526,"BMU":1.861,"BOL":3.89,"BRA":2.162,"BRB":1.955,"BRN":2.337,"BTN":3.188,"BWA":3.248,"CAF":5.807,"CAN":1.54,"CHE":1.38,"CHL":2.007,"CHN":1.563,"CIV":5.704,"CMR":5.441,"COD":6.663,"COG":4.67,"COL":2.522,"COM":5.195,"CPV":3.366,"CRI":2.312,"CUB":1.595,"CUW":2.405,"CYM":1.697,"CYP":1.566,"CZE":1.15,"DEU":1.35,"DJI":4.518,"DMA":2.399,"DNK":1.74,"DOM":2.827,"DZA":2.519,"ECU":3.037,"EGY":3.46,"ERI":5.306,"ESP":1.23,"EST":1.32,"ETH":6.579,"FIN":1.73,"FJI":2.973,"FRA":1.9,"FRO":2.297,"FSM":4.084,"G001":2.68857104395427,"GAB":4.417,"GBR":1.63,"GEO":1.579,"GHA":4.768,"GIB":2.104,"GIN":5.834,"GMB":5.67,"GNB":5.688,"GNQ":5.785,"GRC":1.25,"GRD":2.421,"GRL":2.506,"GTM":4.502,"GUM":2.817,"GUY":2.958,"HKG":0.931,"HND":4.153,"HRV":1.46,"HTI":4.248,"HUN":1.31,"IDN":2.466,"IMN":1.87,"IND":3.303,"IRL":1.94,"IRN":1.918,"IRQ":4.799,"ISL":1.95,"ISR":2.92,"ITA":1.25,"JAM":2.296,"JOR":3.803,"JPN":1.33,"KAZ":1.906,"KEN":5.094,"KGZ":2.4,"KHM":3.687,"KIR":3.957,"KNA":2.082,"KOR":1.309,"KOS":2.765,"KWT":2.839,"LAO":4.29,"LBN":2.576,"LBR":5.774,"LBY":2.866,"LCA":2.125,"LIE":1.52,"LKA":2.283,"LSO":3.63,"LTU":1.29,"LUX":1.66,"LVA":1.22,"MAC":0.818,"MAF":2.897,"MAR":2.686,"MCO":2.176,"MDA":1.471,"MDG":5.528,"MDV":2.532,"MEX":2.671,"MHL":4.583,"MKD":1.729,"MLI":6.852,"MLT":1.48,"MMR":2.793,"MNE":1.855,"MNG":2.2,"MNP":1.736,"MOZ":5.755,"MRT":5.407,"MUS":1.91,"MWI":5.943,"MYS":2.807,"NAM":3.827,"NCL":2.422,"NER":7.81,"NGA":6.128,"NIC":2.996,"NLD":1.71,"NOR":1.78,"NPL":3.793,"NRU":3.461,"NZL":1.97,"OMN":3.662,"PAK":5.182,"PAN":2.72,"PER":2.744,"PHL":3.719,"PLW":1.87,"PNG":4.469,"POL":1.31,"PRI":1.9346,"PRK":1.94,"PRT":1.45,"PRY":3.361,"PYF":2.523,"QAT":3.08,"ROU":1.27,"RUS":1.223,"RWA":5.893,"SAU":3.964,"SDN":5.562,"SEN":5.397,"SGP":1.41,"SLB":4.673,"SLE":6.305,"SLV":2.93,"SMR":1.519,"SOM":7.636,"SRB":1.58,"SSD":6.654,"STP":5.097,"SUR":3.057,"SVK":1.2,"SVN":1.21,"SWE":1.57,"SWZ":3.944,"SXM":1.892,"SYC":1.98,"SYR":3.976,"TCA":2.342,"TCD":7.231,"TGO":5.12801,"THA":1.711,"TJK":3.49,"TKM":2.814,"TLS":5.918,"TON":4.127,"TTO":1.705,"TUN":1.975,"TUR":2.392,"TUV":3.749,"TZA":5.617,"UGA":6.757,"UKR":1.092,"URY":2.161,"USA":2.0305,"UZB":2.61,"VCT":2.3,"VEN":2.779,"VGB":1.517,"VIR":1.9,"VNM":2.023,"VUT":4.495,"WBG":5.342,"WSM":4.477,"YEM":6.143,"ZAF":2.373,"ZMB":5.848,"ZWE":3.983}}