{"schemaVersion":1,"dataKind":"ranking-year","indicatorId":"SP.DYN.TFRT.IN","year":2002,"valuesByCountry":{"ABW":1.8,"AFG":7.32,"AGO":6.567,"ALB":2.002,"AND":1.265,"ARE":2.541,"ARG":2.493,"ARM":1.2,"ASM":3.866,"ATG":1.94,"AUS":1.756,"AUT":1.39,"AZE":1.8,"BDI":6.819,"BEL":1.65,"BEN":5.793,"BFA":6.339,"BGD":3.126,"BGR":1.23,"BHR":2.699,"BHS":1.984,"BIH":1.231,"BLR":1.24,"BLZ":3.43,"BMU":1.815,"BOL":3.802,"BRA":2.081,"BRB":1.862,"BRN":2.264,"BTN":3.012,"BWA":3.175,"CAF":5.785,"CAN":1.52,"CHE":1.39,"CHL":1.934,"CHN":1.566,"CIV":5.641,"CMR":5.435,"COD":6.606,"COG":4.697,"COL":2.489,"COM":5.155,"CPV":3.192,"CRI":2.162,"CUB":1.645,"CUW":2.3,"CYM":1.681,"CYP":1.497,"CZE":1.17,"DEU":1.34,"DJI":4.41,"DMA":2.16,"DNK":1.72,"DOM":2.764,"DZA":2.429,"ECU":2.972,"EGY":3.412,"ERI":5.233,"ESP":1.25,"EST":1.36,"ETH":6.499,"FIN":1.72,"FJI":2.968,"FRA":1.88,"FRO":2.5436,"FSM":3.934,"G001":2.66013053197025,"GAB":4.36,"GBR":1.63,"GEO":1.571,"GHA":4.687,"GIB":1.683,"GIN":5.781,"GMB":5.656,"GNB":5.634,"GNQ":5.731,"GRC":1.28,"GRD":2.378,"GRL":2.613,"GTM":4.371,"GUM":2.582,"GUY":2.844,"HKG":0.941,"HND":4,"HRV":1.42,"HTI":4.125,"HUN":1.3,"IDN":2.436,"IMN":1.863,"IND":3.217,"IRL":1.97,"IRN":1.836,"IRQ":4.668,"ISL":1.93,"ISR":2.89,"ITA":1.27,"JAM":2.271,"JOR":3.805,"JPN":1.32,"KAZ":1.956,"KEN":5.027,"KGZ":2.4,"KHM":3.57,"KIR":3.814,"KNA":2.038,"KOR":1.178,"KOS":2.791,"KWT":2.795,"LAO":4.132,"LBN":2.523,"LBR":5.653,"LBY":2.831,"LCA":2.032,"LIE":1.47,"LKA":2.31,"LSO":3.682,"LTU":1.23,"LUX":1.63,"LVA":1.26,"MAC":0.813,"MAF":2.896,"MAR":2.617,"MCO":2.006,"MDA":1.448,"MDG":5.412,"MDV":2.425,"MEX":2.633,"MHL":4.488,"MKD":1.786,"MLI":6.819,"MLT":1.45,"MMR":2.765,"MNE":1.813,"MNG":2.1,"MNP":1.678,"MOZ":5.667,"MRT":5.373,"MUS":1.94,"MWI":5.903,"MYS":2.658,"NAM":3.693,"NCL":2.347,"NER":7.797,"NGA":6.116,"NIC":2.887,"NLD":1.73,"NOR":1.75,"NPL":3.604,"NRU":3.4,"NZL":1.89,"OMN":3.51,"PAK":5.012,"PAN":2.698,"PER":2.693,"PHL":3.651,"PLW":1.923,"PNG":4.419,"POL":1.25,"PRI":1.8317,"PRK":1.919,"PRT":1.46,"PRY":3.233,"PYF":2.425,"QAT":3.011,"ROU":1.27,"RUS":1.286,"RWA":5.816,"SAU":3.709,"SDN":5.531,"SEN":5.301,"SGP":1.37,"SLB":4.602,"SLE":6.23,"SLV":2.775,"SMR":1.432,"SOM":7.626,"SRB":1.57,"SSD":6.515,"STP":5.062,"SUR":2.956,"SVK":1.19,"SVN":1.21,"SWE":1.65,"SWZ":3.854,"SXM":1.809,"SYC":2.04,"SYR":3.865,"TCA":2.242,"TCD":7.201,"TGO":5.09187,"THA":1.688,"TJK":3.47,"TKM":2.71,"TLS":5.899,"TON":4.138,"TTO":1.672,"TUN":1.941,"TUR":2.268,"TUV":3.637,"TZA":5.57,"UGA":6.735,"UKR":1.127,"URY":2.16,"USA":2.0205,"UZB":2.575,"VCT":2.218,"VEN":2.739,"VGB":1.247,"VIR":2.21,"VNM":2.006,"VUT":4.382,"WBG":5.216,"WSM":4.444,"YEM":5.971,"ZAF":2.324,"ZMB":5.774,"ZWE":3.925}}