{"schemaVersion":1,"dataKind":"ranking-year","indicatorId":"SP.DYN.TFRT.IN","year":2003,"valuesByCountry":{"ABW":1.808,"AFG":7.174,"AGO":6.533,"ALB":2.006,"AND":1.18,"ARE":2.491,"ARG":2.451,"ARM":1.3,"ASM":3.91,"ATG":1.887,"AUS":1.748,"AUT":1.38,"AZE":1.9,"BDI":6.785,"BEL":1.67,"BEN":5.763,"BFA":6.28,"BGD":3.029,"BGR":1.26,"BHR":2.778,"BHS":1.971,"BIH":1.219,"BLR":1.232,"BLZ":3.335,"BMU":1.79,"BOL":3.721,"BRA":2.006,"BRB":1.856,"BRN":2.185,"BTN":2.865,"BWA":3.106,"CAF":5.799,"CAN":1.55,"CHE":1.39,"CHL":1.885,"CHN":1.57,"CIV":5.572,"CMR":5.432,"COD":6.549,"COG":4.696,"COL":2.45,"COM":5.115,"CPV":3.033,"CRI":2.084,"CUB":1.627,"CUW":2.191,"CYM":1.672,"CYP":1.505,"CZE":1.18,"DEU":1.34,"DJI":4.296,"DMA":2.075,"DNK":1.76,"DOM":2.703,"DZA":2.451,"ECU":2.911,"EGY":3.352,"ERI":5.143,"ESP":1.3,"EST":1.37,"ETH":6.4,"FIN":1.76,"FJI":2.957,"FRA":1.89,"FRO":2.5267,"FSM":3.785,"G001":2.63807638069448,"GAB":4.299,"GBR":1.7,"GEO":1.552,"GHA":4.597,"GIB":1.634,"GIN":5.744,"GMB":5.656,"GNB":5.577,"GNQ":5.675,"GRC":1.29,"GRD":2.332,"GRL":2.328,"GTM":4.25,"GUM":2.657,"GUY":2.75,"HKG":0.901,"HND":3.844,"HRV":1.41,"HTI":4.047,"HUN":1.27,"IDN":2.41,"IMN":1.84,"IND":3.122,"IRL":1.96,"IRN":1.801,"IRQ":4.581,"ISL":1.99,"ISR":2.95,"ITA":1.29,"JAM":2.244,"JOR":3.816,"JPN":1.29,"KAZ":2.075,"KEN":4.937,"KGZ":2.5,"KHM":3.429,"KIR":3.702,"KNA":2.004,"KOR":1.191,"KOS":2.67,"KWT":2.771,"LAO":4.024,"LBN":2.457,"LBR":5.547,"LBY":2.797,"LCA":1.939,"LIE":1.36,"LKA":2.301,"LSO":3.619,"LTU":1.26,"LUX":1.62,"LVA":1.32,"MAC":0.837,"MAF":2.872,"MAR":2.606,"MCO":1.914,"MDA":1.479,"MDG":5.329,"MDV":2.342,"MEX":2.579,"MHL":4.418,"MKD":1.745,"MLI":6.783,"MLT":1.48,"MMR":2.68,"MNE":1.804,"MNG":2,"MNP":1.893,"MOZ":5.6,"MRT":5.364,"MUS":1.87,"MWI":5.875,"MYS":2.601,"NAM":3.58,"NCL":2.268,"NER":7.789,"NGA":6.1,"NIC":2.827,"NLD":1.75,"NOR":1.8,"NPL":3.439,"NRU":3.388,"NZL":1.93,"OMN":3.371,"PAK":4.894,"PAN":2.679,"PER":2.661,"PHL":3.591,"PLW":1.962,"PNG":4.362,"POL":1.22,"PRI":1.7624,"PRK":1.909,"PRT":1.44,"PRY":3.123,"PYF":2.26,"QAT":2.925,"ROU":1.3,"RUS":1.319,"RWA":5.737,"SAU":3.465,"SDN":5.489,"SEN":5.246,"SGP":1.27,"SLB":4.539,"SLE":6.087,"SLV":2.636,"SMR":1.296,"SOM":7.603,"SRB":1.59,"SSD":6.353,"STP":5.013,"SUR":2.839,"SVK":1.2,"SVN":1.2,"SWE":1.71,"SWZ":3.796,"SXM":1.742,"SYC":2.06,"SYR":3.763,"TCA":2.176,"TCD":7.179,"TGO":5.047961,"THA":1.673,"TJK":3.42,"TKM":2.667,"TLS":5.846,"TON":4.175,"TTO":1.648,"TUN":1.956,"TUR":2.202,"TUV":3.579,"TZA":5.578,"UGA":6.671,"UKR":1.173,"URY":2.116,"USA":2.0475,"UZB":2.503,"VCT":2.142,"VEN":2.703,"VGB":1.309,"VIR":2.07,"VNM":1.999,"VUT":4.293,"WBG":5.062,"WSM":4.392,"YEM":5.839,"ZAF":2.358,"ZMB":5.71,"ZWE":3.862}}