{"schemaVersion":1,"dataKind":"ranking-year","indicatorId":"SP.DYN.TFRT.IN","year":2004,"valuesByCountry":{"ABW":1.819,"AFG":7.018,"AGO":6.499,"ALB":1.889,"AND":1.229,"ARE":2.385,"ARG":2.43,"ARM":1.4,"ASM":3.945,"ATG":1.852,"AUS":1.768,"AUT":1.42,"AZE":2.0535,"BDI":6.746,"BEL":1.72,"BEN":5.718,"BFA":6.216,"BGD":2.94,"BGR":1.33,"BHR":2.774,"BHS":1.98,"BIH":1.221,"BLR":1.233,"BLZ":3.252,"BMU":1.76,"BOL":3.633,"BRA":1.973,"BRB":1.797,"BRN":2.104,"BTN":2.781,"BWA":3.063,"CAF":5.784,"CAN":1.56,"CHE":1.42,"CHL":1.844,"CHN":1.605,"CIV":5.527,"CMR":5.436,"COD":6.53,"COG":4.69,"COL":2.384,"COM":5.065,"CPV":2.9,"CRI":2.028,"CUB":1.546,"CUW":2.099,"CYM":1.671,"CYP":1.512,"CZE":1.23,"DEU":1.36,"DJI":4.162,"DMA":2.023,"DNK":1.78,"DOM":2.641,"DZA":2.5,"ECU":2.853,"EGY":3.283,"ERI":5.036,"ESP":1.31,"EST":1.47,"ETH":6.301,"FIN":1.8,"FJI":2.941,"FRA":1.92,"FRO":2.5775,"FSM":3.681,"G001":2.62802673808339,"GAB":4.252,"GBR":1.75,"GEO":1.566,"GHA":4.504,"GIB":1.689,"GIN":5.733,"GMB":5.683,"GNB":5.5,"GNQ":5.618,"GRC":1.31,"GRD":2.285,"GRL":2.442,"GTM":4.134,"GUM":2.772,"GUY":2.681,"HKG":0.922,"HND":3.71,"HRV":1.43,"HTI":3.943,"HUN":1.28,"IDN":2.415,"IMN":1.826,"IND":3.046,"IRL":1.93,"IRN":1.78,"IRQ":4.527,"ISL":2.04,"ISR":2.9,"ITA":1.34,"JAM":2.198,"JOR":3.729,"JPN":1.29,"KAZ":2.201,"KEN":4.861,"KGZ":2.6,"KHM":3.307,"KIR":3.734,"KNA":1.964,"KOR":1.164,"KOS":2.65,"KWT":2.762,"LAO":3.898,"LBN":2.378,"LBR":5.506,"LBY":2.773,"LCA":1.863,"LIE":1.44,"LKA":2.271,"LSO":3.508,"LTU":1.27,"LUX":1.66,"LVA":1.29,"MAC":0.855,"MAF":2.827,"MAR":2.611,"MCO":1.994,"MDA":1.543,"MDG":5.264,"MDV":2.262,"MEX":2.536,"MHL":4.34,"MKD":1.524,"MLI":6.741,"MLT":1.4,"MMR":2.588,"MNE":1.734,"MNG":2,"MNP":2.066,"MOZ":5.551,"MRT":5.374,"MUS":1.92,"MWI":5.864,"MYS":2.493,"NAM":3.545,"NCL":2.243,"NER":7.777,"NGA":6.09,"NIC":2.784,"NLD":1.72,"NOR":1.83,"NPL":3.279,"NRU":3.378,"NZL":1.98,"OMN":3.2,"PAK":4.685,"PAN":2.68,"PER":2.673,"PHL":3.524,"PLW":1.989,"PNG":4.283,"POL":1.23,"PRI":1.7822,"PRK":1.899,"PRT":1.4,"PRY":3.053,"PYF":2.198,"QAT":2.794,"ROU":1.33,"RUS":1.344,"RWA":5.64,"SAU":3.264,"SDN":5.455,"SEN":5.192,"SGP":1.26,"SLB":4.466,"SLE":5.919,"SLV":2.516,"SMR":1.298,"SOM":7.568,"SRB":1.57,"SSD":6.19,"STP":4.962,"SUR":2.738,"SVK":1.25,"SVN":1.25,"SWE":1.75,"SWZ":3.76,"SXM":1.702,"SYC":2.01,"SYR":3.679,"TCA":2.136,"TCD":7.16,"TGO":4.994707,"THA":1.665,"TJK":3.507,"TKM":2.674,"TLS":5.741,"TON":4.186,"TTO":1.627,"TUN":1.95,"TUR":2.197,"TUV":3.553,"TZA":5.597,"UGA":6.612,"UKR":1.215,"URY":2.093,"USA":2.0515,"UZB":2.496,"VCT":2.087,"VEN":2.639,"VGB":1.5,"VIR":2.17,"VNM":1.968,"VUT":4.214,"WBG":4.971,"WSM":4.343,"YEM":5.712,"ZAF":2.436,"ZMB":5.698,"ZWE":3.776}}