{"schemaVersion":1,"dataKind":"ranking-year","indicatorId":"SP.DYN.TFRT.IN","year":2005,"valuesByCountry":{"ABW":1.844,"AFG":6.858,"AGO":6.461,"ALB":1.787,"AND":1.224,"ARE":2.232,"ARG":2.426,"ARM":1.3,"ASM":3.863,"ATG":1.832,"AUS":1.807,"AUT":1.41,"AZE":2,"BDI":6.708,"BEL":1.76,"BEN":5.692,"BFA":6.182,"BGD":2.846,"BGR":1.37,"BHR":2.67,"BHS":2.008,"BIH":1.203,"BLR":1.252,"BLZ":3.173,"BMU":1.782,"BOL":3.558,"BRA":1.942,"BRB":1.738,"BRN":2.024,"BTN":2.726,"BWA":3.082,"CAF":5.812,"CAN":1.58,"CHE":1.42,"CHL":1.825,"CHN":1.624,"CIV":5.499,"CMR":5.421,"COD":6.526,"COG":4.669,"COL":2.309,"COM":5.012,"CPV":2.726,"CRI":2.038,"CUB":1.486,"CUW":2.037,"CYM":1.665,"CYP":1.479,"CZE":1.29,"DEU":1.34,"DJI":4.035,"DMA":1.998,"DNK":1.8,"DOM":2.574,"DZA":2.562,"ECU":2.8,"EGY":3.254,"ERI":4.934,"ESP":1.33,"EST":1.52,"ETH":6.194,"FIN":1.8,"FJI":2.917,"FRA":1.94,"FRO":2.6115,"FSM":3.595,"G001":2.61073375967627,"GAB":4.21,"GBR":1.76,"GEO":1.583,"GHA":4.496,"GIB":1.754,"GIN":5.727,"GMB":5.708,"GNB":5.46,"GNQ":5.559,"GRC":1.34,"GRD":2.242,"GRL":2.326,"GTM":3.974,"GUM":2.638,"GUY":2.648,"HKG":0.959,"HND":3.577,"HRV":1.5,"HTI":3.835,"HUN":1.31,"IDN":2.452,"IMN":1.863,"IND":2.958,"IRL":1.86,"IRN":1.756,"IRQ":4.446,"ISL":2.05,"ISR":2.84,"ITA":1.33,"JAM":2.148,"JOR":3.653,"JPN":1.26,"KAZ":2.274,"KEN":4.801,"KGZ":2.5,"KHM":3.238,"KIR":3.76,"KNA":1.931,"KOR":1.085,"KOS":2.623,"KWT":2.731,"LAO":3.685,"LBN":2.291,"LBR":5.519,"LBY":2.765,"LCA":1.807,"LIE":1.49,"LKA":2.263,"LSO":3.428,"LTU":1.29,"LUX":1.63,"LVA":1.39,"MAC":0.912,"MAF":2.779,"MAR":2.613,"MCO":2.006,"MDA":1.528,"MDG":5.195,"MDV":2.199,"MEX":2.495,"MHL":4.276,"MKD":1.5,"MLI":6.708,"MLT":1.38,"MMR":2.515,"MNE":1.69,"MNG":2,"MNP":2.256,"MOZ":5.5,"MRT":5.376,"MUS":1.88,"MWI":5.848,"MYS":2.391,"NAM":3.571,"NCL":2.227,"NER":7.769,"NGA":6.063,"NIC":2.765,"NLD":1.71,"NOR":1.84,"NPL":3.115,"NRU":3.377,"NZL":1.97,"OMN":3.029,"PAK":4.595,"PAN":2.643,"PER":2.643,"PHL":3.448,"PLW":2.017,"PNG":4.22,"POL":1.24,"PRI":1.7702,"PRK":1.872,"PRT":1.41,"PRY":2.973,"PYF":2.181,"QAT":2.635,"ROU":1.4,"RUS":1.294,"RWA":5.5,"SAU":3.161,"SDN":5.397,"SEN":5.133,"SGP":1.26,"SLB":4.411,"SLE":5.807,"SLV":2.44,"SMR":1.198,"SOM":7.527,"SRB":1.45,"SSD":6.022,"STP":4.939,"SUR":2.712,"SVK":1.27,"SVN":1.26,"SWE":1.77,"SWZ":3.704,"SXM":1.708,"SYC":2.2,"SYR":3.605,"TCA":2.106,"TCD":7.134,"TGO":5.037823,"THA":1.644,"TJK":3.398,"TKM":2.706,"TLS":5.611,"TON":4.195,"TTO":1.625,"TUN":1.953,"TUR":2.197,"TUV":3.546,"TZA":5.579,"UGA":6.525,"UKR":1.221,"URY":2.097,"USA":2.057,"UZB":2.438,"VCT":2.068,"VEN":2.629,"VGB":1.34,"VIR":2.24,"VNM":1.887,"VUT":4.133,"WBG":4.867,"WSM":4.322,"YEM":5.563,"ZAF":2.512,"ZMB":5.697,"ZWE":3.693}}