{"schemaVersion":1,"dataKind":"ranking-year","indicatorId":"SP.DYN.TFRT.IN","year":2006,"valuesByCountry":{"ABW":1.862,"AFG":6.686,"AGO":6.419,"ALB":1.686,"AND":1.234,"ARE":1.958,"ARG":2.4,"ARM":1.3,"ASM":3.685,"ATG":1.831,"AUS":1.908,"AUT":1.41,"AZE":1.97,"BDI":6.659,"BEL":1.8,"BEN":5.673,"BFA":6.17,"BGD":2.755,"BGR":1.44,"BHR":2.464,"BHS":2.019,"BIH":1.18,"BLR":1.335,"BLZ":3.021,"BMU":1.79,"BOL":3.533,"BRA":1.896,"BRB":1.702,"BRN":1.969,"BTN":2.66,"BWA":3.114,"CAF":5.84,"CAN":1.63,"CHE":1.44,"CHL":1.798,"CHN":1.644,"CIV":5.448,"CMR":5.369,"COD":6.547,"COG":4.651,"COL":2.241,"COM":4.934,"CPV":2.555,"CRI":1.937,"CUB":1.402,"CUW":2.1,"CYM":1.665,"CYP":1.509,"CZE":1.34,"DEU":1.33,"DJI":3.899,"DMA":2.074,"DNK":1.85,"DOM":2.508,"DZA":2.628,"ECU":2.753,"EGY":3.223,"ERI":4.881,"ESP":1.36,"EST":1.58,"ETH":6.047,"FIN":1.84,"FJI":2.905,"FRA":2,"FRO":2.4764,"FSM":3.514,"G001":2.60628131581609,"GAB":4.17,"GBR":1.82,"GEO":1.617,"GHA":4.399,"GIB":1.802,"GIN":5.704,"GMB":5.736,"GNB":5.406,"GNQ":5.498,"GRC":1.4,"GRD":2.195,"GRL":2.28,"GTM":3.845,"GUM":2.807,"GUY":2.659,"HKG":0.984,"HND":3.449,"HRV":1.47,"HTI":3.761,"HUN":1.34,"IDN":2.457,"IMN":1.905,"IND":2.867,"IRL":1.91,"IRN":1.755,"IRQ":4.459,"ISL":2.08,"ISR":2.88,"ITA":1.37,"JAM":2.089,"JOR":3.711,"JPN":1.32,"KAZ":2.38,"KEN":4.754,"KGZ":2.7,"KHM":3.175,"KIR":3.815,"KNA":1.902,"KOR":1.132,"KOS":2.494,"KWT":2.589,"LAO":3.559,"LBN":2.244,"LBR":5.53,"LBY":2.699,"LCA":1.765,"LIE":1.43,"LKA":2.292,"LSO":3.414,"LTU":1.33,"LUX":1.65,"LVA":1.46,"MAC":0.954,"MAF":2.711,"MAR":2.611,"MCO":2.101,"MDA":1.537,"MDG":5.133,"MDV":2.204,"MEX":2.456,"MHL":4.197,"MKD":1.46,"MLI":6.677,"MLT":1.36,"MMR":2.471,"MNE":1.73,"MNG":2.1,"MNP":2.613,"MOZ":5.452,"MRT":5.404,"MUS":1.77,"MWI":5.802,"MYS":2.308,"NAM":3.601,"NCL":2.241,"NER":7.744,"NGA":6.053,"NIC":2.733,"NLD":1.72,"NOR":1.9,"NPL":2.967,"NRU":3.4,"NZL":2.01,"OMN":2.879,"PAK":4.589,"PAN":2.62,"PER":2.619,"PHL":3.466,"PLW":1.996,"PNG":4.148,"POL":1.27,"PRI":1.7123,"PRK":1.936,"PRT":1.37,"PRY":2.889,"PYF":2.217,"QAT":2.509,"ROU":1.42,"RUS":1.305,"RWA":5.335,"SAU":3.176,"SDN":5.332,"SEN":5.064,"SGP":1.28,"SLB":4.39,"SLE":5.737,"SLV":2.395,"SMR":1.242,"SOM":7.49,"SRB":1.43,"SSD":5.853,"STP":4.933,"SUR":2.727,"SVK":1.25,"SVN":1.31,"SWE":1.85,"SWZ":3.632,"SXM":1.758,"SYC":2.11,"SYR":3.562,"TCA":2.078,"TCD":7.118,"TGO":5.076201,"THA":1.631,"TJK":3.341,"TKM":2.724,"TLS":5.474,"TON":4.141,"TTO":1.624,"TUN":1.952,"TUR":2.193,"TUV":3.525,"TZA":5.511,"UGA":6.429,"UKR":1.297,"URY":2.07,"USA":2.108,"UZB":2.461,"VCT":2.033,"VEN":2.595,"VGB":1.234,"VIR":2.03,"VNM":1.873,"VUT":4.1,"WBG":4.739,"WSM":4.322,"YEM":5.412,"ZAF":2.548,"ZMB":5.679,"ZWE":3.635}}