{"schemaVersion":1,"dataKind":"ranking-year","indicatorId":"SP.DYN.TFRT.IN","year":2008,"valuesByCountry":{"ABW":1.889,"AFG":6.392,"AGO":6.32,"ALB":1.616,"AND":1.25,"ARE":1.516,"ARG":2.432,"ARM":1.4,"ASM":3.42,"ATG":2.042,"AUS":1.984,"AUT":1.42,"AZE":1.9,"BDI":6.515,"BEL":1.85,"BEN":5.548,"BFA":6.05,"BGD":2.577,"BGR":1.56,"BHR":2.152,"BHS":1.999,"BIH":1.21,"BLR":1.488,"BLZ":2.78,"BMU":1.86,"BOL":3.364,"BRA":1.815,"BRB":1.756,"BRN":1.918,"BTN":2.481,"BWA":3.131,"CAF":5.902,"CAN":1.7,"CHE":1.48,"CHL":1.85,"CHN":1.701,"CIV":5.357,"CMR":5.294,"COD":6.58,"COG":4.726,"COL":2.155,"COM":4.805,"CPV":2.298,"CRI":1.98,"CUB":1.576,"CUW":2.2,"CYM":1.703,"CYP":1.479,"CZE":1.51,"DEU":1.38,"DJI":3.621,"DMA":1.968,"DNK":1.89,"DOM":2.546,"DZA":2.785,"ECU":2.688,"EGY":3.238,"ERI":4.737,"ESP":1.45,"EST":1.72,"ETH":5.695,"FIN":1.85,"FJI":2.819,"FRA":2.01,"FRO":2.5294,"FSM":3.368,"G001":2.60338897694502,"GAB":4.118,"GBR":1.91,"GEO":1.832,"GHA":4.217,"GIB":1.903,"GIN":5.596,"GMB":5.625,"GNB":5.266,"GNQ":5.363,"GRC":1.5,"GRD":2.116,"GRL":2.249,"GTM":3.571,"GUM":2.905,"GUY":2.697,"HKG":1.064,"HND":3.26,"HRV":1.47,"HTI":3.621,"HUN":1.35,"IDN":2.44,"IMN":1.941,"IND":2.711,"IRL":2.06,"IRN":1.743,"IRQ":4.373,"ISL":2.15,"ISR":2.96,"ITA":1.44,"JAM":1.953,"JOR":3.876,"JPN":1.37,"KAZ":2.616,"KEN":4.66,"KGZ":2.8,"KHM":3.048,"KIR":3.899,"KNA":1.833,"KOR":1.192,"KOS":2.359,"KWT":2.266,"LAO":3.331,"LBN":2.172,"LBR":5.328,"LBY":2.599,"LCA":1.7,"LIE":1.43,"LKA":2.232,"LSO":3.392,"LTU":1.45,"LUX":1.61,"LVA":1.58,"MAC":0.979,"MAF":2.55,"MAR":2.612,"MCO":2.384,"MDA":1.638,"MDG":5.043,"MDV":2.371,"MEX":2.391,"MHL":3.967,"MKD":1.47,"MLI":6.624,"MLT":1.43,"MMR":2.404,"MNE":1.89,"MNG":2.6,"MNP":2.815,"MOZ":5.598,"MRT":5.436,"MUS":1.67,"MWI":5.609,"MYS":2.262,"NAM":3.616,"NCL":2.204,"NER":7.702,"NGA":6.024,"NIC":2.66,"NLD":1.77,"NOR":1.96,"NPL":2.737,"NRU":3.665,"NZL":2.19,"OMN":2.762,"PAK":4.515,"PAN":2.608,"PER":2.528,"PHL":3.401,"PLW":1.947,"PNG":4.015,"POL":1.39,"PRI":1.6516,"PRK":1.97,"PRT":1.39,"PRY":2.792,"PYF":2.195,"QAT":2.369,"ROU":1.6,"RUS":1.502,"RWA":4.922,"SAU":3.074,"SDN":5.212,"SEN":5.024,"SGP":1.28,"SLB":4.358,"SLE":5.563,"SLV":2.291,"SMR":1.521,"SOM":7.415,"SRB":1.4,"SSD":5.569,"STP":4.906,"SUR":2.727,"SVK":1.34,"SVN":1.53,"SWE":1.91,"SWZ":3.567,"SXM":1.728,"SYC":2.33,"SYR":3.481,"TCA":2.005,"TCD":7.063,"TGO":5.100197,"THA":1.587,"TJK":3.388,"TKM":2.75,"TLS":5.171,"TON":4.012,"TTO":1.617,"TUN":1.975,"TUR":2.15,"TUV":3.415,"TZA":5.324,"UGA":6.202,"UKR":1.444,"URY":2.03,"USA":2.072,"UZB":2.635,"VCT":2.15,"VEN":2.475,"VGB":1.272,"VIR":2.44,"VNM":1.933,"VUT":4.159,"WBG":4.509,"WSM":4.417,"YEM":5.113,"ZAF":2.679,"ZMB":5.53,"ZWE":3.783}}