{"schemaVersion":1,"dataKind":"ranking-year","indicatorId":"SP.DYN.TFRT.IN","year":2009,"valuesByCountry":{"ABW":1.875,"AFG":6.295,"AGO":6.26,"ALB":1.638,"AND":1.208,"ARE":1.582,"ARG":2.4,"ARM":1.5,"ASM":3.359,"ATG":2.006,"AUS":1.971,"AUT":1.39,"AZE":1.82,"BDI":6.409,"BEL":1.84,"BEN":5.491,"BFA":5.992,"BGD":2.484,"BGR":1.66,"BHR":2.047,"BHS":2.011,"BIH":1.267,"BLR":1.509,"BLZ":2.659,"BMU":1.853,"BOL":3.287,"BRA":1.799,"BRB":1.77,"BRN":1.921,"BTN":2.364,"BWA":3.133,"CAF":5.936,"CAN":1.69,"CHE":1.5,"CHL":1.855,"CHN":1.714,"CIV":5.332,"CMR":5.236,"COD":6.591,"COG":4.808,"COL":2.096,"COM":4.778,"CPV":2.246,"CRI":1.953,"CUB":1.678,"CUW":2.1,"CYM":1.723,"CYP":1.475,"CZE":1.51,"DEU":1.36,"DJI":3.521,"DMA":1.918,"DNK":1.84,"DOM":2.574,"DZA":2.825,"ECU":2.678,"EGY":3.259,"ERI":4.656,"ESP":1.38,"EST":1.7,"ETH":5.488,"FIN":1.86,"FJI":2.76,"FRA":2,"FRO":2.3435,"FSM":3.313,"G001":2.5930409929596,"GAB":4.138,"GBR":1.89,"GEO":1.993,"GHA":4.179,"GIB":1.926,"GIN":5.528,"GMB":5.574,"GNB":5.176,"GNQ":5.288,"GRC":1.5,"GRD":2.078,"GRL":2.344,"GTM":3.465,"GUM":2.891,"GUY":2.694,"HKG":1.055,"HND":3.173,"HRV":1.5,"HTI":3.565,"HUN":1.32,"IDN":2.442,"IMN":1.937,"IND":2.674,"IRL":2.06,"IRN":1.74,"IRQ":4.378,"ISL":2.23,"ISR":2.96,"ITA":1.44,"JAM":1.879,"JOR":3.841,"JPN":1.37,"KAZ":2.58,"KEN":4.567,"KGZ":2.9,"KHM":2.971,"KIR":3.905,"KNA":1.8,"KOR":1.149,"KOS":2.317,"KWT":2.155,"LAO":3.229,"LBN":2.191,"LBR":5.174,"LBY":2.556,"LCA":1.735,"LIE":1.71,"LKA":2.179,"LSO":3.309,"LTU":1.5,"LUX":1.59,"LVA":1.46,"MAC":1.004,"MAF":2.464,"MAR":2.624,"MCO":2.397,"MDA":1.719,"MDG":5.003,"MDV":2.39,"MEX":2.364,"MHL":3.83,"MKD":1.5,"MLI":6.592,"MLT":1.42,"MMR":2.369,"MNE":1.98,"MNG":2.8,"MNP":2.736,"MOZ":5.681,"MRT":5.406,"MUS":1.59,"MWI":5.453,"MYS":2.223,"NAM":3.633,"NCL":2.194,"NER":7.679,"NGA":5.993,"NIC":2.626,"NLD":1.79,"NOR":1.98,"NPL":2.63,"NRU":3.847,"NZL":2.13,"OMN":2.829,"PAK":4.465,"PAN":2.593,"PER":2.48,"PHL":3.376,"PLW":1.935,"PNG":3.941,"POL":1.4,"PRI":1.6528,"PRK":1.905,"PRT":1.34,"PRY":2.757,"PYF":2.148,"QAT":2.254,"ROU":1.66,"RUS":1.542,"RWA":4.707,"SAU":2.95,"SDN":5.173,"SEN":5.025,"SGP":1.22,"SLB":4.349,"SLE":5.448,"SLV":2.261,"SMR":1.358,"SOM":7.376,"SRB":1.44,"SSD":5.446,"STP":4.838,"SUR":2.712,"SVK":1.44,"SVN":1.53,"SWE":1.94,"SWZ":3.504,"SXM":1.713,"SYC":2.38,"SYR":3.415,"TCA":1.959,"TCD":7.021,"TGO":5.104276,"THA":1.565,"TJK":3.43,"TKM":2.794,"TLS":4.994,"TON":3.946,"TTO":1.618,"TUN":2.004,"TUR":2.1,"TUV":3.425,"TZA":5.26,"UGA":6.124,"UKR":1.47,"URY":2.018,"USA":2.002,"UZB":2.559,"VCT":2.174,"VEN":2.422,"VGB":1.23,"VIR":2.37,"VNM":1.92,"VUT":4.157,"WBG":4.44,"WSM":4.466,"YEM":5.004,"ZAF":2.501,"ZMB":5.453,"ZWE":3.95}}