{"schemaVersion":1,"dataKind":"ranking-year","indicatorId":"SP.DYN.TFRT.IN","year":2010,"valuesByCountry":{"ABW":1.855,"AFG":6.195,"AGO":6.194,"ALB":1.653,"AND":1.275,"ARE":1.565,"ARG":2.411,"ARM":1.5,"ASM":3.292,"ATG":1.785,"AUS":1.928,"AUT":1.44,"AZE":1.92,"BDI":6.26,"BEL":1.86,"BEN":5.452,"BFA":5.936,"BGD":2.38,"BGR":1.57,"BHR":1.987,"BHS":1.837,"BIH":1.26,"BLR":1.494,"BLZ":2.552,"BMU":1.767,"BOL":3.213,"BRA":1.786,"BRB":1.785,"BRN":1.937,"BTN":2.252,"BWA":3.135,"CAF":5.963,"CAN":1.65,"CHE":1.52,"CHL":1.844,"CHN":1.687,"CIV":5.292,"CMR":5.154,"COD":6.587,"COG":4.851,"COL":2.01,"COM":4.755,"CPV":2.329,"CRI":1.827,"CUB":1.673,"CUW":2.2,"CYM":1.694,"CYP":1.434,"CZE":1.51,"DEU":1.39,"DJI":3.431,"DMA":1.887,"DNK":1.87,"DOM":2.556,"DZA":2.875,"ECU":2.615,"EGY":3.296,"ERI":4.571,"ESP":1.37,"EST":1.72,"ETH":5.282,"FIN":1.87,"FJI":2.696,"FRA":2.03,"FRO":2.5033,"FSM":3.271,"G001":2.568165090055,"GAB":4.153,"GBR":1.92,"GEO":1.973,"GHA":4.181,"GIB":1.954,"GIN":5.435,"GMB":5.558,"GNB":5.111,"GNQ":5.209,"GRC":1.48,"GRD":2.038,"GRL":2.184,"GTM":3.375,"GUM":2.973,"GUY":2.684,"HKG":1.127,"HND":3.078,"HRV":1.46,"HTI":3.497,"HUN":1.25,"IDN":2.462,"IMN":1.928,"IND":2.598,"IRL":2.05,"IRN":1.749,"IRQ":4.457,"ISL":2.2,"ISR":3.03,"ITA":1.44,"JAM":1.799,"JOR":3.78,"JPN":1.39,"KAZ":2.61,"KEN":4.446,"KGZ":3.1,"KHM":2.859,"KIR":3.898,"KNA":1.762,"KOR":1.226,"KOS":2.223,"KWT":2.044,"LAO":3.137,"LBN":2.256,"LBR":5.058,"LBY":2.603,"LCA":1.673,"LIE":1.4,"LKA":2.134,"LSO":3.25,"LTU":1.5,"LUX":1.63,"LVA":1.36,"MAC":1.07,"MAF":2.4,"MAR":2.629,"MCO":2.385,"MDA":1.703,"MDG":4.896,"MDV":2.349,"MEX":2.34,"MHL":3.673,"MKD":1.6,"MLI":6.579,"MLT":1.36,"MMR":2.335,"MNE":1.7,"MNG":2.4,"MNP":2.982,"MOZ":5.66,"MRT":5.384,"MUS":1.57,"MWI":5.263,"MYS":2.144,"NAM":3.657,"NCL":2.187,"NER":7.64,"NGA":5.948,"NIC":2.596,"NLD":1.79,"NOR":1.95,"NPL":2.541,"NRU":4.019,"NZL":2.17,"OMN":2.973,"PAK":4.398,"PAN":2.587,"PER":2.421,"PHL":3.315,"PLW":1.937,"PNG":3.883,"POL":1.41,"PRI":1.6235,"PRK":1.89,"PRT":1.39,"PRY":2.695,"PYF":2.165,"QAT":2.137,"ROU":1.59,"RUS":1.567,"RWA":4.522,"SAU":2.81,"SDN":5.141,"SEN":5.055,"SGP":1.15,"SLB":4.341,"SLE":5.327,"SLV":2.239,"SMR":1.459,"SOM":7.322,"SRB":1.4,"SSD":5.318,"STP":4.769,"SUR":2.688,"SVK":1.43,"SVN":1.57,"SWE":1.98,"SWZ":3.375,"SXM":1.848,"SYC":2.13,"SYR":3.355,"TCA":1.907,"TCD":6.99,"TGO":5.087324,"THA":1.562,"TJK":3.457,"TKM":2.848,"TLS":4.816,"TON":3.879,"TTO":1.614,"TUN":2.075,"TUR":2.08,"TUV":3.442,"TZA":5.225,"UGA":6.019,"UKR":1.436,"URY":2.011,"USA":1.931,"UZB":2.442,"VCT":2.144,"VEN":2.396,"VGB":1.183,"VIR":2.3,"VNM":1.906,"VUT":4.126,"WBG":4.434,"WSM":4.52,"YEM":4.81,"ZAF":2.445,"ZMB":5.359,"ZWE":4.04}}