{"schemaVersion":1,"dataKind":"ranking-year","indicatorId":"SP.DYN.TFRT.IN","year":2011,"valuesByCountry":{"ABW":1.858,"AFG":6.094,"AGO":6.12,"ALB":1.677,"AND":1.321,"ARE":1.539,"ARG":2.393,"ARM":1.5,"ASM":3.169,"ATG":1.746,"AUS":1.926,"AUT":1.43,"AZE":1.96,"BDI":6.108,"BEL":1.81,"BEN":5.436,"BFA":5.869,"BGD":2.309,"BGR":1.51,"BHR":2.025,"BHS":1.791,"BIH":1.209,"BLR":1.515,"BLZ":2.531,"BMU":1.569,"BOL":3.143,"BRA":1.777,"BRB":1.758,"BRN":1.957,"BTN":2.155,"BWA":3.103,"CAF":6.009,"CAN":1.63,"CHE":1.52,"CHL":1.823,"CHN":1.668,"CIV":5.244,"CMR":5.052,"COD":6.582,"COG":4.826,"COL":1.938,"COM":4.722,"CPV":2.329,"CRI":1.877,"CUB":1.734,"CUW":2.1,"CYM":1.637,"CYP":1.36,"CZE":1.43,"DEU":1.39,"DJI":3.341,"DMA":1.861,"DNK":1.75,"DOM":2.527,"DZA":2.899,"ECU":2.605,"EGY":3.311,"ERI":4.486,"ESP":1.34,"EST":1.61,"ETH":5.08,"FIN":1.83,"FJI":2.631,"FRA":2.01,"FRO":2.2832,"FSM":3.223,"G001":2.54805280275075,"GAB":4.151,"GBR":1.91,"GEO":1.915,"GHA":4.177,"GIB":1.974,"GIN":5.337,"GMB":5.542,"GNB":5.067,"GNQ":5.126,"GRC":1.4,"GRD":2.006,"GRL":2.097,"GTM":3.292,"GUM":2.876,"GUY":2.694,"HKG":1.204,"HND":2.998,"HRV":1.41,"HTI":3.431,"HUN":1.23,"IDN":2.515,"IMN":1.903,"IND":2.532,"IRL":2.03,"IRN":1.792,"IRQ":4.588,"ISL":2.02,"ISR":2.98,"ITA":1.42,"JAM":1.717,"JOR":3.69,"JPN":1.39,"KAZ":2.605,"KEN":4.284,"KGZ":3.1,"KHM":2.782,"KIR":3.878,"KNA":1.74,"KOR":1.244,"KOS":2.038,"KWT":1.956,"LAO":3.049,"LBN":2.32,"LBR":4.97,"LBY":2.646,"LCA":1.5,"LIE":1.69,"LKA":2.144,"LSO":3.343,"LTU":1.55,"LUX":1.52,"LVA":1.33,"MAC":1.15,"MAF":2.424,"MAR":2.595,"MCO":2.22,"MDA":1.65,"MDG":4.737,"MDV":2.307,"MEX":2.317,"MHL":3.527,"MKD":1.46,"MLI":6.545,"MLT":1.45,"MMR":2.306,"MNE":1.65,"MNG":2.6,"MNP":3.208,"MOZ":5.599,"MRT":5.38,"MUS":1.55,"MWI":5.083,"MYS":2.153,"NAM":3.658,"NCL":2.2,"NER":7.592,"NGA":5.893,"NIC":2.558,"NLD":1.76,"NOR":1.88,"NPL":2.462,"NRU":4.117,"NZL":2.09,"OMN":2.955,"PAK":4.305,"PAN":2.604,"PER":2.413,"PHL":3.236,"PLW":1.965,"PNG":3.816,"POL":1.33,"PRI":1.5965,"PRK":1.883,"PRT":1.35,"PRY":2.667,"PYF":2.061,"QAT":2.07,"ROU":1.47,"RUS":1.582,"RWA":4.332,"SAU":2.8,"SDN":5.087,"SEN":5.099,"SGP":1.2,"SLB":4.335,"SLE":5.209,"SLV":2.224,"SMR":1.456,"SOM":7.268,"SRB":1.4,"SSD":5.193,"STP":4.718,"SUR":2.667,"SVK":1.45,"SVN":1.56,"SWE":1.9,"SWZ":3.317,"SXM":1.99,"SYC":2.3,"SYR":3.285,"TCA":1.859,"TCD":6.948,"TGO":4.984234,"THA":1.571,"TJK":3.456,"TKM":2.9,"TLS":4.614,"TON":3.829,"TTO":1.611,"TUN":2.189,"TUR":2.05,"TUV":3.463,"TZA":5.141,"UGA":5.885,"UKR":1.464,"URY":1.987,"USA":1.8945,"UZB":2.354,"VCT":2.076,"VEN":2.398,"VGB":1.268,"VIR":2.16,"VNM":1.927,"VUT":4.093,"WBG":4.305,"WSM":4.56,"YEM":4.63,"ZAF":2.436,"ZMB":5.256,"ZWE":4.126}}