{"schemaVersion":1,"dataKind":"ranking-year","indicatorId":"SP.DYN.TFRT.IN","year":2012,"valuesByCountry":{"ABW":1.907,"AFG":5.985,"AGO":6.039,"ALB":1.719,"AND":1.26,"ARE":1.532,"ARG":2.304,"ARM":1.6,"ASM":3.043,"ATG":1.655,"AUS":1.92,"AUT":1.44,"AZE":2,"BDI":5.991,"BEL":1.8,"BEN":5.429,"BFA":5.793,"BGD":2.263,"BGR":1.5,"BHR":2.11,"BHS":1.761,"BIH":1.252,"BLR":1.62,"BLZ":2.51,"BMU":1.528,"BOL":3.076,"BRA":1.766,"BRB":1.731,"BRN":1.973,"BTN":2.068,"BWA":3.07,"CAF":6.047,"CAN":1.63,"CHE":1.52,"CHL":1.798,"CHN":1.798,"CIV":5.19,"CMR":4.982,"COD":6.559,"COG":4.785,"COL":1.899,"COM":4.652,"CPV":2.153,"CRI":1.851,"CUB":1.668,"CUW":2.2,"CYM":1.531,"CYP":1.382,"CZE":1.45,"DEU":1.41,"DJI":3.255,"DMA":1.827,"DNK":1.73,"DOM":2.497,"DZA":2.996,"ECU":2.509,"EGY":3.4,"ERI":4.407,"ESP":1.32,"EST":1.56,"ETH":4.887,"FIN":1.8,"FJI":2.612,"FRA":2.01,"FRO":2.5311,"FSM":3.18,"G001":2.56449164139294,"GAB":4.086,"GBR":1.92,"GEO":1.929,"GHA":4.154,"GIB":1.999,"GIN":5.232,"GMB":5.519,"GNB":5.003,"GNQ":5.04,"GRC":1.34,"GRD":1.967,"GRL":2.006,"GTM":3.219,"GUM":3.117,"GUY":2.701,"HKG":1.285,"HND":2.927,"HRV":1.52,"HTI":3.321,"HUN":1.34,"IDN":2.514,"IMN":1.864,"IND":2.47,"IRL":1.98,"IRN":1.851,"IRQ":4.544,"ISL":2.04,"ISR":3.05,"ITA":1.42,"JAM":1.648,"JOR":3.568,"JPN":1.41,"KAZ":2.64,"KEN":4.116,"KGZ":3.2,"KHM":2.751,"KIR":3.768,"KNA":1.713,"KOR":1.297,"KOS":1.969,"KWT":1.99,"LAO":2.953,"LBN":2.345,"LBR":4.881,"LBY":2.68,"LCA":1.5,"LIE":1.51,"LKA":2.173,"LSO":3.296,"LTU":1.6,"LUX":1.57,"LVA":1.44,"MAC":1.357,"MAF":2.773,"MAR":2.543,"MCO":2.294,"MDA":1.661,"MDG":4.613,"MDV":2.254,"MEX":2.294,"MHL":3.382,"MKD":1.5,"MLI":6.523,"MLT":1.42,"MMR":2.276,"MNE":1.72,"MNG":2.7,"MNP":3.328,"MOZ":5.518,"MRT":5.352,"MUS":1.56,"MWI":4.902,"MYS":2.117,"NAM":3.676,"NCL":2.202,"NER":7.527,"NGA":5.797,"NIC":2.527,"NLD":1.72,"NOR":1.85,"NPL":2.42,"NRU":4.115,"NZL":2.1,"OMN":2.928,"PAK":4.204,"PAN":2.591,"PER":2.356,"PHL":3.143,"PLW":2.006,"PNG":3.746,"POL":1.33,"PRI":1.5425,"PRK":1.882,"PRT":1.28,"PRY":2.658,"PYF":2.026,"QAT":2.04,"ROU":1.52,"RUS":1.691,"RWA":4.201,"SAU":2.78,"SDN":5.031,"SEN":5.129,"SGP":1.29,"SLB":4.332,"SLE":5.064,"SLV":2.187,"SMR":1.289,"SOM":7.211,"SRB":1.45,"SSD":5.061,"STP":4.664,"SUR":2.669,"SVK":1.34,"SVN":1.58,"SWE":1.91,"SWZ":3.266,"SXM":1.959,"SYC":2.32,"SYR":3.221,"TCA":1.805,"TCD":6.905,"TGO":4.853789,"THA":1.563,"TJK":3.421,"TKM":2.955,"TLS":4.404,"TON":3.768,"TTO":1.609,"TUN":2.277,"TUR":2.11,"TUV":3.47,"TZA":5.137,"UGA":5.729,"UKR":1.528,"URY":2.012,"USA":1.8805,"UZB":2.337,"VCT":2.113,"VEN":2.379,"VGB":1.103,"VIR":2.06,"VNM":1.967,"VUT":4.059,"WBG":4.154,"WSM":4.545,"YEM":4.633,"ZAF":2.447,"ZMB":5.136,"ZWE":4.134}}