{"schemaVersion":1,"dataKind":"ranking-year","indicatorId":"SP.DYN.TFRT.IN","year":2013,"valuesByCountry":{"ABW":1.944,"AFG":5.879,"AGO":5.953,"ALB":1.741,"AND":1.142,"ARE":1.527,"ARG":2.335,"ARM":1.6,"ASM":2.932,"ATG":1.537,"AUS":1.855,"AUT":1.44,"AZE":1.98,"BDI":5.889,"BEL":1.76,"BEN":5.41,"BFA":5.697,"BGD":2.247,"BGR":1.54,"BHR":2.166,"BHS":1.738,"BIH":1.278,"BLR":1.668,"BLZ":2.498,"BMU":1.522,"BOL":3.01,"BRA":1.761,"BRB":1.729,"BRN":1.978,"BTN":2,"BWA":3.045,"CAF":6.075,"CAN":1.61,"CHE":1.52,"CHL":1.786,"CHN":1.714,"CIV":5.135,"CMR":4.905,"COD":6.527,"COG":4.731,"COL":1.86,"COM":4.572,"CPV":2.067,"CRI":1.779,"CUB":1.678,"CUW":2.1,"CYM":1.445,"CYP":1.304,"CZE":1.46,"DEU":1.42,"DJI":3.187,"DMA":1.778,"DNK":1.67,"DOM":2.474,"DZA":2.997,"ECU":2.362,"EGY":3.49,"ERI":4.335,"ESP":1.27,"EST":1.52,"ETH":4.708,"FIN":1.75,"FJI":2.604,"FRA":1.99,"FRO":2.5099,"FSM":3.133,"G001":2.52505238584146,"GAB":4.019,"GBR":1.83,"GEO":1.993,"GHA":4.114,"GIB":2.099,"GIN":5.151,"GMB":5.392,"GNB":4.93,"GNQ":4.952,"GRC":1.29,"GRD":1.913,"GRL":2.069,"GTM":3.151,"GUM":2.883,"GUY":2.711,"HKG":1.125,"HND":2.855,"HRV":1.46,"HTI":3.221,"HUN":1.36,"IDN":2.441,"IMN":1.824,"IND":2.399,"IRL":1.93,"IRN":1.913,"IRQ":4.441,"ISL":1.93,"ISR":3.03,"ITA":1.39,"JAM":1.591,"JOR":3.449,"JPN":1.43,"KAZ":2.67,"KEN":3.955,"KGZ":3.1,"KHM":2.742,"KIR":3.643,"KNA":1.682,"KOR":1.187,"KOS":1.953,"KWT":1.968,"LAO":2.872,"LBN":2.361,"LBR":4.749,"LBY":2.716,"LCA":1.5,"LIE":1.45,"LKA":2.178,"LSO":3.283,"LTU":1.59,"LUX":1.55,"LVA":1.52,"MAC":1.15,"MAF":2.719,"MAR":2.478,"MCO":2.313,"MDA":1.622,"MDG":4.527,"MDV":2.174,"MEX":2.269,"MHL":3.247,"MKD":1.5,"MLI":6.491,"MLT":1.36,"MMR":2.264,"MNE":1.73,"MNG":3,"MNP":3.535,"MOZ":5.43,"MRT":5.317,"MUS":1.45,"MWI":4.759,"MYS":2.07,"NAM":3.653,"NCL":2.167,"NER":7.445,"NGA":5.694,"NIC":2.492,"NLD":1.68,"NOR":1.78,"NPL":2.36,"NRU":4.098,"NZL":2.01,"OMN":2.954,"PAK":4.125,"PAN":2.569,"PER":2.317,"PHL":3.042,"PLW":2.054,"PNG":3.684,"POL":1.29,"PRI":1.47,"PRK":1.877,"PRT":1.21,"PRY":2.636,"PYF":1.937,"QAT":2.032,"ROU":1.46,"RUS":1.707,"RWA":4.136,"SAU":2.67,"SDN":4.965,"SEN":5.049,"SGP":1.19,"SLB":4.325,"SLE":4.873,"SLV":2.154,"SMR":1.483,"SOM":7.14,"SRB":1.43,"SSD":4.939,"STP":4.584,"SUR":2.651,"SVK":1.34,"SVN":1.55,"SWE":1.89,"SWZ":3.237,"SXM":1.894,"SYC":2.21,"SYR":3.165,"TCA":1.752,"TCD":6.839,"TGO":4.753612,"THA":1.526,"TJK":3.433,"TKM":3.007,"TLS":4.208,"TON":3.696,"TTO":1.603,"TUN":2.31,"TUR":2.11,"TUV":3.389,"TZA":5.156,"UGA":5.563,"UKR":1.515,"URY":2.034,"USA":1.8575,"UZB":2.445,"VCT":2.106,"VEN":2.334,"VGB":1.086,"VIR":2.08,"VNM":1.98,"VUT":4.039,"WBG":4.049,"WSM":4.491,"YEM":4.623,"ZAF":2.428,"ZMB":5.014,"ZWE":4.111}}