{"schemaVersion":1,"dataKind":"ranking-year","indicatorId":"SP.DYN.TFRT.IN","year":2014,"valuesByCountry":{"ABW":1.944,"AFG":5.77,"AGO":5.864,"ALB":1.721,"AND":1.168,"ARE":1.483,"ARG":2.386,"ARM":1.7,"ASM":2.852,"ATG":1.526,"AUS":1.826,"AUT":1.46,"AZE":1.97,"BDI":5.794,"BEL":1.74,"BEN":5.374,"BFA":5.595,"BGD":2.228,"BGR":1.62,"BHR":2.149,"BHS":1.687,"BIH":1.262,"BLR":1.696,"BLZ":2.474,"BMU":1.42,"BOL":2.947,"BRA":1.775,"BRB":1.727,"BRN":1.969,"BTN":1.923,"BWA":3.027,"CAF":6.099,"CAN":1.61,"CHE":1.54,"CHL":1.774,"CHN":1.769,"CIV":5.071,"CMR":4.844,"COD":6.483,"COG":4.665,"COL":1.822,"COM":4.489,"CPV":2.031,"CRI":1.8,"CUB":1.655,"CUW":2,"CYM":1.334,"CYP":1.312,"CZE":1.53,"DEU":1.47,"DJI":3.116,"DMA":1.713,"DNK":1.69,"DOM":2.451,"DZA":3.084,"ECU":2.274,"EGY":3.49,"ERI":4.273,"ESP":1.32,"EST":1.54,"ETH":4.605,"FIN":1.71,"FJI":2.591,"FRA":2,"FRO":2.5485,"FSM":3.091,"G001":2.5175859223667,"GAB":3.953,"GBR":1.81,"GEO":2.18,"GHA":4.029,"GIB":2.084,"GIN":5.07,"GMB":5.197,"GNB":4.79,"GNQ":4.863,"GRC":1.3,"GRD":1.799,"GRL":1.987,"GTM":3.088,"GUM":2.946,"GUY":2.695,"HKG":1.235,"HND":2.793,"HRV":1.46,"HTI":3.164,"HUN":1.45,"IDN":2.393,"IMN":1.79,"IND":2.293,"IRL":1.89,"IRN":1.975,"IRQ":4.31,"ISL":1.93,"ISR":3.08,"ITA":1.38,"JAM":1.544,"JOR":3.302,"JPN":1.42,"KAZ":2.76,"KEN":3.843,"KGZ":3.2,"KHM":2.734,"KIR":3.521,"KNA":1.665,"KOR":1.205,"KOS":1.87,"KWT":2.06,"LAO":2.802,"LBN":2.375,"LBR":4.622,"LBY":2.754,"LCA":1.485,"LIE":1.59,"LKA":2.134,"LSO":3.239,"LTU":1.57,"LUX":1.5,"LVA":1.65,"MAC":1.224,"MAF":2.707,"MAR":2.425,"MCO":2.485,"MDA":1.82,"MDG":4.421,"MDV":2.089,"MEX":2.211,"MHL":3.18,"MKD":1.5,"MLI":6.441,"MLT":1.38,"MMR":2.252,"MNE":1.75,"MNG":3.1,"MNP":3.372,"MOZ":5.304,"MRT":5.261,"MUS":1.44,"MWI":4.569,"MYS":2.058,"NAM":3.635,"NCL":2.118,"NER":7.342,"NGA":5.622,"NIC":2.463,"NLD":1.71,"NOR":1.75,"NPL":2.319,"NRU":4.085,"NZL":1.92,"OMN":2.97,"PAK":4.055,"PAN":2.552,"PER":2.271,"PHL":2.894,"PLW":2.032,"PNG":3.625,"POL":1.32,"PRI":1.432,"PRK":1.874,"PRT":1.24,"PRY":2.646,"PYF":1.957,"QAT":2.03,"ROU":1.56,"RUS":1.75,"RWA":4.117,"SAU":2.68,"SDN":4.912,"SEN":4.884,"SGP":1.25,"SLB":4.36,"SLE":4.703,"SLV":2.126,"SMR":1.259,"SOM":7.061,"SRB":1.46,"SSD":4.818,"STP":4.485,"SUR":2.62,"SVK":1.37,"SVN":1.58,"SWE":1.88,"SWZ":3.181,"SXM":1.817,"SYC":2.19,"SYR":3.117,"TCA":1.729,"TCD":6.781,"TGO":4.701602,"THA":1.484,"TJK":3.459,"TKM":3.023,"TLS":3.999,"TON":3.619,"TTO":1.602,"TUN":2.316,"TUR":2.19,"TUV":3.33,"TZA":5.122,"UGA":5.408,"UKR":1.466,"URY":2.026,"USA":1.8625,"UZB":2.546,"VCT":2.141,"VEN":2.296,"VGB":1.235,"VIR":2.09,"VNM":2.09,"VUT":3.999,"WBG":3.995,"WSM":4.423,"YEM":4.62,"ZAF":2.424,"ZMB":4.89,"ZWE":4.011}}