{"schemaVersion":1,"dataKind":"ranking-year","indicatorId":"SP.DYN.TFRT.IN","year":2015,"valuesByCountry":{"ABW":1.899,"AFG":5.652,"AGO":5.774,"ALB":1.631,"AND":1.223,"ARE":1.417,"ARG":2.35,"ARM":1.6,"ASM":2.78,"ATG":1.567,"AUS":1.814,"AUT":1.49,"AZE":1.94,"BDI":5.695,"BEL":1.7,"BEN":5.32,"BFA":5.478,"BGD":2.227,"BGR":1.64,"BHR":2.113,"BHS":1.574,"BIH":1.322,"BLR":1.724,"BLZ":2.433,"BMU":1.44,"BOL":2.886,"BRA":1.777,"BRB":1.726,"BRN":1.947,"BTN":1.835,"BWA":3.008,"CAF":6.126,"CAN":1.6,"CHE":1.54,"CHL":1.737,"CHN":1.67,"CIV":4.97,"CMR":4.841,"COD":6.437,"COG":4.607,"COL":1.771,"COM":4.42,"CPV":1.968,"CRI":1.797,"CUB":1.685,"CUW":1.9,"CYM":1.269,"CYP":1.323,"CZE":1.57,"DEU":1.5,"DJI":3.041,"DMA":1.648,"DNK":1.71,"DOM":2.43,"DZA":3.091,"ECU":2.209,"EGY":3.5,"ERI":4.217,"ESP":1.33,"EST":1.58,"ETH":4.529,"FIN":1.65,"FJI":2.567,"FRA":1.96,"FRO":2.411,"FSM":3.049,"G001":2.49007114603977,"GAB":3.921,"GBR":1.8,"GEO":2.214,"GHA":3.982,"GIB":2.074,"GIN":5.002,"GMB":5.003,"GNB":4.661,"GNQ":4.774,"GRC":1.33,"GRD":1.715,"GRL":2.116,"GTM":3.029,"GUM":2.933,"GUY":2.667,"HKG":1.196,"HND":2.746,"HRV":1.41,"HTI":3.11,"HUN":1.46,"IDN":2.346,"IMN":1.748,"IND":2.289,"IRL":1.85,"IRN":2.017,"IRQ":4.08,"ISL":1.8,"ISR":3.09,"ITA":1.36,"JAM":1.508,"JOR":3.141,"JPN":1.45,"KAZ":2.755,"KEN":3.766,"KGZ":3.2,"KHM":2.729,"KIR":3.438,"KNA":1.643,"KOR":1.239,"KOS":1.763,"KWT":2.03,"LAO":2.796,"LBN":2.382,"LBR":4.523,"LBY":2.711,"LCA":1.473,"LIE":1.4,"LKA":2.09,"LSO":3.217,"LTU":1.63,"LUX":1.47,"LVA":1.7,"MAC":1.142,"MAF":2.665,"MAR":2.406,"MCO":2.503,"MDA":1.87,"MDG":4.335,"MDV":2.004,"MEX":2.137,"MHL":3.131,"MKD":1.49,"MLI":6.385,"MLT":1.37,"MMR":2.266,"MNE":1.7,"MNG":3,"MNP":3.134,"MOZ":5.245,"MRT":5.211,"MUS":1.37,"MWI":4.384,"MYS":2.008,"NAM":3.604,"NCL":2.079,"NER":7.215,"NGA":5.503,"NIC":2.434,"NLD":1.66,"NOR":1.72,"NPL":2.273,"NRU":4.075,"NZL":1.99,"OMN":2.965,"PAK":3.988,"PAN":2.53,"PER":2.229,"PHL":2.829,"PLW":2.002,"PNG":3.558,"POL":1.32,"PRI":1.3365,"PRK":1.863,"PRT":1.31,"PRY":2.645,"PYF":1.872,"QAT":1.976,"ROU":1.62,"RUS":1.777,"RWA":4.108,"SAU":2.63,"SDN":4.898,"SEN":4.751,"SGP":1.24,"SLB":4.291,"SLE":4.548,"SLV":2.067,"SMR":1.196,"SOM":6.975,"SRB":1.46,"SSD":4.695,"STP":4.354,"SUR":2.57,"SVK":1.4,"SVN":1.57,"SWE":1.85,"SWZ":3.122,"SXM":1.732,"SYC":2.26,"SYR":3.067,"TCA":1.718,"TCD":6.706,"TGO":4.661566,"THA":1.451,"TJK":3.459,"TKM":3.033,"TLS":3.779,"TON":3.54,"TTO":1.598,"TUN":2.306,"TUR":2.16,"TUV":3.308,"TZA":5.025,"UGA":5.251,"UKR":1.387,"URY":2.041,"USA":1.8435,"UZB":2.583,"VCT":2.133,"VEN":2.253,"VGB":1.186,"VIR":2.11,"VNM":2.1,"VUT":3.952,"WBG":3.977,"WSM":4.344,"YEM":4.617,"ZAF":2.359,"ZMB":4.775,"ZWE":3.911}}