{"schemaVersion":1,"dataKind":"ranking-year","indicatorId":"SP.DYN.TFRT.IN","year":2016,"valuesByCountry":{"ABW":1.848,"AFG":5.542,"AGO":5.686,"ALB":1.555,"AND":1.184,"ARE":1.366,"ARG":2.241,"ARM":1.6,"ASM":2.699,"ATG":1.458,"AUS":1.752,"AUT":1.53,"AZE":1.9,"BDI":5.587,"BEL":1.68,"BEN":5.254,"BFA":5.331,"BGD":2.227,"BGR":1.67,"BHR":2.042,"BHS":1.495,"BIH":1.36,"BLR":1.733,"BLZ":2.396,"BMU":1.45,"BOL":2.829,"BRA":1.727,"BRB":1.724,"BRN":1.915,"BTN":1.738,"BWA":2.99,"CAF":6.126,"CAN":1.59,"CHE":1.54,"CHL":1.686,"CHN":1.772,"CIV":4.873,"CMR":4.842,"COD":6.392,"COG":4.546,"COL":1.719,"COM":4.348,"CPV":1.966,"CRI":1.746,"CUB":1.6,"CUW":1.7,"CYM":1.231,"CYP":1.357,"CZE":1.63,"DEU":1.6,"DJI":2.969,"DMA":1.581,"DNK":1.79,"DOM":2.41,"DZA":3.091,"ECU":2.122,"EGY":3.35,"ERI":4.164,"ESP":1.33,"EST":1.6,"ETH":4.473,"FIN":1.57,"FJI":2.518,"FRA":1.92,"FRO":2.6078,"FSM":3.001,"G001":2.49144627787531,"GAB":3.921,"GBR":1.79,"GEO":2.228,"GHA":3.873,"GIB":1.94,"GIN":4.915,"GMB":4.809,"GNB":4.519,"GNQ":4.686,"GRC":1.38,"GRD":1.616,"GRL":2.066,"GTM":2.973,"GUM":3.171,"GUY":2.634,"HKG":1.205,"HND":2.704,"HRV":1.43,"HTI":3.054,"HUN":1.55,"IDN":2.311,"IMN":1.713,"IND":2.284,"IRL":1.81,"IRN":2.054,"IRQ":3.843,"ISL":1.74,"ISR":3.11,"ITA":1.36,"JAM":1.464,"JOR":3.072,"JPN":1.44,"KAZ":2.795,"KEN":3.689,"KGZ":3.1,"KHM":2.725,"KIR":3.375,"KNA":1.633,"KOR":1.172,"KOS":1.641,"KWT":2.061,"LAO":2.744,"LBN":2.39,"LBR":4.461,"LBY":2.673,"LCA":1.461,"LIE":1.61,"LKA":2.062,"LSO":3.18,"LTU":1.63,"LUX":1.41,"LVA":1.74,"MAC":1.138,"MAF":2.643,"MAR":2.396,"MCO":2.578,"MDA":1.89,"MDG":4.285,"MDV":1.903,"MEX":2.086,"MHL":3.091,"MKD":1.5,"MLI":6.319,"MLT":1.37,"MMR":2.27,"MNE":1.8,"MNG":3,"MNP":2.923,"MOZ":5.188,"MRT":5.157,"MUS":1.41,"MWI":4.216,"MYS":1.942,"NAM":3.574,"NCL":2.078,"NER":7.043,"NGA":5.343,"NIC":2.407,"NLD":1.66,"NOR":1.71,"NPL":2.226,"NRU":4.027,"NZL":1.87,"OMN":2.949,"PAK":3.902,"PAN":2.502,"PER":2.189,"PHL":2.679,"PLW":2.055,"PNG":3.495,"POL":1.39,"PRI":1.2425,"PRK":1.856,"PRT":1.37,"PRY":2.624,"PYF":1.763,"QAT":1.856,"ROU":1.69,"RUS":1.762,"RWA":4.106,"SAU":2.65,"SDN":4.829,"SEN":4.648,"SGP":1.2,"SLB":4.2,"SLE":4.466,"SLV":1.965,"SMR":1.127,"SOM":6.878,"SRB":1.46,"SSD":4.579,"STP":4.203,"SUR":2.5,"SVK":1.48,"SVN":1.58,"SWE":1.85,"SWZ":3.068,"SXM":1.642,"SYC":2.33,"SYR":3.012,"TCA":1.713,"TCD":6.623,"TGO":4.633942,"THA":1.4,"TJK":3.384,"TKM":2.99,"TLS":3.582,"TON":3.463,"TTO":1.601,"TUN":2.275,"TUR":2.11,"TUV":3.297,"TZA":5.006,"UGA":5.112,"UKR":1.391,"URY":1.966,"USA":1.8205,"UZB":2.564,"VCT":2.055,"VEN":2.217,"VGB":0.987,"VIR":2.09,"VNM":2,"VUT":3.915,"WBG":3.887,"WSM":4.262,"YEM":4.613,"ZAF":2.261,"ZMB":4.669,"ZWE":3.828}}