{"schemaVersion":1,"dataKind":"ranking-year","indicatorId":"SP.DYN.TFRT.IN","year":2017,"valuesByCountry":{"ABW":1.785,"AFG":5.433,"AGO":5.6,"ALB":1.486,"AND":1.129,"ARE":1.35,"ARG":2.168,"ARM":1.6,"ASM":2.598,"ATG":1.485,"AUS":1.741,"AUT":1.52,"AZE":1.75,"BDI":5.481,"BEL":1.65,"BEN":5.155,"BFA":5.17,"BGD":2.205,"BGR":1.71,"BHR":1.984,"BHS":1.424,"BIH":1.419,"BLR":1.541,"BLZ":2.368,"BMU":1.419,"BOL":2.777,"BRA":1.74,"BRB":1.724,"BRN":1.881,"BTN":1.621,"BWA":2.969,"CAF":6.127,"CAN":1.55,"CHE":1.52,"CHL":1.563,"CHN":1.795,"CIV":4.757,"CMR":4.804,"COD":6.349,"COG":4.496,"COL":1.717,"COM":4.278,"CPV":1.93,"CRI":1.714,"CUB":1.585,"CUW":1.5,"CYM":1.222,"CYP":1.323,"CZE":1.69,"DEU":1.57,"DJI":2.916,"DMA":1.54,"DNK":1.75,"DOM":2.398,"DZA":3.09,"ECU":2.128,"EGY":3.31,"ERI":4.112,"ESP":1.31,"EST":1.59,"ETH":4.401,"FIN":1.49,"FJI":2.461,"FRA":1.89,"FRO":2.4684,"FSM":2.957,"G001":2.45987854687726,"GAB":3.913,"GBR":1.74,"GEO":2.136,"GHA":3.715,"GIB":1.93,"GIN":4.793,"GMB":4.614,"GNB":4.347,"GNQ":4.599,"GRC":1.35,"GRD":1.438,"GRL":2.125,"GTM":2.857,"GUM":3.088,"GUY":2.593,"HKG":1.128,"HND":2.663,"HRV":1.42,"HTI":2.985,"HUN":1.56,"IDN":2.253,"IMN":1.674,"IND":2.193,"IRL":1.76,"IRN":2.023,"IRQ":3.64,"ISL":1.71,"ISR":3.11,"ITA":1.34,"JAM":1.428,"JOR":2.994,"JPN":1.43,"KAZ":2.745,"KEN":3.609,"KGZ":3,"KHM":2.719,"KIR":3.339,"KNA":1.61,"KOR":1.052,"KOS":1.618,"KWT":2.16,"LAO":2.691,"LBN":2.372,"LBR":4.396,"LBY":2.626,"LCA":1.448,"LIE":1.44,"LKA":2.044,"LSO":3.105,"LTU":1.57,"LUX":1.39,"LVA":1.69,"MAC":1.021,"MAF":2.657,"MAR":2.375,"MCO":2.418,"MDA":1.81,"MDG":4.259,"MDV":1.798,"MEX":2.041,"MHL":3.064,"MKD":1.43,"MLI":6.251,"MLT":1.26,"MMR":2.252,"MNE":1.8,"MNG":2.8,"MNP":2.762,"MOZ":5.128,"MRT":5.106,"MUS":1.46,"MWI":4.113,"MYS":1.893,"NAM":3.511,"NCL":2.043,"NER":6.874,"NGA":5.182,"NIC":2.378,"NLD":1.62,"NOR":1.62,"NPL":2.173,"NRU":3.879,"NZL":1.81,"OMN":2.923,"PAK":3.9,"PAN":2.462,"PER":2.152,"PHL":2.525,"PLW":2.019,"PNG":3.432,"POL":1.48,"PRI":1.101,"PRK":1.848,"PRT":1.38,"PRY":2.591,"PYF":1.669,"QAT":1.834,"ROU":1.78,"RUS":1.621,"RWA":4.084,"SAU":2.67,"SDN":4.761,"SEN":4.489,"SGP":1.16,"SLB":4.06,"SLE":4.389,"SLV":1.896,"SMR":1.054,"SOM":6.766,"SRB":1.49,"SSD":4.483,"STP":4.069,"SUR":2.431,"SVK":1.52,"SVN":1.62,"SWE":1.78,"SWZ":3.018,"SXM":1.571,"SYC":2.34,"SYR":2.972,"TCA":1.704,"TCD":6.537,"TGO":4.576231,"THA":1.363,"TJK":3.29,"TKM":2.934,"TLS":3.399,"TON":3.388,"TTO":1.594,"TUN":2.205,"TUR":2.08,"TUV":3.301,"TZA":4.988,"UGA":4.987,"UKR":1.3,"URY":1.824,"USA":1.7655,"UZB":2.57,"VCT":1.94,"VEN":2.183,"VGB":0.873,"VIR":2.08,"VNM":1.985,"VUT":3.875,"WBG":3.771,"WSM":4.196,"YEM":4.61,"ZAF":2.283,"ZMB":4.567,"ZWE":3.768}}