{"schemaVersion":1,"dataKind":"ranking-year","indicatorId":"SP.DYN.TFRT.IN","year":2018,"valuesByCountry":{"ABW":1.732,"AFG":5.327,"AGO":5.519,"ALB":1.415,"AND":1.053,"ARE":1.288,"ARG":2.067,"ARM":1.6,"ASM":2.494,"ATG":1.371,"AUS":1.74,"AUT":1.47,"AZE":1.73,"BDI":5.38,"BEL":1.62,"BEN":5.031,"BFA":4.921,"BGD":2.193,"BGR":1.73,"BHR":1.911,"BHS":1.404,"BIH":1.504,"BLR":1.448,"BLZ":2.343,"BMU":1.374,"BOL":2.73,"BRA":1.744,"BRB":1.72,"BRN":1.848,"BTN":1.517,"BWA":2.941,"CAF":6.108,"CAN":1.51,"CHE":1.52,"CHL":1.543,"CHN":1.539,"CIV":4.596,"CMR":4.74,"COD":6.302,"COG":4.442,"COL":1.715,"COM":4.208,"CPV":1.804,"CRI":1.706,"CUB":1.607,"CUW":1.7,"CYM":1.277,"CYP":1.319,"CZE":1.71,"DEU":1.57,"DJI":2.858,"DMA":1.517,"DNK":1.73,"DOM":2.397,"DZA":3.019,"ECU":2.111,"EGY":3.02,"ERI":4.056,"ESP":1.26,"EST":1.67,"ETH":4.371,"FIN":1.41,"FJI":2.419,"FRA":1.87,"FRO":2.5015,"FSM":2.922,"G001":2.39178620976976,"GAB":3.908,"GBR":1.68,"GEO":2.093,"GHA":3.65,"GIB":1.921,"GIN":4.669,"GMB":4.42,"GNB":4.241,"GNQ":4.513,"GRC":1.35,"GRD":1.53,"GRL":2.024,"GTM":2.743,"GUM":2.995,"GUY":2.553,"HKG":1.08,"HND":2.645,"HRV":1.47,"HTI":2.924,"HUN":1.57,"IDN":2.219,"IMN":1.636,"IND":2.184,"IRL":1.74,"IRN":1.919,"IRQ":3.547,"ISL":1.71,"ISR":3.09,"ITA":1.31,"JAM":1.4,"JOR":2.923,"JPN":1.42,"KAZ":2.845,"KEN":3.536,"KGZ":3.3,"KHM":2.724,"KIR":3.318,"KNA":1.587,"KOR":0.977,"KOS":1.581,"KWT":2.118,"LAO":2.633,"LBN":2.347,"LBR":4.336,"LBY":2.581,"LCA":1.436,"LIE":1.58,"LKA":2.033,"LSO":3.016,"LTU":1.53,"LUX":1.38,"LVA":1.6,"MAC":0.915,"MAF":2.725,"MAR":2.354,"MCO":2.485,"MDA":1.81,"MDG":4.246,"MDV":1.71,"MEX":2.03,"MHL":3.038,"MKD":1.42,"MLI":6.118,"MLT":1.23,"MMR":2.228,"MNE":1.8,"MNG":2.9,"MNP":2.643,"MOZ":5.07,"MRT":5.044,"MUS":1.42,"MWI":4.021,"MYS":1.838,"NAM":3.462,"NCL":2.041,"NER":6.706,"NGA":5.021,"NIC":2.347,"NLD":1.59,"NOR":1.56,"NPL":2.12,"NRU":3.683,"NZL":1.71,"OMN":2.81,"PAK":3.855,"PAN":2.402,"PER":2.118,"PHL":2.378,"PLW":1.97,"PNG":3.382,"POL":1.46,"PRI":1.035,"PRK":1.834,"PRT":1.42,"PRY":2.561,"PYF":1.645,"QAT":1.756,"ROU":1.76,"RUS":1.579,"RWA":4.047,"SAU":2.67,"SDN":4.681,"SEN":4.294,"SGP":1.14,"SLB":3.93,"SLE":4.294,"SLV":1.849,"SMR":1.077,"SOM":6.662,"SRB":1.49,"SSD":4.37,"STP":3.977,"SUR":2.381,"SVK":1.54,"SVN":1.6,"SWE":1.76,"SWZ":2.971,"SXM":1.522,"SYC":2.34,"SYR":2.932,"TCA":1.677,"TCD":6.464,"TGO":4.513072,"THA":1.323,"TJK":3.294,"TKM":2.875,"TLS":3.244,"TON":3.326,"TTO":1.588,"TUN":2.133,"TUR":2,"TUV":3.328,"TZA":4.932,"UGA":4.867,"UKR":1.233,"URY":1.681,"USA":1.7295,"UZB":2.713,"VCT":1.9,"VEN":2.151,"VGB":0.905,"VIR":2.06,"VNM":1.88,"VUT":3.834,"WBG":3.674,"WSM":4.136,"YEM":4.607,"ZAF":2.27,"ZMB":4.492,"ZWE":3.744}}