{"schemaVersion":1,"dataKind":"ranking-year","indicatorId":"SP.DYN.TFRT.IN","year":2019,"valuesByCountry":{"ABW":1.701,"AFG":5.238,"AGO":5.442,"ALB":1.395,"AND":1.045,"ARE":1.247,"ARG":1.882,"ARM":1.6,"ASM":2.404,"ATG":1.468,"AUS":1.657,"AUT":1.46,"AZE":1.81,"BDI":5.271,"BEL":1.6,"BEN":4.9,"BFA":4.681,"BGD":2.18,"BGR":1.79,"BHR":1.843,"BHS":1.397,"BIH":1.509,"BLR":1.382,"BLZ":2.142,"BMU":1.383,"BOL":2.688,"BRA":1.705,"BRB":1.715,"BRN":1.819,"BTN":1.448,"BWA":2.906,"CAF":6.09,"CAN":1.47,"CHE":1.48,"CHL":1.43,"CHN":1.496,"CIV":4.523,"CMR":4.651,"COD":6.253,"COG":4.38,"COL":1.71,"COM":4.138,"CPV":1.698,"CRI":1.6,"CUB":1.54,"CUW":1.6,"CYM":1.508,"CYP":1.33,"CZE":1.71,"DEU":1.54,"DJI":2.798,"DMA":1.504,"DNK":1.7,"DOM":2.366,"DZA":2.997,"ECU":2.035,"EGY":2.87,"ERI":3.997,"ESP":1.23,"EST":1.66,"ETH":4.347,"FIN":1.35,"FJI":2.385,"FRA":1.86,"FRO":2.4187,"FSM":2.883,"G001":2.35329705540468,"GAB":3.884,"GBR":1.632,"GEO":2.021,"GHA":3.593,"GIB":1.912,"GIN":4.576,"GMB":4.33,"GNB":4.153,"GNQ":4.429,"GRC":1.34,"GRD":1.542,"GRL":2.115,"GTM":2.593,"GUM":2.938,"GUY":2.521,"HKG":1.064,"HND":2.611,"HRV":1.47,"HTI":2.862,"HUN":1.58,"IDN":2.205,"IMN":1.606,"IND":2.12,"IRL":1.69,"IRN":1.766,"IRQ":3.48,"ISL":1.74,"ISR":3.01,"ITA":1.27,"JAM":1.39,"JOR":2.855,"JPN":1.36,"KAZ":2.89,"KEN":3.433,"KGZ":3.3,"KHM":2.725,"KIR":3.29,"KNA":1.568,"KOR":0.918,"KOS":1.575,"KWT":2.082,"LAO":2.589,"LBN":2.327,"LBR":4.257,"LBY":2.539,"LCA":1.424,"LIE":1.48,"LKA":2.022,"LSO":2.924,"LTU":1.43,"LUX":1.34,"LVA":1.61,"MAC":0.899,"MAF":2.791,"MAR":2.342,"MCO":2.403,"MDA":1.78,"MDG":4.221,"MDV":1.64,"MEX":2.02,"MHL":3.012,"MKD":1.34,"MLI":5.892,"MLT":1.14,"MMR":2.206,"MNE":1.8,"MNG":3,"MNP":2.559,"MOZ":5.016,"MRT":4.984,"MUS":1.41,"MWI":3.952,"MYS":1.777,"NAM":3.404,"NCL":2.05,"NER":6.537,"NGA":4.861,"NIC":2.321,"NLD":1.57,"NOR":1.53,"NPL":2.08,"NRU":3.531,"NZL":1.72,"OMN":2.696,"PAK":3.81,"PAN":2.288,"PER":2.086,"PHL":2.215,"PLW":1.984,"PNG":3.322,"POL":1.44,"PRI":0.982,"PRK":1.825,"PRT":1.44,"PRY":2.525,"PYF":1.567,"QAT":1.731,"ROU":1.77,"RUS":1.504,"RWA":3.985,"SAU":2.49,"SDN":4.617,"SEN":4.1,"SGP":1.14,"SLB":3.8,"SLE":4.192,"SLV":1.838,"SMR":1.096,"SOM":6.56,"SRB":1.52,"SSD":4.26,"STP":3.9,"SUR":2.347,"SVK":1.57,"SVN":1.61,"SWE":1.71,"SWZ":2.925,"SXM":1.481,"SYC":2.31,"SYR":2.878,"TCA":1.617,"TCD":6.412,"TGO":4.450408,"THA":1.285,"TJK":3.281,"TKM":2.834,"TLS":3.116,"TON":3.274,"TTO":1.578,"TUN":2.1,"TUR":1.89,"TUV":3.331,"TZA":4.866,"UGA":4.744,"UKR":1.218,"URY":1.567,"USA":1.706,"UZB":2.869,"VCT":1.864,"VEN":2.131,"VGB":0.941,"VIR":2.05,"VNM":1.943,"VUT":3.79,"WBG":3.591,"WSM":4.061,"YEM":4.603,"ZAF":2.264,"ZMB":4.418,"ZWE":3.748}}