{"schemaVersion":1,"dataKind":"ranking-year","indicatorId":"SP.DYN.TFRT.IN","year":2020,"valuesByCountry":{"ABW":1.662,"AFG":5.145,"AGO":5.371,"ALB":1.371,"AND":1.028,"ARE":1.289,"ARG":1.601,"ARM":1.7,"ASM":2.36,"ATG":1.569,"AUS":1.581,"AUT":1.44,"AZE":1.7,"BDI":5.177,"BEL":1.55,"BEN":4.795,"BFA":4.44,"BGD":2.175,"BGR":1.77,"BHR":1.86,"BHS":1.386,"BIH":1.515,"BLR":1.369,"BLZ":2.04,"BMU":1.451,"BOL":2.651,"BRA":1.653,"BRB":1.708,"BRN":1.796,"BTN":1.502,"BWA":2.861,"CAF":6.059,"CAN":1.41,"CHE":1.46,"CHL":1.307,"CHN":1.236,"CIV":4.461,"CMR":4.557,"COD":6.206,"COG":4.329,"COL":1.694,"COM":4.071,"CPV":1.591,"CRI":1.448,"CUB":1.489,"CUW":1.4,"CYM":1.554,"CYP":1.361,"CZE":1.74,"DEU":1.53,"DJI":2.745,"DMA":1.495,"DNK":1.68,"DOM":2.329,"DZA":2.94,"ECU":1.967,"EGY":2.85,"ERI":3.933,"ESP":1.18,"EST":1.58,"ETH":4.274,"FIN":1.37,"FJI":2.357,"FRA":1.82,"FRO":2.3301,"FSM":2.852,"G001":2.27635601772692,"GAB":3.831,"GBR":1.571,"GEO":1.976,"GHA":3.541,"GIB":1.907,"GIN":4.489,"GMB":4.248,"GNB":4.075,"GNQ":4.346,"GRC":1.39,"GRD":1.532,"GRL":2.109,"GTM":2.47,"GUM":2.895,"GUY":2.491,"HKG":0.883,"HND":2.577,"HRV":1.48,"HTI":2.804,"HUN":1.61,"IDN":2.189,"IMN":1.585,"IND":2.047,"IRL":1.6,"IRN":1.7,"IRQ":3.419,"ISL":1.72,"ISR":2.9,"ITA":1.24,"JAM":1.383,"JOR":2.791,"JPN":1.33,"KAZ":3.13,"KEN":3.364,"KGZ":3.1,"KHM":2.699,"KIR":3.254,"KNA":1.55,"KOR":0.837,"KOS":1.567,"KWT":2.033,"LAO":2.535,"LBN":2.308,"LBR":4.174,"LBY":2.507,"LCA":1.411,"LIE":1.46,"LKA":2.007,"LSO":2.846,"LTU":1.36,"LUX":1.36,"LVA":1.55,"MAC":0.841,"MAF":2.829,"MAR":2.32,"MCO":2.38,"MDA":1.77,"MDG":4.17,"MDV":1.613,"MEX":1.99,"MHL":2.989,"MKD":1.31,"MLI":5.85,"MLT":1.14,"MMR":2.179,"MNE":1.75,"MNG":2.9,"MNP":2.494,"MOZ":4.959,"MRT":4.912,"MUS":1.46,"MWI":3.877,"MYS":1.68,"NAM":3.349,"NCL":2.022,"NER":6.369,"NGA":4.7,"NIC":2.299,"NLD":1.54,"NOR":1.48,"NPL":2.051,"NRU":3.466,"NZL":1.62,"OMN":2.638,"PAK":3.765,"PAN":2.184,"PER":2.056,"PHL":2.075,"PLW":1.972,"PNG":3.274,"POL":1.39,"PRI":0.922,"PRK":1.821,"PRT":1.42,"PRY":2.497,"PYF":1.57,"QAT":1.675,"ROU":1.8,"RUS":1.505,"RWA":3.913,"SAU":2.27,"SDN":4.542,"SEN":4.003,"SGP":1.1,"SLB":3.749,"SLE":4.08,"SLV":1.819,"SMR":1.113,"SOM":6.453,"SRB":1.48,"SSD":4.16,"STP":3.827,"SUR":2.314,"SVK":1.59,"SVN":1.59,"SWE":1.67,"SWZ":2.888,"SXM":1.467,"SYC":2.2,"SYR":2.837,"TCA":1.552,"TCD":6.346,"TGO":4.386312,"THA":1.259,"TJK":3.211,"TKM":2.793,"TLS":3.011,"TON":3.234,"TTO":1.572,"TUN":2,"TUR":1.77,"TUV":3.309,"TZA":4.801,"UGA":4.621,"UKR":1.208,"URY":1.497,"USA":1.6415,"UZB":3.062,"VCT":1.83,"VEN":2.116,"VGB":0.975,"VIR":2.03,"VNM":1.957,"VUT":3.738,"WBG":3.511,"WSM":4.002,"YEM":4.6,"ZAF":2.257,"ZMB":4.323,"ZWE":3.754}}