{"schemaVersion":1,"dataKind":"ranking-year","indicatorId":"SP.DYN.TFRT.IN","year":2021,"valuesByCountry":{"ABW":1.631,"AFG":5.039,"AGO":5.304,"ALB":1.365,"AND":1.058,"ARE":1.162,"ARG":1.585,"ARM":1.7,"ASM":2.327,"ATG":1.58,"AUS":1.7,"AUT":1.48,"AZE":1.52,"BDI":5.078,"BEL":1.6,"BEN":4.707,"BFA":4.361,"BGD":2.173,"BGR":1.8,"BHR":1.852,"BHS":1.382,"BIH":1.49,"BLR":1.371,"BLZ":1.837,"BMU":1.389,"BOL":2.618,"BRA":1.638,"BRB":1.709,"BRN":1.778,"BTN":1.488,"BWA":2.827,"CAF":6.052,"CAN":1.44,"CHE":1.52,"CHL":1.176,"CHN":1.117,"CIV":4.411,"CMR":4.468,"COD":6.156,"COG":4.28,"COL":1.68,"COM":3.999,"CPV":1.554,"CRI":1.353,"CUB":1.427,"CUW":1.4,"CYM":1.551,"CYP":1.392,"CZE":1.83,"DEU":1.58,"DJI":2.699,"DMA":1.484,"DNK":1.72,"DOM":2.294,"DZA":2.87,"ECU":1.909,"EGY":2.75,"ERI":3.867,"ESP":1.18,"EST":1.61,"ETH":4.177,"FIN":1.46,"FJI":2.332,"FRA":1.83,"FRO":2.3109,"FSM":2.818,"G001":2.24568916223451,"GAB":3.776,"GBR":1.583,"GEO":1.98,"GHA":3.492,"GIB":1.899,"GIN":4.399,"GMB":4.165,"GNB":3.998,"GNQ":4.266,"GRC":1.43,"GRD":1.517,"GRL":1.82,"GTM":2.388,"GUM":2.856,"GUY":2.462,"HKG":0.772,"HND":2.548,"HRV":1.62,"HTI":2.748,"HUN":1.63,"IDN":2.166,"IMN":1.569,"IND":2.014,"IRL":1.72,"IRN":1.709,"IRQ":3.358,"ISL":1.82,"ISR":3,"ITA":1.25,"JAM":1.378,"JOR":2.735,"JPN":1.3,"KAZ":3.32,"KEN":3.312,"KGZ":2.89,"KHM":2.664,"KIR":3.219,"KNA":1.531,"KOR":0.808,"KOS":1.561,"KWT":2.148,"LAO":2.494,"LBN":2.283,"LBR":4.089,"LBY":2.462,"LCA":1.399,"LIE":1.53,"LKA":1.995,"LSO":2.769,"LTU":1.36,"LUX":1.38,"LVA":1.57,"MAC":0.756,"MAF":2.804,"MAR":2.288,"MCO":2.122,"MDA":1.751,"MDG":4.104,"MDV":1.599,"MEX":1.97,"MHL":2.964,"MKD":1.6,"MLI":5.779,"MLT":1.13,"MMR":2.158,"MNE":1.75,"MNG":2.8,"MNP":2.441,"MOZ":4.905,"MRT":4.848,"MUS":1.42,"MWI":3.791,"MYS":1.555,"NAM":3.303,"NCL":2.012,"NER":6.2,"NGA":4.636,"NIC":2.265,"NLD":1.62,"NOR":1.55,"NPL":2.025,"NRU":3.425,"NZL":1.65,"OMN":2.588,"PAK":3.72,"PAN":2.152,"PER":2.029,"PHL":1.95,"PLW":1.95,"PNG":3.215,"POL":1.33,"PRI":0.907,"PRK":1.806,"PRT":1.35,"PRY":2.469,"PYF":1.532,"QAT":1.605,"ROU":1.81,"RUS":1.505,"RWA":3.841,"SAU":2.17,"SDN":4.457,"SEN":3.936,"SGP":1.12,"SLB":3.694,"SLE":3.978,"SLV":1.803,"SMR":1.125,"SOM":6.353,"SRB":1.52,"SSD":4.047,"STP":3.759,"SUR":2.295,"SVK":1.63,"SVN":1.64,"SWE":1.67,"SWZ":2.841,"SXM":1.456,"SYC":2.38,"SYR":2.798,"TCA":1.501,"TCD":6.255,"TGO":4.323871,"THA":1.234,"TJK":3.17,"TKM":2.754,"TLS":2.892,"TON":3.198,"TTO":1.559,"TUN":1.8,"TUR":1.71,"TUV":3.277,"TZA":4.734,"UGA":4.51,"UKR":1.148,"URY":1.446,"USA":1.664,"UZB":3.273,"VCT":1.808,"VEN":2.105,"VGB":0.999,"VIR":2.01,"VNM":1.942,"VUT":3.696,"WBG":3.442,"WSM":3.94,"YEM":4.597,"ZAF":2.248,"ZMB":4.246,"ZWE":3.765}}