{"schemaVersion":1,"dataKind":"ranking-year","indicatorId":"SP.DYN.TFRT.IN","year":2022,"valuesByCountry":{"ABW":1.615,"AFG":4.932,"AGO":5.209,"ALB":1.355,"AND":1.071,"ARE":1.148,"ARG":1.482,"ARM":1.7,"ASM":2.305,"ATG":1.58,"AUS":1.63,"AUT":1.41,"AZE":1.67,"BDI":4.98,"BEL":1.53,"BEN":4.634,"BFA":4.275,"BGD":2.179,"BGR":1.78,"BHR":1.839,"BHS":1.379,"BIH":1.481,"BLR":1.326,"BLZ":1.949,"BMU":1.397,"BOL":2.584,"BRA":1.629,"BRB":1.712,"BRN":1.764,"BTN":1.478,"BWA":2.785,"CAF":6.023,"CAN":1.34,"CHE":1.39,"CHL":1.255,"CHN":1.034,"CIV":4.349,"CMR":4.397,"COD":6.106,"COG":4.215,"COL":1.663,"COM":3.935,"CPV":1.533,"CRI":1.335,"CUB":1.412,"CUW":1.4,"CYM":1.541,"CYP":1.393,"CZE":1.64,"DEU":1.455,"DJI":2.653,"DMA":1.482,"DNK":1.55,"DOM":2.267,"DZA":2.817,"ECU":1.861,"EGY":2.75,"ERI":3.786,"ESP":1.16,"EST":1.41,"ETH":4.082,"FIN":1.32,"FJI":2.305,"FRA":1.78,"FRO":2.0788,"FSM":2.785,"G001":2.21520292711391,"GAB":3.712,"GBR":1.56,"GEO":1.82,"GHA":3.434,"GIB":1.895,"GIN":4.303,"GMB":4.078,"GNB":3.911,"GNQ":4.17,"GRC":1.32,"GRD":1.502,"GRL":1.818,"GTM":2.343,"GUM":2.819,"GUY":2.437,"HKG":0.701,"HND":2.522,"HRV":1.53,"HTI":2.699,"HUN":1.57,"IDN":2.149,"IMN":1.556,"IND":1.994,"IRL":1.51,"IRN":1.704,"IRQ":3.294,"ISL":1.589,"ISR":2.89,"ITA":1.24,"JAM":1.372,"JOR":2.679,"JPN":1.26,"KAZ":3.05,"KEN":3.262,"KGZ":2.8,"KHM":2.616,"KIR":3.182,"KNA":1.512,"KOR":0.778,"KOS":1.555,"KWT":1.546,"LAO":2.455,"LBN":2.263,"LBR":4.016,"LBY":2.402,"LCA":1.387,"LIE":1.47,"LKA":1.984,"LSO":2.716,"LTU":1.27,"LUX":1.31,"LVA":1.47,"MAC":0.68,"MAF":2.763,"MAR":2.256,"MCO":2.114,"MDA":1.694,"MDG":4.036,"MDV":1.583,"MEX":1.94,"MHL":2.936,"MKD":1.6,"MLI":5.692,"MLT":1.08,"MMR":2.131,"MNE":1.8,"MNG":2.7,"MNP":2.388,"MOZ":4.84,"MRT":4.77,"MUS":1.33,"MWI":3.72,"MYS":1.55,"NAM":3.248,"NCL":1.998,"NER":6.135,"NGA":4.552,"NIC":2.24,"NLD":1.49,"NOR":1.41,"NPL":2.002,"NRU":3.379,"NZL":1.67,"OMN":2.449,"PAK":3.662,"PAN":2.139,"PER":2.004,"PHL":1.929,"PLW":1.927,"PNG":3.165,"POL":1.29,"PRI":0.914,"PRK":1.797,"PRT":1.43,"PRY":2.444,"PYF":1.515,"QAT":1.739,"ROU":1.71,"RUS":1.416,"RWA":3.778,"SAU":2.14,"SDN":4.384,"SEN":3.864,"SGP":1.04,"SLB":3.62,"SLE":3.876,"SLV":1.785,"SMR":1.136,"SOM":6.255,"SRB":1.59,"SSD":3.964,"STP":3.695,"SUR":2.274,"SVK":1.57,"SVN":1.55,"SWE":1.53,"SWZ":2.801,"SXM":1.453,"SYC":2.2,"SYR":2.746,"TCA":1.477,"TCD":6.215,"TGO":4.253183,"THA":1.221,"TJK":3.127,"TKM":2.728,"TLS":2.801,"TON":3.171,"TTO":1.544,"TUN":1.847,"TUR":1.63,"TUV":3.244,"TZA":4.671,"UGA":4.388,"UKR":0.897,"URY":1.425,"USA":1.6565,"UZB":3.396,"VCT":1.791,"VEN":2.088,"VGB":1.025,"VIR":2,"VNM":1.927,"VUT":3.647,"WBG":3.375,"WSM":3.883,"YEM":4.593,"ZAF":2.227,"ZMB":4.175,"ZWE":3.767}}