{"schemaVersion":1,"dataKind":"ranking-year","indicatorId":"SP.DYN.TFRT.IN","year":2023,"valuesByCountry":{"ABW":1.602,"AFG":4.84,"AGO":5.124,"ALB":1.348,"AND":1.082,"ARE":1.2,"ARG":1.5,"ARM":1.9,"ASM":2.286,"ATG":1.578,"AUS":1.499,"AUT":1.32,"AZE":1.55,"BDI":4.878,"BEL":1.47,"BEN":4.556,"BFA":4.186,"BGD":2.163,"BGR":1.81,"BHR":1.824,"BHS":1.373,"BIH":1.486,"BLR":1.208,"BLZ":2.007,"BMU":1.401,"BOL":2.547,"BRA":1.619,"BRB":1.708,"BRN":1.747,"BTN":1.462,"BWA":2.732,"CAF":6.012,"CAN":1.27,"CHE":1.33,"CHL":1.167,"CHN":0.999,"CIV":4.283,"CMR":4.322,"COD":6.051,"COG":4.157,"COL":1.645,"COM":3.878,"CPV":1.522,"CRI":1.33,"CUB":1.439,"CUW":1.3,"CYM":1.531,"CYP":1.389,"CZE":1.46,"DEU":1.39,"DJI":2.609,"DMA":1.484,"DNK":1.5,"DOM":2.243,"DZA":2.766,"ECU":1.823,"EGY":2.75,"ERI":3.713,"ESP":1.12,"EST":1.31,"ETH":3.989,"FIN":1.26,"FJI":2.281,"FRA":1.66,"FRO":1.8676,"FSM":2.748,"G001":2.19585696926797,"GAB":3.647,"GBR":1.56,"GEO":1.81,"GHA":3.397,"GIB":1.888,"GIN":4.217,"GMB":4.006,"GNB":3.836,"GNQ":4.081,"GRC":1.26,"GRD":1.487,"GRL":1.769,"GTM":2.311,"GUM":2.781,"GUY":2.412,"HKG":0.751,"HND":2.5,"HRV":1.46,"HTI":2.656,"HUN":1.55,"IDN":2.127,"IMN":1.548,"IND":1.975,"IRL":1.5,"IRN":1.695,"IRQ":3.249,"ISL":1.55,"ISR":2.85,"ITA":1.21,"JAM":1.358,"JOR":2.639,"JPN":1.2,"KAZ":3.012,"KEN":3.208,"KGZ":2.7,"KHM":2.579,"KIR":3.147,"KNA":1.505,"KOR":0.721,"KOS":1.545,"KWT":1.524,"LAO":2.421,"LBN":2.239,"LBR":3.95,"LBY":2.355,"LCA":1.379,"LIE":1.45,"LKA":1.974,"LSO":2.694,"LTU":1.18,"LUX":1.25,"LVA":1.36,"MAC":0.586,"MAF":2.718,"MAR":2.23,"MCO":2.11,"MDA":1.731,"MDG":3.972,"MDV":1.575,"MEX":1.91,"MHL":2.919,"MKD":1.5,"MLI":5.614,"MLT":1.06,"MMR":2.115,"MNE":1.74,"MNG":2.7,"MNP":2.348,"MOZ":4.763,"MRT":4.697,"MUS":1.4,"MWI":3.648,"MYS":1.55,"NAM":3.212,"NCL":1.98,"NER":6.061,"NGA":4.482,"NIC":2.218,"NLD":1.43,"NOR":1.4,"NPL":1.984,"NRU":3.331,"NZL":1.57,"OMN":2.525,"PAK":3.605,"PAN":2.119,"PER":1.98,"PHL":1.916,"PLW":1.907,"PNG":3.099,"POL":1.2,"PRI":0.92,"PRK":1.78,"PRT":1.45,"PRY":2.422,"PYF":1.501,"QAT":1.729,"ROU":1.54,"RUS":1.41,"RWA":3.698,"SAU":2.28,"SDN":4.323,"SEN":3.818,"SGP":0.97,"SLB":3.557,"SLE":3.791,"SLV":1.775,"SMR":1.149,"SOM":6.132,"SRB":1.62,"SSD":3.864,"STP":3.644,"SUR":2.249,"SVK":1.49,"SVN":1.51,"SWE":1.45,"SWZ":2.753,"SXM":1.447,"SYC":2.18,"SYR":2.712,"TCA":1.463,"TCD":6.12,"TGO":4.192401,"THA":1.212,"TJK":3.072,"TKM":2.69,"TLS":2.707,"TON":3.129,"TTO":1.532,"TUN":1.832,"TUR":1.51,"TUV":3.208,"TZA":4.606,"UGA":4.283,"UKR":0.977,"URY":1.409,"USA":1.6165,"UZB":3.5,"VCT":1.775,"VEN":2.079,"VGB":1.045,"VIR":1.98,"VNM":1.913,"VUT":3.596,"WBG":3.311,"WSM":3.829,"YEM":4.59,"ZAF":2.216,"ZMB":4.101,"ZWE":3.724}}