{"schemaVersion":1,"dataKind":"ranking-year","indicatorId":"SP.DYN.TFRT.IN","year":2024,"valuesByCountry":{"ABW":1.606,"AFG":4.761,"AGO":5.048,"ALB":1.341,"AND":1.087,"ARE":1.213,"ARG":1.504,"ARM":1.7,"ASM":2.267,"ATG":1.582,"AUS":1.481,"AUT":1.31,"AZE":1.43,"BDI":4.789,"BEL":1.44,"BEN":4.48,"BFA":4.11,"BGD":2.138,"BGR":1.72,"BHR":1.805,"BHS":1.374,"BIH":1.492,"BLR":1.217,"BLZ":2.021,"BMU":1.405,"BOL":2.523,"BRA":1.614,"BRB":1.708,"BRN":1.731,"BTN":1.449,"BWA":2.703,"CAF":5.954,"CAN":1.25,"CHE":1.29,"CHL":1.14,"CHN":1.013,"CIV":4.23,"CMR":4.261,"COD":5.981,"COG":4.109,"COL":1.634,"COM":3.822,"CPV":1.511,"CRI":1.318,"CUB":1.445,"CUW":1.4,"CYM":1.525,"CYP":1.38,"CZE":1.36,"DEU":1.36,"DJI":2.618,"DMA":1.48,"DNK":1.47,"DOM":2.222,"DZA":2.723,"ECU":1.806,"EGY":2.735,"ERI":3.68,"ESP":1.1,"EST":1.18,"ETH":3.909,"FIN":1.25,"FJI":2.27,"FRA":1.61,"FRO":1.9129,"FSM":2.743,"G001":2.18851525484567,"GAB":3.592,"GBR":1.551,"GEO":1.802,"GHA":3.344,"GIB":1.885,"GIN":4.131,"GMB":3.907,"GNB":3.757,"GNQ":4.116,"GRC":1.24,"GRD":1.472,"GRL":1.706,"GTM":2.287,"GUM":2.748,"GUY":2.395,"HKG":0.841,"HND":2.476,"HRV":1.46,"HTI":2.625,"HUN":1.41,"IDN":2.115,"IMN":1.544,"IND":1.962,"IRL":1.47,"IRN":1.684,"IRQ":3.221,"ISL":1.56,"ISR":2.87,"ITA":1.18,"JAM":1.351,"JOR":2.604,"JPN":1.15,"KAZ":2.984,"KEN":3.167,"KGZ":2.6,"KHM":2.548,"KIR":3.124,"KNA":1.526,"KOR":0.748,"KOS":1.538,"KWT":1.56,"LAO":2.397,"LBN":2.227,"LBR":3.864,"LBY":2.298,"LCA":1.385,"LIE":1.37,"LKA":1.952,"LSO":2.664,"LTU":1.11,"LUX":1.25,"LVA":1.24,"MAC":0.582,"MAF":2.673,"MAR":2.208,"MCO":2.102,"MDA":1.726,"MDG":3.912,"MDV":1.56,"MEX":1.892,"MHL":2.864,"MKD":1.4,"MLI":5.51,"MLT":1.01,"MMR":2.098,"MNE":1.8,"MNG":2.5,"MNP":2.324,"MOZ":4.69,"MRT":4.625,"MUS":1.44,"MWI":3.59,"MYS":1.543,"NAM":3.211,"NCL":1.964,"NER":5.935,"NGA":4.382,"NIC":2.206,"NLD":1.43,"NOR":1.45,"NPL":1.961,"NRU":3.29,"NZL":1.57,"OMN":2.508,"PAK":3.547,"PAN":2.106,"PER":1.965,"PHL":1.894,"PLW":1.883,"PNG":3.072,"POL":1.14,"PRI":0.92,"PRK":1.784,"PRT":1.41,"PRY":2.416,"PYF":1.491,"QAT":1.717,"ROU":1.39,"RUS":1.418,"RWA":3.645,"SAU":2.308,"SDN":4.264,"SEN":3.765,"SGP":0.97,"SLB":3.513,"SLE":3.703,"SLV":1.768,"SMR":1.158,"SOM":6.013,"SRB":1.64,"SSD":3.785,"STP":3.596,"SUR":2.231,"SVK":1.46,"SVN":1.52,"SWE":1.43,"SWZ":2.718,"SXM":1.44,"SYC":1.85,"SYR":2.7,"TCA":1.452,"TCD":6.028,"TGO":4.121673,"THA":1.204,"TJK":3.036,"TKM":2.661,"TLS":2.627,"TON":3.1,"TTO":1.536,"TUN":1.818,"TUR":1.48,"TUV":3.174,"TZA":4.541,"UGA":4.165,"UKR":0.988,"URY":1.397,"USA":1.6265,"UZB":3.486,"VCT":1.761,"VEN":2.077,"VGB":1.048,"VIR":1.97,"VNM":1.895,"VUT":3.569,"WBG":3.25,"WSM":3.801,"YEM":4.499,"ZAF":2.205,"ZMB":4.036,"ZWE":3.674}}