{"schemaVersion":1,"dataKind":"ranking-year","indicatorId":"AG.LND.FRST.ZS","year":1990,"valuesByCountry":{"ABW":2.33333333333333,"AFG":1.85278199408184,"AGO":63.5780701050774,"ALB":28.7883211678832,"AND":34.0425531914894,"ARE":3.44973246972684,"ARG":12.8637149256949,"ASM":90.35,"ATG":22.9772727272727,"AUS":17.4273589940513,"AUT":45.7546049442559,"BDI":10.7663551401869,"BEN":42.8800106420717,"BFA":28.2039473684211,"BGD":14.7524775293847,"BGR":30.0732170297388,"BHR":0.318840579710145,"BHS":50.9350649350649,"BLZ":70.1459886014906,"BMU":18.5185185185185,"BOL":53.3598449183052,"BRA":70.4580205643839,"BRB":14.6511627906977,"BRN":78.3681214421252,"BTN":53.6506645549301,"BWA":33.1792917262188,"CAF":37.2451764101576,"CAN":38.8455115614254,"CHE":29.1809082231976,"CHL":20.5049009323069,"CHN":16.7380065507416,"CIV":24.6882389937107,"CMR":47.5978929999365,"COD":66.4427339494056,"COG":65.3440702781845,"COL":58.5472194682289,"COM":24.7501343363783,"CPV":3.81637717121588,"CRI":56.9408538973756,"CUB":19.1620111731844,"CYM":54.7083333333333,"CYP":17.4361471861472,"DEU":32.3661673302208,"DJI":0.241587575496117,"DMA":67.08,"DNK":13.286,"DOM":33.0136617677499,"DZA":0.699908470278032,"ECU":52.8543924288398,"EGY":0.0440102466221307,"ESP":27.8405013615249,"FIN":71.818936931613,"FJI":51.4334975369458,"FRA":26.7854160868355,"FRO":0.0573065902578797,"GAB":92.2172546280126,"GBR":11.4826602736329,"GHA":43.6154522281797,"GIB":0,"GIN":29.6109392804819,"GMB":40.9743083003953,"GNB":79.4214082503556,"GNQ":96.2263814616756,"GRC":25.59,"GRD":52.0588235294118,"GRL":0.0006438396254024,"GTM":44.6173945502053,"GUM":44.4444444444444,"GUY":94.499110998222,"HND":62.452229868621,"HTI":13.8940493468795,"HUN":20.1835985312118,"IDN":65.4377142478624,"IMN":6.07017543859649,"IND":21.5048483278902,"IRL":6.70111772390768,"IRN":5.57237407598418,"IRQ":1.8382605116949,"ISL":0.170274314214464,"ISR":6.09981515711645,"ITA":25.8058209513447,"JAM":48.1329639889197,"JOR":1.10494106980961,"JPN":68.4311574328031,"KEN":6.77959728713498,"KHM":62.3430206208928,"KIR":1.45679012345679,"KNA":42.3076923076923,"KOR":67.9141613103877,"KWT":0.193602693602694,"LAO":77.3093587521664,"LBN":13.6559139784946,"LBR":88.5095514950166,"LBY":0.123327687918433,"LCA":34.8688524590164,"LIE":40.625,"LKA":37.4793493860628,"LSO":1.13702239789196,"MAR":12.2905892897154,"MCO":0,"MDG":23.5468755373663,"MDV":2.73333333333333,"MEX":36.3135111499781,"MLI":10.896663634352,"MLT":1.09375,"MMR":60.0093031796065,"MNG":9.27468054822683,"MOZ":55.1616266944734,"MRT":0.461860871252547,"MUS":20.2315270935961,"MWI":37.1414934238439,"MYS":62.7560493075635,"NAM":10.6513743638329,"NCL":45.4666301969365,"NER":1.53548590826557,"NGA":29.1249052999111,"NIC":53.176998504238,"NLD":10.2289691943128,"NOR":33.2161513946841,"NPL":39.6643356643357,"NRU":0,"NZL":35.5940526375755,"OMN":0.00969305331179321,"PAK":6.46895755500208,"PAN":61.9774011299435,"PER":59.725421875,"PHL":26.0885065566623,"PNG":80.3773351587687,"POL":28.9986613993274,"PRI":36.1138669673055,"PRK":57.4041192591977,"PRT":37.1475409836066,"PRY":64.2986659954694,"PYF":39.4617486338798,"QAT":0,"ROU":27.7785044691519,"RWA":12.8496149169031,"SAU":0.454484134921779,"SEN":48.3205734171298,"SGP":22.1297014925373,"SLB":90.9221150410861,"SLE":43.318093654752,"SLV":34.6949806949807,"SMR":16.6666666666667,"SOM":13.2025695794944,"STP":61.0625,"SUR":95.8062362276779,"SWE":68.8933585407953,"SWZ":26.8104651162791,"SYC":73.2608695652174,"SYR":2.02459462400696,"TCA":11.0736842105263,"TCD":5.34466327827192,"TGO":25.0351167494025,"THA":37.8966117951027,"TLS":64.7679892400807,"TON":12.4305555555556,"TTO":47.1851851851852,"TUN":4.14506243563337,"TUR":25.7051830100178,"TUV":33.3333333333333,"TZA":64.7889026868368,"UGA":17.8943496321505,"URY":4.55947891669523,"USA":33.0223082096657,"VCT":70.6153846153846,"VEN":58.9830508474576,"VGB":24.7333333333333,"VIR":70.1142857142857,"VNM":28.8056775937817,"VUT":36.2838392124692,"WBG":1.50830564784053,"WSM":62.2367491166078,"YEM":1.03983180862549,"ZAF":14.9552712494539,"ZMB":63.7780976338127,"ZWE":48.6666149670415}}