{"schemaVersion":1,"dataKind":"ranking-year","indicatorId":"AG.LND.FRST.ZS","year":1991,"valuesByCountry":{"ABW":2.33333333333333,"AFG":1.85278199408184,"AGO":63.4534073955242,"ALB":28.7171532846715,"AND":34.0425531914894,"ARE":3.54045339341031,"ARG":12.79699198667,"ASM":90.18,"ATG":22.8272727272727,"AUS":17.4004386707106,"AUT":45.8303078041687,"BDI":10.4449376947041,"BEN":42.2592231287691,"BFA":28.0211622807018,"BGD":14.7524759929323,"BGR":30.1166048992136,"BHR":0.340579710144928,"BHS":50.9350649350649,"BLZ":69.5290223586146,"BMU":18.5185185185185,"BOL":53.1102990861257,"BRA":70.0056543680771,"BRB":14.6511627906977,"BRN":78.0645161290323,"BTN":53.8631509106864,"BWA":32.970550350255,"CAF":37.1970207711323,"CAN":38.8402585886707,"CHE":29.2888195733044,"CHL":20.5816978959883,"CHN":16.9495471466993,"CIV":23.8214433962264,"CMR":47.4069704469971,"COD":66.1458723892283,"COG":65.3089311859444,"COL":58.3468913925192,"COM":24.514777001612,"CPV":4.42034739454094,"CRI":56.8425773599687,"CUB":19.5130353817505,"CYM":54.625,"CYP":17.5497835497835,"DEU":32.381634348237,"DJI":0.241587575496117,"DMA":66.7546666666667,"DNK":13.3864,"DOM":33.7952390809356,"DZA":0.696213692510518,"ECU":52.5286772142754,"EGY":0.0455572856497062,"ESP":28.4790705590261,"FIN":72.0061755146262,"FJI":51.7990147783251,"FRA":26.9435012524353,"FRO":0.0573065902578797,"FSM":90.8685714285714,"GAB":92.1933403190127,"GBR":11.5554085892614,"GHA":43.1427221587413,"GIB":0,"GIN":29.4697216343806,"GMB":40.4078063241107,"GNB":79.1210881934566,"GNQ":95.928449197861,"GRC":25.8240411171451,"GRD":52.0588235294118,"GRL":0.0006438396254024,"GTM":44.0836132885405,"GUM":44.4444444444444,"GUY":94.479842519685,"HND":62.264983465904,"HTI":13.8858127721335,"HUN":20.3029598308668,"IDN":64.4846735152382,"IMN":6.07017543859649,"IND":21.6277129951332,"IRL":6.9460299027435,"IRN":5.58769861735308,"IRQ":1.84146146283467,"ISL":0.183002493765586,"ISR":6.19685767097967,"ITA":26.0708578423039,"JAM":48.130378578024,"JOR":1.10494106980961,"JPN":68.4108612177729,"KEN":6.79763327125136,"KHM":62.2162417856334,"KIR":1.45679012345679,"KNA":42.3076923076923,"KOR":67.8364088741447,"KWT":0.201459034792368,"LAO":77.1282495667244,"LBN":13.6410557184751,"LBR":88.1953903654485,"LBY":0.123327687918433,"LCA":34.8262295081967,"LIE":40.75,"LKA":37.1860787753149,"LSO":1.13702239789196,"MAR":12.2953506609904,"MCO":0,"MDG":23.4329057330536,"MDV":2.73333333333333,"MEX":36.1998096658865,"MHL":52.2222222222222,"MLI":10.896663634352,"MLT":1.09375,"MMR":59.343640787098,"MNG":9.26898726954582,"MNP":72.7065217391304,"MOZ":54.8831353798418,"MRT":0.456582904821966,"MUS":20.2738916256158,"MWI":36.6960118795079,"MYS":62.4738548166185,"NAM":10.5651245612117,"NCL":45.5033916849015,"NER":1.4867845583011,"NGA":28.9456009749992,"NIC":52.3460196111019,"NLD":10.270941943128,"NOR":33.2109493927347,"NPL":39.7403916083916,"NRU":0,"NZL":35.7756522729862,"OMN":0.00969305331179321,"PAK":6.40727091116646,"PAN":61.7550981974711,"PER":59.63552265625,"PHL":25.9310292785995,"PLW":83.245652173913,"PNG":80.3504584198207,"POL":29.056449769826,"PRI":37.3406989853439,"PRK":57.0243003072834,"PRT":37.0185792349727,"PRY":63.6557739743267,"PYF":39.5743169398907,"QAT":0,"ROU":27.7630088032773,"RWA":12.7280097284151,"SAU":0.454484134921779,"SEN":48.0868436087882,"SGP":22.4561194029851,"SLB":90.8959985709182,"SLE":43.0447908007758,"SLV":34.4777992277992,"SMR":16.6666666666667,"SOM":13.0802276277617,"STP":61.0354166666667,"SUR":95.7833338867858,"SWE":68.9179080752502,"SWZ":26.8810465116279,"SYC":73.2608695652174,"SYR":2.05724235498966,"TCA":11.0736842105263,"TCD":5.31472363405337,"TGO":24.8637690751976,"THA":37.8255593180528,"TLS":64.6738399462004,"TON":12.4305555555556,"TTO":47.0797270955166,"TUN":4.16042868177137,"TUR":25.7525915050089,"TUV":33.3333333333333,"TZA":64.368943328065,"UGA":17.6878934988239,"URY":4.88572734544624,"USA":33.0341654510992,"VCT":70.8717948717949,"VEN":58.6571056062582,"VGB":24.7066666666667,"VIR":68.9514285714286,"VNM":29.5455282804387,"VUT":36.2838392124692,"WBG":1.50830564784053,"WSM":62.0664310954064,"YEM":1.03983180862549,"ZAF":14.9252652317635,"ZMB":63.7299398700547,"ZWE":48.5475248804446}}