{"schemaVersion":1,"dataKind":"ranking-year","indicatorId":"AG.LND.FRST.ZS","year":1992,"valuesByCountry":{"ABW":2.33333333333333,"AFG":1.85278199408184,"AGO":63.328744685971,"ALB":28.6459854014599,"AND":34.0425531914894,"ARE":3.63117431709378,"ARG":12.7302690476451,"ARM":11.7426062521953,"ASM":90.01,"ATG":22.6772727272727,"AUS":17.3735183473699,"AUT":45.9060106640814,"AZE":11.4548229328142,"BDI":10.1235202492212,"BEN":41.6384356154665,"BFA":27.8383771929825,"BGD":14.75247445648,"BGR":30.1599927686884,"BHR":0.352112676056338,"BHS":50.9350649350649,"BIH":42.7798828125,"BLR":38.8246077426476,"BLZ":68.9120561157387,"BMU":18.5185185185185,"BOL":52.8607532539463,"BRA":69.5532881717703,"BRB":14.6511627906977,"BRN":77.7609108159393,"BTN":54.0756372664426,"BWA":32.7618089742911,"CAF":37.148865132107,"CAN":38.835005615916,"CHE":29.3967304866273,"CHL":20.6584948596698,"CHN":17.161087742657,"CIV":22.9546477987421,"CMR":47.2160478940577,"COD":65.849010829051,"COG":65.2737920937042,"COL":58.1465633168094,"COM":24.2794196668458,"CPV":5.024317617866,"CRI":56.7443008225617,"CUB":19.8640595903166,"CYM":54.5416666666667,"CYP":17.6634199134199,"DEU":32.3971013662533,"DJI":0.241587575496117,"DMA":66.4293333333333,"DNK":13.4868,"DOM":34.5768163941213,"DZA":0.692518914743003,"ECU":52.202961999711,"EGY":0.0471043246772816,"ESP":29.1176397565273,"EST":52.1938664779429,"FIN":72.1934140976394,"FJI":52.1645320197044,"FRA":27.1015864180351,"FRO":0.0573065902578797,"FSM":90.9085714285714,"G001":33.0058502755487,"GAB":92.1694260100128,"GBR":11.6281569048898,"GEO":39.6310260469132,"GHA":42.669992089303,"GIB":0,"GIN":29.3285039882793,"GMB":39.8413043478261,"GNB":78.8207681365576,"GNQ":95.6305169340464,"GRC":26.058081458495,"GRD":52.0588235294118,"GRL":0.0006438396254024,"GTM":43.5498320268757,"GUM":44.4444444444444,"GUY":94.4605740411481,"HND":62.0777370631871,"HRV":33.2140940797711,"HTI":13.8775761973875,"HUN":20.4223211305219,"IDN":63.531632782614,"IMN":6.07017543859649,"IND":21.7505776623761,"IRL":7.19094208157933,"IRN":5.60302315872197,"IRQ":1.84466241397444,"ISL":0.195730673316708,"ISR":6.29390018484288,"ITA":26.3358947332631,"JAM":48.1277931671283,"JOR":1.10494106980961,"JPN":68.3905650027427,"KAZ":1.17093788198689,"KEN":6.81566925536775,"KGZ":5.9714181438999,"KHM":62.0894629503739,"KIR":1.45679012345679,"KNA":42.3076923076923,"KOR":67.7586564379017,"KWT":0.209315375982043,"LAO":76.9471403812825,"LBN":13.6261974584555,"LBR":87.8812292358804,"LBY":0.123327687918433,"LCA":34.783606557377,"LIE":40.875,"LKA":36.8928081645671,"LSO":1.13702239789196,"LTU":31.2699425654116,"LVA":51.2092821444068,"MAR":12.3001120322653,"MCO":0,"MDA":10.0152114390021,"MDG":23.3189359287409,"MDV":2.73333333333333,"MEX":36.0861081817948,"MHL":52.2222222222222,"MKD":36.221392056626,"MLI":10.896663634352,"MLT":1.09375,"MMR":58.6779783945895,"MNG":9.26329399086481,"MNP":72.3478260869565,"MOZ":54.6046440652102,"MRT":0.451304938391385,"MUS":20.3162561576355,"MWI":36.2505303351718,"MYS":62.1916603256734,"NAM":10.4788747585905,"NCL":45.5401531728665,"NER":1.43808320833662,"NGA":28.7662966500873,"NIC":51.5150407179658,"NLD":10.3129146919431,"NOR":33.2057473907853,"NPL":39.8164475524475,"NRU":0,"NZL":35.9572519083969,"OMN":0.00969305331179321,"PAK":6.34558426733084,"PAN":61.5327952649987,"PER":59.5456234375,"PHL":25.7735520005366,"PLW":83.5565217391304,"PNG":80.3235816808727,"POL":29.1142381403245,"PRI":38.5675310033822,"PRK":56.6444813553691,"PRT":36.8896174863388,"PRY":63.012881953184,"PYF":39.6868852459016,"QAT":0,"ROU":27.7608297742526,"RUS":49.3603470419373,"RWA":12.606404539927,"SAU":0.454484134921779,"SEN":47.8531138004467,"SGP":22.7823880597015,"SLB":90.8698821007503,"SLE":42.7714879467997,"SLV":34.2606177606178,"SMR":16.6666666666667,"SOM":12.9578856760289,"STP":61.0083333333333,"SUR":95.7604315458937,"SVN":59.4339622641509,"SWE":68.9424576097051,"SWZ":26.9516279069767,"SYC":73.2608695652174,"SYR":2.08989008597236,"TCA":11.0736842105263,"TCD":5.28478398983482,"TGO":24.6924214009928,"THA":37.754506841003,"TJK":2.91797656473278,"TKM":8.78215904496414,"TLS":64.5796906523201,"TON":12.4305555555556,"TTO":46.974269005848,"TUN":4.17579492790937,"TUR":25.8,"TUV":33.3333333333333,"TZA":63.9489839692933,"UGA":17.4814373654972,"UKR":16.0890653318374,"URY":5.21197577419724,"USA":33.0460226925328,"UZB":6.18662059238364,"VCT":71.1282051282051,"VEN":58.3311603650587,"VGB":24.68,"VIR":67.7885714285714,"VNM":30.2853789670958,"VUT":36.2838392124692,"WBG":1.50830564784053,"WSM":61.8961130742049,"YEM":1.03983180862549,"ZAF":14.8952592140731,"ZMB":63.6817821062968,"ZWE":48.4284347938477}}