{"schemaVersion":1,"dataKind":"ranking-year","indicatorId":"AG.LND.FRST.ZS","year":1993,"valuesByCountry":{"ABW":2.33333333333333,"AFG":1.85278199408184,"AGO":63.2040819764177,"ALB":28.5748175182482,"AND":34.0425531914894,"ARE":3.72189524077725,"ARG":12.6635461086203,"ARM":11.7352651914296,"ASM":89.84,"ATG":22.5272727272727,"AUS":17.3465980240293,"AUT":45.9817135239942,"AZE":11.5058701947919,"BDI":9.80210280373832,"BEN":41.0176481021639,"BFA":27.6555921052632,"BGD":14.7524729200277,"BGR":30.2033806381632,"BHR":0.373239436619718,"BHS":50.9350649350649,"BIH":42.58779296875,"BLR":39.0744829761647,"BLZ":68.2950898728628,"BMU":18.5185185185185,"BOL":52.6112074217668,"BRA":69.1009219754634,"BRB":14.6511627906977,"BRN":77.4573055028463,"BTN":54.2881236221989,"BWA":32.5530675983272,"CAF":37.1007094930816,"CAN":38.8297526431612,"CHE":29.504640963169,"CHL":20.7352918233512,"CHN":17.3726283386148,"CIV":22.0878522012579,"CMR":47.0251253411182,"COD":65.5521492688736,"COG":65.2386530014641,"COL":57.9462352410996,"COM":24.0440623320795,"CPV":5.62828784119107,"CRI":56.6460242851547,"CUB":20.2150837988827,"CYM":54.4583333333333,"CYP":17.7770562770563,"CZE":34.0595444545102,"DEU":32.413496791934,"DJI":0.241587575496117,"DMA":66.104,"DNK":13.5872,"DOM":35.358393707307,"DZA":0.688824136975488,"ECU":51.8772467851467,"EGY":0.0486513637048571,"ERI":11.2928712871287,"ESP":29.7562089540285,"EST":52.2716914366596,"ETH":19.0395,"FIN":72.3806526806527,"FJI":52.5300492610837,"FRA":27.2596715836348,"FRO":0.0573065902578797,"FSM":90.9485714285714,"G001":32.8229368636513,"GAB":92.1455117010129,"GBR":11.7009052205183,"GEO":39.6429702115412,"GHA":42.1972620198646,"GIB":0,"GIN":29.1872863421781,"GMB":39.2748023715415,"GNB":78.5204480796586,"GNQ":95.3325846702317,"GRC":26.29212257564,"GRD":52.0588235294118,"GRL":0.0006438396254024,"GTM":43.0160507652109,"GUM":44.4444444444444,"GUY":94.4413055626111,"HND":61.8904906604701,"HRV":33.2766946878913,"HTI":13.8693396226415,"HUN":20.5439683952815,"IDN":62.5785920499898,"IMN":6.07017543859649,"IND":21.873442329619,"IRL":7.43585426041516,"IRN":5.61834770009087,"IRQ":1.84786336511421,"ISL":0.20845885286783,"ISR":6.3909426987061,"ITA":26.6009316242222,"JAM":48.1252077562327,"JOR":1.10494106980961,"JPN":68.3702687877126,"KAZ":1.17074086009557,"KEN":6.83370523948413,"KGZ":5.99460792492179,"KHM":61.9626841151144,"KIR":1.45679012345679,"KNA":42.3076923076923,"KOR":67.6809040016587,"KWT":0.217171717171717,"LAO":76.7660311958406,"LBN":13.611339198436,"LBR":87.5670681063123,"LBY":0.123327687918433,"LCA":34.7409836065574,"LIE":41,"LKA":36.5995375538192,"LSO":1.13702239789196,"LTU":31.3895979578813,"LVA":51.3185594677552,"MAR":12.3048734035402,"MCO":0,"MDA":10.0485584218513,"MDG":23.2049661244282,"MDV":2.73333333333333,"MEX":35.9724066977031,"MHL":52.2222222222222,"MKD":36.4005112072355,"MLI":10.896663634352,"MLT":1.09375,"MMR":58.012316002081,"MNG":9.2576007121838,"MNP":71.9891304347826,"MOZ":54.3261527505786,"MRT":0.446026971960803,"MUS":20.3586206896552,"MWI":35.8050487908358,"MYS":61.9094658347284,"NAM":10.3926249559693,"NCL":45.5769146608315,"NER":1.38938185837215,"NGA":28.5869923251754,"NIC":50.6840618248297,"NLD":10.3548874407583,"NOR":33.200545388836,"NPL":39.8925034965035,"NRU":0,"NZL":36.1388515438077,"OMN":0.00969305331179321,"PAK":6.28389762349523,"PAN":61.3104923325262,"PER":59.45572421875,"PHL":25.6160747224738,"PLW":83.8673913043478,"PNG":80.2967051627435,"POL":29.1720265108231,"PRI":39.7943630214205,"PRK":56.2646624034549,"PRT":36.7606557377049,"PRY":62.3699899320413,"PYF":39.7994535519126,"QAT":0,"ROU":27.7586507452279,"RUS":49.3736477934454,"RWA":12.484799351439,"SAU":0.454484134921779,"SEN":47.6193839921051,"SGP":23.1088059701493,"SLB":90.8437656305823,"SLE":42.4981850928235,"SLV":34.0434362934363,"SMR":16.6666666666667,"SOM":12.8355437242962,"STP":60.98125,"SUR":95.7375292050016,"SVK":39.5459251559252,"SVN":59.6573982125124,"SWE":68.96700714416,"SWZ":27.0222093023256,"SYC":73.2608695652174,"SYR":2.12253781695506,"TCA":11.0736842105263,"TCD":5.25484434561626,"TGO":24.521073726788,"THA":37.6834543639531,"TJK":2.91940554444127,"TKM":8.78215904496414,"TLS":64.4855413584398,"TON":12.4305555555556,"TTO":46.8688109161793,"TUN":4.19116117404737,"TUR":25.8474084949911,"TUV":33.3333333333333,"TZA":63.5290246105216,"UGA":17.2749812321706,"UKR":16.1298006386468,"URY":5.53822420294823,"USA":33.0578799339663,"UZB":6.28349177244946,"VCT":71.3846153846154,"VEN":58.0052151238592,"VGB":24.6533333333333,"VIR":66.6257142857143,"VNM":31.0252296537528,"VUT":36.2838392124692,"WBG":1.50830564784053,"WSM":61.7257950530035,"YEM":1.03983180862549,"ZAF":14.8652531963828,"ZMB":63.6336243425389,"ZWE":48.3093447072509}}