{"schemaVersion":1,"dataKind":"ranking-year","indicatorId":"AG.LND.FRST.ZS","year":1994,"valuesByCountry":{"ABW":2.33333333333333,"AFG":1.85278199408184,"AGO":63.0794192668645,"ALB":28.5036496350365,"AND":34.0425531914894,"ARE":3.81261616446072,"ARG":12.5968231695954,"ARM":11.7279241306639,"ASM":89.67,"ATG":22.3772727272727,"AUS":17.3196777006886,"AUT":46.0574163839069,"AZE":11.5569174567696,"BDI":9.48068535825545,"BEN":40.3968605888613,"BFA":27.4728070175439,"BGD":14.7524713835753,"BGR":30.2467685076381,"BHR":0.394366197183099,"BHS":50.9350649350649,"BIH":42.395703125,"BLR":39.3201825727777,"BLZ":67.6781236299868,"BMU":18.5185185185185,"BOL":52.3616615895874,"BRA":68.6485557791566,"BRB":14.6511627906977,"BRN":77.1537001897533,"BTN":63.9807035175879,"BWA":32.3443262223634,"CAF":37.0525538540563,"CAN":38.8244996704065,"CHE":29.6125510029322,"CHL":20.8120887870327,"CHN":17.5841689345725,"CIV":21.2210566037736,"CMR":46.8342027881788,"COD":65.2552877086963,"COG":65.203513909224,"COL":57.7459071653898,"COM":23.8087049973133,"CPV":6.23225806451613,"CRI":56.5477477477477,"CUB":20.5661080074488,"CYM":54.375,"CYP":17.8906926406926,"CZE":34.0697295198654,"DEU":32.4298931568846,"DJI":0.241587575496117,"DMA":65.7786666666667,"DNK":13.6876,"DOM":36.1399710204927,"DZA":0.685129359207974,"ECU":51.5515315705823,"EGY":0.0501984027324326,"ERI":11.2615841584158,"ESP":30.3947781515297,"EST":52.3495163953763,"ETH":18.9665,"FIN":72.5678912636659,"FJI":52.8955665024631,"FRA":27.4177567492346,"FRO":0.0573065902578797,"FSM":90.9885714285714,"G001":32.765567901761,"GAB":92.121597392013,"GBR":11.7736535361468,"GEO":39.6549143761692,"GHA":41.7245319504263,"GIB":0,"GIN":29.0460686960768,"GMB":38.7083003952569,"GNB":78.2201280227596,"GNQ":95.0346524064171,"GRC":26.5261629169899,"GRD":52.0588235294118,"GRL":0.0006438396254024,"GTM":42.4822695035461,"GUM":44.4444444444444,"GUY":94.4220370840742,"HND":61.7032442577531,"HRV":33.3392952960114,"HTI":13.8611030478955,"HUN":20.6633429779657,"IDN":61.6255513173656,"IMN":6.07017543859649,"IND":21.996306996862,"IRL":7.68076643925098,"IRN":5.63367224145976,"IRQ":1.85106431625397,"ISL":0.221187032418953,"ISR":6.48798521256932,"ITA":26.8659685151814,"JAM":48.122622345337,"JOR":1.10494106980961,"JPN":68.3499725726824,"KAZ":1.17054383820425,"KEN":6.85174122360052,"KGZ":6.01779718456726,"KHM":61.835905279855,"KIR":1.45679012345679,"KNA":42.3076923076923,"KOR":67.6031515654157,"KWT":0.225028058361392,"LAO":76.5849220103986,"LBN":13.5964809384164,"LBR":87.2529069767442,"LBY":0.123327687918433,"LCA":34.6983606557377,"LIE":41.125,"LKA":36.3062669430713,"LSO":1.13702239789196,"LTU":31.509253350351,"LVA":51.4278367911035,"MAR":12.3096347748151,"MCO":0,"MDA":10.1092896174863,"MDG":23.0909963201156,"MDV":2.73333333333333,"MEX":35.8587052136115,"MHL":52.2222222222222,"MKD":36.5796303578451,"MLI":10.896663634352,"MLT":1.09375,"MMR":57.3466536095725,"MNG":9.25190743350279,"MNP":71.6304347826087,"MOZ":54.047661435947,"MRT":0.440749005530222,"MUS":20.4009852216749,"MWI":35.3595672464998,"MYS":61.6272713437833,"NAM":10.3063751533482,"NCL":45.6136761487965,"NER":1.34068050840767,"NGA":28.4076880002635,"NIC":49.8530829316935,"NLD":10.3968601895735,"NOR":33.1953433868866,"NPL":39.9685594405594,"NRU":0,"NZL":36.3204511792184,"OMN":0.00969305331179321,"PAK":6.22221097965961,"PAN":61.0881894000538,"PER":59.365825,"PHL":25.4585974444109,"PLW":84.1782608695652,"PNG":80.2698284237954,"POL":29.2298148813216,"PRI":41.0211950394588,"PRK":55.8848434515406,"PRT":36.631693989071,"PRY":61.7270979108986,"PYF":39.9120218579235,"QAT":0,"ROU":27.7504248180907,"RUS":49.3902106849688,"RWA":12.363194162951,"SAU":0.454484134921779,"SEN":47.3856541837636,"SGP":23.4350746268657,"SLB":90.8176491604144,"SLE":42.2248822388473,"SLV":33.8262548262548,"SMR":16.6666666666667,"SOM":12.7132017725635,"STP":60.9541666666667,"SUR":95.7146268641094,"SVK":39.5437006237006,"SVN":59.8808341608739,"SWE":68.9915566786149,"SWZ":27.0927906976744,"SYC":73.2608695652174,"SYR":2.15518554793775,"TCA":11.0736842105263,"TCD":5.22490470139771,"TGO":24.3497260525832,"THA":37.6124018869032,"TJK":2.92083452414976,"TKM":8.78215904496414,"TLS":64.3913920645595,"TON":12.4305555555556,"TTO":46.7633528265107,"TUN":4.20652742018538,"TUR":25.8948169899822,"TUV":33.3333333333333,"TZA":63.1090652517498,"UGA":17.0685250988439,"UKR":16.1705359454561,"URY":5.86447263169923,"USA":33.0697371753998,"UZB":6.38036318758815,"VCT":71.6410256410256,"VEN":57.6792698826597,"VGB":24.6266666666667,"VIR":65.4628571428571,"VNM":31.7650803404098,"VUT":36.2838392124692,"WBG":1.50830564784053,"WSM":61.5554770318021,"YEM":1.03983180862549,"ZAF":14.8352471786924,"ZMB":63.585466578781,"ZWE":48.190254620654}}