{"schemaVersion":1,"dataKind":"ranking-year","indicatorId":"AG.LND.FRST.ZS","year":1995,"valuesByCountry":{"ABW":2.33333333333333,"AFG":1.85278199408184,"AGO":62.9547565573113,"ALB":28.4324817518248,"AND":34.0425531914894,"ARE":3.90333708814418,"ARG":12.5301002305705,"ARM":11.7205830698981,"ASM":89.5,"ATG":22.2272727272727,"AUS":17.2927573773479,"AUT":46.1331192438197,"AZE":11.6079647187474,"BDI":9.15926791277259,"BEN":39.7760730755587,"BFA":27.2900219298246,"BGD":14.752469847123,"BGR":30.2901563771129,"BHR":0.415492957746479,"BHS":50.9350649350649,"BIH":42.20361328125,"BLR":39.5651359504703,"BLZ":67.0611573871109,"BMU":18.5185185185185,"BOL":52.1121157574079,"BRA":68.1961895828498,"BRB":14.6511627906977,"BRN":76.8500948766603,"BTN":64.2301507537688,"BWA":32.1355848463995,"CAF":37.004398215031,"CAN":38.8192466976518,"CHE":29.7204606059196,"CHL":20.8888857507142,"CHN":17.7957284858504,"CIV":20.3542610062893,"CMR":46.6432802352394,"COD":64.958426148519,"COG":65.1683748169839,"COL":57.54557908968,"COM":23.573347662547,"CPV":6.83622828784119,"CRI":56.4494712103408,"CUB":20.9171322160149,"CYM":54.2916666666667,"CYP":18.004329004329,"CZE":34.0799145852207,"DEU":32.4462904611859,"DJI":0.241587575496117,"DMA":65.4533333333333,"DNK":13.788,"DOM":36.9215483336783,"DZA":0.68143458144046,"ECU":51.2258163560179,"EGY":0.051745441760008,"ERI":11.230297029703,"ESP":31.0333473490309,"EST":52.4273413540929,"ETH":18.8935,"FIN":72.7551298466791,"FJI":53.2610837438424,"FRA":27.5758419148344,"FRO":0.0573065902578797,"FSM":91.0285714285714,"G001":32.7059360687426,"GAB":92.0976830830132,"GBR":11.8464018517753,"GEO":39.6668585407972,"GHA":41.251801880988,"GIB":0,"GIN":28.9048510499756,"GMB":38.1417984189723,"GNB":77.9198079658606,"GNQ":94.7367201426025,"GRC":26.760204034135,"GRD":52.0588235294118,"GRL":0.0006438396254024,"GTM":41.9484882418813,"GUM":44.4444444444444,"GUY":94.4027686055372,"HND":61.5159978550362,"HRV":33.4018959041316,"HTI":13.8528664731495,"HUN":20.7827175606499,"IDN":60.6725105847414,"IMN":6.07017543859649,"IND":22.1191716641049,"IRL":7.92567861808681,"IRN":5.64899678282866,"IRQ":1.85426526739374,"ISL":0.233915211970075,"ISR":6.58502772643253,"ITA":27.1310054061406,"JAM":48.1200369344414,"JOR":1.10494106980961,"JPN":68.3296763576522,"KAZ":1.17034681631292,"KEN":6.86977720771691,"KGZ":6.04098696558916,"KHM":61.7091264445955,"KIR":1.45679012345679,"KNA":42.3076923076923,"KOR":67.5253991291727,"KWT":0.232884399551066,"LAO":76.4038128249567,"LBN":13.5816226783969,"LBR":86.9387458471761,"LBY":0.123327687918433,"LCA":34.655737704918,"LIE":41.25,"LKA":36.0129963323234,"LSO":1.13702239789196,"LTU":31.6289087428207,"LVA":51.5371141144519,"MAR":12.3143961460901,"MCO":0,"MDA":10.1700576981476,"MDG":22.9770265158029,"MDV":2.73333333333333,"MEX":35.7450037295198,"MHL":52.2222222222222,"MKD":36.7587495084546,"MLI":10.896663634352,"MLT":1.09375,"MMR":56.680991217064,"MNG":9.24621415482178,"MNP":71.2717391304348,"MOZ":53.7691701213154,"MRT":0.435471039099641,"MUS":20.4433497536946,"MWI":34.9140857021638,"MYS":61.3450768528382,"NAM":10.220125350727,"NCL":45.6504376367615,"NER":1.2919791584432,"NGA":28.2283836753516,"NIC":49.0221040385574,"NLD":10.4388329383886,"NOR":33.1901413849372,"NPL":40.0446153846154,"NRU":0,"NZL":36.5020508146291,"OMN":0.00969305331179321,"PAK":6.16052433582399,"PAN":60.8658864675814,"PER":59.27592578125,"PHL":25.3011201663481,"PLW":84.4891304347826,"PNG":80.2429516848474,"POL":29.2876032518202,"PRI":42.2480270574972,"PRK":55.5050244996263,"PRT":36.5027322404372,"PRY":61.0842058897559,"PYF":40.0245901639344,"QAT":0,"ROU":27.7506645169724,"RUS":49.4010518744833,"RWA":12.2415889744629,"SAU":0.454484134921779,"SEN":47.151924375422,"SGP":23.7614925373134,"SLB":90.7915326902465,"SLE":41.9515793848712,"SLV":33.6090733590734,"SMR":16.6666666666667,"SOM":12.5908598208308,"STP":60.9270833333333,"SUR":95.6917245232173,"SVK":39.5414760914761,"SVN":60.1042701092353,"SWE":69.0161062130698,"SWZ":27.1633720930233,"SYC":73.2608695652174,"SYR":2.18783327892045,"TCA":11.0736842105263,"TCD":5.19496505717916,"TGO":24.1783783783784,"THA":37.5413494098534,"TJK":2.92226350385825,"TKM":8.78215904496414,"TLS":64.2972427706792,"TON":12.4305555555556,"TTO":46.6578947368421,"TUN":4.2218943099897,"TUR":25.9422254849733,"TUV":33.3333333333333,"TZA":62.6891058929781,"UGA":16.8620689655172,"UKR":16.2112712522655,"URY":6.19072106045023,"USA":33.0815944168334,"UZB":6.47723460272685,"VCT":71.8974358974359,"VEN":57.3533246414602,"VGB":24.6,"VIR":64.3,"VNM":32.5049310270669,"VUT":36.2838392124692,"WBG":1.50830564784053,"WSM":61.3851590106007,"YEM":1.03983180862549,"ZAF":14.8052411610021,"ZMB":63.5373088150231,"ZWE":48.0711645340571}}