{"schemaVersion":1,"dataKind":"ranking-year","indicatorId":"AG.LND.FRST.ZS","year":1996,"valuesByCountry":{"ABW":2.33333333333333,"AFG":1.85278199408184,"AGO":62.8300938477581,"ALB":28.3613138686131,"AND":34.0425531914894,"ARE":3.99405801182765,"ARG":12.4633772915456,"ARM":11.7132420091324,"ASM":89.33,"ATG":22.0772727272727,"AUS":17.2658370540073,"AUT":46.2088221037324,"AZE":11.6590119807251,"BDI":8.83785046728972,"BEN":39.1552855622561,"BFA":27.1072368421053,"BGD":14.7524690788968,"BGR":30.3335442465877,"BHR":0.436619718309859,"BHS":50.9350649350649,"BIH":42.0115234375,"BLR":39.8108984787088,"BLZ":66.444191144235,"BMU":18.5185185185185,"BOL":51.8625699252285,"BRA":67.7438233865429,"BRB":14.6511627906977,"BRN":76.5464895635674,"BTN":64.4795979899498,"BWA":31.9268434704357,"CAF":36.9562425760056,"CAN":38.8139937248971,"CHE":29.829347740238,"CHL":20.9656827143956,"CHN":18.0072884878193,"CIV":19.487465408805,"CMR":46.4523576822999,"COD":64.6615645883417,"COG":65.1332357247438,"COL":57.3452510139703,"COM":23.3379903277808,"CPV":7.44019851116625,"CRI":56.3511946729338,"CUB":21.268156424581,"CYM":54.2083333333333,"CYP":18.1179653679654,"CZE":34.0900996505759,"DEU":32.4626887049185,"DJI":0.241587575496117,"DMA":65.128,"DNK":13.8884,"DOM":37.703125646864,"DZA":0.677739803672945,"ECU":50.9001011414535,"EGY":0.0532924807875835,"ERI":11.1990099009901,"ESP":31.6719165465321,"EST":52.5051663128096,"ETH":18.8205,"FIN":72.9423684296924,"FJI":53.6266009852217,"FRA":27.7339270804342,"FRO":0.0573065902578797,"FSM":91.0685714285714,"G001":32.645644844447,"GAB":92.0737687740133,"GBR":11.9191501674038,"GEO":39.6788027054252,"GHA":40.7790718115496,"GIB":0,"GIN":28.7636334038743,"GMB":37.5752964426877,"GNB":77.6194879089616,"GNQ":94.4387878787879,"GRC":26.9942451512801,"GRD":52.0588235294118,"GRL":0.0006438396254024,"GTM":41.4147069802165,"GUM":44.4444444444444,"GUY":94.3835001270003,"HND":61.3287514523193,"HRV":33.4226509467667,"HTI":13.8446298984035,"HUN":20.9020921433341,"IDN":59.7194698521172,"IMN":6.07017543859649,"IND":22.2420363313478,"IRL":8.17059079692263,"IRN":5.66432132419755,"IRQ":1.85746621853351,"ISL":0.246643391521197,"ISR":6.68207024029575,"ITA":27.3960422970997,"JAM":48.1174515235457,"JOR":1.10494106980961,"JPN":68.3281207133059,"KAZ":1.1701497944216,"KEN":6.88781319183329,"KGZ":6.06417622523462,"KHM":61.5823476093361,"KIR":1.45679012345679,"KNA":42.3076923076923,"KOR":67.4476466929297,"KWT":0.240740740740741,"LAO":76.2227036395147,"LBN":13.5667644183773,"LBR":86.624584717608,"LBY":0.123327687918433,"LCA":34.6131147540984,"LIE":41.375,"LKA":35.7197257215755,"LSO":1.13702239789196,"LTU":31.7485641352904,"LVA":51.6463914378003,"MAR":12.319157517365,"MCO":0,"MDA":10.2277558457334,"MDG":22.8630567114902,"MDV":2.73333333333333,"MEX":35.6313022454281,"MHL":52.2222222222222,"MKD":36.9378686590641,"MLI":10.896663634352,"MLT":1.09375,"MMR":56.0153288245555,"MNG":9.24052087614076,"MNP":70.9130434782609,"MOZ":53.4906788066838,"MRT":0.43019307266906,"MUS":20.4857142857143,"MWI":34.4686041578277,"MYS":61.0628823618932,"NAM":10.1338755481058,"NCL":45.6871991247265,"NER":1.24327780847872,"NGA":28.0490793504397,"NIC":48.1911251454213,"NLD":10.4808056872038,"NOR":33.1849393829878,"NPL":40.1206713286713,"NRU":0,"NZL":36.6836504500399,"OMN":0.00969305331179321,"PAK":6.09883769198838,"PAN":60.643583535109,"PER":59.1860265625,"PHL":25.1436428882852,"PLW":84.8,"PNG":80.2160751667182,"POL":29.3453916223187,"PRI":43.4748590755355,"PRK":55.125205547712,"PRT":36.3737704918033,"PRY":60.4413138686131,"PYF":40.1371584699454,"QAT":0,"ROU":27.7448588358313,"RUS":49.404264023114,"RWA":12.1199837859749,"SAU":0.454484134921779,"SEN":46.9181945670805,"SGP":24.0879104477612,"SLB":90.7654162200786,"SLE":41.678276530895,"SLV":33.3918918918919,"SMR":16.6666666666667,"SOM":12.4685178690981,"STP":60.9,"SUR":95.6688221823252,"SVK":39.5392515592516,"SVN":60.3277060575968,"SWE":69.0406557475247,"SWZ":27.2339534883721,"SYC":73.2608695652174,"SYR":2.22048100990315,"TCA":11.0736842105263,"TCD":5.16502541296061,"TGO":24.0070307041736,"THA":37.4702969328035,"TJK":2.92369248356673,"TKM":8.78215904496414,"TLS":64.2030934767989,"TON":12.4305555555556,"TTO":46.5524366471735,"TUN":4.2372605561277,"TUR":25.9896339799644,"TUV":33.3333333333333,"TZA":62.2691465342064,"UGA":16.6556128321906,"UKR":16.2520065590748,"URY":6.51696948920123,"USA":33.0934516582669,"UZB":6.57410601786554,"VCT":72.1538461538461,"VEN":57.0273794002608,"VGB":24.5733333333333,"VIR":63.1371428571429,"VNM":33.2447817137239,"VUT":36.2838392124692,"WBG":1.50830564784053,"WSM":61.2148409893993,"YEM":1.03983180862549,"ZAF":14.7752351433117,"ZMB":63.4891510512651,"ZWE":47.9520744474603}}