{"schemaVersion":1,"dataKind":"ranking-year","indicatorId":"AG.LND.FRST.ZS","year":1997,"valuesByCountry":{"ABW":2.33333333333333,"AFG":1.85278199408184,"AGO":62.7054311382049,"ALB":28.2901459854015,"AND":34.0425531914894,"ARE":4.08477893551112,"ARG":12.3966543525207,"ARM":11.7059009483667,"ASM":89.16,"ATG":21.9272727272727,"AUS":17.2389167306666,"AUT":46.2845249636452,"AZE":11.7100592427028,"BDI":8.51643302180685,"BEN":38.5344980489535,"BFA":26.924451754386,"BGD":14.7524675424445,"BGR":30.3769321160625,"BHR":0.457746478873239,"BHS":50.9350649350649,"BIH":41.81943359375,"BLR":40.0537329619679,"BLZ":65.8272249013591,"BMU":18.5185185185185,"BOL":51.613024093049,"BRA":67.2914571902361,"BRB":14.6511627906977,"BRN":76.2428842504744,"BTN":64.7290452261307,"BWA":31.7181020944718,"CAF":36.9080869369803,"CAN":38.8087407521424,"CHE":29.938242331484,"CHL":21.0424796780771,"CHN":18.2188295344277,"CIV":18.6206698113208,"CMR":46.2614351293605,"COD":64.3647030281643,"COG":65.0980966325037,"COL":57.1449229382605,"COM":23.1026329930145,"CPV":8.04416873449131,"CRI":56.2529181355268,"CUB":21.6191806331471,"CYM":54.125,"CYP":18.2316017316017,"CZE":34.1002847159312,"DEU":32.4818793869073,"DJI":0.241587575496117,"DMA":64.8026666666667,"DNK":13.9888,"DOM":38.4847029600497,"DZA":0.67404502590543,"ECU":50.5743859268892,"EGY":0.054839519815159,"ERI":11.1677227722772,"ESP":32.3104857440333,"EST":52.5829912715263,"ETH":18.7475,"FIN":73.1296070127056,"FJI":53.992118226601,"FRA":27.892012246034,"FRO":0.0573065902578797,"FSM":91.1085714285714,"G001":32.5674589530177,"GAB":92.0498544650134,"GBR":11.9918984830323,"GEO":39.6907468700532,"GHA":40.3063417421113,"GIB":0,"GIN":28.6224157577731,"GMB":37.0087944664032,"GNB":77.3191678520626,"GNQ":94.1408556149732,"GRC":27.22828549263,"GRD":52.0588235294118,"GRL":0.000535997076379583,"GTM":40.8809257185517,"GUM":44.4444444444444,"GUY":94.3642316484633,"HND":61.1415050496023,"HRV":33.4851732761701,"HTI":13.8363933236575,"HUN":21.0355122494432,"IDN":58.766429119493,"IMN":6.07017543859649,"IND":22.3649009985907,"IRL":8.41550297575845,"IRN":5.67964586556644,"IRQ":1.86066716967327,"ISL":0.259371571072319,"ISR":6.77911275415897,"ITA":27.6610791880589,"JAM":48.11486611265,"JOR":1.10494106980961,"JPN":68.3078189300412,"KAZ":1.16995277253028,"KEN":6.90584917594968,"KGZ":6.08736548488008,"KHM":61.4555687740766,"KIR":1.45679012345679,"KNA":42.3076923076923,"KOR":67.3698942566867,"KWT":0.248597081930415,"LAO":76.0415944540728,"LBN":13.5519061583578,"LBR":86.3104235880399,"LBY":0.123327687918433,"LCA":34.5704918032787,"LIE":41.5,"LKA":35.4264551108276,"LSO":1.13702239789196,"LTU":31.8682195277601,"LVA":51.7556687611487,"MAR":12.3239188886399,"MCO":0,"MDA":10.2885783718105,"MDG":22.7490869071775,"MDV":2.73333333333333,"MEX":35.5176007613365,"MHL":52.2222222222222,"MKD":37.1169878096736,"MLI":10.896663634352,"MLT":1.09375,"MMR":55.349666432047,"MNG":9.23482759745975,"MNP":70.554347826087,"MOZ":53.2121874920522,"MRT":0.424915106238479,"MUS":20.528078817734,"MWI":34.0231226134917,"MYS":60.7806878709481,"NAM":10.0476257454846,"NCL":45.7239606126915,"NER":1.19457645851425,"NGA":27.8697750255278,"NIC":47.3601462522852,"NLD":10.522778436019,"NOR":33.1797373810384,"NPL":40.1967272727273,"NRU":0,"NZL":36.8652500854506,"OMN":0.00969305331179321,"PAK":6.03715104815276,"PAN":60.4212806026365,"PER":59.09612734375,"PHL":24.9861656102224,"PLW":85.1108695652174,"PNG":80.1891984277702,"POL":29.4031799928173,"PRI":44.7016910935738,"PRK":54.7453865957977,"PRT":36.2448087431694,"PRY":59.7984218474704,"PYF":40.2497267759563,"QAT":0,"ROU":27.7414717030454,"RUS":49.404127934842,"RWA":11.9983785974868,"SAU":0.454484134921779,"SEN":46.6844647587389,"SGP":24.4141791044776,"SLB":90.7392997499107,"SLE":41.4049736769188,"SLV":33.1747104247104,"SMR":16.6666666666667,"SOM":12.3461759173654,"STP":60.8729166666667,"SUR":95.6459198414331,"SVK":39.537027027027,"SVN":60.5511420059583,"SWE":69.0652052819796,"SWZ":27.3045348837209,"SYC":73.2608695652174,"SYR":2.25312874088584,"TCA":11.0736842105263,"TCD":5.13508576874206,"TGO":23.8356830299687,"THA":37.3992444557537,"TJK":2.92512146327522,"TKM":8.78215904496414,"TLS":64.1089441829186,"TON":12.4305555555556,"TTO":46.4469785575049,"TUN":4.2526268022657,"TUR":26.0370424749555,"TUV":33.3333333333333,"TZA":61.8491871754346,"UGA":16.4491566988639,"UKR":16.2927418658842,"URY":6.84321791795223,"USA":33.1053088997004,"UZB":6.67097743300423,"VCT":72.4102564102564,"VEN":56.7014341590613,"VGB":24.5466666666667,"VIR":61.9742857142857,"VNM":33.984632400381,"VUT":36.2838392124692,"WBG":1.50830564784053,"WSM":61.0445229681979,"YEM":1.03983180862549,"ZAF":14.7452291256213,"ZMB":63.4409932875072,"ZWE":47.8329843608634}}