{"schemaVersion":1,"dataKind":"ranking-year","indicatorId":"AG.LND.FRST.ZS","year":1998,"valuesByCountry":{"ABW":2.33333333333333,"AFG":1.85278199408184,"AGO":62.5807684286516,"ALB":28.2189781021898,"AND":34.0425531914894,"ARE":4.17549985919459,"ARG":12.3299314134959,"ARM":11.698559887601,"ASM":88.99,"ATG":21.7772727272727,"AUS":17.2119964073259,"AUT":46.3602278235579,"AZE":11.7787994030713,"BDI":8.19501557632399,"BEN":37.9137105356509,"BFA":26.7416666666667,"BGD":14.7524660059922,"BGR":30.4203199855374,"BHR":0.47887323943662,"BHS":50.9350649350649,"BIH":41.62734375,"BLR":40.3019292113061,"BLZ":65.2102586584831,"BMU":18.5185185185185,"BOL":51.3634782608696,"BRA":66.8390909939293,"BRB":14.6511627906977,"BRN":75.9392789373814,"BTN":64.9784924623116,"BWA":31.5093607185079,"CAF":36.859931297955,"CAN":38.8034877793876,"CHE":30.0471443886115,"CHL":21.1192766417585,"CHN":18.430370581036,"CIV":17.7538742138365,"CMR":46.0705125764211,"COD":64.067841467987,"COG":65.0629575402635,"COL":56.9445948625507,"COM":22.8672756582483,"CPV":8.64813895781638,"CRI":56.1546415981199,"CUB":21.9702048417132,"CYM":54.0416666666667,"CYP":18.3452380952381,"CZE":34.1104697812864,"DEU":32.500143258266,"DJI":0.241587575496117,"DMA":64.4773333333333,"DNK":14.0892,"DOM":39.2662802732354,"DZA":0.670350248137916,"ECU":56.010798840393,"EGY":0.0563865588427344,"ERI":11.1364356435644,"ESP":32.9490549415345,"EST":52.660816230243,"ETH":18.6745,"FIN":73.3168455957188,"FJI":54.3576354679803,"FRA":28.0500974116337,"FRO":0.0573065902578797,"FSM":91.1485714285714,"G001":32.5137430222582,"GAB":92.0259401560135,"GBR":12.0646467986608,"GEO":39.7026910346813,"GHA":39.8336116726729,"GIB":0,"GIN":28.4811981116718,"GMB":36.4422924901186,"GNB":77.0188477951636,"GNQ":93.8429233511586,"GRC":27.462326609775,"GRD":52.0588235294118,"GRL":0.000535997076379583,"GTM":40.3471444568869,"GUM":44.4444444444444,"GUY":94.3449631699263,"HND":60.9542586468853,"HRV":33.5896977284922,"HTI":13.8281567489115,"HUN":21.1549665924276,"IDN":57.8133883868688,"IMN":6.07017543859649,"IND":22.4877656658337,"IRL":8.66041515459428,"IRN":5.69497040693534,"IRQ":1.86386812081304,"ISL":0.272099750623441,"ISR":6.87615526802218,"ITA":27.9261160790181,"JAM":48.1122807017544,"JOR":1.10494106980961,"JPN":68.2875171467764,"KAZ":1.16975575063896,"KEN":6.92388516006606,"KGZ":6.11055526590198,"KHM":61.3287899388171,"KIR":1.45679012345679,"KNA":42.3076923076923,"KOR":67.2921418204437,"KWT":0.25645342312009,"LAO":75.8604852686309,"LBN":13.5370478983382,"LBR":85.9962624584718,"LBY":0.123327687918433,"LCA":34.527868852459,"LIE":41.625,"LKA":35.1331845000797,"LSO":1.13702239789196,"LTU":31.9878749202297,"LVA":51.8649460844971,"MAR":12.3286802599149,"MCO":0,"MDA":10.3494378608326,"MDG":22.6351171028648,"MDV":2.73333333333333,"MEX":35.4038992772448,"MHL":52.2222222222222,"MKD":37.2961069602831,"MLI":10.896663634352,"MLT":1.09375,"MMR":54.6840040395385,"MNG":9.22913431877874,"MNP":70.195652173913,"MOZ":52.9336961774206,"MRT":0.419637139807898,"MUS":20.5704433497537,"MWI":33.5776410691557,"MYS":60.498493380003,"NAM":9.96137594286339,"NCL":45.7607221006565,"NER":1.14587510854977,"NGA":27.690470700616,"NIC":46.5291673591491,"NLD":10.5647511848341,"NOR":33.1745353790891,"NPL":40.2727832167832,"NRU":0,"NZL":37.0468497208613,"OMN":0.00969305331179321,"PAK":5.97546440431714,"PAN":60.1989776701641,"PER":59.006228125,"PHL":24.8286883321595,"PLW":85.4217391304348,"PNG":80.1623216888222,"POL":29.4609683633158,"PRI":45.9285231116122,"PRK":54.3655676438834,"PRT":36.1158469945355,"PRY":59.1555298263277,"PYF":40.3622950819672,"QAT":0,"ROU":27.7320440785749,"RUS":49.3980807384029,"RWA":11.8767734089988,"SAU":0.454484134921779,"SEN":46.4507349503973,"SGP":24.7405970149254,"SLB":90.7131832797428,"SLE":41.1316708229426,"SLV":32.957528957529,"SMR":16.6666666666667,"SOM":12.2238339656327,"STP":60.8458333333333,"SUR":95.623017500541,"SVK":39.5348024948025,"SVN":60.7745779543198,"SWE":69.0897548164345,"SWZ":27.3751162790698,"SYC":73.2608695652174,"SYR":2.28577647186854,"TCA":11.0736842105263,"TCD":5.10514612452351,"TGO":23.6643353557639,"THA":37.3281919787038,"TJK":2.92655044298371,"TKM":8.78215904496414,"TLS":64.0147948890383,"TON":12.4305555555556,"TTO":46.3415204678363,"TUN":4.26799304840371,"TUR":26.0844509699466,"TUV":33.3333333333333,"TZA":61.4292278166629,"UGA":16.2427005655373,"UKR":16.3334771726935,"URY":7.16946634670323,"USA":33.1171661411339,"UZB":6.76784861307005,"VCT":72.6666666666667,"VEN":56.3754889178618,"VGB":24.52,"VIR":60.8114285714286,"VNM":34.724483087038,"VUT":36.2838392124692,"WBG":1.50830564784053,"WSM":60.8742049469965,"YEM":1.03983180862549,"ZAF":14.715223107931,"ZMB":63.3928355237493,"ZWE":47.7138942742665}}