{"schemaVersion":1,"dataKind":"ranking-year","indicatorId":"AG.LND.FRST.ZS","year":1999,"valuesByCountry":{"ABW":2.33333333333333,"AFG":1.85278199408184,"AGO":62.4561057190984,"ALB":28.1478102189781,"AND":34.0425531914894,"ARE":4.26622078287806,"ARG":12.263208474471,"ARM":11.6912188268353,"ASM":88.82,"ATG":21.6272727272727,"AUS":17.1850760839853,"AUT":46.4359306834707,"AZE":11.8852790036878,"BDI":7.87359813084112,"BEN":37.2929230223484,"BFA":26.5588815789474,"BGD":14.7524644695398,"BGR":30.4637078550122,"BHR":0.5,"BHS":50.9350649350649,"BIH":41.43525390625,"BLR":40.5437917519166,"BLZ":64.5932924156072,"BMU":18.5185185185185,"BOL":51.1139324286901,"BRA":66.3867247976224,"BRB":14.6511627906977,"BRN":75.6356736242884,"BTN":65.2279396984925,"BWA":31.3006193425441,"CAF":36.8117756589297,"CAN":38.7982348066329,"CHE":30.1560539205764,"CHL":21.19607360544,"CHN":18.6419116276444,"CIV":16.8870786163522,"CMR":45.8795900234816,"COD":63.7709799078097,"COG":65.0278184480234,"COL":56.7442667868409,"COM":22.631918323482,"CPV":9.25210918114144,"CRI":56.0563650607129,"CUB":22.3212290502793,"CYM":53.9583333333333,"CYP":18.4588744588745,"CZE":34.1206548466416,"DEU":32.5193420826408,"DJI":0.241587575496117,"DMA":64.152,"DNK":14.1896,"DOM":40.047857586421,"DZA":0.666655470370402,"ECU":55.6477331293284,"EGY":0.0579335978703099,"ERI":11.1051485148515,"ESP":33.5876241390357,"EST":52.7386411889597,"ETH":18.6015,"FIN":73.5040841787321,"FJI":54.7231527093596,"FRA":28.2081825772335,"FRO":0.0573065902578797,"FSM":91.1885714285714,"G001":32.4516216956723,"GAB":92.0020258470136,"GBR":12.1373951142893,"GEO":39.7146351993093,"GHA":39.3608816032346,"GIB":0,"GIN":28.3399804655706,"GMB":35.875790513834,"GNB":76.7185277382646,"GNQ":93.544991087344,"GRC":27.6963669511249,"GRD":52.0588235294118,"GRL":0.000535997076379583,"GTM":39.8133631952221,"GUM":44.4444444444444,"GUY":94.3256946913894,"HND":60.7670122441684,"HRV":33.6522983366124,"HTI":13.8199201741655,"HUN":21.274420935412,"IDN":56.8603476542447,"IMN":6.07017543859649,"IND":22.6106303330766,"IRL":8.90532733343011,"IRN":5.71029494830423,"IRQ":1.86706907195281,"ISL":0.284827930174564,"ISR":6.9731977818854,"ITA":28.1911529699772,"JAM":48.1096952908587,"JOR":1.10494106980961,"JPN":68.2672153635117,"KAZ":1.16955872874764,"KEN":6.94192114418245,"KGZ":6.13374504692388,"KHM":61.2020111035577,"KIR":1.45679012345679,"KNA":42.3076923076923,"KOR":67.2143893842007,"KWT":0.264309764309764,"LAO":75.6793760831889,"LBN":13.5221896383187,"LBR":85.6821013289037,"LBY":0.123327687918433,"LCA":34.4852459016393,"LIE":41.75,"LKA":34.8399138893318,"LSO":1.13702239789196,"LTU":32.1075303126994,"LVA":51.9742234078455,"MAR":12.3334416311898,"MCO":0,"MDA":10.4103343465046,"MDG":22.5211472985521,"MDV":2.73333333333333,"MEX":35.2901977931531,"MHL":52.2222222222222,"MKD":37.4752261108926,"MLI":10.896663634352,"MLT":1.09375,"MMR":54.01834164703,"MNG":9.22344104009773,"MNP":69.8369565217391,"MOZ":52.655204862789,"MRT":0.414359173377316,"MUS":20.6128078817734,"MWI":33.1321595248197,"MYS":60.216298889058,"NAM":9.8751261402422,"NCL":45.7974835886214,"NER":1.0971737585853,"NGA":27.5111663757041,"NIC":45.698188466013,"NLD":10.6067239336493,"NOR":33.1693333771397,"NPL":40.3488391608392,"NRU":0,"NZL":37.2284493562721,"OMN":0.00969305331179321,"PAK":5.91377776048153,"PAN":59.9766747376917,"PER":58.91632890625,"PHL":24.6712110540967,"PLW":85.7326086956522,"PNG":80.1354449498741,"POL":29.5187567338144,"PRI":47.1553551296505,"PRK":53.9857486919691,"PRT":35.9868852459016,"PRY":58.512637805185,"PYF":40.4748633879781,"QAT":0,"ROU":27.7286585365854,"RUS":49.3782924744226,"RWA":11.7551682205107,"SAU":0.454484134921779,"SEN":46.2170051420558,"SGP":25.0668656716418,"SLB":90.6870668095749,"SLE":40.8583679689665,"SLV":32.7403474903475,"SMR":16.6666666666667,"SOM":12.1014920139,"STP":60.81875,"SUR":95.6001151596488,"SVK":39.532577962578,"SVN":60.9980139026812,"SWE":69.1143043508894,"SWZ":27.4456976744186,"SYC":73.2608695652174,"SYR":2.31842420285124,"TCA":11.0736842105263,"TCD":5.07520648030496,"TGO":23.4929876815591,"THA":37.257139501654,"TJK":2.9279794226922,"TKM":8.78215904496414,"TLS":63.920645595158,"TON":12.4305555555556,"TTO":46.2360623781676,"TUN":4.28335929454171,"TUR":26.1318594649377,"TUV":33.3333333333333,"TZA":61.0092684578912,"UGA":16.0362444322106,"UKR":16.3742124795029,"URY":7.49571477545423,"USA":33.1290233825675,"UZB":6.86472002820874,"VCT":72.9230769230769,"VEN":56.0495436766623,"VGB":24.4933333333333,"VIR":59.6485714285714,"VNM":35.464333773695,"VUT":36.2838392124692,"WBG":1.50830564784053,"WSM":60.7038869257951,"YEM":1.03983180862549,"ZAF":14.6852170902406,"ZMB":63.3446777599914,"ZWE":47.5948041876696}}