{"schemaVersion":1,"dataKind":"ranking-year","indicatorId":"AG.LND.FRST.ZS","year":2000,"valuesByCountry":{"ABW":2.33333333333333,"AFG":1.85278199408184,"AGO":62.3314430095452,"ALB":28.0766423357664,"AND":34.0425531914894,"ARE":4.35694170656153,"ARG":12.1964855354461,"ARM":11.6838777660695,"ASM":88.65,"ATG":21.4772727272727,"AUS":17.1581557606446,"AUT":46.5116335433834,"AZE":11.9510925488772,"BDI":7.55218068535826,"BEL":21.9991428477236,"BEN":36.6721355090458,"BFA":26.3760964912281,"BGD":14.7524629330875,"BGR":30.507095724487,"BHR":0.52112676056338,"BHS":50.9350649350649,"BIH":41.2431640625,"BLR":40.78423252879,"BLZ":63.9763261727313,"BMU":18.5185185185185,"BOL":50.8643865965107,"BRA":65.9343586013156,"BRB":14.6511627906977,"BRN":75.3320683111954,"BTN":65.4773869346734,"BWA":31.0918779665802,"CAF":36.7636200199043,"CAN":38.7929818338782,"CHE":30.2649701705926,"CHL":21.2728705691214,"CHN":18.8534727562839,"CIV":16.0202830188679,"CMR":45.6886674705422,"COD":63.4741183476324,"COG":64.9926793557833,"COL":56.5439387111311,"COM":22.3965609887157,"CPV":9.8560794044665,"CRI":55.9580885233059,"CUB":22.6722532588454,"CYM":53.875,"CYP":18.5725108225108,"CZE":34.1308399119969,"DEU":32.5376128385155,"DJI":0.241587575496117,"DMA":63.8266666666667,"DNK":14.29,"DOM":40.8294348996067,"DZA":0.662960692602887,"ECU":55.2846674182638,"EGY":0.0594806368978854,"ERI":11.0738613861386,"ESP":34.256372745491,"EST":52.8164661476763,"ETH":18.5285,"FIN":73.6913227617453,"FJI":55.0886699507389,"FRA":28.3662677428333,"FRO":0.0573065902578797,"FSM":91.2285714285714,"G001":32.373759569026,"GAB":91.9781115380137,"GBR":12.2101434299177,"GEO":39.7265793639373,"GHA":38.8881515337963,"GIB":0,"GIN":28.1987628194693,"GMB":35.3092885375494,"GNB":76.4182076813656,"GNQ":93.2470588235294,"GRC":27.93040806827,"GRD":52.0588235294118,"GRL":0.000535997076379583,"GTM":39.2795819335573,"GUM":44.4444444444444,"GUY":94.3064262128524,"HND":60.5797658414514,"HRV":33.7136929460581,"HTI":13.8116835994194,"HUN":21.4368444543629,"IDN":53.943528667353,"IMN":6.07017543859649,"IND":22.7334950003195,"IRL":9.15023951226593,"IRN":5.72561948967313,"IRQ":1.87027002309258,"ISL":0.297556109725686,"ISR":7.07024029574861,"ITA":28.3014561169763,"JAM":48.1071098799631,"JOR":1.10494106980961,"JPN":68.2469135802469,"KAZ":1.16936170685632,"KEN":6.95995712829884,"KGZ":6.15693430656934,"KHM":61.0752322682982,"KIR":1.45679012345679,"KNA":42.3076923076923,"KOR":67.1366369479577,"KWT":0.272166105499439,"LAO":75.498266897747,"LBN":13.5073313782991,"LBR":85.3679401993355,"LBY":0.123327687918433,"LCA":34.4426229508197,"LIE":41.875,"LKA":34.546643278584,"LSO":1.13702239789196,"LTU":32.2271857051691,"LUX":33.6769652665025,"LVA":52.0835007311939,"MAR":12.3382030024647,"MCO":0,"MDA":10.4744525547445,"MDG":22.4071774942394,"MDV":2.73333333333333,"MEX":35.1764963090614,"MHL":52.2222222222222,"MKD":37.6543452615022,"MLI":10.896663634352,"MLT":1.09375,"MMR":53.3526792545215,"MNG":9.21774776141672,"MNP":69.4782608695652,"MOZ":52.3767135481574,"MRT":0.409081206946735,"MUS":20.6551724137931,"MWI":32.6866779804837,"MYS":59.9341043981129,"NAM":9.78887633762101,"NCL":45.8342450765864,"NER":1.04847240862083,"NGA":27.3318620507922,"NIC":44.8672095728768,"NLD":10.6486966824645,"NOR":33.1641313751903,"NPL":40.3261946285316,"NRU":0,"NZL":37.4100489916828,"OMN":0.00969305331179321,"PAK":5.85209111664591,"PAN":59.7543718052193,"PER":58.8264296875,"PHL":24.5137337760338,"PLW":86.0434782608696,"PNG":80.1085684317449,"POL":29.5765451043129,"PRI":48.3821871476888,"PRK":53.6059297400548,"PRT":35.8579234972678,"PRY":57.8697457840423,"PYF":42.7974647075771,"QAT":0,"ROU":27.7132036045449,"RUS":49.4018499097143,"RWA":11.6335630320227,"SAU":0.454484134921779,"SEN":45.9832753337142,"SGP":25.3932835820895,"SLB":90.6609503394069,"SLE":40.5850651149903,"SLV":32.523166023166,"SMR":16.6666666666667,"SOM":11.9791500621672,"STP":60.7916666666667,"SUR":95.5772128187567,"SVK":39.5303534303534,"SVN":61.2214498510427,"SWE":69.1388538853443,"SWZ":27.5162790697674,"SYC":73.2608695652174,"SYR":2.35107193383393,"TCA":11.0736842105263,"TCD":5.0452668360864,"TGO":23.3216400073543,"THA":37.1860870246041,"TJK":2.92940840240069,"TKM":8.78215904496414,"TLS":63.8264963012777,"TON":12.4305555555556,"TTO":46.130604288499,"TUN":4.29872554067971,"TUR":26.1792679599288,"TUV":33.3333333333333,"TZA":60.5893090991194,"UGA":15.8297882988839,"UKR":16.4149477863122,"URY":7.82196320420523,"USA":33.1301735880689,"UZB":6.7928870436847,"VCT":73.1794871794872,"VEN":55.7235984354628,"VGB":24.4666666666667,"VIR":58.4857142857143,"VNM":37.8836880344628,"VUT":36.2838392124692,"WBG":1.50830564784053,"WSM":60.5335689045936,"YEM":1.03983180862549,"ZAF":14.6552110725503,"ZMB":63.2965199962335,"ZWE":47.4757141010728}}