{"schemaVersion":1,"dataKind":"ranking-year","indicatorId":"AG.LND.FRST.ZS","year":2001,"valuesByCountry":{"ABW":2.33333333333333,"AFG":1.85278199408184,"AGO":61.8862188176787,"ALB":28.1232481751825,"AND":34.0425531914894,"ARE":4.36802309208674,"ARG":12.0808714176615,"ARM":11.6765718299965,"ASM":88.5,"ATG":21.325,"AUS":17.1286333519909,"AUT":46.5420019389239,"AZE":12.0060469226672,"BDI":7.55218068535826,"BEL":22.0735502587941,"BEN":36.2287158566868,"BFA":26.1933479532164,"BGD":14.7278904509488,"BGR":30.834312573443,"BHR":0.542253521126761,"BHS":50.9350649350649,"BIH":41.22560546875,"BLR":40.9610340951667,"BLZ":63.6786058746164,"BMU":18.5185185185185,"BOL":50.6783457952552,"BRA":65.4616708980706,"BRB":14.6511627906977,"BRN":75.0094876660342,"BTN":65.7268592964824,"BWA":30.8831365906163,"CAF":36.715464380879,"CAN":38.7876307080739,"CHE":30.3634195933644,"CHL":21.3950172958259,"CHN":19.1049681205612,"CIV":15.6652924528302,"CMR":45.541217659876,"COD":63.1772567874551,"COG":64.9575402635432,"COL":56.3701928796755,"COM":22.1612036539495,"CPV":9.93052109181141,"CRI":55.9854680767724,"CUB":23.135009310987,"CYM":53.7875,"CYP":18.5858225108225,"CZE":34.1568396531642,"DEU":32.5580395528805,"DJI":0.241587575496117,"DMA":63.8266666666667,"DNK":14.327225,"DOM":41.0377768577934,"DZA":0.677193984230017,"ECU":55.0018883878241,"EGY":0.060126575920438,"ERI":11.0425742574257,"ESP":34.5805002808313,"EST":53.0456003774475,"ETH":18.4555,"FIN":73.6244656751699,"FJI":55.4541324575807,"FRA":28.5761202337879,"FRO":0.0573065902578797,"FSM":91.2671428571429,"G001":32.3344314178347,"GAB":91.9584778980867,"GBR":12.2535444136734,"GEO":39.8155130234566,"GHA":38.490120418388,"GIB":0,"GIN":28.0522545987303,"GMB":34.7427865612648,"GNB":76.1178876244666,"GNQ":92.9491265597148,"GRC":28.1643669511249,"GRD":52.0588235294118,"GRL":0.000535997076379583,"GTM":38.8254945875327,"GUM":44.4444444444444,"GUY":94.2838658877318,"HND":60.3985164000357,"HRV":33.7762913149234,"HTI":13.8034470246734,"HUN":21.5765677304173,"IDN":53.8572019777163,"IMN":6.07017543859649,"IND":22.7975675957473,"IRL":9.28091159820003,"IRN":5.80950661853189,"IRQ":1.87187049866246,"ISL":0.312359102244389,"ISR":7.07486136783734,"ITA":28.5242325458714,"JAM":48.4529085872576,"JOR":1.10494106980961,"JPN":68.2716049382716,"KAZ":1.16659302885506,"KEN":6.89936570966722,"KGZ":6.18236704900939,"KHM":60.9665930206209,"KIR":1.45679012345679,"KNA":42.3076923076923,"KOR":66.8503204465578,"KWT":0.280022446689113,"LAO":75.2883448873484,"LBN":13.4992179863148,"LBR":85.0537790697674,"LBY":0.123327687918433,"LCA":34.4032786885246,"LIE":41.874375,"LKA":34.4464997608037,"LSO":1.13702239789196,"LTU":32.4664964901085,"LUX":33.7546514608889,"LVA":52.2942131229209,"MAR":12.3758525655389,"MCO":0,"MDA":10.56599756691,"MDG":22.3265828661829,"MDV":2.73333333333333,"MEX":35.1025211553795,"MHL":52.2222222222222,"MKD":37.6656704679512,"MLI":10.896663634352,"MLT":1.09375,"MMR":52.8282874804909,"MNG":9.21257792833521,"MNP":69.1217391304348,"MOZ":52.0949337470434,"MRT":0.403803240516154,"MUS":20.4807881773399,"MWI":32.2411964361476,"MYS":59.7077461573581,"NAM":9.70262556328876,"NCL":45.8406455142232,"NER":1.03866740348938,"NGA":27.1525566279083,"NIC":43.8607528668772,"NLD":10.6901066350711,"NOR":33.1611196898512,"NPL":40.4526473665853,"NRU":0,"NZL":37.4091679009532,"OMN":0.00969305331179321,"PAK":5.79792834163553,"PAN":59.6008205542104,"PER":58.72892734375,"PHL":24.3562598517624,"PLW":86.2565217391304,"PNG":80.0866894846089,"POL":29.6646968559209,"PRI":49.0845546786922,"PRK":53.4296154804418,"PRT":35.8262295081967,"PRY":57.0085728668512,"PYF":42.8236819360415,"QAT":0,"ROU":27.7780679987811,"RUS":49.4403819433422,"RWA":11.5443858937981,"SAU":0.454484134921779,"SEN":45.7833064976887,"SGP":25.5016417910448,"SLB":90.6347981421936,"SLE":40.3117622610141,"SLV":32.3059845559846,"SMR":16.6666666666667,"SOM":11.8568081104345,"STP":60.7645833333333,"SUR":95.5516626283327,"SVK":39.564656964657,"SVN":61.2909632571996,"SWE":69.1167593043349,"SWZ":27.5869186046512,"SYC":73.2608695652174,"SYR":2.38371966481663,"TCA":11.0736842105263,"TCD":4.97990787801779,"TGO":23.2672292700864,"THA":37.3965041398344,"TJK":2.92940840240069,"TKM":8.78215904496414,"TLS":63.7323470073975,"TON":12.4305555555556,"TTO":46.0479532163743,"TUN":4.31132852729145,"TUR":26.3007198264101,"TUV":33.3333333333333,"TZA":60.1693497403477,"UGA":15.6233271608028,"UKR":16.4215068611375,"URY":8.02896811792938,"USA":33.1867556145437,"UZB":6.88276941852809,"VCT":73.1794871794872,"VEN":55.53698769911,"VGB":24.4466666666667,"VIR":57.9028571428571,"VNM":38.3956282747758,"VUT":36.2838392124692,"WBG":1.52275747508306,"WSM":60.3632508833922,"YEM":1.03983180862549,"ZAF":14.6252050548599,"ZMB":63.2483622324756,"ZWE":47.3566240144759}}