{"schemaVersion":1,"dataKind":"ranking-year","indicatorId":"AG.LND.FRST.ZS","year":2002,"valuesByCountry":{"ABW":2.33333333333333,"AFG":1.85278199408184,"AGO":61.4409946258121,"ALB":28.1698540145985,"AND":34.0425531914894,"ARE":4.37910447761194,"ARG":11.9652572998769,"ARM":11.6692658939234,"ASM":88.35,"ATG":21.1727272727273,"AUS":17.0991109433373,"AUT":46.5723703344644,"AZE":12.0588116391101,"BDI":7.55218068535826,"BEL":22.1479576698645,"BEN":35.7852962043278,"BFA":26.0105994152047,"BGD":14.70331796881,"BGR":31.6856617647059,"BHR":0.563380281690141,"BHS":50.9350649350649,"BIH":41.208046875,"BLR":41.1400736581061,"BLZ":63.3808855765015,"BMU":18.5185185185185,"BOL":50.4923049939998,"BRA":64.9889831948257,"BRB":14.6511627906977,"BRN":74.6869070208729,"BTN":65.9763316582915,"BWA":30.6743952146525,"CAF":36.6673087418537,"CAN":38.7822795822695,"CHE":30.4618750992981,"CHL":21.5171640225303,"CHN":19.3564538990231,"CIV":15.3103018867925,"CMR":45.3937678492099,"COD":62.8803952272777,"COG":64.9224011713031,"COL":56.1964470482199,"COM":21.9258463191832,"CPV":10.0049627791563,"CRI":56.0128476302389,"CUB":23.8217877620077,"CYM":53.7,"CYP":18.5991341991342,"CZE":34.1828393943316,"DEU":32.5775382674999,"DJI":0.241587575496117,"DMA":63.8266666666667,"DNK":14.36445,"DOM":41.2461188159801,"DZA":0.691427275857146,"ECU":54.7191093573844,"EGY":0.0607725149429906,"ERI":11.0112871287129,"ESP":34.8353077909586,"EST":53.2747346072187,"ETH":18.3825,"FIN":73.5576085885945,"FJI":55.8195949644225,"FRA":28.7859727247426,"FRO":0.0573065902578797,"FSM":91.3057142857143,"G001":32.2953595345931,"GAB":91.9388442581597,"GBR":12.296945397429,"GEO":39.904446682976,"GHA":38.0920893029797,"GIB":0,"GIN":27.9057463779912,"GMB":34.1762845849802,"GNB":75.8175675675676,"GNQ":92.6511942959002,"GRC":28.398326609775,"GRD":52.0588235294118,"GRL":0.000535997076379583,"GTM":38.371407241508,"GUM":44.4444444444444,"GUY":94.2613055626111,"HND":60.2172669586201,"HRV":33.8388896837888,"HTI":13.7952104499274,"HUN":21.7162910064718,"IDN":53.7708752880796,"IMN":6.07017543859649,"IND":22.8616401911751,"IRL":9.41158368413413,"IRN":5.89339374739065,"IRQ":1.87347097423234,"ISL":0.327162094763092,"ISR":7.07948243992606,"ITA":28.7470089747665,"JAM":48.7987072945522,"JOR":1.10494106980961,"JPN":68.2962962962963,"KAZ":1.16382431381265,"KEN":6.8387742910356,"KGZ":6.20779979144943,"KHM":60.8579537729436,"KIR":1.45679012345679,"KNA":42.3076923076923,"KOR":66.7238351069325,"KWT":0.287878787878788,"LAO":75.0784228769497,"LBN":13.4911045943304,"LBR":84.7396179401993,"LBY":0.123327687918433,"LCA":34.3639344262295,"LIE":41.87375,"LKA":34.3463562430234,"LSO":1.13702239789196,"LTU":32.7058072750479,"LUX":33.8323376552753,"LVA":52.504925514648,"MAR":12.413502128613,"MCO":0,"MDA":10.6575425790754,"MDG":22.2459882381264,"MDV":2.73333333333333,"MEX":35.0285460016976,"MHL":52.2222222222222,"MKD":37.6769956744003,"MLI":10.896663634352,"MLT":1.09375,"MMR":52.3038957064602,"MNG":9.20740675053234,"MNP":68.7652173913043,"MOZ":51.8131539459295,"MRT":0.398525274085573,"MUS":20.3064039408867,"MWI":31.7957148918116,"MYS":59.4813879166033,"NAM":9.6163747889565,"NCL":45.84704595186,"NER":1.02886239835794,"NGA":26.9732512050243,"NIC":42.8542961608775,"NLD":10.7315165876777,"NOR":33.1581080045121,"NPL":40.579100104639,"NRU":0,"NZL":37.4082868102237,"OMN":0.00969305331179321,"PAK":5.74376556662516,"PAN":59.4472693032015,"PER":58.631425,"PHL":24.198785927491,"PLW":86.4695652173913,"PNG":80.064810537473,"POL":29.7528486075288,"PRI":49.7869222096956,"PRK":53.2533012208288,"PRT":35.7945355191257,"PRY":56.1473999496602,"PYF":42.8498991645059,"QAT":0,"ROU":27.823552442685,"RUS":49.4746894866839,"RWA":11.4552087555736,"SAU":0.454484134921779,"SEN":45.5833376616631,"SGP":25.4204444444444,"SLB":90.6086459449804,"SLE":40.038459407038,"SLV":32.0888030888031,"SMR":16.6666666666667,"SOM":11.7344661587018,"STP":60.7375,"SUR":95.5261124379087,"SVK":39.5989604989605,"SVN":61.3604766633565,"SWE":69.0946647233255,"SWZ":27.6575581395349,"SYC":73.2608695652174,"SYR":2.41636739579933,"TCA":11.0736842105263,"TCD":4.91454891994917,"TGO":23.2128185328185,"THA":37.6069212550647,"TJK":2.92940840240069,"TKM":8.78215904496414,"TLS":63.6381977135172,"TON":12.4305555555556,"TTO":45.9653021442495,"TUN":4.32393151390319,"TUR":26.4221716928914,"TUV":33.3333333333333,"TZA":59.749390381576,"UGA":15.4168660227216,"UKR":16.4283495011565,"URY":8.23597303165353,"USA":33.2433376410185,"UZB":6.97181030072653,"VCT":73.1794871794872,"VEN":55.3503769627572,"VGB":24.4266666666667,"VIR":57.32,"VNM":38.9788826275962,"VUT":36.2838392124692,"WBG":1.53720930232558,"WSM":60.1929328621908,"YEM":1.03983180862549,"ZAF":14.5951990371695,"ZMB":63.2002044687176,"ZWE":47.237533927879}}