{"schemaVersion":1,"dataKind":"ranking-year","indicatorId":"AG.LND.FRST.ZS","year":2003,"valuesByCountry":{"ABW":2.33333333333333,"AFG":1.85278199408184,"AGO":60.9957704339456,"ALB":28.2164598540146,"AND":34.0425531914894,"ARE":4.39018586313714,"ARG":11.8496431820922,"ARM":11.6619599578504,"ASM":88.2,"ATG":21.0204545454545,"AUS":17.0695885346836,"AUT":46.6027387300049,"AZE":12.1086289502976,"BDI":7.55218068535826,"BEL":22.222365080935,"BEN":35.3418765519688,"BFA":25.827850877193,"BGD":14.6787454866713,"BGR":32.0272133860439,"BHR":0.576388888888889,"BHS":50.9350649350649,"BIH":41.19048828125,"BLR":41.3166950982616,"BLZ":63.0831652783867,"BMU":18.5185185185185,"BOL":50.3062641927444,"BRA":64.5162954915806,"BRB":14.6511627906977,"BRN":74.3643263757116,"BTN":66.2258040201005,"BWA":30.4656538386886,"CAF":36.6191531028283,"CAN":38.7769284564652,"CHE":30.5603374622472,"CHL":21.6393107492347,"CHN":19.6079386867747,"CIV":14.9553113207547,"CMR":45.2463180385437,"COD":62.5835336671004,"COG":64.887262079063,"COL":56.0227012167643,"COM":21.690488984417,"CPV":10.0794044665012,"CRI":56.0402271837054,"CUB":24.2866541353383,"CYM":53.6125,"CYP":18.6124458874459,"CZE":34.2088391354989,"DEU":32.5979759754594,"DJI":0.241587575496117,"DMA":63.8266666666667,"DNK":14.401675,"DOM":41.4544607741668,"DZA":0.705660567484276,"ECU":54.4363303269448,"EGY":0.0614184539655432,"ERI":10.98,"ESP":35.114186414535,"EST":53.5038688369899,"ETH":18.3095,"FIN":73.4907515020191,"FJI":56.1850574712644,"FRA":28.9958252156972,"FRO":0.0573065902578797,"FSM":91.3442857142857,"G001":32.2539212599977,"GAB":91.9192106182326,"GBR":12.3403463811846,"GEO":39.9933803424953,"GHA":37.6940581875714,"GIB":0,"GIN":27.7592381572522,"GMB":33.6097826086957,"GNB":75.5172475106686,"GNQ":92.3532620320856,"GRC":28.63228549263,"GRD":52.0588235294118,"GRL":0.000535997076379583,"GTM":37.9173198954834,"GUM":44.4444444444444,"GUY":94.2387452374905,"HND":60.0360175172044,"HRV":33.8699878493317,"HTI":13.7869738751814,"HUN":21.8560142825262,"IDN":53.684548598443,"IMN":6.07017543859649,"IND":22.9257127866029,"IRL":9.54225577006822,"IRN":5.97728087624942,"IRQ":1.87507144980223,"ISL":0.341965087281795,"ISR":7.08410351201479,"ITA":28.9697854036616,"JAM":49.1445060018467,"JOR":1.10494106980961,"JPN":68.320987654321,"KAZ":1.16105563581139,"KEN":6.77818287240398,"KGZ":6.23323253388947,"KHM":60.7493145252663,"KIR":1.45679012345679,"KNA":42.3076923076923,"KOR":66.625,"KWT":0.295735129068462,"LAO":74.8685008665511,"LBN":13.482991202346,"LBR":84.4254568106312,"LBY":0.123327687918433,"LCA":34.3245901639344,"LIE":41.87375,"LKA":34.2462127252432,"LSO":1.13702239789196,"LTU":32.9451180599872,"LUX":33.9100238496617,"LVA":52.715637906375,"MAR":12.4511516916872,"MCO":0,"MDA":10.7523577730453,"MDG":22.1653936100698,"MDV":2.73333333333333,"MEX":34.9545708480156,"MHL":52.2222222222222,"MKD":37.6883208808494,"MLI":10.896663634352,"MLT":1.09375,"MMR":51.7795039324295,"MNG":9.1593411587666,"MNP":68.4086956521739,"MOZ":51.5313741448155,"MRT":0.393247307654992,"MUS":20.1320197044335,"MWI":31.3502333474756,"MYS":59.2550296758484,"NAM":9.53012401462425,"NCL":45.8534463894967,"NER":1.01905739322649,"NGA":26.7939457821404,"NIC":41.8478394548778,"NLD":10.7729265402844,"NOR":33.1550963191729,"NPL":40.7055528426927,"NRU":0,"NZL":37.4074057194941,"OMN":0.00969305331179321,"PAK":5.68960279161478,"PAN":59.2937180521926,"PER":58.53392265625,"PHL":24.0413120032196,"PLW":86.6826086956522,"PNG":80.042931590337,"POL":29.8458725182863,"PRI":50.489289740699,"PRK":53.0769869612158,"PRT":35.7628415300546,"PRY":55.2862270324692,"PYF":42.8761163929703,"QAT":0,"ROU":27.8786692759296,"RUS":49.5103852150482,"RWA":11.366031617349,"SAU":0.454484134921779,"SEN":45.3833688256376,"SGP":25.0822416302766,"SLB":90.5824937477671,"SLE":39.7651565530618,"SLV":31.8716216216216,"SMR":16.6666666666667,"SOM":11.6121242069691,"STP":60.7104166666667,"SUR":95.5005622474847,"SVK":39.6250259821243,"SVN":61.4299900695134,"SWE":69.0725701423161,"SWZ":27.7281976744186,"SYC":73.2608695652174,"SYR":2.45154964867368,"TCA":11.0736842105263,"TCD":4.84918996188056,"TGO":23.1584077955507,"THA":37.817338370295,"TJK":2.92940840240069,"TKM":8.78215904496414,"TLS":63.5440484196369,"TON":12.4305555555556,"TTO":45.8826510721248,"TUN":4.33653450051493,"TUR":26.5436235593727,"TUV":33.3333333333333,"TZA":59.3294310228042,"UGA":15.2104048846404,"UKR":16.4349086891981,"URY":8.44297794537767,"USA":33.2999196674933,"UZB":7.06140195513872,"VCT":73.1794871794872,"VEN":55.1637662264044,"VGB":24.4066666666667,"VIR":56.7371428571429,"VNM":39.5565130454414,"VUT":36.2838392124692,"WBG":1.55166112956811,"WSM":60.0226148409894,"YEM":1.03983180862549,"ZAF":14.5651930194792,"ZMB":63.1520467049597,"ZWE":47.1184438412822}}