{"schemaVersion":1,"dataKind":"ranking-year","indicatorId":"AG.LND.FRST.ZS","year":2004,"valuesByCountry":{"ABW":2.33333333333333,"AFG":1.85278199408184,"AGO":60.5505462420791,"ALB":28.2630656934307,"AND":34.0425531914894,"ARE":4.40126724866235,"ARG":11.7340290643076,"ARM":11.6546540217773,"ASM":88.05,"ATG":20.8681818181818,"AUS":17.04006612603,"AUT":46.6331071255453,"AZE":12.1604630346429,"BDI":7.55218068535826,"BEL":22.2967724920054,"BEN":34.8984568996098,"BFA":25.6451023391813,"BGD":14.6541730045325,"BGR":32.3630011033468,"BHR":0.589041095890411,"BHS":50.9350649350649,"BIH":41.1729296875,"BLR":41.49495845968,"BLZ":62.7854449802718,"BMU":18.5185185185185,"BOL":50.120223391489,"BRA":64.0436077883357,"BRB":14.6511627906977,"BRN":74.0417457305503,"BTN":69.4103943122491,"BWA":30.2569124627248,"CAF":36.570997463803,"CAN":38.7715773306609,"CHE":30.6588066903223,"CHL":21.7614574759392,"CHN":19.8594228667065,"CIV":14.600320754717,"CMR":45.0988682278776,"COD":62.2866721069231,"COG":64.8521229868228,"COL":55.8489553853087,"COM":21.4551316496507,"CPV":10.1538461538462,"CRI":56.0676067371719,"CUB":24.7514331359835,"CYM":53.525,"CYP":18.6257575757576,"CZE":34.2392699974113,"DEU":32.6174843019755,"DJI":0.241587575496117,"DMA":63.8266666666667,"DNK":14.4389,"DOM":41.6628027323535,"DZA":0.719893859111406,"ECU":54.1535512965051,"EGY":0.0620643929880958,"ERI":9.14032076920136,"ESP":35.4070555711367,"EST":53.733003066761,"ETH":16.1585536311313,"FIN":73.4238944154437,"FJI":56.5505199781062,"FRA":29.2056777066518,"FRO":0.0573065902578797,"FSM":91.3828571428571,"G001":32.1772151348171,"GAB":91.8995769783056,"GBR":12.3837473649403,"GEO":40.0823140020147,"GHA":37.2960270721631,"GIB":0,"GIN":27.6127299365131,"GMB":33.0432806324111,"GNB":75.2169274537696,"GNQ":92.0553297682709,"GRC":28.8662451512801,"GRD":52.0588235294118,"GRL":0.000535997076379583,"GTM":37.4632325494588,"GUM":44.4444444444444,"GUY":94.2161849123698,"HND":59.8547680757887,"HRV":33.9325280537488,"HTI":13.7787373004354,"HUN":21.9957375585807,"IDN":53.5982219088063,"IMN":6.07017543859649,"IND":22.9897853820307,"IRL":9.67292785600232,"IRN":6.06116800510818,"IRQ":1.87667192537211,"ISL":0.356768079800499,"ISR":7.08872458410351,"ITA":29.1925618325567,"JAM":49.4903047091413,"JOR":1.10494106980961,"JPN":68.3456790123457,"KAZ":1.15828695781013,"KEN":6.71759145377236,"KGZ":6.25866527632951,"KHM":60.6406752775889,"KIR":1.45679012345679,"KNA":42.3076923076923,"KOR":66.5193141912828,"KWT":0.303591470258137,"LAO":74.6585788561525,"LBN":13.4748778103617,"LBR":84.1112956810631,"LBY":0.123327687918433,"LCA":34.2852459016393,"LIE":41.873125,"LKA":34.1460692074629,"LSO":1.13702239789196,"LTU":33.1844288449266,"LUX":33.9877100440481,"LVA":52.9263502981021,"MAR":12.4888012547614,"MCO":0,"MDA":10.8406326034063,"MDG":22.0847989820133,"MDV":2.73333333333333,"MEX":34.8805956943337,"MHL":52.2222222222222,"MKD":37.6996460872985,"MLI":10.896663634352,"MLT":1.09375,"MMR":51.2645251140155,"MNG":9.15562080463703,"MNP":68.0521739130435,"MOZ":51.2495943437015,"MRT":0.387969341224411,"MUS":19.9576354679803,"MWI":30.9047518031396,"MYS":59.0286714350936,"NAM":9.443873240292,"NCL":45.8598468271335,"NER":1.00925238809505,"NGA":26.6146403592565,"NIC":40.8413827488782,"NLD":10.814336492891,"NOR":33.1520846338338,"NPL":40.8320055807464,"NRU":0,"NZL":37.4065246287646,"OMN":0.00969305331179321,"PAK":5.6354400166044,"PAN":59.1401668011838,"PER":58.4364203125,"PHL":23.8838380789483,"PLW":86.895652173913,"PNG":80.021052643201,"POL":29.9252440178892,"PRI":51.1916572717024,"PRK":52.9006727016029,"PRT":35.7311475409836,"PRY":54.4250541152781,"PYF":42.9023336214347,"QAT":0,"ROU":27.9373913043478,"RUS":49.5454456106165,"RWA":11.2768544791244,"SAU":0.454484134921779,"SEN":45.183399989612,"SGP":25.1149492017417,"SLB":90.5563415505538,"SLE":39.4918536990856,"SLV":31.6544401544402,"SMR":16.6666666666667,"SOM":11.4897822552364,"STP":60.6833333333333,"SUR":95.4750120570607,"SVK":39.6675675675676,"SVN":61.4995034756703,"SWE":69.0504755613067,"SWZ":27.7988372093023,"SYC":73.2608695652174,"SYR":2.48450182491693,"TCA":11.0736842105263,"TCD":4.78383100381194,"TGO":23.1039970582828,"THA":38.0277554855253,"TJK":2.92940840240069,"TKM":8.78215904496414,"TLS":63.4498991257566,"TON":12.4305555555556,"TTO":45.8,"TUN":4.34913748712667,"TUR":26.665075425854,"TUV":33.3333333333333,"TZA":58.9094716640325,"UGA":15.0039437465592,"UKR":16.4414678772396,"URY":8.64998285910182,"USA":33.3565016939681,"UZB":7.15084351834219,"VCT":73.1794871794872,"VEN":54.9771554900516,"VGB":24.3866666666667,"VIR":56.1542857142857,"VNM":40.0738026897152,"VUT":36.2838392124692,"WBG":1.56611295681063,"WSM":59.852296819788,"YEM":1.03983180862549,"ZAF":14.5351870017888,"ZMB":63.1038889412018,"ZWE":46.9993537546853}}