{"schemaVersion":1,"dataKind":"ranking-year","indicatorId":"AG.LND.FRST.ZS","year":2005,"valuesByCountry":{"ABW":2.33333333333333,"AFG":1.85278199408184,"AGO":60.1053220502126,"ALB":28.3096715328467,"AND":34.0425531914894,"ARE":4.41234863418755,"ARG":11.618414946523,"ARM":11.6473480857042,"ASM":87.9,"ATG":20.7159090909091,"AUS":17.0105437173763,"AUT":46.6634755210858,"AZE":12.21700096782,"BDI":7.55218068535826,"BEL":22.3711799030759,"BEN":34.4550372472508,"BFA":25.4623538011696,"BGD":14.6296005223938,"BGR":32.7319587628866,"BHR":0.601351351351351,"BHS":50.9350649350649,"BIH":41.15537109375,"BLR":41.6672829371946,"BLZ":62.487724682157,"BMU":18.5185185185185,"BOL":49.9341825902335,"BRA":63.5709200850907,"BRB":14.6511627906977,"BRN":73.719165085389,"BTN":69.6708817587953,"BWA":30.0481710867609,"CAF":36.5228418247777,"CAN":38.7662262048566,"CHE":30.7572827916362,"CHL":21.8836042026436,"CHN":20.1109081284255,"CIV":14.2453301886792,"CMR":44.9514184172114,"COD":61.9898105467458,"COG":64.8169838945827,"COL":55.6752095538531,"COM":21.2197743148845,"CPV":10.2282878411911,"CRI":56.0949862906385,"CUB":25.2113866967306,"CYM":53.4375,"CYP":18.6390692640693,"CZE":34.2652731038053,"DEU":32.6341897006537,"DJI":0.241587575496117,"DMA":63.8266666666667,"DNK":14.476125,"DOM":41.8711446905403,"DZA":0.734127150738536,"ECU":53.8707722660654,"EGY":0.0627103320106484,"ERI":9.1109855799934,"ESP":35.7042517381635,"EST":53.9621372965322,"ETH":16.0938359195173,"FIN":73.3570373288683,"FJI":56.915982484948,"FRA":29.4155301976065,"FRO":0.0573065902578797,"FSM":91.4214285714286,"G001":32.1369399989646,"GAB":91.8799433383785,"GBR":12.4271483486959,"GEO":40.171247661534,"GHA":36.8979959567549,"GIB":0,"GIN":27.4662217157741,"GMB":32.4767786561265,"GNB":74.9166073968705,"GNQ":91.7573975044563,"GRC":29.100204034135,"GRD":52.0588235294118,"GRL":0.000535997076379583,"GTM":37.0091452034341,"GUM":44.4444444444444,"GUY":94.1936245872492,"HND":59.673518634373,"HRV":33.995068258166,"HTI":13.7705007256894,"HUN":22.1379310344828,"IDN":53.5118952191696,"IMN":6.07017543859649,"IND":23.0538579774586,"IRL":9.80359994193642,"IRN":6.14505513396694,"IRQ":1.87827240094199,"ISL":0.371571072319202,"ISR":7.09334565619224,"ITA":29.4153382614518,"JAM":49.8361034164358,"JOR":1.10494106980961,"JPN":68.3703703703704,"KAZ":1.15551827980887,"KEN":6.65700003514074,"KGZ":6.28409801876955,"KHM":60.5320360299116,"KIR":1.45679012345679,"KNA":42.3076923076923,"KOR":66.4068146618482,"KWT":0.311447811447811,"LAO":74.4486568457539,"LBN":13.4667644183773,"LBR":83.797134551495,"LBY":0.123327687918433,"LCA":34.2459016393443,"LIE":41.8725,"LKA":34.0459256896827,"LSO":1.13702239789196,"LTU":33.423739629866,"LUX":34.0653962384345,"LVA":53.1370626898292,"MAR":12.5264508178355,"MCO":0,"MDA":10.9288537549407,"MDG":22.0042043539567,"MDV":2.73333333333333,"MEX":34.8066205406518,"MHL":52.2222222222222,"MKD":37.7109712937475,"MLI":10.896663634352,"MLT":1.09375,"MMR":50.7446966450349,"MNG":9.15047384615134,"MNP":67.695652173913,"MOZ":50.9678145425876,"MRT":0.382691374793829,"MUS":19.7832512315271,"MWI":30.4592702588036,"MYS":58.8023131943388,"NAM":9.35762246595975,"NCL":45.8662472647702,"NER":0.999447382963606,"NGA":26.4353349363725,"NIC":39.8349260428785,"NLD":10.8557464454976,"NOR":33.1490729484947,"NPL":40.9584583188001,"NRU":0,"NZL":37.405643538035,"OMN":0.00969305331179321,"PAK":5.58127724159402,"PAN":58.9866155501749,"PER":58.33891796875,"PHL":23.7263641546769,"PLW":87.1086956521739,"PNG":79.999173696065,"POL":30.0133842588059,"PRI":51.8940248027058,"PRK":52.7243584419899,"PRT":35.71116212966,"PRY":53.5638811980871,"PYF":42.9285508498992,"QAT":0,"ROU":28.0046090964432,"RUS":49.5807773333032,"RWA":11.1876773408999,"SAU":0.454484134921779,"SEN":44.9834311535865,"SGP":25.2204644412192,"SLB":90.5301893533405,"SLE":39.2185508451094,"SLV":31.4372586872587,"SMR":16.6666666666667,"SOM":11.3674403035037,"STP":60.65625,"SUR":95.4494618666367,"SVK":39.7018711018711,"SVN":61.5690168818272,"SWE":69.0283809802973,"SWZ":27.8694767441861,"SYC":73.2608695652174,"SYR":2.51718690417824,"TCA":11.0736842105263,"TCD":4.71847204574333,"TGO":23.0495863210149,"THA":38.2381726007555,"TJK":2.92940840240069,"TKM":8.78215904496414,"TLS":63.3557498318763,"TON":12.4305555555556,"TTO":45.7173489278752,"TUN":4.36174047373841,"TUR":26.7865272923353,"TUV":33.3333333333333,"TZA":58.4895123052608,"UGA":14.7974826084781,"UKR":16.4468915047119,"URY":8.85698777282596,"USA":33.4130837204429,"UZB":7.23996269350165,"VCT":73.1794871794872,"VEN":54.7905447536988,"VGB":24.3666666666667,"VIR":55.5714285714286,"VNM":40.2320697359967,"VUT":36.2838392124692,"WBG":1.58056478405316,"WSM":59.6819787985866,"YEM":1.03983180862549,"ZAF":14.5051809840985,"ZMB":63.0557311774439,"ZWE":46.8802636680884}}