{"schemaVersion":1,"dataKind":"ranking-year","indicatorId":"AG.LND.FRST.ZS","year":2006,"valuesByCountry":{"ABW":2.33333333333333,"AFG":1.85278199408184,"AGO":59.660097858346,"ALB":28.3562773722628,"AND":34.0425531914894,"ARE":4.42343001971276,"ARG":11.5028008287384,"ARM":11.6400421496312,"ASM":87.75,"ATG":20.5636363636364,"AUS":16.9810213087226,"AUT":46.6938439166263,"AZE":12.2751890799521,"BDI":7.55218068535826,"BEL":22.4455873141463,"BEN":34.0116175948918,"BFA":25.2796052631579,"BGD":14.6050280402551,"BGR":33.0682132007733,"BHR":0.621621621621622,"BHS":50.9350649350649,"BIH":41.1378125,"BLR":41.8286480305958,"BLZ":62.1900043840421,"BMU":18.5185185185185,"BOL":49.7481417889781,"BRA":63.0982323818457,"BRB":14.6511627906977,"BRN":73.3965844402277,"BTN":69.9313692053415,"BWA":29.839429710797,"CAF":36.4746861857524,"CAN":38.7608750790522,"CHE":30.8557657743037,"CHL":22.005750929348,"CHN":20.3623927769671,"CIV":13.8903396226415,"CMR":44.8039686065452,"COD":61.6929489865685,"COG":64.7818448023426,"COL":55.5014637223975,"COM":20.9844169801182,"CPV":10.302729528536,"CRI":56.122365844105,"CUB":25.68072911773,"CYM":53.35,"CYP":18.652380952381,"CZE":34.295715210356,"DEU":32.653704978206,"DJI":0.241587575496117,"DMA":63.8266666666667,"DNK":14.51335,"DOM":42.079486648727,"DZA":0.748360442365665,"ECU":53.5879932356257,"EGY":0.0633562710332011,"ERI":9.08647415225366,"ESP":36.002998116157,"EST":54.1912715263034,"ETH":16.0289636874706,"FIN":73.4058597218112,"FJI":57.2814449917898,"FRA":29.6253826885611,"FRO":0.0573065902578797,"FSM":91.46,"G001":32.0985781567973,"GAB":91.8603096984515,"GBR":12.4705493324515,"GEO":40.2601813210534,"GHA":36.4999648413466,"GIB":0,"GIN":27.319713495035,"GMB":31.9102766798419,"GNB":74.6162873399715,"GNQ":91.4594652406417,"GRC":29.3341629169899,"GRD":52.0588235294118,"GRL":0.000535997076379583,"GTM":36.5550578574095,"GUM":44.4444444444444,"GUY":94.1710642621285,"HND":59.4922691929574,"HRV":34.0576084625831,"HTI":13.7622641509434,"HUN":22.2776699029126,"IDN":53.4255685295329,"IMN":6.07017543859649,"IND":23.1179305728864,"IRL":9.93427202787052,"IRN":6.22894226282571,"IRQ":1.87987287651188,"ISL":0.386374064837905,"ISR":7.09796672828096,"ITA":29.6381146903469,"JAM":50.1819021237304,"JOR":1.10494106980961,"JPN":68.3950617283951,"KAZ":1.15274956476646,"KEN":6.59640861650912,"KGZ":6.30953076120959,"KHM":60.4233967822343,"KIR":1.45679012345679,"KNA":42.3076923076923,"KOR":66.2943848059455,"KWT":0.319304152637486,"LAO":74.2387348353553,"LBN":13.458651026393,"LBR":83.4829734219269,"LBY":0.123327687918433,"LCA":34.2065573770492,"LIE":41.871875,"LKA":33.9457821719024,"LSO":1.13702239789196,"LTU":33.6630504148054,"LUX":34.1430824328209,"LVA":53.3477750815562,"MAR":12.5641003809097,"MCO":0,"MDA":11.0203709334144,"MDG":21.9236097259002,"MDV":2.73333333333333,"MEX":34.7326453869698,"MHL":52.2222222222222,"MKD":37.7222965001966,"MLI":10.896663634352,"MLT":1.09375,"MMR":50.2117067348157,"MNE":55.5092936802974,"MNG":9.12762336031384,"MNP":67.3391304347826,"MOZ":50.6860347414736,"MRT":0.377413408363248,"MUS":19.6088669950739,"MWI":30.0137887144675,"MYS":58.5759549535839,"NAM":9.2713716916275,"NCL":45.872647702407,"NER":0.989642377832162,"NGA":26.2560295134886,"NIC":38.8284693368788,"NLD":10.8971563981043,"NOR":33.1460612631556,"NPL":41.0849110568539,"NRU":0,"NZL":37.4047624473055,"OMN":0.00969305331179321,"PAK":5.52711446658364,"PAN":58.833064299166,"PER":58.241415625,"PHL":23.5688902304055,"PLW":87.3217391304348,"PNG":79.977294748929,"POL":30.1025071820319,"PRI":52.5963923337091,"PRK":52.5480441823769,"PRT":35.679457745709,"PRY":52.702708280896,"PYF":42.9547680783636,"QAT":0,"ROU":28.069397338899,"RUS":49.6276507015009,"RWA":11.0985002026753,"SAU":0.454484134921779,"SEN":44.7834623175609,"SGP":25.1435158501441,"SLB":90.5040371561272,"SLE":38.9452479911333,"SLV":31.2200772200772,"SMR":16.6666666666667,"SOM":11.245098351771,"SRB":29.8627944203064,"STP":60.6291666666667,"SUR":95.4239116762128,"SVK":39.7361746361746,"SVN":61.6385302879841,"SWE":69.0062863992879,"SWZ":27.9401162790698,"SYC":73.2608695652174,"SYR":2.5490388280782,"TCA":11.0736842105263,"TCD":4.65311308767471,"TGO":22.995175583747,"THA":38.4485897159858,"TJK":2.92940840240069,"TKM":8.78215904496414,"TLS":63.261600537996,"TON":12.4305555555556,"TTO":45.6346978557505,"TUN":4.37434346035015,"TUR":26.9079791588166,"TUV":33.3333333333333,"TZA":58.069552946489,"UGA":14.5910214703969,"UKR":16.4540182270091,"URY":9.06399268655011,"USA":33.4696657469177,"UZB":7.32899942640817,"VCT":73.1794871794872,"VEN":54.603934017346,"VGB":24.3466666666667,"VIR":54.9885714285714,"VNM":40.7502549593184,"VUT":36.2838392124692,"WBG":1.59501661129568,"WSM":59.5116607773852,"YEM":1.03983180862549,"ZAF":14.4751749664081,"ZMB":63.0075734136859,"ZWE":46.7611735814915}}