{"schemaVersion":1,"dataKind":"ranking-year","indicatorId":"AG.LND.FRST.ZS","year":2007,"valuesByCountry":{"ABW":2.33333333333333,"AFG":1.85278199408184,"AGO":59.2148736664795,"ALB":28.4028832116788,"AND":34.0425531914894,"ARE":4.43451140523796,"ARG":11.3871867109537,"ARM":11.6327362135581,"ASM":87.6,"ATG":20.4113636363636,"AUS":16.951498900069,"AUT":46.7242123121667,"AZE":12.3311694441419,"BDI":7.55218068535826,"BEL":22.5199947252168,"BEN":33.5681979425328,"BFA":25.0968567251462,"BGD":14.5804555581163,"BGR":33.407605192892,"BHR":0.633333333333333,"BHS":50.9350649350649,"BIH":41.12025390625,"BLR":42.0052143656266,"BLZ":61.8922840859272,"BMU":18.5185185185185,"BOL":49.5621009877227,"BRA":62.6255446786007,"BRB":14.6511627906977,"BRN":73.0740037950664,"BTN":70.1918566518876,"BWA":29.6306883348332,"CAF":36.426530546727,"CAN":38.7555239532479,"CHE":30.9542548630875,"CHL":22.1278976560525,"CHN":20.6138778860824,"CIV":13.5353490566038,"CMR":44.6565187958791,"COD":61.3960874263911,"COG":64.7467057101025,"COL":55.3277178909419,"COM":20.749059645352,"CPV":10.3771712158809,"CRI":56.1497453975715,"CUB":26.1452461480646,"CYM":53.2625,"CYP":18.6656926406926,"CZE":34.3217216828479,"DEU":32.6741618148966,"DJI":0.241587575496117,"DMA":63.8266666666667,"DNK":14.550575,"DOM":42.2878286069137,"DZA":0.762593733992795,"ECU":53.305214205186,"EGY":0.0640022100557537,"ERI":9.0582202286878,"ESP":36.2844202680772,"EST":54.4204057560746,"ETH":15.9640279304701,"FIN":73.3437206090302,"FJI":57.6469074986316,"FRA":29.8352351795157,"FRO":0.0573065902578797,"FSM":91.4985714285714,"G001":32.0594407969041,"GAB":91.8406760585245,"GBR":12.5139503162072,"GEO":40.3491149805727,"GHA":36.1019337259383,"GIB":0,"GIN":27.1732052742959,"GMB":31.3437747035573,"GNB":74.3159672830726,"GNQ":91.1615329768271,"GRC":29.56812257564,"GRD":52.0588235294118,"GRL":0.000535997076379583,"GTM":36.1009705113849,"GUM":44.4444444444444,"GUY":94.1485039370079,"HND":59.3110197515417,"HRV":34.1201486670002,"HTI":13.7540275761974,"HUN":22.4174087713425,"IDN":53.3392418398962,"IMN":6.07017543859649,"IND":23.1820031683142,"IRL":10.0649441138046,"IRN":6.31282939168447,"IRQ":1.88147335208176,"ISL":0.401177057356608,"ISR":7.10258780036969,"ITA":29.860891119242,"JAM":50.5277008310249,"JOR":1.10494106980961,"JPN":68.4197530864198,"KAZ":1.1499808867652,"KEN":6.5358171978775,"KGZ":6.33496350364964,"KHM":60.314757534557,"KIR":1.45679012345679,"KNA":42.3076923076923,"KOR":66.1751960379695,"KWT":0.327160493827161,"LAO":74.0288128249567,"LBN":13.4505376344086,"LBR":83.1688122923588,"LBY":0.123327687918433,"LCA":34.1672131147541,"LIE":41.87125,"LKA":33.8456386541221,"LSO":1.13702239789196,"LTU":33.9023611997447,"LUX":34.2207686272073,"LVA":53.5584874732833,"MAR":12.6017499439839,"MCO":0,"MDA":11.1118881118881,"MDG":21.8430150978437,"MDV":2.73333333333333,"MEX":34.6586702332879,"MHL":52.2222222222222,"MKD":38.0327388030123,"MLI":10.896663634352,"MLT":1.09375,"MMR":49.6834572775126,"MNE":57.003717472119,"MNG":9.12248678880711,"MNP":66.9826086956522,"MOZ":50.4042549403596,"MRT":0.372135441932667,"MUS":19.4344827586207,"MWI":29.5683071701315,"MYS":58.3495967128291,"NAM":9.18512091729524,"NCL":45.8790481400438,"NER":0.979837372700718,"NGA":26.0767240906047,"NIC":37.8220126308792,"NLD":10.9385663507109,"NOR":33.1430495778165,"NPL":41.2113637949076,"NRU":0,"NZL":37.4038813565759,"OMN":0.00969305331179321,"PAK":5.47295169157327,"PAN":58.6795130481571,"PER":58.14391328125,"PHL":23.4114163061341,"PLW":87.5347826086957,"PNG":79.9554158017931,"POL":30.1906503003395,"PRI":53.2987598647125,"PRK":52.3717299227639,"PRT":35.647753361758,"PRY":51.841535363705,"PYF":42.980985306828,"QAT":0,"ROU":28.1451998782026,"RUS":49.6634743255174,"RWA":11.0093230644508,"SAU":0.454484134921779,"SEN":44.5834934815353,"SGP":25.2119424460432,"SLB":90.4778849589139,"SLE":38.6719451371571,"SLV":31.0028957528958,"SMR":16.6666666666667,"SOM":11.1227564000383,"SRB":30.1520695174937,"STP":60.6020833333333,"SUR":95.3983614857888,"SVK":39.7704781704782,"SVN":61.708043694141,"SWE":68.9841918182784,"SWZ":28.0107558139535,"SYC":73.2608695652174,"SYR":2.5815726421259,"TCA":11.0736842105263,"TCD":4.5877541296061,"TGO":22.9407648464791,"THA":38.6590068312161,"TJK":2.92940840240069,"TKM":8.78215904496414,"TLS":63.1674512441157,"TON":12.4305555555556,"TTO":45.5520467836257,"TUN":4.3869464469619,"TUR":27.0294310252979,"TUV":33.3333333333333,"TZA":57.6495935877173,"UGA":14.3845603323157,"UKR":16.4614295824487,"URY":9.27099760027425,"USA":33.5262477733925,"UZB":7.41577282652574,"VCT":73.1794871794872,"VEN":54.4173232809931,"VGB":24.3266666666667,"VIR":54.4057142857143,"VNM":41.2943261730623,"VUT":36.2838392124692,"WBG":1.60946843853821,"WSM":59.3413427561837,"YEM":1.03983180862549,"ZAF":14.4451689487177,"ZMB":62.959415649928,"ZWE":46.6420834948947}}