{"schemaVersion":1,"dataKind":"ranking-year","indicatorId":"AG.LND.FRST.ZS","year":2008,"valuesByCountry":{"ABW":2.33333333333333,"AFG":1.85278199408184,"AGO":58.769649474613,"ALB":28.4494890510949,"AND":34.0425531914894,"ARE":4.44559279076317,"ARG":11.2715725931691,"ARM":11.6254302774851,"ASM":87.45,"ATG":20.2590909090909,"AUS":16.9219764914153,"AUT":46.7545807077072,"AZE":12.3862623597613,"BDI":7.55218068535826,"BEL":22.5944021362872,"BEN":33.1247782901738,"BFA":24.9141081871345,"BGD":14.5558830759776,"BGR":33.7409078353743,"BHR":0.644736842105263,"BHS":50.9350649350649,"BIH":41.1026953125,"BLR":42.1809543523474,"BLZ":61.5945637878124,"BMU":18.5185185185185,"BOL":49.3760601864673,"BRA":62.1528569753558,"BRB":14.6511627906977,"BRN":72.7514231499051,"BTN":70.4523440984338,"BWA":29.4219469588693,"CAF":36.3783749077017,"CAN":38.7501728274436,"CHE":31.0522573251862,"CHL":22.2500443827569,"CHN":20.8653616938384,"CIV":13.180358490566,"CMR":44.5090689852129,"COD":61.0992258662138,"COG":64.7115666178624,"COL":55.1539720594863,"COM":20.5137023105857,"CPV":10.4516129032258,"CRI":56.177124951038,"CUB":26.6121758737317,"CYM":53.175,"CYP":18.6790043290043,"CZE":34.35217503884,"DEU":32.6936867165763,"DJI":0.241587575496117,"DMA":63.8266666666667,"DNK":14.5878,"DOM":42.4961705651004,"DZA":0.776827025619925,"ECU":53.0224351747463,"EGY":0.0646481490783063,"ERI":9.03025466560542,"ESP":36.5979510825982,"EST":54.6495399858457,"ETH":15.9002339512815,"FIN":73.3225666337611,"FJI":58.0123700054735,"FRA":30.0450876704704,"FRO":0.0573065902578797,"FSM":91.5371428571429,"G001":32.0242370807185,"GAB":91.8210424185974,"GBR":12.5573512999628,"GEO":40.4380486400921,"GHA":35.70390261053,"GIB":0,"GIN":27.0266970535569,"GMB":30.7772727272727,"GNB":74.0156472261735,"GNQ":90.8636007130125,"GRC":29.802081458495,"GRD":52.0588235294118,"GRL":0.000535997076379583,"GTM":35.6468831653602,"GUM":44.4444444444444,"GUY":94.1259436118872,"HND":59.129770310126,"HRV":34.1826888714173,"HTI":13.7457910014514,"HUN":22.5571476397723,"IDN":53.2529151502595,"IMN":6.07017543859649,"IND":23.246075763742,"IRL":10.1956161997387,"IRN":6.39671652054324,"IRQ":1.88307382765165,"ISL":0.415980049875312,"ISR":7.10720887245841,"ITA":30.0836675481371,"JAM":50.8734995383195,"JOR":1.10494106980961,"JPN":68.4444444444444,"KAZ":1.14721220876394,"KEN":6.47522577924588,"KGZ":6.36039624608968,"KHM":60.2061182868797,"KIR":1.45679012345679,"KNA":42.3076923076923,"KOR":66.0356737808021,"KWT":0.335016835016835,"LAO":73.8188908145581,"LBN":13.4424242424242,"LBR":82.8546511627907,"LBY":0.123327687918433,"LCA":34.127868852459,"LIE":41.87125,"LKA":33.7454951363419,"LSO":1.13702239789196,"LTU":34.1443956920622,"LUX":34.2984548215937,"LVA":53.7691998650104,"MAR":12.639399507058,"MCO":0,"MDA":11.2034052903618,"MDG":21.7624204697871,"MDV":2.73333333333333,"MEX":34.584695079606,"MHL":52.2222222222222,"MKD":38.0441537851764,"MLI":10.896663634352,"MLT":1.09375,"MMR":49.1748511426428,"MNE":58.4981412639405,"MNG":9.11731512861835,"MNP":66.6260869565217,"MOZ":50.1224751392457,"MRT":0.366857475502086,"MUS":19.2600985221675,"MWI":29.1228256257955,"MYS":58.1232384720743,"NAM":9.09887014296299,"NCL":45.8854485776805,"NER":0.970032367569274,"NGA":25.8974186677207,"NIC":36.8155559248795,"NLD":10.9799763033175,"NOR":33.1400378924774,"NPL":41.3378165329613,"NRU":0,"NZL":37.4030002658463,"OMN":0.00969305331179321,"PAK":5.41878891656289,"PAN":58.5259617971482,"PER":58.0464109375,"PHL":23.2539423818627,"PLW":87.7478260869565,"PNG":79.9335368546571,"POL":30.2807704864512,"PRI":54.0011273957159,"PRK":52.1954156631509,"PRT":35.6160489778069,"PRY":50.980362446514,"PYF":43.0072025352924,"QAT":0,"ROU":28.2087864288821,"RUS":49.7019381603444,"RWA":10.9201459262262,"SAU":0.454484134921779,"SEN":44.3835246455098,"SGP":25.1357142857143,"SLB":90.4517327617006,"SLE":38.3986422831809,"SLV":30.7857142857143,"SMR":16.6666666666667,"SOM":11.0004144483055,"SRB":30.441344614681,"STP":60.575,"SUR":95.3728112953648,"SVK":39.8047817047817,"SVN":61.7585450357884,"SWE":68.962097237269,"SWZ":28.0813953488372,"SYC":73.2608695652174,"SYR":2.61424526247005,"TCA":11.0736842105263,"TCD":4.52239517153748,"TGO":22.8863541092113,"THA":38.8694239464464,"TJK":2.92940840240069,"TKM":8.78215904496414,"TLS":63.0733019502354,"TON":12.4305555555556,"TTO":45.469395711501,"TUN":4.39954943357364,"TUR":27.1508828917792,"TUV":33.3333333333333,"TZA":57.2296342289456,"UGA":14.1780991942345,"UKR":16.4682731478285,"URY":9.4780025139984,"USA":33.6360635020585,"UZB":7.50509144040719,"VCT":73.1794871794872,"VEN":54.2307125446403,"VGB":24.3066666666667,"VIR":53.8228571428571,"VNM":41.7762218982583,"VUT":36.2838392124692,"WBG":1.62392026578073,"WSM":59.1710247349823,"YEM":1.03983180862549,"ZAF":14.4151629310274,"ZMB":62.9112578861701,"ZWE":46.5229934082978}}