{"schemaVersion":1,"dataKind":"ranking-year","indicatorId":"AG.LND.FRST.ZS","year":2009,"valuesByCountry":{"ABW":2.33333333333333,"AFG":1.85278199408184,"AGO":58.3244252827465,"ALB":28.4960948905109,"AND":34.0425531914894,"ARE":4.45667417628837,"ARG":11.1559584753845,"ARM":11.618124341412,"ASM":87.3,"ATG":20.1068181818182,"AUS":16.8924540827617,"AUT":46.7849491032477,"AZE":12.441808477161,"BDI":7.55218068535826,"BEL":22.6688095473577,"BEN":32.6813586378148,"BFA":24.7313596491228,"BGD":14.5313098256127,"BGR":34.0899042004421,"BHR":0.664473684210526,"BHS":50.9350649350649,"BIH":41.08513671875,"BLR":42.3577363995702,"BLZ":61.2968434896975,"BMU":18.5185185185185,"BOL":49.1900193852119,"BRA":61.6801692721108,"BRB":14.6511627906977,"BRN":72.4288425047438,"BTN":70.7128315449799,"BWA":29.2132055829054,"CAF":36.3302192686764,"CAN":38.7448217016393,"CHE":31.1502627536125,"CHL":22.3721911094613,"CHN":21.1168450517356,"CIV":12.8253679245283,"CMR":44.3616191745468,"COD":60.8023643060365,"COG":64.6764275256223,"COL":54.9802262280306,"COM":20.2783449758195,"CPV":10.5260545905707,"CRI":56.2045045045045,"CUB":27.0791055993987,"CYM":53.0875,"CYP":18.692316017316,"CZE":34.3781848783014,"DEU":32.7113393190098,"DJI":0.241587575496117,"DMA":63.8266666666667,"DNK":14.625025,"DOM":42.7045125232871,"DZA":0.791060317247055,"ECU":52.7396561443067,"EGY":0.0652940881008589,"ERI":9.00325161746643,"ESP":36.8992880920868,"EST":54.8786742156169,"ETH":15.8352653925443,"FIN":73.2555577492596,"FJI":58.3778325123153,"FRA":30.254940161425,"FRO":0.0573065902578797,"FSM":91.5757142857143,"G001":31.9854288136139,"GAB":91.8014087786704,"GBR":12.6007522837184,"GEO":40.5269822996115,"GHA":35.3058714951217,"GIB":0,"GIN":26.8801888328178,"GMB":30.2107707509881,"GNB":73.7153271692745,"GNQ":90.5656684491979,"GRC":30.0360411171451,"GRD":52.0588235294118,"GRL":0.000535997076379583,"GTM":35.1927958193356,"GUM":44.4444444444444,"GUY":94.1033832867666,"HND":58.9485208687103,"HRV":34.2452290758345,"HTI":13.7375544267054,"HUN":22.4662321882249,"IDN":53.1665884606228,"IMN":6.07017543859649,"IND":23.3101483591698,"IRL":10.3262882856728,"IRN":6.480603649402,"IRQ":1.89790937557561,"ISL":0.430783042394015,"ISR":7.11182994454713,"ITA":30.3064439770322,"JAM":51.219298245614,"JOR":1.09822031989187,"JPN":68.4691358024691,"KAZ":1.14444349372152,"KEN":6.41463436061426,"KGZ":6.38582898852972,"KHM":60.0974790392024,"KIR":1.45679012345679,"KNA":42.3076923076923,"KOR":65.8963527714816,"KWT":0.34287317620651,"LAO":73.6089688041594,"LBN":13.4343108504399,"LBR":82.5404900332226,"LBY":0.123327687918433,"LCA":34.0885245901639,"LIE":41.870625,"LKA":33.6453516185616,"LSO":1.13702239789196,"LTU":34.3837255684085,"LUX":34.37614101598,"LVA":53.9799122567374,"MAR":12.6770490701322,"MCO":0,"MDA":11.2949224688355,"MDG":21.6818258417306,"MDV":2.73333333333333,"MEX":34.510719925924,"MHL":52.2222222222222,"MKD":38.0706582077716,"MLI":10.896663634352,"MLT":1.09375,"MMR":48.6510194397673,"MNE":59.9925650557621,"MNG":9.11217830189963,"MNP":66.2695652173913,"MOZ":49.8406953381317,"MRT":0.361579509071505,"MUS":19.0857142857143,"MWI":28.6773440814595,"MYS":57.8968802313194,"NAM":9.01261936863074,"NCL":45.8918490153173,"NER":0.960227362437831,"NGA":25.7181132448368,"NIC":35.8090992188798,"NLD":11.0311888526534,"NOR":33.1370262071382,"NPL":41.464269271015,"NRU":0,"NZL":37.4021191751168,"OMN":0.00969305331179321,"PAK":5.36462614155251,"PAN":58.3724105461394,"PER":57.94890859375,"PHL":23.0964684575913,"PLW":87.9608695652174,"PNG":79.9116579075211,"POL":30.3709024422097,"PRI":54.7034949267193,"PRK":52.0191014035379,"PRT":35.5377224587837,"PRY":50.1191895293229,"PYF":43.0334197637568,"QAT":0,"ROU":28.2539337564114,"RUS":49.7377636874446,"RWA":10.8309687880016,"SAU":0.454484134921779,"SEN":44.1835558094842,"SGP":25.2395714285714,"SLB":90.4255805644873,"SLE":38.1253394292048,"SLV":30.5685328185328,"SMR":16.6666666666667,"SOM":10.8780724965728,"SRB":30.7306197118683,"STP":60.5479166666667,"SUR":95.3472611049408,"SVK":39.8473695154918,"SVN":61.829264660624,"SWE":68.9400026562596,"SWZ":28.1520348837209,"SYC":73.2608695652174,"SYR":2.6469178828142,"TCA":11.0736842105263,"TCD":4.45703621346887,"TGO":22.8319433719434,"THA":39.0798410616767,"TJK":2.92940840240069,"TKM":8.78215904496414,"TLS":62.9791526563551,"TON":12.4305555555556,"TTO":45.3867446393762,"TUN":4.41215242018538,"TUR":27.2723347582605,"TUV":33.3333333333333,"TZA":56.8096748701739,"UGA":13.9716380561533,"UKR":16.4748325623144,"URY":9.68500742772255,"USA":33.6927352193296,"UZB":7.59450412322655,"VCT":73.1794871794872,"VEN":54.0441018082875,"VGB":24.2866666666667,"VIR":53.24,"VNM":42.2930662932198,"VUT":36.2838392124692,"WBG":1.63837209302326,"WSM":59.0007067137809,"YEM":1.03983180862549,"ZAF":14.385156913337,"ZMB":62.8631001224122,"ZWE":46.4039033217009}}