{"schemaVersion":1,"dataKind":"ranking-year","indicatorId":"AG.LND.FRST.ZS","year":2010,"valuesByCountry":{"ABW":2.33333333333333,"AFG":1.85278199408184,"AGO":57.8792010908799,"ALB":28.542700729927,"AND":34.0425531914894,"ARE":4.46775556181357,"ARG":11.0403443575999,"ARM":11.610818405339,"ASM":87.15,"ATG":19.9545454545455,"AUS":16.862931674108,"AUT":46.8153174987882,"AZE":12.4914658343012,"BDI":7.55218068535826,"BEL":22.7432169584281,"BEN":32.2379389854558,"BFA":24.5486111111111,"BGD":14.5067373434739,"BGR":34.4233603537214,"BHR":0.68241469816273,"BHS":50.9350649350649,"BIH":41.067578125,"BLR":42.5328483701491,"BLZ":60.9991231915826,"BMU":18.5185185185185,"BOL":49.0039785839564,"BRA":61.2074815688658,"BRB":14.6511627906977,"BRN":72.1062618595825,"BTN":70.9733189915261,"BWA":29.0044642069416,"CAF":36.282063629651,"CAN":38.7394705758349,"CHE":31.2482719393317,"CHL":22.4943378361658,"CHN":21.3683288541342,"CIV":12.4703773584906,"CMR":44.2141693638806,"COD":60.5055027458592,"COG":64.6412884333821,"COL":54.806480396575,"COM":20.0429876410532,"CPV":10.6004962779156,"CRI":56.231884057971,"CUB":27.5460353250658,"CYM":53,"CYP":18.7056277056277,"CZE":34.4086494885407,"DEU":32.7308718478354,"DJI":0.241587575496117,"DMA":63.8266666666667,"DNK":14.66225,"DOM":42.9128544814738,"DZA":0.805293608874184,"ECU":52.456877113867,"EGY":0.0659400271234115,"ERI":8.97748379233609,"ESP":37.089938201236,"EST":55.1078084453881,"ETH":15.7708287737324,"FIN":73.1885488647581,"FJI":58.7432950191571,"FRA":30.4647926523796,"FRO":0.0573065902578797,"FSM":91.6142857142857,"G001":31.9456325774178,"GAB":91.7817751387434,"GBR":12.6441532674741,"GEO":40.6159159591308,"GHA":34.9078403797135,"GIB":0,"GIN":26.7336806120788,"GMB":29.6442687747036,"GNB":73.4150071123755,"GNQ":90.2677361853832,"GRC":30.27,"GRD":52.0588235294118,"GRL":0.000535997076379583,"GTM":34.7387084733109,"GUM":44.4444444444444,"GUY":94.0808229616459,"HND":58.7672714272947,"HRV":34.3077692802516,"HTI":13.7293178519594,"HUN":22.6045509775765,"IDN":53.0802617709861,"IMN":6.07017543859649,"IND":23.3742209545976,"IRL":10.4569603716069,"IRN":6.56449077826076,"IRQ":1.89952109044023,"ISL":0.445586034912718,"ISR":7.11645101663586,"ITA":30.5292204059273,"JAM":51.5650969529086,"JOR":1.09822031989187,"JPN":68.4938271604938,"KAZ":1.14167481572027,"KEN":6.35404294198264,"KGZ":6.41126173096976,"KHM":59.988839791525,"KIR":1.45679012345679,"KNA":42.3076923076923,"KOR":65.7098765432099,"KWT":0.350729517396184,"LAO":73.3990467937608,"LBN":13.4261974584555,"LBR":82.2263289036545,"LBY":0.123327687918433,"LCA":34.0491803278688,"LIE":41.87,"LKA":33.5452081007814,"LSO":1.13702239789196,"LTU":34.6230554447547,"LUX":34.4538272103664,"LVA":54.1906246484645,"MAR":12.7146986332064,"MCO":0,"MDA":11.400304414003,"MDG":21.601231213674,"MDV":2.73333333333333,"MEX":34.4367447722421,"MHL":52.2222222222222,"MKD":38.0820777160983,"MLI":10.896663634352,"MLT":1.09375,"MMR":48.1293818693935,"MNE":61.4869888475836,"MNG":9.10805179300629,"MNP":65.9130434782609,"MOZ":49.5589155370177,"MRT":0.356301542640924,"MUS":18.9113300492611,"MWI":28.2318625371235,"MYS":57.6705219905646,"NAM":8.92636859429849,"NCL":45.8982494529541,"NER":0.950422357306387,"NGA":25.5388078219529,"NIC":34.8026425128802,"NLD":11.0726356359324,"NOR":33.1340145217991,"NPL":41.5907220090687,"NRU":0,"NZL":37.4012380843872,"OMN":0.00969305331179321,"PAK":5.31046336654213,"PAN":58.2188592951305,"PER":57.85140625,"PHL":22.9389945333199,"PLW":88.1739130434783,"PNG":79.8897789603851,"POL":30.4590570719603,"PRI":55.4058624577227,"PRK":51.8427871439249,"PRT":35.5060596134949,"PRY":49.2580166121319,"PYF":43.0596369922213,"QAT":0,"ROU":28.3199304499022,"RUS":49.7735892145447,"RWA":10.7417916497771,"SAU":0.454484134921779,"SEN":43.9835869734587,"SGP":25.2712250712251,"SLB":90.399428367274,"SLE":37.8520365752286,"SLV":30.3513513513514,"SMR":16.6666666666667,"SOM":10.7557305448401,"SRB":31.0198948090556,"STP":60.5208333333333,"SUR":95.3217109145168,"SVK":39.8808508868603,"SVN":61.8975290625527,"SWE":68.9179080752502,"SWZ":28.2226744186047,"SYC":73.2608695652174,"SYR":2.67973642650983,"TCA":11.0736842105263,"TCD":4.39167725540025,"TGO":22.7775326346755,"THA":39.290258176907,"TJK":2.92940840240069,"TKM":8.78215904496414,"TLS":62.8850033624748,"TON":12.4305555555556,"TTO":45.3040935672515,"TUN":4.42475540679712,"TUR":27.3937866247418,"TUV":33.3333333333333,"TZA":56.3897155114021,"UGA":13.7164372631159,"UKR":16.4813919768004,"URY":9.89201234144669,"USA":33.7494069366007,"UZB":7.6844723004781,"VCT":73.1794871794872,"VEN":53.8574910719347,"VGB":24.2666666666667,"VIR":52.6571428571429,"VNM":42.7332154461943,"VUT":36.2838392124692,"WBG":1.65282392026578,"WSM":58.8303886925795,"YEM":1.03983180862549,"ZAF":14.3551508956467,"ZMB":62.8149423586543,"ZWE":46.284813235104}}