{"schemaVersion":1,"dataKind":"ranking-year","indicatorId":"AG.LND.FRST.ZS","year":2011,"valuesByCountry":{"ABW":2.33333333333333,"AFG":1.85278199408184,"AGO":57.4339760968958,"ALB":28.5946532846715,"AND":34.0425531914894,"ARE":4.46775556181357,"ARG":10.9587128976976,"ARM":11.6035124692659,"ASM":87,"ATG":19.8045454545455,"AUS":16.9553102586465,"AUT":46.8589190499273,"AZE":12.6009956689008,"BDI":8.2196261682243,"BEL":22.7394586753701,"BEN":31.7945193330968,"BFA":24.3657894736842,"BGD":14.4991441960513,"BGR":34.6002210759027,"BHR":0.698826597131682,"BHS":50.9350649350649,"BIH":41.293515625,"BLR":42.5346212606574,"BLZ":60.4856641823762,"BMU":18.5185185185185,"BOL":48.808503646266,"BRA":61.023328156743,"BRB":14.6511627906977,"BRN":72.1062618595825,"BTN":71.025211847732,"BWA":28.7957228309777,"CAF":36.2339079906257,"CAN":38.7348640747569,"CHE":31.3357558163813,"CHL":22.7285765777398,"CHN":21.574627370433,"CIV":12.1153899371069,"CMR":44.0957034968585,"COD":60.0196837299574,"COG":64.606149341142,"COL":54.6851410545291,"COM":19.8076303062869,"CPV":10.6749379652605,"CRI":56.5524089306698,"CUB":27.9086306766608,"CUW":0.157657657657658,"CYM":53,"CYP":18.7028138528139,"CZE":34.4371617247184,"DEU":32.7375487720909,"DJI":0.241587575496117,"DMA":63.8266666666667,"DNK":14.8532,"DOM":43.0392465328089,"DZA":0.808484553309765,"ECU":52.2885649863102,"EGY":0.0624802852981064,"ERI":8.94961638502077,"ESP":37.1019204609106,"EST":55.508799245105,"ETH":15.706088146017,"FIN":73.3008654447333,"FJI":59.1087027914614,"FRA":30.6195379905372,"FRO":0.0573065902578797,"FSM":91.6542857142857,"G001":31.911541080106,"GAB":91.7356618931191,"GBR":12.7235150663415,"GEO":40.6159159591308,"GHA":34.8529137734025,"GIB":0,"GIN":26.5871723913397,"GMB":29.0778656126482,"GNB":73.1147226173542,"GNQ":89.9697682709447,"GRC":30.27,"GRD":52.0588235294118,"GRL":0.000535997076379583,"GTM":34.4833893243748,"GUM":44.8148148148148,"GUY":94.0214376428753,"HND":58.5677182947538,"HRV":34.314916732185,"HTI":13.616618287373,"HUN":22.6364299127361,"IDN":52.586919226916,"IMN":6.07017543859649,"IND":23.4638216864714,"IRL":10.5565103788649,"IRN":6.56449077826076,"IRQ":1.89952109044023,"ISL":0.452548628428928,"ISR":7.2181146025878,"ITA":30.7111775407652,"JAM":51.9161588180979,"JOR":1.09822031989187,"JPN":68.481755829904,"KAZ":1.15843793754862,"KEN":6.32103524616087,"KGZ":6.43433785192909,"KHM":58.0146612281894,"KIR":1.45679012345679,"KNA":42.3076923076923,"KOR":65.6137462701924,"KWT":0.350729517396184,"LAO":73.2495667244367,"LBN":13.4844574780059,"LBR":81.9121677740864,"LBY":0.123327687918433,"LCA":34.0491803278688,"LIE":41.87125,"LKA":33.625578057726,"LSO":1.13702239789196,"LTU":34.6778568465392,"LUX":34.4538272103664,"LVA":54.2527198804378,"MAF":24.8,"MAR":12.7192336993054,"MCO":0,"MDA":11.4727549467275,"MDG":21.5690440791,"MDV":2.73333333333333,"MEX":34.3737390364979,"MHL":52.2222222222222,"MKD":38.3514670896114,"MLI":10.896663634352,"MLT":1.09375,"MMR":47.6837055518989,"MNE":61.4869888475836,"MNG":9.1075731369755,"MNP":65.5521739130435,"MOZ":49.2964114041557,"MRT":0.351023576210342,"MUS":19.21482223335,"MWI":27.7863809927874,"MYS":57.9849764115051,"NAM":8.84011952046059,"NCL":45.8927789934354,"NER":0.940617352174943,"NGA":25.3595023990689,"NIC":34.3362639188965,"NLD":11.0246144721234,"NOR":33.1553701087492,"NPL":41.5907220090687,"NRU":0,"NZL":37.4000911473169,"OMN":0.00969305331179321,"PAK":5.26865919468659,"PAN":58.0652945924132,"PER":57.7177703125,"PHL":23.055994902237,"PLW":88.3608695652174,"PNG":79.821561630526,"POL":30.5234627567515,"PRI":55.4606538895152,"PRK":51.6664728843119,"PRT":35.6370782836554,"PRY":48.2153435690914,"PYF":43.0596369922213,"QAT":0,"ROU":28.6405352565495,"RUS":49.7710839739218,"RWA":10.7823267126064,"SAU":0.454484134921779,"SEN":43.7758271438217,"SGP":24.8389204545455,"SLB":90.3732761700607,"SLE":37.5787475755057,"SLV":30.1341698841699,"SMR":16.6666666666667,"SOM":10.6333885931074,"SRB":31.0348273496456,"STP":59.875,"SUR":95.2616639173682,"SVK":39.8993095990684,"SVN":61.9080710811079,"SWE":68.8722459411641,"SWZ":28.2932558139535,"SXM":10.8823529411765,"SYC":73.2608695652174,"SYR":2.71241082611774,"TCA":11.0736842105263,"TCD":4.29002541296061,"TGO":22.723110865968,"THA":39.2855604924739,"TJK":2.94627036296085,"TKM":8.78215904496414,"TLS":62.7908540685945,"TON":12.4305555555556,"TTO":45.2214424951267,"TUN":4.4346035015448,"TUR":27.535990021179,"TUV":33.3333333333333,"TZA":55.9697538947844,"UGA":13.5107121484141,"UKR":16.5190223020093,"URY":10.1076448405896,"USA":33.7794700582241,"UZB":7.77762735510281,"VCT":73.1794871794872,"VEN":53.6711070800975,"VGB":24.24,"VIR":53.0742857142857,"VNM":43.1647323195567,"VUT":36.2838392124692,"WBG":1.65913621262458,"WSM":58.6593639575972,"YEM":1.03983180862549,"ZAF":14.3251448779563,"ZMB":62.5618047054709,"ZWE":46.1657231485072}}