{"schemaVersion":1,"dataKind":"ranking-year","indicatorId":"AG.LND.FRST.ZS","year":2012,"valuesByCountry":{"ABW":2.33333333333333,"AFG":1.85278199408184,"AGO":56.9887511029117,"ALB":28.6466058394161,"AND":34.0425531914894,"ARE":4.46775556181357,"ARG":10.8770814377953,"ARM":11.5962065331928,"ASM":86.85,"ATG":19.6545454545455,"AUS":17.047688843185,"AUT":46.9025206010664,"AZE":12.7108265382661,"BDI":8.88707165109034,"BEL":22.735700392312,"BEN":31.3510996807378,"BFA":24.1829678362573,"BGD":14.4915510486287,"BGR":34.777081798084,"BHR":0.716883116883117,"BHS":50.9350649350649,"BIH":41.519453125,"BLR":42.5403772320218,"BLZ":59.9722051731697,"BMU":18.5185185185185,"BOL":48.6130287085756,"BRA":60.8391747446202,"BRB":14.6511627906977,"BRN":72.1062618595825,"BTN":71.0771047039379,"BWA":28.5869814550138,"CAF":36.1857523516004,"CAN":38.7302575736789,"CHE":31.4232415506488,"CHL":22.9628153193138,"CHN":21.7809258867318,"CIV":11.7604025157233,"CMR":43.9772376298365,"COD":59.5338647140557,"COG":64.5710102489019,"COL":54.5638017124831,"COM":19.5722729715207,"CPV":10.7493796526055,"CRI":56.8729338033686,"CUB":28.4372099128918,"CUW":0.157657657657658,"CYM":53,"CYP":18.7,"CZE":34.465673960896,"DEU":32.7451655477133,"DJI":0.241587575496117,"DMA":63.8266666666667,"DNK":15.04415,"DOM":43.1656385841441,"DZA":0.811675497745346,"ECU":52.1202528587534,"EGY":0.0590205434728013,"ERI":8.92402610724028,"ESP":37.0797784930329,"EST":55.9097900448219,"ETH":15.6413077967478,"FIN":73.4107736351969,"FJI":59.4741105637657,"FRA":30.7742833286947,"FRO":0.0573065902578797,"FSM":91.6942857142857,"G001":31.4712089390986,"GAB":91.6895486474949,"GBR":12.8028768652089,"GEO":40.6159159591308,"GHA":34.7979871670915,"GIB":0,"GIN":26.4406641706007,"GMB":28.5114624505929,"GNB":72.8144381223329,"GNQ":89.6718003565062,"GRC":30.27,"GRD":52.0588235294118,"GRL":0.000535997076379583,"GTM":34.2280701754386,"GUM":45.1851851851852,"GUY":93.9620523241046,"HND":58.3681651622129,"HRV":34.3220641841184,"HTI":13.5039187227866,"HUN":22.6683088478957,"IDN":52.0935766828458,"IMN":6.07017543859649,"IND":23.5534224183453,"IRL":10.6560603861228,"IRN":6.56449077826076,"IRQ":1.89952109044023,"ISL":0.459511221945137,"ISR":7.31977818853974,"ITA":30.8931346756031,"JAM":52.2672206832872,"JOR":1.09822031989187,"JPN":68.4696844993141,"KAZ":1.17520102233582,"KEN":6.28802755033911,"KGZ":6.45741397288842,"KHM":56.0404826648538,"KIR":1.45679012345679,"KNA":42.3076923076923,"KOR":65.4300688521221,"KWT":0.350729517396184,"LAO":73.1000866551126,"LBN":13.5427174975562,"LBR":81.5980066445183,"LBY":0.123327687918433,"LCA":34.0491803278688,"LIE":41.871875,"LKA":33.7059480146707,"LSO":1.13702239789196,"LTU":34.7321058174043,"LUX":34.4538272103664,"LVA":54.314815112411,"MAF":24.8,"MAR":12.7237687654044,"MCO":0,"MDA":11.5416920267803,"MDG":21.5463247363762,"MDV":2.73333333333333,"MEX":34.3107333007536,"MHL":52.2222222222222,"MKD":38.6208564631245,"MLI":10.896663634352,"MLT":1.09375,"MMR":47.250365153487,"MNE":61.4869888475836,"MNG":9.10685777424814,"MNP":65.1913043478261,"MOZ":49.0339072712938,"MRT":0.345745609779761,"MUS":19.2058087130696,"MWI":27.3408994484514,"MYS":58.2994308324456,"NAM":8.7538704466227,"NCL":45.8873085339169,"NER":0.930812347043499,"NGA":25.180196976185,"NIC":33.8698853249127,"NLD":10.9733096085409,"NOR":33.1767256956993,"NPL":41.5907220090687,"NRU":0,"NZL":37.3989442102465,"OMN":0.00969305331179321,"PAK":5.22685502283105,"PAN":57.911729889696,"PER":57.584134375,"PHL":23.172995271154,"PLW":88.5478260869565,"PNG":79.7533443006669,"POL":30.5838939324669,"PRI":55.5154453213078,"PRK":51.4901586246989,"PRT":35.7680969538159,"PRY":47.1726705260508,"PYF":43.0596369922213,"QAT":0,"ROU":28.9948004521346,"RUS":49.7685787332989,"RWA":10.8228617754358,"SAU":0.454484134921779,"SDN":10.5635299785867,"SEN":43.5680673141848,"SGP":24.4090651558074,"SLB":90.3471239728474,"SLE":37.3054585757828,"SLV":29.9169884169884,"SMR":16.6666666666667,"SOM":10.5110466413747,"SRB":31.0497598902355,"SSD":11.3256215087114,"STP":59.2291666666667,"SUR":95.2016169202195,"SVK":39.9152803194144,"SVN":61.9189206629703,"SWE":68.826583807078,"SWZ":28.3638372093023,"SXM":10.8823529411765,"SYC":73.2608695652174,"SYR":2.74508522572564,"TCA":11.0736842105263,"TCD":4.18837357052097,"TGO":22.6686890972605,"THA":39.2808628080409,"TJK":2.96313232352101,"TKM":8.78215904496414,"TLS":62.6967047747142,"TON":12.4305555555556,"TTO":45.1387914230019,"TUN":4.44445159629248,"TUR":27.6781934176163,"TUV":33.3333333333333,"TZA":55.5497922781666,"UGA":13.3049870337123,"UKR":16.5566526272181,"URY":10.3232773397326,"USA":33.8095331798474,"UZB":7.86948141349243,"VCT":73.1794871794872,"VEN":53.4847230882603,"VGB":24.2133333333333,"VIR":53.4914285714286,"VNM":43.5708247064191,"VUT":36.2838392124692,"WBG":1.66544850498339,"WSM":58.4883392226148,"YEM":1.03983180862549,"ZAF":14.2951388602659,"ZMB":62.3086670522875,"ZWE":46.0466330619103}}