{"schemaVersion":1,"dataKind":"ranking-year","indicatorId":"AG.LND.FRST.ZS","year":2013,"valuesByCountry":{"ABW":2.33333333333333,"AFG":1.85278199408184,"AGO":56.5435261089276,"ALB":28.6985583941606,"AND":34.0425531914894,"ARE":4.46775556181357,"ARG":10.795449977893,"ARM":11.5889005971198,"ASM":86.7,"ATG":19.5045454545455,"AUS":17.1400674277235,"AUT":46.9461221522055,"AZE":12.8205035144388,"BDI":9.55451713395639,"BEL":22.7319421092539,"BEN":30.9076800283789,"BFA":24.0001461988304,"BGD":14.4839579012061,"BGR":34.9539425202653,"BHR":0.737662337662338,"BHS":50.9350649350649,"BIH":41.745390625,"BLR":42.5419401896426,"BLZ":59.4587461639632,"BMU":18.5185185185185,"BOL":48.4175537708853,"BRA":60.6550213324974,"BRB":14.6511627906977,"BRN":72.1062618595825,"BTN":71.1289975601438,"BWA":28.37824007905,"CAF":36.137596712575,"CAN":38.7256510726009,"CHE":31.5107315281037,"CHL":23.1970540608878,"CHN":21.9872244030306,"CIV":11.4054150943396,"CMR":43.8587717628144,"COD":59.048045698154,"COG":64.5358711566618,"COL":54.4424623704371,"COM":19.3369156367544,"CPV":10.8238213399504,"CRI":57.1934586760674,"CUB":29.5835732105162,"CUW":0.157657657657658,"CYM":53,"CYP":18.6971861471861,"CZE":34.4986531986532,"DEU":32.7189864709929,"DJI":0.241587575496117,"DMA":63.8266666666667,"DNK":15.2351,"DOM":43.2920306354792,"DZA":0.814866442180927,"ECU":51.9519407311966,"EGY":0.0555608016474961,"ERI":8.90034222261119,"ESP":37.0821135123248,"EST":54.9117552334944,"ETH":15.5767628847107,"FIN":73.5206818256606,"FJI":59.8395183360701,"FRA":30.9290286668522,"FRO":0.0573065902578797,"FSM":91.7342857142857,"G001":31.4370965108556,"GAB":91.6434354018706,"GBR":12.8822386640764,"GEO":40.6159159591308,"GHA":34.7430605607805,"GIB":0,"GIN":26.2941559498616,"GMB":27.9450592885375,"GNB":72.5141536273115,"GNQ":89.3738324420677,"GRC":30.27,"GRD":52.0588235294118,"GRL":0.000535997076379583,"GTM":33.9727510265024,"GUM":45.5555555555556,"GUY":93.902667005334,"HND":58.168612029672,"HRV":34.3292116360517,"HTI":13.3912191582003,"HUN":22.7001877830553,"IDN":51.6002341387757,"IMN":6.07017543859649,"IND":23.6430231502191,"IRL":10.7556103933808,"IRN":6.56449077826076,"IRQ":1.90036118379833,"ISL":0.466473815461347,"ISR":7.42144177449168,"ITA":31.075091810441,"JAM":52.6182825484765,"JOR":1.09822031989187,"JPN":68.4576131687243,"KAZ":1.19196410712301,"KEN":6.25501985451734,"KGZ":6.48049009384776,"KHM":54.0663041015182,"KIR":1.45679012345679,"KNA":42.3076923076923,"KOR":65.2495227146758,"KWT":0.350729517396184,"LAO":72.9506065857886,"LBN":13.6009775171065,"LBR":81.2838455149502,"LBY":0.123327687918433,"LCA":34.0491803278688,"LIE":41.873125,"LKA":33.7863179716154,"LSO":1.13702239789196,"LTU":34.7857997606701,"LUX":34.4538272103664,"LVA":54.3769103443843,"MAF":24.8,"MAR":12.7283038315035,"MCO":0,"MDA":11.6070559610706,"MDG":21.5234204193881,"MDV":2.73333333333333,"MEX":34.2477275650094,"MHL":52.2222222222222,"MKD":38.8902458366376,"MLI":10.896663634352,"MLT":1.09375,"MMR":46.8118209101488,"MNE":61.4869888475836,"MNG":9.10613594411107,"MNP":64.8304347826087,"MOZ":48.7714031384318,"MRT":0.34046764334918,"MUS":19.1967951927892,"MWI":26.8954179041154,"MYS":58.6138852533861,"NAM":8.6676213727848,"NCL":45.8818380743983,"NER":0.921007341912055,"NGA":25.0008915533011,"NIC":33.403506730929,"NLD":10.9317304838231,"NOR":33.2090866046879,"NPL":41.5907220090687,"NRU":0,"NZL":37.3977972731761,"OMN":0.00969305331179321,"PAK":5.18505085097551,"PAN":57.7581651869788,"PER":57.4504984375,"PHL":23.2899956400711,"PLW":88.7347826086957,"PNG":79.6851271916266,"POL":30.6443290552235,"PRI":55.5702367531003,"PRK":51.313844365086,"PRT":35.893158903643,"PRY":46.1299974830103,"PYF":43.0596369922213,"QAT":0,"ROU":29.3291135938791,"RUS":49.766073492676,"RWA":10.8633968382651,"SAU":0.454484134921779,"SDN":10.4702494646681,"SEN":43.3603074845479,"SGP":24.015558698727,"SLB":90.3209717756341,"SLE":37.0321695760599,"SLV":29.699806949807,"SMR":16.6666666666667,"SOM":10.388704689642,"SRB":31.0646924308255,"SSD":11.3256215087114,"STP":58.5833333333333,"SUR":95.1415699230709,"SVK":39.9312510397604,"SVN":61.9463753723932,"SWE":68.7809216729919,"SWZ":28.4344186046512,"SXM":10.8823529411765,"SYC":73.2608695652174,"SYR":2.77775962533355,"TCA":11.0736842105263,"TCD":4.08672172808132,"TGO":22.614267328553,"THA":39.2761651236078,"TJK":2.97999428408117,"TKM":8.78215904496414,"TLS":62.6025554808339,"TON":12.4305555555556,"TTO":45.0561403508772,"TUN":4.45429969104016,"TUR":27.8203968140535,"TUV":33.3333333333333,"TZA":55.1298306615489,"UGA":13.0992619190106,"UKR":16.594282952427,"URY":10.5389098388756,"USA":33.8395963014708,"UZB":7.96137580342781,"VCT":73.1794871794872,"VEN":53.2983390964231,"VGB":24.1866666666667,"VIR":53.9085714285714,"VNM":44.0639521125592,"VUT":36.2838392124692,"WBG":1.67176079734219,"WSM":58.3173144876325,"YEM":1.03983180862549,"ZAF":14.2651328425756,"ZMB":62.0555293991041,"ZWE":45.9275429753134}}