{"schemaVersion":1,"dataKind":"ranking-year","indicatorId":"AG.LND.FRST.ZS","year":2014,"valuesByCountry":{"ABW":2.33333333333333,"AFG":1.85278199408184,"AGO":56.0983011149435,"ALB":28.7505109489051,"AND":34.0425531914894,"ARE":4.46775556181357,"ARG":10.7138185179907,"ARM":11.5815946610467,"ASM":86.55,"ATG":19.3545454545455,"AUS":17.232446012262,"AUT":46.9897237033446,"AZE":12.9297085757836,"BDI":10.2219626168224,"BEL":22.7281838261959,"BEN":30.4642603760199,"BFA":23.8173245614035,"BGD":14.4763647537835,"BGR":35.1308032424466,"BHR":0.75745784695201,"BHS":50.9350649350649,"BIH":41.971328125,"BLR":42.5317653086864,"BLZ":58.9452871547567,"BMU":18.5185185185185,"BOL":48.2220788331949,"BRA":60.4708679203746,"BRB":14.6511627906977,"BRN":72.1062618595825,"BTN":71.1808904163497,"BWA":28.1694987030861,"CAF":36.0894410735497,"CAN":38.7210445715229,"CHE":31.5982233630178,"CHL":23.4897141198213,"CHN":22.1935229193294,"CIV":11.050427672956,"CMR":43.7403058957923,"COD":58.5622266822523,"COG":64.5007320644217,"COL":54.3211230283912,"COM":19.1015583019882,"CPV":10.8982630272953,"CRI":57.5139835487662,"CUB":30.1249759661604,"CUW":0.157657657657658,"CYM":53,"CYP":18.6943722943723,"CZE":34.5271691271691,"DEU":32.7228432215535,"DJI":0.241587575496117,"DMA":63.8266666666667,"DNK":15.42605,"DOM":43.4184226868143,"DZA":0.818057386616507,"ECU":51.7836286036399,"EGY":0.052101059822191,"ERI":8.87519711563943,"ESP":37.0844485316167,"EST":55.3027835288705,"ETH":15.5125439694869,"FIN":73.6305900161243,"FJI":60.2049261083744,"FRA":31.0837740050097,"FRO":0.0573065902578797,"FSM":91.7742857142857,"G001":31.4027044198949,"GAB":91.5973221562464,"GBR":12.9616004629438,"GEO":40.6159159591308,"GHA":34.6881339544695,"GIB":0,"GIN":26.1476477291226,"GMB":27.3786561264822,"GNB":72.2138691322902,"GNQ":89.0758645276292,"GRC":30.27,"GRD":52.0588235294118,"GRL":0.000535997076379583,"GTM":33.7174318775663,"GUM":45.9259259259259,"GUY":93.8432816865634,"HND":57.9690588971311,"HRV":34.3363590879851,"HTI":13.2785195936139,"HUN":22.5502301117686,"IDN":51.1068915947056,"IMN":6.07017543859649,"IND":23.732623882093,"IRL":10.8551604006387,"IRN":6.56449077826076,"IRQ":1.90036118379833,"ISL":0.473436408977556,"ISR":7.52310536044362,"ITA":31.2570489452789,"JAM":52.9693444136657,"JOR":1.09822031989187,"JPN":68.4455418381344,"KAZ":1.20872722895136,"KEN":6.22201215869558,"KGZ":6.50356621480709,"KHM":52.0921255381826,"KIR":1.45679012345679,"KNA":42.3076923076923,"KOR":65.1442060966848,"KWT":0.350729517396184,"LAO":72.8011265164645,"LBN":13.6592375366569,"LBR":80.9696843853821,"LBY":0.123327687918433,"LCA":34.0491803278688,"LIE":41.87375,"LKA":33.86668792856,"LSO":1.13702239789196,"LTU":34.853950518755,"LUX":34.4538272103664,"LVA":54.4390055763575,"MAF":24.8,"MAR":12.7328388976025,"MCO":0,"MDA":11.6794403892944,"MDG":21.5007012719147,"MDV":2.73333333333333,"MEX":34.1847218292652,"MHL":52.2222222222222,"MKD":39.1596352101507,"MLI":10.896663634352,"MLT":1.09375,"MMR":46.3682121639003,"MNE":61.4869888475836,"MNG":9.10542135370957,"MNP":64.4695652173913,"MOZ":48.5088990055698,"MRT":0.335189676918599,"MUS":19.1877816725088,"MWI":26.4499363597794,"MYS":58.9283396743266,"NAM":8.58137229894691,"NCL":45.8763676148797,"NER":0.911202336780611,"NGA":24.8215861304171,"NIC":32.9371281369453,"NLD":10.8803799346987,"NOR":33.2318108614437,"NPL":41.5907220090687,"NRU":0,"NZL":37.3966503361057,"OMN":0.00969305331179321,"PAK":5.14324667911997,"PAN":57.775580140313,"PER":57.3168625,"PHL":23.4069960089882,"PLW":88.9217391304348,"PNG":79.6169098617674,"POL":30.7057709265489,"PRI":55.6250281848929,"PRK":51.137530105473,"PRT":36.0239985328408,"PRY":45.0873244399698,"PYF":43.0596369922213,"QAT":0,"ROU":29.6582406119611,"RUS":49.763568252053,"RWA":10.9039319010944,"SAU":0.454484134921779,"SDN":10.3769689507495,"SEN":43.1525476549109,"SGP":23.5898448519041,"SLB":90.2948195784209,"SLE":36.7588805763369,"SLV":29.4826254826255,"SMR":16.6666666666667,"SOM":10.2663627379093,"SRB":31.0796249714155,"SSD":11.3256215087114,"STP":57.9375,"SUR":95.0815229259223,"SVK":39.9538685524126,"SVN":61.9563058589871,"SWE":68.7352595389057,"SWZ":28.505,"SXM":10.8823529411765,"SYC":73.2608695652174,"SYR":2.81043402494146,"TCA":11.0736842105263,"TCD":3.98506988564168,"TGO":22.5598455598456,"THA":39.2714674391748,"TJK":3.0222068508351,"TKM":8.78215904496414,"TLS":62.5084061869536,"TON":12.4305555555556,"TTO":44.9734892787524,"TUN":4.46414778578785,"TUR":27.9626002104908,"TUV":33.3333333333333,"TZA":54.7098690449311,"UGA":12.8935368043088,"UKR":16.6327746033938,"URY":10.7545423380185,"USA":33.8696594230942,"UZB":8.05307155527101,"VCT":73.1794871794872,"VEN":53.1119551045859,"VGB":24.16,"VIR":54.3257142857143,"VNM":44.4428488915694,"VUT":36.2838392124692,"WBG":1.678073089701,"WSM":58.1462897526502,"YEM":1.03983180862549,"ZAF":14.2351268248852,"ZMB":61.8023917459207,"ZWE":45.8084528887166}}