{"schemaVersion":1,"dataKind":"ranking-year","indicatorId":"AG.LND.FRST.ZS","year":2015,"valuesByCountry":{"ABW":2.33333333333333,"AFG":1.85278199408184,"AGO":55.6530761209593,"ALB":28.8024635036496,"AND":34.0425531914894,"ARE":4.46775556181357,"ARG":10.6321870580884,"ARM":11.5742887249737,"ASM":86.4,"ATG":19.2045454545455,"AUS":17.3248245968004,"AUT":47.0333252544838,"AZE":13.0395340115892,"BDI":10.8894080996885,"BEL":22.7244255431378,"BEN":30.0208407236609,"BFA":23.6345029239766,"BGD":14.4687716063609,"BGR":35.3076639646279,"BHR":0.77120822622108,"BHS":50.9350649350649,"BIH":42.197265625,"BLR":42.5341662643242,"BLZ":58.4318281455502,"BMU":18.5185185185185,"BOL":48.0266038955045,"BRA":60.2867384370207,"BRB":14.6511627906977,"BRN":72.1062618595825,"BTN":71.2327832725556,"BWA":27.9607573271223,"CAF":36.0412854345244,"CAN":38.7164380704449,"CHE":31.6857178507946,"CHL":23.7245368895995,"CHN":22.3998214356282,"CIV":10.6954402515723,"CMR":43.6218400287703,"COD":58.0764076663505,"COG":64.4655929721816,"COL":54.1997836863452,"COM":18.8662009672219,"CPV":10.9727047146402,"CRI":57.8345084214649,"CUB":30.5859750240154,"CUW":0.157657657657658,"CYM":53,"CYP":18.6915584415584,"CZE":34.5601606009584,"DEU":32.7323281545606,"DJI":0.241587575496117,"DMA":63.8266666666667,"DNK":15.617,"DOM":43.5448147381494,"DZA":0.821247986241997,"ECU":51.6153164760831,"EGY":0.0486413179968858,"ERI":8.84524597758958,"ESP":37.1275324670126,"EST":55.6938118242466,"ETH":15.4478434691779,"FIN":73.7356454213418,"FJI":60.5703338806787,"FRA":31.2385193431673,"FRO":0.0573065902578797,"FSM":91.8142857142857,"G001":31.3672852185744,"GAB":91.5512089106221,"GBR":13.0409622618113,"GEO":40.6159159591308,"GHA":34.6332073481586,"GIB":0,"GIN":26.0011395083835,"GMB":26.8122529644269,"GNB":71.9135846372688,"GNQ":88.7778966131907,"GRC":30.27,"GRD":52.0588235294118,"GRL":0.000535997076379583,"GTM":33.4621127286301,"GUM":46.2962962962963,"GUY":93.7838963677927,"HND":57.7695057645902,"HRV":34.3435065399185,"HTI":13.1658200290276,"HUN":22.5818540433925,"IDN":50.6135490506354,"IMN":6.07017543859649,"IND":23.8222246139668,"IRL":10.9547104078966,"IRN":6.56449077826076,"IRQ":1.90036118379833,"ISL":0.480399002493766,"ISR":7.62476894639556,"ITA":31.4390060801169,"JAM":53.320406278855,"JOR":1.09822031989187,"JPN":68.4334705075446,"KAZ":1.22549031373856,"KEN":6.16780662377195,"KGZ":6.52664233576642,"KHM":50.117946974847,"KIR":1.45679012345679,"KNA":42.3076923076923,"KOR":65.0315562625071,"KWT":0.350729517396184,"LAO":72.6516464471404,"LBN":13.7174975562072,"LBR":80.6555232558139,"LBY":0.123327687918433,"LCA":34.0491803278688,"LIE":41.875,"LKA":34.3951658507424,"LSO":1.13702239789196,"LTU":34.9082202713488,"LUX":34.4538272103664,"LVA":54.5011008083308,"MAF":24.8,"MAR":12.7373739637015,"MCO":0,"MDA":11.7518248175182,"MDG":21.4779821244414,"MDV":2.73333333333333,"MEX":34.1217160935209,"MHL":52.2222222222222,"MKD":39.4290245836638,"MLI":10.896663634352,"MLT":1.09375,"MMR":45.9246034176517,"MNE":61.4869888475836,"MNG":9.10469149761818,"MNP":64.1086956521739,"MOZ":48.2463948727078,"MRT":0.329911710488018,"MUS":19.1787681522283,"MWI":26.0044548154434,"MYS":59.2427940952671,"NAM":8.49512322510901,"NCL":45.8708971553611,"NER":0.901397331649167,"NGA":24.6422807075332,"NIC":32.4707495429616,"NLD":10.8354618354618,"NOR":33.2456439881958,"NPL":41.5907220090687,"NRU":0,"NZL":37.3955033990354,"OMN":0.00969305331179321,"PAK":5.10144250726443,"PAN":57.6215596330275,"PER":57.1832265625,"PHL":23.5239963779052,"PLW":89.1086956521739,"PNG":79.5486925319083,"POL":30.7652111434077,"PRI":55.6798196166855,"PRK":50.96121584586,"PRT":36.154994891142,"PRY":44.0446513969293,"PYF":43.0596369922213,"QAT":0,"ROU":29.9937413073714,"RUS":49.7610630114301,"RWA":10.9444669639238,"SAU":0.454484134921779,"SDN":10.2836884368308,"SEN":42.944787825274,"SGP":23.2318758815233,"SLB":90.2686673812076,"SLE":36.485591576614,"SLV":29.265444015444,"SMR":16.6666666666667,"SOM":10.1440207861766,"SRB":31.0945575120055,"SSD":11.3256215087114,"STP":57.2916666666667,"SUR":95.0214759287737,"SVK":39.9681793602596,"SVN":61.9582377647374,"SWE":68.6944981353789,"SWZ":28.5755813953488,"SXM":10.8823529411765,"SYC":73.2608695652174,"SYR":2.84310842454937,"TCA":11.0736842105263,"TCD":3.88341804320203,"TGO":22.5054237911381,"THA":39.2667697547417,"TJK":3.0391238561856,"TKM":8.78215904496414,"TLS":62.4142568930733,"TON":12.4305555555556,"TTO":44.8908382066277,"TUN":4.47399588053553,"TUR":28.104803606928,"TUV":33.3333333333333,"TZA":54.2899074283134,"UGA":12.687811689607,"UKR":16.6704068773844,"URY":10.9701748371615,"USA":33.8997225447175,"UZB":8.05583295506128,"VCT":73.1794871794872,"VEN":52.9255711127487,"VGB":24.1333333333333,"VIR":54.7428571428571,"VNM":44.8711640388917,"VUT":36.2838392124692,"WBG":1.6843853820598,"WSM":57.9752650176678,"YEM":1.03983180862549,"ZAF":14.2051208071948,"ZMB":61.5492540927373,"ZWE":45.6893628021197}}