{"schemaVersion":1,"dataKind":"ranking-year","indicatorId":"AG.LND.FRST.ZS","year":2016,"valuesByCountry":{"ABW":2.33333333333333,"AFG":1.85278199408184,"AGO":55.2078447100345,"ALB":28.8021897810219,"AND":34.0425531914894,"ARE":4.46775556181357,"ARG":10.6003968297469,"ARM":11.5669125395153,"ASM":86.25,"ATG":19.0454545454545,"AUS":17.4254877132405,"AUT":47.0769510421716,"AZE":13.1544115156647,"BDI":10.8894080996885,"BEL":22.7244255431378,"BEN":29.5774210713019,"BFA":23.4517543859649,"BGD":14.4687716063609,"BGR":35.3813559322034,"BHR":0.79589216944801,"BHS":50.9350649350649,"BIH":42.5099609375,"BLR":42.9069698701401,"BLZ":57.9430074528715,"BMU":18.5185185185185,"BOL":47.7713283485646,"BRA":60.0710205859198,"BRB":14.6511627906977,"BRN":72.1062618595825,"BTN":71.2342701342282,"BWA":27.7520159511584,"CAF":35.9931297954991,"CAN":38.7120133755838,"CHE":31.7732664163142,"CHL":23.8708420449261,"CHN":22.6305120997506,"CIV":10.3404402515723,"CMR":43.5033741617482,"COD":57.5905868860413,"COG":64.4304538799414,"COL":54.0419017575485,"COM":18.6297689414293,"CPV":11.0471464019851,"CRI":58.1551116333725,"CUB":31.1514801999231,"CUW":0.157657657657658,"CYM":53,"CYP":18.6807359307359,"CZE":34.579070068644,"DEU":32.685482024273,"DJI":0.241587575496117,"DMA":63.8266666666667,"DNK":15.6165,"DOM":43.7122748913268,"DZA":0.821247986241997,"ECU":51.3565388951522,"EGY":0.0451855944547692,"ERI":8.81997366660957,"ESP":37.142868581403,"EST":55.6993328732459,"ETH":15.3828977407906,"FIN":73.7356454213418,"FJI":60.935960591133,"FRA":31.3932646813248,"FRO":0.0573065902578797,"FSM":91.8571428571429,"G001":31.3398157847626,"GAB":91.5051034268638,"GBR":13.0574959699087,"GEO":40.6159159591308,"GHA":34.8169113122967,"GIB":0,"GIN":25.8383525964512,"GMB":26.2450592885375,"GNB":71.6134423897582,"GNQ":88.4798573975044,"GRC":30.2699767261443,"GRD":52.0588235294118,"GRL":0.000535997076379583,"GTM":33.3538633818589,"GUM":51.8518518518518,"GUY":93.7371602743206,"HND":57.5837876485834,"HRV":34.3813916088914,"HTI":13.0529753265602,"HUN":22.5589524435678,"IDN":50.7434545269582,"IMN":6.07017543859649,"IND":23.9116908102072,"IRL":11.0661924807664,"IRN":6.57064269751222,"IRQ":1.90036118379833,"ISL":0.485386533665835,"ISR":6.46950092421442,"ITA":31.6209699781549,"JAM":53.6786703601108,"JOR":1.09822031989187,"JPN":68.4224965706447,"KAZ":1.23632625847316,"KEN":6.19833694004437,"KGZ":6.54973931178311,"KHM":49.2359506004985,"KIR":1.45679012345679,"KNA":42.3076923076923,"KOR":64.8791145667716,"KWT":0.350729517396184,"LAO":72.5021663778163,"LBN":13.7761485826002,"LBR":80.3413621262459,"LBY":0.123327687918433,"LCA":34.0491803278688,"LIE":41.875,"LKA":34.3441099962839,"LSO":1.13702239789196,"LTU":34.9605695859008,"LUX":34.4538272103664,"LVA":54.5632924614717,"MAF":24.8,"MAR":12.7712077078199,"MCO":0,"MDA":11.7548661800487,"MDG":21.4552767273977,"MDV":2.73333333333333,"MEX":34.0559942385349,"MHL":52.2222222222222,"MKD":39.7172878667724,"MLI":10.896663634352,"MLT":1.1875,"MMR":45.5018995680015,"MNE":61.4869888475836,"MNG":9.10397870509873,"MNP":52.9565217391304,"MOZ":47.8500089015489,"MRT":0.324633744057437,"MUS":19.1737606409614,"MWI":25.5589732711073,"MYS":58.7875209252777,"NAM":8.40887172199347,"NCL":45.8654266958425,"NER":0.891592326517723,"NGA":24.4629795667402,"NIC":31.6397706498255,"NLD":10.8630828630829,"NOR":33.271099733249,"NPL":41.5907220090687,"NRU":0,"NZL":37.396035091717,"OMN":0.00904684975767367,"PAK":5.01795350767954,"PAN":57.4676200755532,"PER":57.03928125,"PHL":23.6410101619881,"PLW":89.304347826087,"PNG":79.4724197323676,"POL":30.8142003331265,"PRI":55.7350620067644,"PRK":50.7848185366664,"PRT":36.154994891142,"PRY":43.6273093380317,"PYF":43.0596369922213,"QAT":0,"ROU":30.1158292767733,"RUS":49.7726977132993,"RWA":11.0255370895825,"SAU":0.454484134921779,"SDN":10.1971038543897,"SEN":42.737027995637,"SGP":22.9696755994358,"SLB":90.242586638085,"SLE":36.2122471598781,"SLV":29.0482625482625,"SMR":16.6666666666667,"SOM":10.0216788344438,"SRB":31.1019894809056,"SSD":11.3256215087114,"STP":56.6458333333333,"SUR":94.9507627706873,"SVK":40.0035357737105,"SVN":61.8592989772614,"SWE":68.6944981353789,"SWZ":28.646511627907,"SXM":10.8823529411765,"SYC":73.2608695652174,"SYR":2.84310842454937,"TCA":11.0736842105263,"TCD":3.78732528589581,"TGO":22.4510020224306,"THA":39.1806455401358,"TJK":3.0391238561856,"TKM":8.78215904496414,"TLS":62.320107599193,"TON":12.4305555555556,"TTO":44.8089668615984,"TUN":4.48384397528321,"TUR":28.104803606928,"TUV":33.3333333333333,"TZA":53.7604425378189,"UGA":12.4820965489727,"UKR":16.6824906350878,"URY":11.1244429208091,"USA":33.8997225447175,"UZB":8.1397486557828,"VCT":73.1794871794872,"VEN":52.7671447196871,"VGB":24.1333333333333,"VIR":55.1714285714286,"VNM":45.8783548775157,"VUT":36.2838392124692,"WBG":1.6843853820598,"WSM":57.8056537102473,"YEM":1.03983180862549,"ZAF":14.1751147895045,"ZMB":61.2959550168821,"ZWE":45.5702727155228}}