{"schemaVersion":1,"dataKind":"ranking-year","indicatorId":"AG.LND.FRST.ZS","year":2017,"valuesByCountry":{"ABW":2.33333333333333,"AFG":1.85278199408184,"AGO":54.7626293414615,"ALB":28.7920620437956,"AND":34.0425531914894,"ARE":4.46775556181357,"ARG":10.5598368832422,"ARM":11.5595363540569,"ASM":86.1,"ATG":18.9090909090909,"AUS":17.4229136169693,"AUT":47.1204556471159,"AZE":13.2731460646972,"BDI":10.8894080996885,"BEL":22.7244255431378,"BEN":29.1340014189429,"BFA":23.2690058479532,"BGD":14.4687716063609,"BGR":35.5011053795136,"BHR":0.82051282051282,"BHS":50.9350649350649,"BIH":42.7326171875,"BLR":42.9784026641969,"BLZ":57.4537483559842,"BMU":18.5185185185185,"BOL":47.5327425459245,"BRA":59.8329293359527,"BRB":14.6511627906977,"BRN":72.1062618595825,"BTN":71.2861786912752,"BWA":27.5432745751945,"CAF":35.9449741564737,"CAN":38.7078876013737,"CHE":31.8603337971021,"CHL":24.0364518962995,"CHN":22.8306567492632,"CIV":9.98544025157233,"CMR":43.3849082947262,"COD":57.1047705167508,"COG":64.3953147877013,"COL":53.8438666065795,"COM":18.3933369156368,"CPV":11.12158808933,"CRI":58.4757148452801,"CUB":31.233140655106,"CUW":0.157657657657658,"CYM":53,"CYP":18.6785714285714,"CZE":34.6025126278979,"DEU":32.6845464693591,"DJI":0.242018981880932,"DMA":63.8266666666667,"DNK":15.64,"DOM":43.8797350445042,"DZA":0.815789794104397,"ECU":51.0977613142213,"EGY":0.0451855944547692,"ERI":8.79432689018704,"ESP":37.1522339173654,"EST":57.0385964912281,"ETH":15.3182908234333,"FIN":73.7332192682285,"FJI":61.3015873015873,"FRA":31.5480100194823,"FRO":0.0573065902578797,"FSM":91.9,"G001":31.2888985608941,"GAB":91.4589979431055,"GBR":13.0781631050304,"GEO":40.6159159591308,"GHA":35.0006152764349,"GIB":0,"GIN":25.675565684519,"GMB":25.6788537549407,"GNB":71.3133001422475,"GNQ":88.1818181818182,"GRC":30.2699767261443,"GRD":52.0588235294118,"GRL":0.000535997076379583,"GTM":33.2456140350877,"GUM":51.8518518518518,"GUY":93.6903733807468,"HND":57.3966395567075,"HRV":34.5151954828104,"HTI":12.9401306240929,"HUN":22.5429541968004,"IDN":50.0393338229866,"IMN":6.07017543859649,"IND":24.0014933455312,"IRL":11.1775293946872,"IRN":6.60154083204931,"IRQ":1.90036118379833,"ISL":0.492568578553616,"ISR":6.46950092421442,"ITA":31.8029338761929,"JAM":54.0378578024007,"JOR":1.09822031989187,"JPN":68.4087791495199,"KAZ":1.24716079564396,"KEN":6.22865954160824,"KGZ":6.57280604796663,"KHM":48.35395422615,"KIR":1.45679012345679,"KNA":42.3076923076923,"KOR":64.783099169316,"KWT":0.350729517396184,"LAO":72.3526863084922,"LBN":13.8347996089932,"LBR":80.0272009966777,"LBY":0.123327687918433,"LCA":34.0491803278688,"LIE":41.875,"LKA":34.2930541418254,"LSO":1.13702239789196,"LTU":35.0569116074137,"LUX":34.4538272103664,"LVA":54.6254841146126,"MAF":24.8,"MAR":12.7976473224289,"MCO":0,"MDA":11.7512921860748,"MDG":21.4325541423169,"MDV":2.73333333333333,"MEX":33.9902672393837,"MHL":52.2222222222222,"MKD":39.7101506740682,"MLI":10.896663634352,"MLT":1.3125,"MMR":45.0601608579088,"MNE":61.4869888475836,"MNG":9.10326591257927,"MNP":52.9565217391304,"MOZ":47.5680968488517,"MRT":0.319394586203551,"MUS":19.3540310465699,"MWI":25.1134917267713,"MYS":58.6348805356871,"NAM":8.32262021887792,"NCL":45.8599562363239,"NER":0.881787321386279,"NGA":24.2836830374299,"NIC":30.8087917566894,"NLD":10.8910008910009,"NOR":33.2945336229161,"NPL":41.5907220090687,"NRU":0,"NZL":37.411606091679,"OMN":0.00872374798061389,"PAK":4.99418845994188,"PAN":57.3135456017269,"PER":56.902171875,"PHL":23.758023946071,"PLW":89.4782608695652,"PNG":79.3983791900367,"POL":30.8533916849015,"PRI":55.7903043968433,"PRK":50.6104144174072,"PRT":36.154994891142,"PRY":42.6384847722124,"PYF":43.0596369922213,"QAT":0,"ROU":30.1158292767733,"RUS":49.7843605035639,"RWA":11.0660721524118,"SAU":0.454484134921779,"SDN":10.1049411134904,"SEN":42.5292681660001,"SGP":22.626404494382,"SLB":90.2165058949625,"SLE":35.9389027431422,"SLV":28.8310810810811,"SMR":16.6666666666667,"SOM":9.89933688271113,"SRB":31.1211982620627,"SSD":11.3256215087114,"STP":56,"SUR":94.9052820610811,"SVK":40.05615640599,"SVN":61.7699782998396,"SWE":68.6944981353789,"SWZ":28.7168604651163,"SXM":10.8823529411765,"SYC":73.2608695652174,"SYR":2.84310842454937,"TCA":11.0736842105263,"TCD":3.69361499364676,"TGO":22.3965802537231,"THA":39.1101802736401,"TJK":3.0391238561856,"TKM":8.78215904496414,"TLS":62.2461331540013,"TON":12.4305555555556,"TTO":44.7270955165692,"TUN":4.4936920700309,"TUR":28.2635292283305,"TUV":33.3333333333333,"TZA":53.2309776473245,"UGA":12.2763814083383,"UKR":16.6942862074918,"URY":11.2444292080905,"USA":33.8669264120375,"UZB":8.19844389770035,"VCT":73.1794871794872,"VEN":52.6366759254011,"VGB":24.1333333333333,"VIR":55.6,"VNM":45.9963369846492,"VUT":36.2838392124692,"WBG":1.6843853820598,"WSM":58.6726618705036,"YEM":1.03983180862549,"ZAF":14.1451087718141,"ZMB":61.0428846231453,"ZWE":45.4511826289259}}