{"schemaVersion":1,"dataKind":"ranking-year","indicatorId":"AG.LND.FRST.ZS","year":2018,"valuesByCountry":{"ABW":2.33333333333333,"AFG":1.85278199408184,"AGO":54.3174059517125,"ALB":28.7919708029197,"AND":34.0425531914894,"ARE":4.46775556181357,"ARG":10.5203731515078,"ARM":11.5521601685985,"ASM":85.95,"ATG":18.75,"AUS":17.4213145571644,"AUT":47.1639602520601,"AZE":13.4139303602971,"BDI":10.8894080996885,"BEL":22.6051880759519,"BEN":28.6905817665839,"BFA":23.0862573099415,"BGD":14.4687716063609,"BGR":35.6208548268239,"BHR":0.848329048843188,"BHS":50.9350649350649,"BIH":42.7326171875,"BLR":43.0515321706572,"BLZ":56.9649276633056,"BMU":18.5185185185185,"BOL":47.3121388350411,"BRA":59.7083800941358,"BRB":14.6511627906977,"BRN":72.1062618595825,"BTN":71.3455689564761,"BWA":27.3345331992307,"CAF":35.8968185174484,"CAN":38.7037629425392,"CHE":31.9474011778901,"CHL":24.2020617476728,"CHN":23.0309079153534,"CIV":9.63044025157233,"CMR":43.2664424277041,"COD":56.6189541474604,"COG":64.3513909224012,"COL":53.6642451554754,"COM":18.1622783449758,"CPV":11.1960297766749,"CRI":58.7961222091657,"CUB":31.233140655106,"CUW":0.157657657657658,"CYM":53.375,"CYP":18.6764069264069,"CZE":34.6259551871519,"DEU":32.6836109680005,"DJI":0.243313201035375,"DMA":63.8266666666667,"DNK":15.664,"DOM":44.0471951976816,"DZA":0.810331601966797,"ECU":50.8389837332904,"EGY":0.0451855944547692,"ERI":8.76775721087697,"ESP":37.1566467814769,"EST":57.0385964912281,"ETH":15.2534899740501,"FIN":73.7332192682285,"FJI":61.6672140120416,"FRA":31.7027553576399,"FRO":0.0573065902578797,"FSM":91.9428571428572,"G001":31.2515001256163,"GAB":91.4128924593472,"GBR":13.1153639482495,"GEO":40.6159159591308,"GHA":35.0323459611497,"GIB":0,"GIN":25.5127787725867,"GMB":25.1126482213439,"GNB":71.0131578947368,"GNQ":87.8837789661319,"GRC":30.2699767261443,"GRD":52.0588235294118,"GRL":0.000535997076379583,"GTM":33.1373646883165,"GUM":51.8518518518518,"GUY":93.6436372872746,"HND":57.2094020913397,"HRV":34.5598956472018,"HTI":12.8272859216255,"HUN":22.5281612973921,"IDN":49.7168177792076,"IMN":6.07017543859649,"IND":24.0909595417716,"IRL":11.2355929743069,"IRN":6.61140215716487,"IRQ":1.90036118379833,"ISL":0.496280868789051,"ISR":6.46950092421442,"ITA":31.9848977742309,"JAM":54.3970452446907,"JOR":1.09822031989187,"JPN":68.4087791495199,"KAZ":1.25799207319332,"KEN":6.25877654107482,"KGZ":6.66788321167883,"KHM":47.4719578518015,"KIR":1.45679012345679,"KNA":42.3076923076923,"KOR":64.6739130434783,"KWT":0.350729517396184,"LAO":72.2032062391681,"LBN":13.8934506353861,"LBR":79.7130398671096,"LBY":0.123327687918433,"LCA":34.0491803278688,"LIE":41.875,"LKA":34.2580499159447,"LSO":1.13702239789196,"LTU":35.0950023950184,"LUX":34.4538272103664,"LVA":54.6876757677536,"MAF":24.8,"MAR":12.8200537754873,"MCO":0,"MDA":11.7529716925191,"MDG":21.4098315572362,"MDV":2.73333333333333,"MEX":33.9247408626765,"MHL":52.2222222222222,"MKD":39.7101506740682,"MLI":10.896663634352,"MLT":1.4375,"MMR":44.6197487360196,"MNE":61.4869888475836,"MNG":9.10255545816196,"MNP":52.9565217391304,"MOZ":47.3361072255144,"MRT":0.314058406907927,"MUS":19.3740610916375,"MWI":24.6680101824353,"MYS":58.4822401460965,"NAM":8.23636871576237,"NCL":45.8544857768053,"NER":0.871982316254835,"NGA":24.1043842023782,"NIC":29.9778128635533,"NLD":10.9186219186219,"NOR":33.3172650284299,"NPL":41.5907220090687,"NRU":0,"NZL":37.4279366526148,"OMN":0.00840064620355412,"PAK":4.94056143628061,"PAN":57.1133728767862,"PER":56.77815625,"PHL":23.8750041922393,"PLW":89.6739130434783,"PNG":79.3243386477057,"POL":30.8946010386387,"PRI":55.8455467869222,"PRK":50.436010298148,"PRT":36.154994891142,"PRY":41.9353888749056,"PYF":43.0596369922213,"QAT":0,"ROU":30.1158292767733,"RUS":49.7843605035639,"RWA":11.1066072152412,"SAU":0.454484134921779,"SDN":10.0128479657388,"SEN":42.3215083363632,"SGP":22.3109243697479,"SLB":90.1904251518399,"SLE":35.6655583264062,"SLV":28.6138996138996,"SMR":16.6666666666667,"SOM":9.77699493097842,"SRB":31.1227989938258,"SSD":11.3256215087114,"STP":55.3541666666667,"SUR":94.8290239945632,"SVK":40.05615640599,"SVN":61.674380723466,"SWE":68.6944981353789,"SWZ":28.7872093023256,"SXM":10.8823529411765,"SYC":73.2608695652174,"SYR":2.84310842454937,"TCA":11.0736842105263,"TCD":3.60149301143583,"TGO":22.3421584850156,"THA":39.0397150071444,"TJK":3.0391238561856,"TKM":8.78215904496414,"TLS":62.1318090114324,"TON":12.4305555555556,"TTO":44.64522417154,"TUN":4.50354016477858,"TUR":28.4660940971636,"TUV":33.3333333333333,"TZA":52.70151275683,"UGA":12.070666267704,"UKR":16.7034863652054,"URY":11.364415495372,"USA":33.8669264120375,"UZB":8.25712061408984,"VCT":73.1794871794872,"VEN":52.5341647298906,"VGB":24.1333333333333,"VIR":56.0285714285714,"VNM":46.2346815387217,"VUT":36.2838392124692,"WBG":1.6843853820598,"WSM":58.5,"YEM":1.03983180862549,"ZAF":14.1151027541238,"ZMB":60.789706614294,"ZWE":45.3320925423291}}