{"schemaVersion":1,"dataKind":"ranking-year","indicatorId":"AG.LND.FRST.ZS","year":2019,"valuesByCountry":{"ABW":2.33333333333333,"AFG":1.85278199408184,"AGO":53.8721745407877,"ALB":28.7919708029197,"AND":34.0425531914894,"ARE":4.46775556181357,"ARG":10.4801786099266,"ARM":11.5447839831401,"ASM":85.8,"ATG":18.5909090909091,"AUS":17.4213145571644,"AUT":47.1037324285022,"AZE":13.5533670481767,"BDI":10.8894080996885,"BEL":22.604446776415,"BEN":28.2471621142249,"BFA":22.9035087719298,"BGD":14.4687716063609,"BGR":35.7406042741341,"BHR":0.871794871794872,"BHS":50.9350649350649,"BIH":42.7326171875,"BLR":43.1261547557461,"BLZ":56.4756685664182,"BMU":18.5185185185185,"BOL":47.1095356780209,"BRA":59.5585860011916,"BRB":14.6511627906977,"BRN":72.1062618595825,"BTN":71.39486103828,"BWA":27.1257918232668,"CAF":35.8486628784231,"CAN":38.6996371683291,"CHE":32.034468558678,"CHL":24.3497974857398,"CHN":23.2311590814436,"CIV":9.27547169811321,"CMR":43.147976560682,"COD":56.1333009858627,"COG":64.307467057101,"COL":53.4846327174403,"COM":17.9258463191832,"CPV":11.2704714640199,"CRI":59.1167254210732,"CUB":31.233140655106,"CUW":0.157657657657658,"CYM":53,"CYP":18.6742424242424,"CZE":34.6514173213048,"DEU":32.6826755201923,"DJI":0.245901639344262,"DMA":63.8266666666667,"DNK":15.6875,"DOM":44.3173806724841,"DZA":0.814110692183026,"ECU":50.5802061523595,"EGY":0.0451855944547692,"ERI":8.74145380877288,"ESP":37.1677215644695,"EST":57.0385964912281,"ETH":15.1886779997606,"FIN":73.7307932747672,"FJI":62.0328407224959,"FRA":31.8575006957974,"FRO":0.0573065902578797,"FSM":91.9857142857143,"G001":31.2123964792576,"GAB":91.3667869755889,"GBR":13.1525647914686,"GEO":40.6159159591308,"GHA":35.0651553840542,"GIB":0,"GIN":25.3499918606544,"GMB":24.5454545454545,"GNB":70.7130156472262,"GNQ":87.5857397504456,"GRC":30.2699767261443,"GRD":52.0588235294118,"GRL":0.000535997076379583,"GTM":33.0291153415453,"GUM":51.8518518518518,"GUY":93.5968503937008,"HND":57.0221646259719,"HRV":34.6045672217854,"HTI":12.7144412191582,"HUN":22.5122726276572,"IDN":49.3942964092507,"IMN":6.07017543859649,"IND":24.1807620770956,"IRL":11.2936565539265,"IRN":6.62126348228043,"IRQ":1.90035242899592,"ISL":0.502727362888029,"ISR":6.46950092421442,"ITA":32.1669704480973,"JAM":54.7553093259464,"JOR":1.09804716534901,"JPN":68.4087791495199,"KAZ":1.26882246175501,"KEN":6.23762944896123,"KGZ":6.76298227320125,"KHM":46.589961477453,"KIR":1.45679012345679,"KNA":42.3076923076923,"KOR":64.5184426229508,"KWT":0.350729517396184,"LAO":72.053726169844,"LBN":13.9521016617791,"LBR":79.3988787375415,"LBY":0.123327687918433,"LCA":34.0491803278688,"LIE":41.875,"LKA":34.2067102490331,"LSO":1.13702239789196,"LTU":35.1325455126158,"LUX":34.4538272103664,"LVA":54.7498674208945,"MAF":24.8,"MAR":12.8435805511987,"MCO":0,"MDA":11.7527572607105,"MDG":21.3871261601925,"MDV":2.73333333333333,"MEX":33.858895547725,"MHL":52.2222222222222,"MKD":39.7101506740682,"MLI":10.896663634352,"MLT":1.4375,"MMR":44.1758847862724,"MNE":61.4869888475836,"MNG":9.10182513109581,"MNP":52.9565217391304,"MOZ":47.0079478114906,"MRT":0.308819249054041,"MUS":19.3940911367051,"MWI":24.2225286380993,"MYS":58.3295997565059,"NAM":8.15011721264682,"NCL":45.8490153172867,"NER":0.862177311123392,"NGA":23.9250853673265,"NIC":29.1468339704172,"NLD":10.9465399465399,"NOR":33.3399069828592,"NPL":41.5907220090687,"NRU":0,"NZL":37.4673198891041,"OMN":0.00807754442649435,"PAK":4.88693441261934,"PAN":56.9594230250741,"PER":56.643125,"PHL":23.9920179763222,"PLW":89.8478260869565,"PNG":79.2502981053747,"POL":30.939858220901,"PRI":55.9007891770011,"PRK":50.2533012208288,"PRT":36.154994891142,"PRY":41.2323181474956,"PYF":43.0596369922213,"QAT":0,"ROU":30.1158292767733,"RUS":49.7843605035639,"RWA":11.1471422780705,"SAU":0.454484134921779,"SDN":9.92077087794432,"SEN":42.1137485067262,"SGP":21.9972067039106,"SLB":90.1643444087174,"SLE":35.3922139096703,"SLV":28.3967181467181,"SMR":16.6666666666667,"SOM":9.6546529792457,"SRB":31.1253144294535,"SSD":11.3256215087114,"STP":54.7083333333333,"SUR":94.7527036257035,"SVK":40.05615640599,"SVN":61.5730716513379,"SWE":68.6996660773915,"SWZ":28.8575581395349,"SXM":10.8823529411765,"SYC":73.2608695652174,"SYR":2.84310842454937,"TCA":11.0736842105263,"TCD":3.51175349428208,"TGO":22.2877367163081,"THA":38.9692497406487,"TJK":3.0463289862382,"TKM":8.78215904496414,"TLS":62.0376597175521,"TON":12.4305555555556,"TTO":44.5633528265107,"TUN":4.51338825952626,"TUR":28.6687888985616,"TUV":33.3333333333333,"TZA":52.1720478663355,"UGA":11.8649012567325,"UKR":16.7138419054194,"URY":11.4844017826534,"USA":33.8669264120375,"UZB":8.31637366503615,"VCT":73.1794871794872,"VEN":52.4596111331557,"VGB":24.1333333333333,"VIR":56.4571428571428,"VNM":46.4768416451573,"VUT":36.2838392124692,"WBG":1.6843853820598,"WSM":58.3273381294964,"YEM":1.03983180862549,"ZAF":14.0850967364334,"ZMB":60.5365151535533,"ZWE":45.2130024557322}}