{"schemaVersion":1,"dataKind":"ranking-year","indicatorId":"AG.LND.FRST.ZS","year":2020,"valuesByCountry":{"ABW":2.33333333333333,"AFG":1.85278199408184,"AGO":53.4269511510388,"ALB":28.7919708029197,"AND":34.0425531914894,"ARE":4.46775556181357,"ARG":10.4407148781923,"ARM":11.6489422255448,"ASM":85.65,"ATG":18.4545454545455,"AUS":17.4213145571644,"AUT":47.137905962191,"AZE":13.6941896764514,"BDI":10.8894080996885,"BEL":22.604446776415,"BEN":27.8037424618659,"BFA":22.7207602339181,"BGD":14.4687716063609,"BGR":35.8603537214444,"BHR":0.89171974522293,"BHS":50.9350649350649,"BIH":42.7326171875,"BLR":43.1944033894965,"BLZ":55.9864094695309,"BMU":18.5185185185185,"BOL":46.9249146127573,"BRA":59.4174780513368,"BRB":14.6511627906977,"BRN":72.1062618595825,"BTN":71.4472994231778,"BWA":26.9170504473029,"CAF":35.8005072393977,"CAN":38.6955125094946,"CHE":32.1215359394659,"CHL":24.5152454733888,"CHN":23.4313037309562,"CIV":8.92047169811321,"CMR":43.02951069366,"COD":55.6472067223925,"COG":64.2635431918009,"COL":53.3050112663362,"COM":17.6894142933906,"CPV":11.3449131513648,"CRI":59.4373286329808,"CUB":31.233140655106,"CUW":0.157657657657658,"CYM":53,"CYP":18.6720779220779,"CZE":34.6779919254939,"DEU":32.6826755201923,"DJI":0.250215703192407,"DMA":63.8266666666667,"DNK":15.711,"DOM":44.4852298911864,"DZA":0.818309303282474,"ECU":50.3214285714286,"EGY":0.0451855944547692,"ERI":8.71821523958664,"ESP":37.1773054885498,"EST":57.0385964912281,"ETH":15.1239877246579,"FIN":73.7283674409423,"FJI":62.3984674329502,"FRA":32.0122460339549,"FRO":0.0585651537335286,"FSM":92.0285714285714,"G001":31.1755410752473,"GAB":91.3206814918306,"GBR":13.1856322076634,"GEO":40.6159159591308,"GHA":35.0973937502747,"GIB":0,"GIN":25.1872049487221,"GMB":23.9792490118577,"GNB":70.4128733997155,"GNQ":87.2877005347594,"GRC":30.2699767261443,"GRD":52.0588235294118,"GRL":0.000535997076379583,"GTM":32.9208659947742,"GUM":51.8518518518518,"GUY":87.2186227147864,"HND":56.8349271606042,"HRV":34.6517155110793,"HTI":12.6015965166909,"HUN":22.4962743808898,"IDN":49.0717803654717,"IMN":6.07017543859649,"IND":24.270228273336,"IRL":11.3517201335462,"IRN":6.62681047765794,"IRQ":1.90035242899592,"ISL":0.5092730338193,"ISR":6.46950092421442,"ITA":32.3489349614665,"JAM":55.1144967682364,"JOR":1.09804716534901,"JPN":68.4087791495199,"KAZ":1.27965329481053,"KEN":6.21662477880402,"KGZ":6.85808133472367,"KHM":45.7079651031045,"KIR":1.45679012345679,"KNA":42.3076923076923,"KOR":64.4159836065574,"KWT":0.350729517396184,"LAO":71.9042461005199,"LBN":14.010752688172,"LBR":79.0847176079734,"LBY":0.123327687918433,"LCA":34.0491803278688,"LIE":41.875,"LKA":34.1580989330747,"LSO":1.13702239789196,"LTU":35.1485148514851,"LUX":34.4538272103664,"LVA":54.8094166800579,"MAF":24.8,"MAR":12.8668832623796,"MCO":0,"MDA":11.7532218728523,"MDG":21.3644035751117,"MDV":2.73333333333333,"MEX":33.7930502327735,"MHL":52.2222222222222,"MKD":39.7101506740682,"MLI":10.896663634352,"MLT":1.4375,"MMR":43.7340309804342,"MNE":61.4869888475836,"MNG":9.09965848797644,"MNP":52.9565217391304,"MOZ":46.7251964699,"MRT":0.303483069758417,"MUS":19.4141211817727,"MWI":23.7770470937633,"MYS":58.1769593669152,"NAM":8.06386570953127,"NCL":45.8435448577681,"NER":0.852372305991948,"NGA":23.7457865322749,"NIC":28.315855077281,"NLD":10.974160974161,"NOR":33.4353596771758,"NPL":41.5907220090687,"NRU":0,"NZL":37.5701264669021,"OMN":0.00807754442649435,"PAK":4.83330738895807,"PAN":56.8056079805878,"PER":56.5081015625,"PHL":24.1090317604051,"PLW":90.0217391304348,"PNG":79.1762575630438,"POL":30.9770358997811,"PRI":55.95603156708,"PRK":50.0788971015696,"PRT":36.154994891142,"PRY":40.5292222501888,"PYF":43.0596369922213,"QAT":0,"ROU":30.1158292767733,"RUS":49.7843605035639,"RWA":11.1876773408999,"SAU":0.454484134921779,"SDN":9.82869379014989,"SEN":41.9059886770893,"SGP":21.6852367688022,"SLB":90.1382636655948,"SLE":35.1188694929343,"SLV":28.1795366795367,"SMR":16.6666666666667,"SOM":9.53231102751299,"SRB":32.3778094898323,"SSD":11.3256215087114,"STP":54.0625,"SUR":94.6764455591856,"SVK":40.05615640599,"SVN":61.4722591923085,"SWE":68.6996660773915,"SWZ":28.9279069767442,"SXM":10.8823529411765,"SYC":73.2608695652174,"SYR":2.84310842454937,"TCA":11.0736842105263,"TCD":3.42519059720457,"TGO":22.2333149476007,"THA":38.8987844741529,"TJK":3.0535341162908,"TKM":8.78215904496414,"TLS":61.9435104236718,"TON":12.4305555555556,"TTO":44.4814814814815,"TUN":4.52323635427395,"TUR":28.8714836999597,"TUV":33.3333333333333,"TZA":51.642582975841,"UGA":11.6591861160981,"UKR":16.7241974456334,"URY":11.6043880699349,"USA":33.8669264120375,"UZB":8.37322137751049,"VCT":73.1794871794872,"VEN":52.4130151351964,"VGB":24.1333333333333,"VIR":56.8857142857143,"VNM":46.7190017515929,"VUT":36.2838392124692,"WBG":1.6843853820598,"WSM":58.1546762589928,"YEM":1.03983180862549,"ZAF":14.055090718743,"ZMB":60.283337144702,"ZWE":45.0939123691353}}