{"schemaVersion":1,"dataKind":"ranking-year","indicatorId":"AG.LND.FRST.ZS","year":2021,"valuesByCountry":{"ABW":2.33333333333333,"AFG":1.85278199408184,"AGO":52.9817223871019,"ALB":28.7919708029197,"AND":34.0425531914894,"ARE":4.46775556181357,"ARG":10.4008857415345,"ARM":11.641626848728,"ASM":85.5,"ATG":18.3029545454545,"AUS":17.4213145571644,"AUT":47.1720794958798,"AZE":13.8329909255898,"BDI":10.8894080996885,"BEL":22.604446776415,"BEN":27.3603228095069,"BFA":22.5380116959064,"BGD":14.4687716063609,"BGR":35.9801031687546,"BHR":0.911392405063291,"BHS":50.9350649350649,"BIH":42.7326171875,"BLR":43.2722345405272,"BLZ":55.4971503726436,"BMU":18.5185185185185,"BOL":46.7283054555525,"BRA":59.2704836243471,"BRB":14.6511627906977,"BRN":72.1062618595825,"BTN":71.4997378080755,"BWA":26.7083090713391,"CAF":35.7523516003724,"CAN":39.4701279256318,"CHE":32.2086033202538,"CHL":24.6807203850391,"CHN":23.6315548970464,"CIV":8.5654927672956,"CMR":42.9110448266379,"COD":55.1615535607949,"COG":64.2196193265007,"COL":53.1253958539883,"COM":17.4529822675981,"CPV":11.4193548387097,"CRI":59.7579318448884,"CUB":31.233140655106,"CUW":0.157657657657658,"CYM":52.75,"CYP":18.6699134199134,"CZE":34.7066980208929,"DEU":32.6826755201923,"DJI":0.253377911993098,"DMA":63.8266666666667,"DNK":15.7345,"DOM":44.6530791098888,"DZA":0.822088053271978,"ECU":50.0626509904977,"EGY":0.0451855944547692,"ERI":8.68225472898591,"ESP":37.1727521093233,"EST":57.0385964912281,"ETH":15.0601822445542,"FIN":73.7264996576714,"FJI":62.7640941434045,"FRA":32.1669913721124,"FRO":0.0583941605839416,"FSM":92.0714285714286,"G001":31.1756771274206,"GAB":91.2745760080723,"GBR":13.2214553796553,"GEO":40.6159159591308,"GHA":35.1286771589176,"GIB":0,"GIN":25.0244180367898,"GMB":23.4123814229249,"GNB":70.1127311522048,"GNQ":86.9896613190731,"GRC":30.2699767261443,"GRD":52.0588235294118,"GRL":0.000535997076379583,"GTM":32.812616648003,"GUM":51.8518518518518,"GUY":87.1750179975372,"HND":56.6476896952364,"HRV":34.6963902787706,"HTI":12.4887518142235,"HUN":22.4803495507342,"IDN":48.3619448681206,"IMN":6.07017543859649,"IND":24.3596944695764,"IRL":11.4097837131659,"IRN":6.63543913713405,"IRQ":1.90035242899592,"ISL":0.515719527918278,"ISR":6.46950092421442,"ITA":32.5308994748357,"JAM":55.4730655586334,"JOR":1.09804716534901,"JPN":68.4087791495199,"KAZ":1.29048383153684,"KEN":6.21662477880402,"KGZ":6.95318039624609,"KHM":44.825968728756,"KIR":1.45679012345679,"KNA":42.3076923076923,"KOR":64.3135245901639,"KWT":0.350729517396184,"LAO":71.7547660311958,"LBN":14.069403714565,"LBR":78.7705564784053,"LBY":0.123327687918433,"LCA":34.0491803278688,"LIE":41.875,"LKA":34.1070158422244,"LSO":1.13702239789196,"LTU":35.1807490816164,"LUX":34.4538272103664,"LVA":54.8716053350474,"MAF":24.8,"MAR":12.8903354246023,"MCO":0,"MDA":11.7512921860748,"MDG":21.3416925060158,"MDV":2.73333333333333,"MEX":33.727204917822,"MHL":52.2222222222222,"MKD":39.7101506740682,"MLI":10.896663634352,"MLT":1.4375,"MMR":43.2901466284646,"MNE":61.4869888475836,"MNG":9.09894465963877,"MNP":52.9565217391304,"MOZ":46.412173122409,"MRT":0.298211603764432,"MUS":19.4341512268403,"MWI":23.3315655494272,"MYS":58.0243189773246,"NAM":7.97761420641572,"NCL":45.8380743982495,"NER":0.842567300860504,"NGA":23.5664876972232,"NIC":27.4848761841449,"NLD":11.001980991981,"NOR":33.4581491750625,"NPL":41.5907220090687,"NRU":0,"NZL":37.6306509437545,"OMN":0.00786203554119548,"PAK":4.7796803652968,"PAN":56.6517026152602,"PER":56.373072890625,"PHL":24.226045544488,"PLW":90.195652173913,"PNG":79.1022170207128,"POL":31.0192747468148,"PRI":56.011273957159,"PRK":49.9044929823104,"PRT":36.154994891142,"PRY":39.8261432167128,"PYF":43.0596369922213,"QAT":0,"ROU":30.1158292767733,"RUS":49.7843605035639,"RWA":11.2282124037292,"SAU":0.454484134921779,"SDN":9.73608137044968,"SEN":41.6982288474523,"SGP":21.4345403899721,"SLB":90.1121829224723,"SLE":34.8455250761984,"SLV":27.9623552123552,"SMR":16.6666666666667,"SOM":9.40996907578028,"SRB":32.3812581757641,"SSD":11.3256215087114,"STP":53.4166666666667,"SUR":94.6001457500987,"SVK":40.05615640599,"SVN":61.3711140025029,"SWE":68.6996660773915,"SWZ":28.9982558139535,"SXM":10.8823529411765,"SYC":73.2608695652174,"SYR":2.84310842454937,"TCA":11.0736842105263,"TCD":3.33650992693774,"TGO":22.1788931788932,"THA":38.8283192076572,"TJK":3.0607392463434,"TKM":8.78215904496414,"TLS":61.8493611297915,"TON":12.4305555555556,"TTO":44.3996101364522,"TUN":4.53308444902163,"TUR":29.0741785013578,"TUV":33.3333333333333,"TZA":51.1131180853466,"UGA":11.4534375623379,"UKR":16.7345529858474,"URY":11.7243743572163,"USA":33.8669264120375,"UZB":8.43180461723851,"VCT":73.1794871794872,"VEN":52.3477807380534,"VGB":24.1333333333333,"VIR":57.3142857142857,"VNM":46.9611618580284,"VUT":36.2838392124692,"WBG":1.68298755186722,"WSM":57.9820143884892,"YEM":1.03983180862549,"ZAF":14.0250847010527,"ZMB":60.0301501230848,"ZWE":44.9748222825385}}