{"schemaVersion":1,"dataKind":"ranking-year","indicatorId":"AG.LND.FRST.ZS","year":2022,"valuesByCountry":{"ABW":2.33333333333333,"AFG":1.85278199408184,"AGO":52.5364972326943,"ALB":28.7919708029197,"AND":34.0425531914894,"ARE":4.46775556181357,"ARG":10.3610566048767,"ARM":11.6336717932132,"ASM":85.35,"ATG":18.1615909090909,"AUS":17.4213145571644,"AUT":47.206131846825,"AZE":13.9724815486993,"BDI":10.8894080996885,"BEL":22.604446776415,"BEN":26.9169031571479,"BFA":22.3552631578947,"BGD":14.458774758176,"BGR":36.0998526160649,"BHR":0.936708860759494,"BHS":50.9350649350649,"BIH":42.7326171875,"BLR":43.3351396620523,"BLZ":55.0078912757563,"BMU":18.5185185185185,"BOL":46.5396883596418,"BRA":59.1275092305226,"BRB":14.6511627906977,"BRN":72.1062618595825,"BTN":71.5521761929733,"BWA":26.4995676953752,"CAF":35.7041959613471,"CAN":39.4659199995449,"CHE":32.2956707010417,"CHL":24.8461772576085,"CHN":23.8316995465589,"CIV":8.21049968553459,"CMR":42.7925789596158,"COD":54.6754592973247,"COG":64.1756954612006,"COL":52.9457763857593,"COM":17.2165502418055,"CPV":11.4937965260546,"CRI":60.0785350567959,"CUB":31.233140655106,"CUW":0.157657657657658,"CYM":52.6666666666667,"CYP":18.6677489177489,"CZE":34.7369431785448,"DEU":32.685482024273,"DJI":0.257308024158758,"DMA":63.8266666666667,"DNK":15.758,"DOM":44.8209283285911,"DZA":0.826286664371426,"ECU":49.8038734095668,"EGY":0.0451855944547692,"ERI":8.65617743125414,"ESP":37.1827922798055,"EST":57.0652937046572,"ETH":14.9955852855138,"FIN":73.7264996576714,"FJI":63.1297208538588,"FRA":32.32173671027,"FRO":0.0583941605839416,"FSM":92.1142857142857,"G001":31.1430410787403,"GAB":91.228470524314,"GBR":13.2554871243748,"GEO":40.6159159591308,"GHA":35.1604431005612,"GIB":0,"GIN":24.8616311248576,"GMB":22.8459584980237,"GNB":69.8125889046942,"GNQ":86.6916221033868,"GRC":30.2699767261443,"GRD":52.0588235294118,"GRL":0.000535997076379583,"GTM":32.7043673012318,"GUM":51.8518518518518,"GUY":87.1314345931609,"HND":56.4604522298686,"HRV":34.7410650464618,"HTI":12.3759071117562,"HUN":22.4643754109139,"IDN":48.0419900717626,"IMN":6.07017543859649,"IND":24.4494970049005,"IRL":11.4678472927856,"IRN":6.64160246533128,"IRQ":1.90035242899592,"ISL":0.522265198849549,"ISR":6.46950092421442,"ITA":32.7125321249831,"JAM":55.8320498614958,"JOR":1.09804716534901,"JPN":68.4087791495199,"KAZ":1.3013145534689,"KEN":6.21662477880402,"KGZ":7.04827945776851,"KHM":43.9439723544074,"KIR":1.45679012345679,"KNA":42.3076923076923,"KOR":64.2110655737705,"KWT":0.350729517396184,"LAO":71.6052859618717,"LBN":14.128054740958,"LBR":78.4563953488372,"LBY":0.123327687918433,"LCA":34.0491803278688,"LIE":41.875,"LKA":34.0559327513741,"LSO":1.13702239789196,"LTU":35.2036435371542,"LUX":34.4538272103664,"LVA":54.933793990037,"MAF":24.8,"MAR":12.9136878781089,"MCO":0,"MDA":11.7548661800487,"MDG":21.3189737023032,"MDV":2.73333333333333,"MEX":33.6618740193935,"MHL":52.2222222222222,"MKD":39.7101506740682,"MLI":10.896663634352,"MLT":1.4375,"MMR":42.846262276495,"MNE":61.4869888475836,"MNG":9.09849695989111,"MNP":52.9565217391304,"MOZ":46.1193311121849,"MRT":0.292896963228874,"MUS":19.4541812719079,"MWI":22.8860840050912,"MYS":57.871678587734,"NAM":7.89136270330017,"NCL":45.8326039387309,"NER":0.83276229572906,"NGA":23.3871888621716,"NIC":26.6538972910088,"NLD":11.0296673596674,"NOR":33.4795618634529,"NPL":41.5907220090687,"NRU":0,"NZL":37.719363487904,"OMN":0.00779030694668821,"PAK":4.72605334163553,"PAN":56.4978579131842,"PER":56.238047734375,"PHL":24.3430593285709,"PLW":90.3695652173913,"PNG":79.0281764783818,"POL":31.0594923061845,"PRI":56.0665163472379,"PRK":49.7300888630512,"PRT":36.154994891142,"PRY":39.2502935554672,"PYF":43.0596369922213,"QAT":0,"ROU":30.1158292767733,"RUS":49.7843605035639,"RWA":11.2687474665586,"SAU":0.454484134921779,"SDN":9.64400428265525,"SEN":41.4904690178154,"SGP":21.1838440111421,"SLB":90.0861021793498,"SLE":34.5721806594625,"SLV":27.7451737451737,"SMR":16.6666666666667,"SOM":9.28762712404757,"SRB":32.3858163872042,"SSD":11.3256215087114,"STP":52.7708333333333,"SUR":94.5238739770656,"SVK":40.05615640599,"SVN":61.2701922885918,"SWE":68.6996660773915,"SWZ":29.0686046511628,"SXM":10.8823529411765,"SYC":73.2608695652174,"SYR":2.84267276588793,"TCA":11.0736842105263,"TCD":3.24924110546379,"TGO":22.1244714101857,"THA":38.7578539411615,"TJK":3.06794437639599,"TKM":8.78215904496414,"TLS":61.7552118359112,"TON":12.4305555555556,"TTO":44.317738791423,"TUN":4.54293254376931,"TUR":29.2768733027559,"TUV":33.3333333333333,"TZA":50.5836531948521,"UGA":11.2477114502294,"UKR":16.7449085260614,"URY":11.8443606444978,"USA":33.8669264120375,"UZB":8.49046413042492,"VCT":73.1794871794872,"VEN":52.2949719403662,"VGB":24.1333333333333,"VIR":57.7428571428571,"VNM":47.203321964464,"VUT":36.2838392124692,"WBG":1.68298755186722,"WSM":57.8093525179856,"YEM":1.03983180862549,"ZAF":13.9950786833623,"ZMB":59.7769691548178,"ZWE":44.8557321959416}}