{"schemaVersion":1,"dataKind":"ranking-year","indicatorId":"AG.LND.AGRI.ZS","year":1961,"valuesByCountry":{"ABW":11.1111111111111,"AFG":57.878355794735,"AGO":36.2372663832518,"ALB":44.963503649635,"AND":55.3191489361702,"ARE":2.92875246409462,"ARG":50.3633951963869,"ASM":9.65,"ATG":22.7272727272727,"AUS":61.7633318797756,"AUT":43.0853126514784,"BDI":61.3317757009346,"BEN":12.5448740688187,"BFA":32.9495614035088,"BGD":72.827840516248,"BGR":51.27903823556,"BHR":14.4927536231884,"BHS":0.999000999000999,"BLZ":3.46339324857519,"BMU":7.40740740740741,"BOL":27.7319302132373,"BRA":18.7791781425054,"BRB":44.1860465116279,"BRN":3.98481973434535,"BTN":7.72638743231385,"BWA":45.8772254865633,"CAF":7.6053805900671,"CAN":6.89781709848432,"CHE":43.9258247318357,"CHL":18.0032601152338,"CHN":36.4657950097196,"CIV":49.4778867924528,"CMR":15.8871189524233,"COD":11.0496019055601,"COG":30.8866764275256,"COL":36.0252365930599,"COM":51.0478237506717,"CPV":16.1290322580645,"CRI":27.3207990599295,"CUB":33.0540037243948,"CYM":11.25,"CYP":43.7229437229437,"DEU":55.4950877896486,"DJI":56.1259706643658,"DMA":22.6666666666667,"DNK":79,"DOM":45.332229352101,"DZA":19.0915045303014,"ECU":17.0134373645427,"EGY":2.57973780702195,"ESP":66.4892552723198,"FIN":9.08007485472274,"FJI":12.4247400109469,"FRA":64.0857222376844,"FRO":69.1489971346705,"G001":35.3948230088538,"GAB":6.50979935576513,"GBR":81.8418550820485,"GHA":51.4195306319768,"GIN":56.3934559661403,"GMB":51.7786561264822,"GNB":17.4135846372688,"GNQ":5.23529411764706,"GRC":69.1233514352211,"GRD":64.7058823529412,"GRL":0.687737781679836,"GTM":24.6920492721165,"GUM":29.6296296296296,"GUY":6.90864724721671,"HKG":13.7254901960784,"HND":26.633300563053,"HTI":60.2322206095791,"HUN":78.6650377609951,"IDN":17.2389290504921,"IMN":57.0175438596491,"IND":58.8431953558299,"IRL":66.1634489766294,"IRN":36.3902600751492,"IRQ":20.1202643071084,"ISL":21.1471321695761,"ISR":23.6136783733826,"ITA":70.324028424739,"JAM":49.2151431209603,"JOR":12.2846781504986,"JPN":19.3891464412326,"KEN":43.9734002178726,"KHM":19.9297530024926,"KIR":48.1481481481481,"KNA":57.1428571428571,"KOR":21.9054530375285,"KWT":7.57575757575758,"LAO":6.7157712305026,"LBN":54.9364613880743,"LBR":11.90573089701,"LBY":6.34825011082442,"LCA":27.8688524590164,"LIE":56.25,"LKA":27.4756817094562,"LSO":85.0131752305665,"MAR":52.3591880629117,"MDG":60.4343639302542,"MDV":16.6666666666667,"MEX":50.5753748810412,"MLI":25.9779214712463,"MLT":56.25,"MMR":15.9592373840928,"MNG":90.9134534257383,"MOZ":43.5273023220326,"MRT":38.3448142039391,"MUS":48.7684729064039,"MWI":33.9414509970301,"MYS":9.38895145335565,"NAM":46.9360735585274,"NCL":14.2778993435449,"NER":24.8677666377201,"NGA":59.483733544144,"NIC":28.5025760345687,"NLD":68.0361374407583,"NOR":2.83098421876882,"NPL":24.8461538461538,"NRU":15,"NZL":49.990505487828,"OMN":3.34410339256866,"PAK":46.3496264009963,"PAN":21.8455743879473,"PER":13.34765625,"PHL":25.859987929994,"PNG":1.11955129620633,"POL":66.3488850435862,"PRI":69.4475760992108,"PRK":18.479362179221,"PRT":42.3497267759563,"PRY":26.2043795620438,"PYF":12.0218579234973,"QAT":4.39276485788114,"ROU":63.3889033602501,"RWA":53.3036076205918,"SAU":40.0848494434081,"SEN":44.9124811717654,"SGP":20.8955223880597,"SLB":1.96498749553412,"SLE":36.1873095040177,"SLV":60.0479616306954,"SMR":16.6666666666667,"SOM":69.9859725188893,"STP":36.4583333333333,"SUR":0.255439601898003,"SWE":10.4016377485426,"SWZ":85.3488372093023,"SYC":10.8695652173913,"SYR":81.2982914354119,"TCA":1.05263157894737,"TCD":38.015873015873,"TGO":56.4441993013422,"THA":22.8092152909628,"TLS":15.46738399462,"TON":37.5,"TTO":18.9083820662768,"TUN":55.6642636457261,"TUR":47.4474747605992,"TUV":66.6666666666667,"TZA":29.3519981937232,"UGA":45.1328762324208,"URY":93.4407496286139,"USA":48.8602417741752,"VCT":25.6410256410256,"VEN":21.8037526217335,"VGB":40,"VIR":34.2857142857143,"VNM":19.3308550185874,"VUT":8.61361771944217,"WBG":79.5681063122924,"WSM":19.7879858657244,"YEM":44.2013750781294,"ZAF":83.5346099629871,"ZMB":25.9715627059821,"ZWE":25.8384609021585}}