{"schemaVersion":1,"dataKind":"ranking-year","indicatorId":"AG.LND.AGRI.ZS","year":1962,"valuesByCountry":{"ABW":11.1111111111111,"AFG":57.9550158686353,"AGO":36.2436833239753,"ALB":44.963503649635,"AND":55.3191489361702,"ARE":2.92875246409462,"ARG":49.8536553281519,"ASM":9.65,"ATG":20.4545454545455,"AUS":62.0377922627338,"AUT":42.7896267571498,"BDI":61.9158878504673,"BEN":12.7274742816602,"BFA":32.9495614035088,"BGD":72.8047937312745,"BGR":51.387507909247,"BHR":14.4927536231884,"BHS":0.999000999000999,"BLZ":3.46339324857519,"BMU":5.55555555555556,"BOL":27.6396196806056,"BRA":19.2226978729717,"BRB":44.1860465116279,"BRN":3.98481973434535,"BTN":7.76919290285299,"BWA":45.8772254865633,"CAF":7.62143246974221,"CAN":6.94655901061726,"CHE":43.8524590163934,"CHL":18.2318985598468,"CHN":36.7587143503848,"CIV":49.8607610062893,"CMR":16.0140466670898,"COD":11.0584239430096,"COG":30.8882869692533,"COL":36.9283461018477,"COM":51.0478237506717,"CPV":16.1290322580645,"CRI":27.614571092832,"CUB":35.4283054003724,"CYM":11.25,"CYP":43.5064935064935,"DEU":55.5466445163693,"DJI":56.1259706643658,"DMA":24,"DNK":78.525,"DOM":45.6427240736908,"DZA":18.8517638365229,"ECU":17.0134373645427,"EGY":2.51644984680295,"ESP":66.4932570330946,"FIN":9.14376703109097,"FJI":12.4247400109469,"FRA":63.9020317283607,"FRO":69.1489971346705,"G001":35.4663400948866,"GAB":6.56801335040944,"GBR":81.7550531145373,"GHA":51.4195306319768,"GIN":56.3771772749471,"GMB":51.8774703557312,"GNB":17.4135846372688,"GNQ":5.16399286987522,"GRC":69.0612878200155,"GRD":64.7058823529412,"GRL":0.687737781679836,"GTM":24.8040313549832,"GUM":29.6296296296296,"GUY":6.90864724721671,"HKG":13.7254901960784,"HND":26.7226740548753,"HTI":60.4136429608128,"HUN":77.8938013774717,"IDN":17.341868710566,"IMN":57.0175438596491,"IND":59.357794153754,"IRL":66.9719843228335,"IRN":36.4019253910951,"IRQ":20.2460159590278,"ISL":21.1471321695761,"ISR":23.3364140480592,"ITA":70.2186256842678,"JAM":49.3998153277932,"JOR":12.3073436083409,"JPN":19.4164166893919,"KEN":43.9878973539024,"KHM":20.0147292091548,"KIR":48.1481481481481,"KNA":57.1428571428571,"KOR":21.5737093095584,"KWT":7.57575757575758,"LAO":6.7157712305026,"LBN":55.7184750733138,"LBR":11.8849667774086,"LBY":6.46930447730657,"LCA":27.8688524590164,"LIE":56.25,"LKA":27.220538988997,"LSO":84.8484848484848,"MAR":52.8296814087915,"MDG":60.4773532345152,"MDV":16.6666666666667,"MEX":50.5048998173821,"MLI":25.9820191937321,"MLT":53.125,"MMR":16.0204425130826,"MNG":90.9134534257383,"MOZ":43.5412904702561,"MRT":38.3448142039391,"MUS":49.2610837438424,"MWI":35.0021213406873,"MYS":9.59047329173642,"NAM":46.9360735585274,"NCL":14.2778993435449,"NER":24.8677666377201,"NGA":59.6451354348518,"NIC":28.5025760345687,"NLD":67.7517772511848,"NOR":2.82277053148033,"NPL":24.8461538461538,"NRU":15,"NZL":50.3133189016748,"OMN":3.34410339256866,"PAK":46.4923204649232,"PAN":21.9800914716169,"PER":13.459375,"PHL":26.1248575068732,"PNG":1.14163317581593,"POL":66.1529922622351,"PRI":67.7564825253664,"PRK":18.485175649863,"PRT":42.4153005464481,"PRY":26.4384596023156,"PYF":12.0218579234973,"QAT":4.39276485788114,"ROU":63.7666058869497,"RWA":53.7089582488853,"SAU":40.0941531104485,"SEN":44.9124811717654,"SGP":20.8955223880597,"SLB":1.96498749553412,"SLE":36.2565807702965,"SLV":60.0479616306954,"SMR":16.6666666666667,"SOM":69.9939426786113,"STP":36.4583333333333,"SUR":0.261669836090638,"SWE":10.2420657745857,"SWZ":85.9302325581395,"SYC":10.8695652173913,"SYR":81.4560888018283,"TCA":1.05263157894737,"TCD":38.015873015873,"TGO":56.4441993013422,"THA":23.4492747949656,"TLS":15.46738399462,"TON":38.8888888888889,"TTO":18.9083820662768,"TUN":55.6513903192585,"TUR":47.6176864207476,"TUV":66.6666666666667,"TZA":29.3519981937232,"UGA":45.6133326660327,"URY":92.8408181922066,"USA":48.4761370286583,"VCT":25.6410256410256,"VEN":21.8831132021994,"VGB":40,"VIR":34.2857142857143,"VNM":19.3462164736244,"VUT":8.61361771944217,"WBG":79.5681063122924,"WSM":20.1413427561837,"YEM":44.2222095952421,"ZAF":82.5454005885796,"ZMB":26.0428577193667,"ZWE":26.0274090732842}}