{"schemaVersion":1,"dataKind":"ranking-year","indicatorId":"AG.LND.AGRI.ZS","year":1963,"valuesByCountry":{"ABW":11.1111111111111,"AFG":58.0316759425356,"AGO":36.241276971204,"ALB":45,"AND":55.3191489361702,"ARE":2.92875246409462,"ARG":49.2839890524685,"ASM":9.65,"ATG":20.4545454545455,"AUS":62.3992265597542,"AUT":42.2903538536112,"BDI":62.4610591900312,"BEN":12.9097641007449,"BFA":32.9495614035088,"BGD":72.827840516248,"BGR":51.4598210250384,"BHR":14.4927536231884,"BHS":0.999000999000999,"BLZ":3.50723366944323,"BMU":5.55555555555556,"BOL":27.5150004615527,"BRA":19.6662176034381,"BRB":44.1860465116279,"BRN":3.98481973434535,"BTN":7.76919290285299,"BWA":45.8772254865633,"CAF":7.63427397348229,"CAN":6.9953009227502,"CHE":43.4932199959522,"CHL":18.4605370044598,"CHN":37.0622853034378,"CIV":50.0469496855346,"CMR":16.1198197626452,"COD":11.071656999184,"COG":30.8944363103953,"COL":37.3979269941415,"COM":51.0478237506717,"CPV":16.1290322580645,"CRI":27.8104191147669,"CUB":37.5977653631285,"CYM":11.25,"CYP":43.8311688311688,"DEU":55.5724228797296,"DJI":56.1259706643658,"DMA":24,"DNK":77.2,"DOM":45.9532187952805,"DZA":18.6880180036444,"ECU":17.0495593122381,"EGY":2.50138128484605,"ESP":66.3031733962944,"FIN":9.21402541120851,"FJI":12.4794745484401,"FRA":63.7424621950088,"FRO":69.1489971346705,"G001":35.5547810486202,"GAB":6.62622734505375,"GBR":81.6227834497582,"GHA":51.4195306319768,"GIN":56.336480546964,"GMB":51.9762845849802,"GNB":17.4135846372688,"GNQ":5.12834224598931,"GRC":69.9844840961986,"GRD":64.7058823529412,"GRL":0.687737781679836,"GTM":24.9160134378499,"GUM":31.4814814814815,"GUY":6.90864724721671,"HKG":13.7254901960784,"HND":26.7673608007865,"HTI":60.5950653120465,"HUN":77.5741419526824,"IDN":17.4619255121248,"IMN":56.4912280701754,"IND":59.2474749343298,"IRL":67.0184351865292,"IRN":36.4387632309241,"IRQ":20.3717676109473,"ISL":21.1471321695761,"ISR":24.1219963031423,"ITA":69.7358131311414,"JAM":49.3998153277932,"JOR":12.318676337262,"JPN":19.1437142077993,"KEN":44.0023946656359,"KHM":20.0657149331521,"KIR":53.0864197530864,"KNA":57.1428571428571,"KOR":21.7706821480406,"KWT":7.57575757575758,"LAO":6.49913344887348,"LBN":55.7184750733138,"LBR":11.8849667774086,"LBY":6.58410720983894,"LCA":29.5081967213115,"LIE":56.25,"LKA":32.8496252591293,"LSO":84.8484848484848,"MAR":53.4346014249227,"MDG":60.5203425387763,"MDV":16.6666666666667,"MEX":50.468890660768,"MLI":25.986116916218,"MLT":50,"MMR":16.0770572573982,"MNG":90.9134534257383,"MOZ":43.5540069686411,"MRT":38.3457844183565,"MUS":49.2610837438424,"MWI":35.5324565125159,"MYS":9.97068939278649,"NAM":46.9360735585274,"NCL":14.2778993435449,"NER":24.8677666377201,"NGA":59.8076352976053,"NIC":28.8183480139604,"NLD":67.4437203791469,"NOR":2.81455684419183,"NPL":24.9160839160839,"NRU":15,"NZL":50.4652310964263,"OMN":3.34410339256866,"PAK":46.5442092154421,"PAN":22.1146085552865,"PER":13.85,"PHL":26.3930798632066,"PNG":1.15046592765976,"POL":65.8983316464788,"PRI":68.2074408117249,"PRK":18.487667137281,"PRT":42.4808743169399,"PRY":26.6901585703499,"PYF":12.0218579234973,"QAT":4.39276485788114,"ROU":63.922896587653,"RWA":54.1143088771788,"SAU":40.1043871441929,"SEN":45.4318807458578,"SGP":19.4029850746269,"SLB":1.96498749553412,"SLE":36.3535605430867,"SLV":60.0431654676259,"SMR":16.6666666666667,"SOM":70.0019128383333,"STP":36.4583333333333,"SUR":0.255439601898003,"SWE":9.77316966649703,"SWZ":85.6976744186046,"SYC":10.8695652173913,"SYR":81.8424202851235,"TCA":1.05263157894737,"TCD":38.015873015873,"TGO":56.4441993013422,"THA":24.3888116815753,"TLS":15.46738399462,"TON":40.2777777777778,"TTO":19.1033138401559,"TUN":55.6385169927909,"TUR":48.5557995400387,"TUV":66.6666666666667,"TZA":30.4809212011741,"UGA":46.3340173164506,"URY":92.2237458576163,"USA":48.1979395040485,"VCT":28.2051282051282,"VEN":21.9624737826654,"VGB":40,"VIR":40,"VNM":19.3615779286614,"VUT":8.61361771944217,"WBG":79.5681063122924,"WSM":20.1413427561837,"YEM":44.2449381593651,"ZAF":81.6056516828924,"ZMB":26.1020460323652,"ZWE":26.2867196587825}}