{"schemaVersion":1,"dataKind":"ranking-year","indicatorId":"AG.LND.AGRI.ZS","year":1964,"valuesByCountry":{"ABW":11.1111111111111,"AFG":58.1160020238259,"AGO":36.2476939119275,"ALB":44.8905109489051,"AND":55.3191489361702,"ARE":2.92875246409462,"ARG":48.7073800832392,"ASM":9.65,"ATG":20.4545454545455,"AUS":62.7291058146649,"AUT":42.1291808046534,"BDI":62.5,"BEN":13.069927279177,"BFA":32.9678362573099,"BGD":73.1351309825613,"BGR":52.1739130434783,"BHR":14.4927536231884,"BHS":0.999000999000999,"BLZ":3.50723366944323,"BMU":7.40740740740741,"BOL":27.5805409397212,"BRA":20.1097373339044,"BRB":44.1860465116279,"BRN":4.55407969639469,"BTN":7.81199837339212,"BWA":45.8772254865633,"CAF":7.65674660502745,"CAN":7.04404283488315,"CHE":43.270592997369,"CHL":18.6918653131271,"CHN":37.3658562564908,"CIV":50.3100974842767,"CMR":16.2467474773117,"COD":11.0848900553583,"COG":30.8800878477306,"COL":37.8503830554304,"COM":51.0478237506717,"CPV":16.1290322580645,"CRI":29.0834312573443,"CUB":44.2737430167598,"CYM":11.25,"CYP":43.6147186147186,"DEU":55.7328215850829,"DJI":56.1259706643658,"DMA":24,"DNK":76.7,"DOM":46.2637135168702,"DZA":18.5427460596035,"ECU":17.0495593122381,"EGY":2.51745441760008,"ESP":65.5348353275441,"FIN":9.27673265701435,"FJI":12.4794745484401,"FRA":63.2878745709249,"FRO":69.1489971346705,"G001":35.6374675607936,"GAB":6.68444133969806,"GBR":81.440912660687,"GHA":51.4195306319768,"GIN":56.3242715285691,"GMB":52.0750988142292,"GNB":17.4135846372688,"GNQ":5.05704099821747,"GRC":69.7517455391777,"GRD":64.7058823529412,"GRL":0.687737781679836,"GTM":25.0279955207167,"GUM":31.4814814814815,"GUY":6.90864724721671,"HKG":12.7450980392157,"HND":26.8120475466976,"HTI":60.7764876632801,"HUN":77.5186049094746,"IDN":17.5257805660284,"IMN":55.7894736842105,"IND":59.4351521429845,"IRL":67.6382638989694,"IRN":36.4756010707532,"IRQ":20.2688798957405,"ISL":21.1471321695761,"ISR":24.2606284658041,"ITA":69.5726088878311,"JAM":49.2151431209603,"JOR":12.3640072529465,"JPN":19.1709844559585,"KEN":44.0168919773694,"KHM":20.3659641966916,"KIR":53.0864197530864,"KNA":57.1428571428571,"KOR":22.7140783744557,"KWT":7.57575757575758,"LAO":6.28249566724437,"LBN":56.6959921798632,"LBR":11.8538205980066,"LBY":6.70231992452573,"LCA":29.5081967213115,"LIE":56.25,"LKA":33.5353213203636,"LSO":84.9143610013175,"MAR":54.017116996012,"MDG":60.5633318430374,"MDV":16.6666666666667,"MEX":50.4380256693845,"MLI":25.9902146387038,"MLT":46.875,"MMR":16.2499617467944,"MNG":90.9121609674679,"MOZ":43.5641801673491,"MRT":38.3457844183565,"MUS":49.2610837438424,"MWI":36.0627916843445,"MYS":10.1598539035154,"NAM":46.940932113836,"NCL":14.3326039387309,"NER":24.8677666377201,"NGA":59.9690371883132,"NIC":28.9845437925877,"NLD":66.8779620853081,"NOR":2.78991578232634,"NPL":24.8461538461538,"NRU":15,"NZL":50.5715696327523,"OMN":3.34733441033926,"PAK":47.1603881278539,"PAN":22.1684153887544,"PER":13.86484375,"PHL":27.3318581103735,"PNG":1.21450337852758,"POL":65.7220281432629,"PRI":65.9526493799324,"PRK":18.487667137281,"PRT":42.5464480874317,"PRY":26.9770953939089,"PYF":12.0218579234973,"QAT":4.39276485788114,"ROU":64.0010419380047,"RWA":54.5196595054722,"SAU":40.1178774614014,"SEN":45.4318807458578,"SGP":19.4029850746269,"SLB":1.96498749553412,"SLE":36.4228318093655,"SLV":59.6546762589928,"SMR":16.6666666666667,"SOM":70.0098829980553,"STP":36.4583333333333,"SUR":0.286590772861175,"SWE":9.6798814355684,"SWZ":85.8720930232558,"SYC":10.8695652173913,"SYR":80.8248993361628,"TCA":1.05263157894737,"TCD":38.015873015873,"TGO":56.4441993013422,"THA":24.8390064397424,"TLS":15.46738399462,"TON":40.2777777777778,"TTO":19.1033138401559,"TUN":56.1663233779609,"TUR":48.4544521393397,"TUV":66.6666666666667,"TZA":30.4809212011741,"UGA":49.4119413442771,"URY":91.898068792138,"USA":47.9325163555688,"VCT":28.2051282051282,"VEN":22.0441018082875,"VGB":40,"VIR":45.7142857142857,"VNM":19.3769393836984,"VUT":8.61361771944217,"WBG":79.5681063122924,"WSM":20.1413427561837,"YEM":44.2638786294676,"ZAF":80.5793469569447,"ZMB":26.1760314236134,"ZWE":26.4643567274137}}