{"schemaVersion":1,"dataKind":"ranking-year","indicatorId":"AG.LND.AGRI.ZS","year":1965,"valuesByCountry":{"ABW":11.1111111111111,"AFG":58.123668031216,"AGO":36.2452875591562,"ALB":45.1459854014599,"AND":55.3191489361702,"ARE":2.94283300478738,"ARG":48.1530608143414,"ASM":9.65,"ATG":20.4545454545455,"AUS":63.2960429819195,"AUT":41.9801260300533,"BDI":63.2398753894081,"BEN":13.265031926215,"BFA":32.9678362573099,"BGD":74.0339555965276,"BGR":52.3637349724306,"BHR":14.4927536231884,"BHS":0.999000999000999,"BLZ":3.50723366944323,"BMU":7.40740740740741,"BOL":27.614695836795,"BRA":20.5532570643708,"BRB":44.1860465116279,"BRN":4.55407969639469,"BTN":7.83340110866169,"BWA":45.8789899952358,"CAF":7.67279848470256,"CAN":7.09278474701609,"CHE":43.0479659987857,"CHL":18.9218486897672,"CHN":37.7706175272282,"CIV":50.4925911949685,"CMR":16.3736751919782,"COD":11.0937120928078,"COG":30.8736456808199,"COL":38.7634069400631,"COM":51.0478237506717,"CPV":16.1290322580645,"CRI":30.4543674108891,"CUB":42.3463687150838,"CYM":11.25,"CYP":43.5064935064935,"DEU":55.9505055423481,"DJI":56.1259706643658,"DMA":24,"DNK":75.825,"DOM":46.5742082384599,"DZA":18.5440056429333,"ECU":17.0856812599335,"EGY":2.68421316992315,"ESP":65.4167833846893,"FIN":9.3289339768213,"FJI":12.2058018609743,"FRA":63.08748492439,"FRO":69.1489971346705,"G001":35.7360713315939,"GAB":6.74265533434238,"GBR":80.9531682718142,"GHA":51.4195306319768,"GIN":56.3303760377666,"GMB":52.1739130434783,"GNB":17.4135846372688,"GNQ":5.02139037433155,"GRC":67.3235065942591,"GRD":64.7058823529412,"GRL":0.687737781679836,"GTM":25.1399776035834,"GUM":31.4814814814815,"GUY":6.90864724721671,"HKG":12.7450980392157,"HND":26.8567342926088,"HTI":60.9579100145138,"HUN":77.2383914685625,"IDN":17.6613034550142,"IMN":56.140350877193,"IND":59.5915498168634,"IRL":68.3379300333866,"IRN":36.5124389105823,"IRQ":20.3946315476599,"ISL":21.1471321695761,"ISR":23.7523105360444,"ITA":69.4978069429805,"JAM":46.814404432133,"JOR":12.3753399818676,"JPN":19.1000818107445,"KEN":44.0313891133992,"KHM":20.5472467709041,"KIR":53.0864197530864,"KNA":57.1428571428571,"KOR":23.6160066348746,"KWT":7.57575757575758,"LAO":6.28249566724437,"LBN":58.2600195503421,"LBR":11.8538205980066,"LBY":6.81712265705809,"LCA":29.5081967213115,"LIE":56.25,"LKA":34.3804815818849,"LSO":84.9143610013175,"MAR":54.7116547923108,"MDG":60.6063211472985,"MDV":16.6666666666667,"MEX":50.4020165127704,"MLI":25.9943123611897,"MLT":43.75,"MMR":16.1933470024788,"MNG":90.9134534257383,"MOZ":43.5768966657341,"MRT":38.3457844183565,"MUS":49.7536945812808,"MWI":38.2159524819686,"MYS":10.6447724851621,"NAM":46.940932113836,"NCL":14.3326039387309,"NER":24.8677666377201,"NGA":60.130439079021,"NIC":29.2338374605285,"NLD":66.5669431279621,"NOR":2.76801261622368,"NPL":24.8461538461538,"NRU":20,"NZL":50.32851012115,"OMN":3.34733441033926,"PAK":48.3019406392694,"PAN":22.302932472424,"PER":13.92890625,"PHL":27.2648025212902,"PNG":1.21450337852758,"POL":65.1212902804532,"PRI":68.6583990980834,"PRK":18.4959720953409,"PRT":42.6120218579235,"PRY":27.2413793103448,"PYF":11.947650273224,"QAT":4.39276485788114,"ROU":64.2137709472953,"RWA":54.9250101337657,"SAU":40.1276463117938,"SEN":45.9512803199501,"SGP":19.4029850746269,"SLB":1.96498749553412,"SLE":36.4921030756442,"SLV":59.2182254196643,"SMR":16.6666666666667,"SOM":70.0178531577773,"STP":37.5,"SUR":0.292821007053809,"SWE":9.44911581169231,"SWZ":86.2790697674419,"SYC":10.8695652173913,"SYR":77.8049842202634,"TCA":1.05263157894737,"TCD":38.015873015873,"TGO":56.5361279646994,"THA":25.3283485681849,"TLS":15.46738399462,"TON":41.6666666666667,"TTO":19.1033138401559,"TUN":56.1534500514933,"TUR":48.4596494419396,"TUV":66.6666666666667,"TZA":30.4809212011741,"UGA":49.4019318352435,"URY":91.2638555593646,"USA":47.589791854097,"VCT":28.2051282051282,"VEN":22.1234623887535,"VGB":40,"VIR":45.7142857142857,"VNM":19.3923008387354,"VUT":9.26989335520919,"WBG":79.5681063122924,"WSM":21.9081272084806,"YEM":44.2828190995701,"ZAF":79.6395980512575,"ZMB":26.2486716259299,"ZWE":26.6691074059713}}