{"schemaVersion":1,"dataKind":"ranking-year","indicatorId":"AG.LND.AGRI.ZS","year":1966,"valuesByCountry":{"ABW":11.1111111111111,"AFG":58.1926620977263,"AGO":36.2517044998797,"ALB":45.2554744525547,"AND":55.3191489361702,"ARE":2.95691354548015,"ARG":47.8490439180178,"ASM":9.65,"ATG":20.4545454545455,"AUS":63.3961867800008,"AUT":41.2748424624333,"BDI":63.1230529595016,"BEN":13.5310393756651,"BFA":32.9678362573099,"BGD":74.1338249980794,"BGR":52.4450872276959,"BHR":14.4927536231884,"BHS":0.999000999000999,"BLZ":3.55107409031127,"BMU":7.40740740740741,"BOL":27.6479276285424,"BRA":20.9967767948371,"BRB":44.1860465116279,"BRN":4.36432637571157,"BTN":7.87620657920082,"BWA":45.8789899952358,"CAF":7.68885036437767,"CAN":7.1050538782166,"CHE":42.8987047156446,"CHL":19.1491422023531,"CHN":38.1540755731899,"CIV":50.6583396226415,"CMR":16.5006029066447,"COD":11.1025341302574,"COG":30.8726207906296,"COL":38.7742226228031,"COM":51.0478237506717,"CPV":16.1290322580645,"CRI":32.021151586369,"CUB":41.9925512104283,"CYM":11.25,"CYP":43.2900432900433,"DEU":55.9419127545613,"DJI":56.1259706643658,"DMA":25.3333333333333,"DNK":75.675,"DOM":46.8847029600497,"DZA":18.5440056429333,"ECU":17.0856812599335,"EGY":2.79270681601286,"ESP":64.340309736284,"FIN":9.38770150037756,"FJI":12.2058018609743,"FRA":62.7998886724186,"FRO":69.1489971346705,"G001":35.8192772095122,"GAB":6.80086932898669,"GBR":80.808498325962,"GHA":51.4195306319768,"GIN":56.3771772749471,"GMB":52.2727272727273,"GNB":17.4135846372688,"GNQ":4.95008912655971,"GRC":70.5197827773468,"GRD":64.7058823529412,"GRL":0.687737781679836,"GTM":25.2519596864502,"GUM":31.4814814814815,"GUY":6.93406537542575,"HKG":12.7450980392157,"HND":26.9461077844311,"HTI":61.1393323657475,"HUN":76.958115764915,"IDN":17.753716389651,"IMN":54.3859649122807,"IND":59.7102775133779,"IRL":69.0042096095224,"IRN":36.5185785505538,"IRQ":20.4060635160162,"ISL":21.1471321695761,"ISR":24.2606284658041,"ITA":69.3788038489001,"JAM":47.7377654662973,"JOR":12.3980054397099,"JPN":18.8055631306245,"KEN":44.0458864251327,"KHM":20.5472467709041,"KIR":53.0864197530864,"KNA":57.1428571428571,"KOR":23.99958532034,"KWT":7.57575757575758,"LAO":6.32582322357019,"LBN":58.2600195503421,"LBR":11.8226744186047,"LBY":6.93533537174489,"LCA":29.5081967213115,"LIE":56.25,"LKA":35.1618561632913,"LSO":85.0790513833992,"MAR":55.4241161446431,"MDG":60.6493104515597,"MDV":16.6666666666667,"MEX":50.3685794387716,"MLI":25.9975905391783,"MLT":43.75,"MMR":16.4335771337638,"MNG":90.9134534257383,"MOZ":43.5845265647651,"MRT":38.3457844183565,"MUS":48.7684729064039,"MWI":38.7462876537972,"MYS":10.677613757419,"NAM":46.940932113836,"NCL":14.3326039387309,"NER":24.8677666377201,"NGA":60.1831417372114,"NIC":29.7490443742729,"NLD":66.5906398104265,"NOR":2.75158524164668,"NPL":24.8461538461538,"NRU":20,"NZL":50.256351828643,"OMN":3.34733441033926,"PAK":48.5354400166044,"PAN":22.4374495560936,"PER":13.8703125,"PHL":27.2580969623818,"PNG":1.2078788146447,"POL":65.1245551601424,"PRI":65.5016910935738,"PRK":18.5067685408189,"PRT":42.6775956284153,"PRY":27.5106972061415,"PYF":11.8734153005464,"QAT":4.39276485788114,"ROU":64.4047929148216,"RWA":55.3303607620592,"SAU":40.1378803455382,"SEN":45.9512803199501,"SGP":19.4029850746269,"SLB":1.96498749553412,"SLE":36.561374341923,"SLV":58.6810551558753,"SMR":16.6666666666667,"SOM":70.0258233174993,"STP":37.5,"SUR":0.274130304475906,"SWE":9.32145823252681,"SWZ":86.8023255813954,"SYC":10.8695652173913,"SYR":74.1647622156927,"TCA":1.05263157894737,"TCD":38.015873015873,"TGO":56.5361279646994,"THA":25.8568380669029,"TLS":15.46738399462,"TON":43.0555555555556,"TTO":19.1033138401559,"TUN":56.1405767250257,"TUR":48.7039226641373,"TUV":66.6666666666667,"TZA":30.4809212011741,"UGA":49.4719983984786,"URY":90.9324648611587,"USA":47.5545258413619,"VCT":28.2051282051282,"VEN":22.2028229692194,"VGB":53.3333333333333,"VIR":45.7142857142857,"VNM":19.4076622937725,"VUT":9.26989335520919,"WBG":79.734219269103,"WSM":21.9081272084806,"YEM":44.3036536166828,"ZAF":79.4862705982244,"ZMB":26.3751193855177,"ZWE":26.7068514928267}}