{"schemaVersion":1,"dataKind":"ranking-year","indicatorId":"AG.LND.AGRI.ZS","year":1967,"valuesByCountry":{"ABW":11.1111111111111,"AFG":58.2294589331984,"AGO":36.2573193230128,"ALB":45.4014598540146,"AND":55.3191489361702,"ARE":2.95691354548015,"ARG":47.3941147883027,"ASM":9.65,"ATG":20.4545454545455,"AUS":63.7283839344988,"AUT":40.8834222006786,"BDI":64.8753894080997,"BEN":13.9194749911316,"BFA":32.9678362573099,"BGD":74.4795267726819,"BGR":52.9964747356052,"BHR":14.4927536231884,"BHS":0.999000999000999,"BLZ":3.55107409031127,"BMU":7.40740740740741,"BOL":27.6820825256162,"BRA":21.4402965253035,"BRB":44.1860465116279,"BRN":4.36432637571157,"BTN":7.87620657920082,"BWA":45.8789899952358,"CAF":7.70490224405278,"CAN":7.08999630810688,"CHE":42.7241449099373,"CHL":19.4450272483229,"CHN":38.5375336191516,"CIV":50.832855345912,"CMR":16.6486852404222,"COD":11.1157671864317,"COG":30.8729136163982,"COL":38.7769265434881,"COM":51.0478237506717,"CPV":16.1290322580645,"CRI":32.0407363885625,"CUB":43.0260707635009,"CYM":11.25,"CYP":43.3982683982684,"DEU":55.6010655056856,"DJI":56.1259706643658,"DMA":25.3333333333333,"DNK":75.575,"DOM":47.1951976816394,"DZA":18.5792739761687,"ECU":17.121803207629,"EGY":2.81380280275252,"ESP":64.7925087038297,"FIN":9.43366492662267,"FJI":12.096332785988,"FRA":62.3972539196586,"FRO":69.1489971346705,"G001":35.916798479512,"GAB":6.859083323631,"GBR":80.8250320340594,"GHA":51.4195306319768,"GIN":56.4007813771773,"GMB":52.4703557312253,"GNB":17.7692034139403,"GNQ":4.9144385026738,"GRC":70.6982156710628,"GRD":64.7058823529412,"GRL":0.687737781679836,"GTM":25.4572601717059,"GUM":31.4814814814815,"GUY":6.93406537542575,"HKG":12.7450980392157,"HND":27.0354812762535,"HTI":61.3207547169811,"HUN":76.8222222222222,"IDN":17.8208957423671,"IMN":54.5614035087719,"IND":59.803443439538,"IRL":69.4237189722746,"IRN":36.5615560303544,"IRQ":20.5318151679356,"ISL":21.1471321695761,"ISR":24.2606284658041,"ITA":69.2904015504403,"JAM":47.7377654662973,"JOR":12.4320036264733,"JPN":18.6473956913008,"KEN":44.0603837368662,"KHM":20.5585769317924,"KIR":46.9135802469136,"KNA":57.1428571428571,"KOR":24.2172921418204,"KWT":7.57575757575758,"LAO":6.32582322357019,"LBN":59.2375366568915,"LBR":11.8226744186047,"LBY":7.05013810427725,"LCA":31.1475409836066,"LIE":56.25,"LKA":35.9591771647265,"LSO":85.0790513833992,"MAR":55.872205045481,"MDG":60.6922997558208,"MDV":16.6666666666667,"MEX":50.3299981995422,"MLI":26.0025078061613,"MLT":43.75,"MMR":16.4748905958319,"MNG":90.9134534257383,"MOZ":43.6175894605661,"MRT":38.3457844183565,"MUS":51.7241379310345,"MWI":38.2371658888417,"MYS":10.8710394156141,"NAM":46.9445760303174,"NCL":14.3326039387309,"NER":24.8677666377201,"NGA":59.9053548096665,"NIC":29.7490443742729,"NLD":66.4010663507109,"NOR":2.73789576283252,"NPL":24.9440559440559,"NRU":20,"NZL":50.309521096806,"OMN":3.35379644588045,"PAK":48.6067870485679,"PAN":22.4509012644606,"PER":13.87734375,"PHL":27.8448333668611,"PNG":1.25425076182485,"POL":64.7066505599269,"PRI":64.0360766629087,"PRK":18.5109210198489,"PRT":42.7431693989071,"PRY":27.7170903599295,"PYF":11.7992076502732,"QAT":4.39276485788114,"ROU":64.4178171398802,"RWA":55.7357113903527,"SAU":40.1471840125786,"SEN":46.4706798940425,"SGP":19.4029850746269,"SLB":1.96498749553412,"SLE":36.6306456082017,"SLV":58.1966426858513,"SMR":16.6666666666667,"SOM":70.0337934772213,"STP":37.5,"SUR":0.267900070283272,"SWE":9.29199879118092,"SWZ":87.0348837209302,"SYC":10.8695652173913,"SYR":74.1647622156927,"TCA":1.05263157894737,"TCD":38.015873015873,"TGO":56.5361279646994,"THA":26.3461801953454,"TLS":15.6018829858776,"TON":43.0555555555556,"TTO":19.1033138401559,"TUN":56.1277033985582,"TUR":48.4648467445396,"TUV":66.6666666666667,"TZA":30.4809212011741,"UGA":49.4870126620289,"URY":90.5153696720375,"USA":47.5279944447841,"VCT":28.2051282051282,"VEN":22.2957882206224,"VGB":53.3333333333333,"VIR":42.8571428571429,"VNM":19.4844695689576,"VUT":9.26989335520919,"WBG":80.0664451827243,"WSM":21.9081272084806,"YEM":44.3169119457545,"ZAF":79.2587524421106,"ZMB":26.4477595878341,"ZWE":26.9739800956443}}