{"schemaVersion":1,"dataKind":"ranking-year","indicatorId":"AG.LND.AGRI.ZS","year":1968,"valuesByCountry":{"ABW":11.1111111111111,"AFG":58.2309921346764,"AGO":36.2637362637363,"ALB":45.2554744525547,"AND":55.3191489361702,"ARE":2.95691354548015,"ARG":47.2231052841206,"ASM":9.65,"ATG":20.4545454545455,"AUS":66.8510161149656,"AUT":40.7089190499273,"BDI":65.2647975077882,"BEN":14.1926214969847,"BFA":32.9678362573099,"BGD":74.2797879695783,"BGR":53.1591792461358,"BHR":14.4927536231884,"BHS":0.999000999000999,"BLZ":3.55107409031127,"BMU":5.55555555555556,"BOL":27.7153143173636,"BRA":21.8838162557698,"BRB":44.1860465116279,"BRN":4.55407969639469,"BTN":7.91901204973996,"BWA":45.8789899952358,"CAF":7.72095412372789,"CAN":7.07493873799717,"CHE":42.6558388990083,"CHL":19.7409122942926,"CHN":38.9209916651133,"CIV":50.9355188679245,"CMR":16.7544583359777,"COD":11.1378222800556,"COG":30.8732064421669,"COL":38.7787291572781,"COM":51.0478237506717,"CPV":16.1290322580645,"CRI":33.6075205640423,"CUB":44.0130353817505,"CYM":11.25,"CYP":43.3982683982684,"DEU":55.237304156045,"DJI":56.1259706643658,"DMA":25.3333333333333,"DNK":75.425,"DOM":47.4021941626992,"DZA":18.5591206428913,"ECU":17.1037422337812,"EGY":2.81380280275252,"ESP":64.3463123774461,"FIN":9.47536032043074,"FJI":11.9868637110016,"FRA":61.5604415994063,"FRO":69.1489971346705,"G001":36.2411370822686,"GAB":6.91729731827531,"GBR":80.2959533749432,"GHA":51.4195306319768,"GIN":56.3958977698193,"GMB":52.4703557312253,"GNB":17.7692034139403,"GNQ":4.84313725490196,"GRC":70.9309542280838,"GRD":64.7058823529412,"GRL":0.687737781679836,"GTM":25.5692422545726,"GUM":31.4814814814815,"GUY":6.94423262670937,"HKG":12.7450980392157,"HND":27.0801680221646,"HTI":61.5021770682148,"HUN":76.708523169241,"IDN":18.0379823026436,"IMN":54.7368421052632,"IND":59.9907843091091,"IRL":69.7183916388445,"IRN":36.5922542302119,"IRQ":20.5432471362919,"ISL":21.1471321695761,"ISR":24.0757855822551,"ITA":69.2087994287852,"JAM":47.7377654662973,"JOR":12.4546690843155,"JPN":18.5355876738478,"KEN":44.0748808728959,"KHM":20.263992748697,"KIR":46.9135802469136,"KNA":57.1428571428571,"KOR":24.2898610823139,"KWT":7.57575757575758,"LAO":6.36915077989601,"LBN":60.2150537634409,"LBR":11.8019102990033,"LBY":7.16948747968219,"LCA":31.1475409836066,"LIE":56.25,"LKA":37.011640886621,"LSO":83.4321475625823,"MAR":56.5443383967379,"MDG":60.7352890600819,"MDV":16.6666666666667,"MEX":50.2939890429281,"MLI":26.0025078061613,"MLT":43.75,"MMR":16.4764207240567,"MNG":90.9134534257383,"MOZ":43.7447544444162,"MRT":38.3457844183565,"MUS":54.679802955665,"MWI":39.3190496393721,"MYS":11.2625171206818,"NAM":46.9445760303174,"NCL":14.3873085339168,"NER":25.4022262572038,"NGA":60.06785467242,"NIC":29.7490443742729,"NLD":66.1937203791469,"NOR":2.72146838825552,"NPL":24.9440559440559,"NRU":20,"NZL":50.3133189016748,"OMN":3.36025848142165,"PAK":48.2176214196762,"PAN":22.5854183481302,"PER":13.91328125,"PHL":27.7643666599611,"PNG":1.29620633308307,"POL":64.5695256129812,"PRI":63.8105975197294,"PRK":18.5150734988788,"PRT":42.7650273224044,"PRY":27.9134155549962,"PYF":11.7249726775956,"QAT":4.39276485788114,"ROU":64.9995658591647,"RWA":56.0599918929874,"SAU":40.1639306132512,"SEN":47.3536591699995,"SGP":17.910447761194,"SLB":1.96498749553412,"SLE":36.7691881407592,"SLV":57.6642685851319,"SMR":16.6666666666667,"SOM":70.0417636369433,"STP":37.5,"SUR":0.267900070283272,"SWE":9.13488177066954,"SWZ":87.0930232558139,"SYC":10.8695652173913,"SYR":73.0275329197954,"TCA":1.05263157894737,"TCD":38.015873015873,"TGO":56.5361279646994,"THA":26.8159486386502,"TLS":15.6018829858776,"TON":43.0555555555556,"TTO":19.1033138401559,"TUN":56.1148300720906,"TUR":48.8559437651859,"TUV":66.6666666666667,"TZA":30.4809212011741,"UGA":49.6721885791502,"URY":89.8297337447149,"USA":47.5812756033436,"VCT":28.2051282051282,"VEN":22.4000906978062,"VGB":53.3333333333333,"VIR":42.8571428571429,"VNM":19.5612768441427,"VUT":9.26989335520919,"WBG":80.0664451827243,"WSM":22.2614840989399,"YEM":44.3263821808057,"ZAF":79.0765730489906,"ZMB":26.5473035687862,"ZWE":27.1143567274137}}