{"schemaVersion":1,"dataKind":"ranking-year","indicatorId":"AG.LND.AGRI.ZS","year":1969,"valuesByCountry":{"ABW":11.1111111111111,"AFG":58.2555233583245,"AGO":36.2773722627737,"ALB":45.0729927007299,"AND":55.3191489361702,"ARE":2.95691354548015,"ARG":46.5460099609382,"ASM":9.65,"ATG":20.4545454545455,"AUS":66.5019615089231,"AUT":40.6095492001939,"BDI":73.8707165109034,"BEN":14.9434639943242,"BFA":32.9678362573099,"BGD":74.3258815395252,"BGR":54.4336979119588,"BHR":14.4927536231884,"BHS":0.999000999000999,"BLZ":3.59491451117931,"BMU":5.55555555555556,"BOL":27.9340902797009,"BRA":22.3273359862362,"BRB":44.1860465116279,"BRN":4.55407969639469,"BTN":7.91901204973996,"BWA":45.8789899952358,"CAF":7.737006003403,"CAN":7.05988116788745,"CHE":42.6887269783445,"CHL":19.9695507389057,"CHN":39.4109658349533,"CIV":51.0204496855346,"CMR":16.8602314315331,"COD":11.1598773736795,"COG":30.8808199121523,"COL":38.783235691753,"COM":51.0478237506717,"CPV":16.1290322580645,"CRI":35.0567959263611,"CUB":44.1806331471136,"CYM":11.25,"CYP":43.1818181818182,"DEU":55.1485120155816,"DJI":56.1259706643658,"DMA":25.3333333333333,"DNK":74.775,"DOM":48.2301800869385,"DZA":18.5591206428913,"ECU":17.3204739199538,"EGY":2.84795820985484,"ESP":65.0826363599984,"FIN":9.07941823434781,"FJI":12.096332785988,"FRA":61.5511643009556,"FRO":69.1489971346705,"G001":36.2848918955948,"GAB":6.97551131291963,"GBR":80.1058157318233,"GHA":51.4195306319768,"GIN":56.3417711216018,"GMB":52.6679841897233,"GNB":17.7692034139403,"GNQ":4.80748663101604,"GRC":70.9387121799845,"GRD":64.7058823529412,"GRL":0.687737781679836,"GTM":25.5879059350504,"GUM":31.4814814814815,"GUY":6.94423262670937,"HKG":12.7450980392157,"HND":27.0801680221646,"HTI":61.6835994194485,"HUN":76.541837981998,"IDN":18.2508194549479,"IMN":55.4385964912281,"IND":59.7983983532838,"IRL":69.908549862099,"IRN":36.6352317100125,"IRQ":20.5546791046482,"ISL":21.1471321695761,"ISR":24.1682070240296,"ITA":68.773588113291,"JAM":47.7377654662973,"JOR":12.4660018132366,"JPN":18.1401690755386,"KEN":44.0893781846294,"KHM":19.6974847042828,"KIR":46.9135802469136,"KNA":51.4285714285714,"KOR":24.2276591333195,"KWT":7.57575757575758,"LAO":6.37781629116118,"LBN":60.6060606060606,"LBR":11.8019102990033,"LBY":7.28599520329177,"LCA":31.1475409836066,"LIE":56.25,"LKA":37.1232658268219,"LSO":81.6205533596838,"MAR":56.9722632970381,"MDG":60.7868762251952,"MDV":16.6666666666667,"MEX":50.2631240515445,"MLI":26.0025078061613,"MLT":43.75,"MMR":16.4748905958319,"MNG":90.8934203225474,"MOZ":43.8770060276202,"MRT":38.3554865625303,"MUS":54.679802955665,"MWI":39.8493848112007,"MYS":11.4318672956932,"NAM":46.9445760303174,"NCL":14.3873085339168,"NER":25.4014368042946,"NGA":60.3390537676911,"NIC":29.7905933189297,"NLD":65.7049763033175,"NOR":2.69956522215286,"NPL":24.9440559440559,"NRU":20,"NZL":49.7170635372755,"OMN":3.36025848142165,"PAK":46.3107098381071,"PAN":22.6930320150659,"PER":13.94375,"PHL":27.6704888352444,"PNG":1.34037009230226,"POL":63.8512520813608,"PRI":63.3596392333709,"PRK":18.5159039946848,"PRT":42.8743169398907,"PRY":28.1198087087843,"PYF":11.6507650273224,"QAT":4.39276485788114,"ROU":64.9822002257532,"RWA":56.6274827725983,"SAU":40.1802120305719,"SEN":46.2421440814419,"SGP":17.910447761194,"SLB":1.96498749553412,"SLE":36.838459407038,"SLV":57.3237410071942,"SMR":16.6666666666667,"SOM":70.0497337966653,"STP":37.5,"SUR":0.292821007053809,"SWE":9.19380065336131,"SWZ":86.8604651162791,"SYC":10.8695652173913,"SYR":73.1581238437262,"TCA":1.05263157894737,"TCD":38.015873015873,"TGO":56.5361279646994,"THA":27.2465697116796,"TLS":15.6691324815064,"TON":45.8333333333333,"TTO":19.1033138401559,"TUN":57.0803295571576,"TUR":50.209841092473,"TUV":66.6666666666667,"TZA":30.4809212011741,"UGA":49.79730744207,"URY":89.406924922866,"USA":47.5432800230594,"VCT":28.2051282051282,"VEN":22.4930559492092,"VGB":53.3333333333333,"VIR":42.8571428571429,"VNM":19.6073612092537,"VUT":9.26989335520919,"WBG":80.0664451827243,"WSM":22.2614840989399,"YEM":44.3453226509082,"ZAF":78.8861502444172,"ZMB":26.6401216050794,"ZWE":27.4377086726121}}