{"schemaVersion":1,"dataKind":"ranking-year","indicatorId":"AG.LND.AGRI.ZS","year":1970,"valuesByCountry":{"ABW":11.1111111111111,"AFG":58.2708553731046,"AGO":36.2597256757841,"ALB":44.8905109489051,"AND":55.3191489361702,"ARE":2.98507462686567,"ARG":46.5463753658617,"ASM":9.65,"ATG":20.4545454545455,"AUS":64.2297877588743,"AUT":40.4241396025206,"BDI":73.208722741433,"BEN":15.1354469670096,"BFA":32.9678362573099,"BGD":74.4948912959975,"BGR":54.3252282382717,"BHR":14.4927536231884,"BHS":0.999000999000999,"BLZ":3.59491451117931,"BMU":5.55555555555556,"BOL":27.9673220714484,"BRA":22.7715735797677,"BRB":44.1860465116279,"BRN":4.55407969639469,"BTN":8.17584487297477,"BWA":45.8789899952358,"CAF":7.75305788307811,"CAN":7.04482359777773,"CHE":42.3471969236997,"CHL":20.3084736097438,"CHN":39.9009400047932,"CIV":51.1058836477987,"CMR":16.8771551268219,"COD":11.1819324673033,"COG":30.8856515373353,"COL":38.783235691753,"COM":51.0478237506717,"CPV":16.1290322580645,"CRI":36.349392871132,"CUB":46.7597765363128,"CYM":11.25,"CYP":43.0735930735931,"DEU":54.4868673559992,"DJI":56.1259706643658,"DMA":25.3333333333333,"DNK":74.375,"DOM":48.3336783274684,"DZA":18.5645788373206,"ECU":17.5372056061263,"EGY":2.85599477623186,"ESP":64.2662771619513,"FIN":8.94382612692472,"FJI":12.096332785988,"FRA":60.2931626310418,"FRO":69.1489971346705,"G001":36.238185903641,"GAB":7.03372530756394,"GBR":77.9109659818956,"GHA":51.4195306319768,"GIN":56.3436024743611,"GMB":52.7667984189723,"GNB":17.7692034139403,"GNQ":4.73618538324421,"GRC":71.0240496508922,"GRD":64.7058823529412,"GRL":0.687737781679836,"GTM":25.709219858156,"GUM":31.4814814814815,"GUY":6.96965075491841,"HKG":12.7450980392157,"HND":27.1695415139869,"HTI":61.8650217706821,"HUN":76.4058679706601,"IDN":18.3283902360936,"IMN":55.4385964912281,"IND":59.8858465150226,"IRL":69.5935549426622,"IRN":36.6536506299271,"IRQ":20.561538285662,"ISL":19.9600997506234,"ISR":24.2606284658041,"ITA":68.6137839583829,"JAM":46.814404432133,"JOR":12.5113327289211,"JPN":18.2601581674393,"KEN":44.1038754963629,"KHM":19.3689100385225,"KIR":46.9135802469136,"KNA":42.8571428571429,"KOR":24.0928882438316,"KWT":7.57575757575758,"LAO":6.39948006932409,"LBN":61.0948191593353,"LBR":11.781146179402,"LBY":7.40250292690135,"LCA":31.1475409836066,"LIE":56.25,"LKA":37.2029979269654,"LSO":79.9407114624506,"MAR":57.5906259801945,"MDG":60.8212676686041,"MDV":16.6666666666667,"MEX":50.2250572288382,"MLI":26.0434850310198,"MLT":43.75,"MMR":16.5269149554733,"MNG":90.9140996548735,"MOZ":43.9850962638928,"MRT":38.3554865625303,"MUS":55.1724137931034,"MWI":39.3190496393721,"MYS":11.8247146553036,"NAM":46.9470053079717,"NCL":14.3873085339168,"NER":24.6309307649799,"NGA":60.5553542606805,"NIC":29.7905933189297,"NLD":65.2043838862559,"NOR":2.61195255774222,"NPL":25.8881118881119,"NRU":20,"NZL":49.7056701226691,"OMN":3.36672051696284,"PAK":46.5247509339975,"PAN":22.652676889965,"PER":14.0171875,"PHL":27.861597264132,"PNG":1.37790928763856,"POL":63.8055437657122,"PRI":62.2322435174746,"PRK":18.5366663898347,"PRT":42.9398907103825,"PRY":28.3262018625724,"PYF":11.5765300546448,"QAT":4.39276485788114,"ROU":64.8172267083442,"RWA":56.9112282124037,"SAU":40.2011452814127,"SEN":46.0395782475458,"SGP":17.910447761194,"SLB":1.96498749553412,"SLE":36.9077306733167,"SLV":56.9832134292566,"SMR":16.6666666666667,"SOM":70.0577039563873,"STP":37.5,"SUR":0.299051241246443,"SWE":9.21344028092523,"SWZ":86.8604651162791,"SYC":10.8695652173913,"SYR":73.2343018826858,"TCA":1.05263157894737,"TCD":38.015873015873,"TGO":56.5361279646994,"THA":27.8885865841962,"TLS":16.3416274377942,"TON":44.4444444444444,"TTO":19.1033138401559,"TUN":58.2711122554068,"TUR":49.6056546652287,"TUV":66.6666666666667,"TZA":31.609844208625,"UGA":49.9474500775737,"URY":88.452748257342,"USA":47.9675858394403,"VCT":28.2051282051282,"VEN":22.5984921489711,"VGB":53.3333333333333,"VIR":42.8571428571429,"VNM":19.7148913945129,"VUT":9.84413453650533,"WBG":80.3986710963455,"WSM":22.4381625441696,"YEM":44.3547928859594,"ZAF":78.6957274398437,"ZMB":26.7342848303044,"ZWE":27.6936923872302}}