{"schemaVersion":1,"dataKind":"ranking-year","indicatorId":"AG.LND.AGRI.ZS","year":1971,"valuesByCountry":{"ABW":11.1111111111111,"AFG":58.3168514174448,"AGO":36.241276971204,"ALB":43.7956204379562,"AND":53.1914893617021,"ARE":2.98507462686567,"ARG":46.5463753658617,"ASM":9.65,"ATG":22.7272727272727,"AUS":65.0242982830663,"AUT":40.2435773145904,"BDI":73.9485981308411,"BEN":15.5695725434551,"BFA":32.9678362573099,"BGD":74.4795267726819,"BGR":54.3161890987978,"BHR":14.4927536231884,"BHS":0.999000999000999,"BLZ":3.63875493204735,"BMU":5.55555555555556,"BOL":28.3707190990492,"BRA":23.191044897549,"BRB":44.1860465116279,"BRN":3.60531309297913,"BTN":8.17584487297477,"BWA":45.8789899952358,"CAF":7.76910976275322,"CAN":7.0294314149989,"CHE":42.1321594818863,"CHL":20.6447066165276,"CHN":40.3962399808271,"CIV":51.2895786163522,"CMR":16.9829282223774,"COD":11.2039875609272,"COG":30.893411420205,"COL":40.6074808472285,"COM":51.0478237506717,"CPV":16.1290322580645,"CRI":36.9565217391304,"CUB":47.2346368715084,"CYM":11.25,"CYP":42.8571428571429,"DEU":54.283504711712,"DJI":56.1259706643658,"DMA":25.3333333333333,"DNK":73.775,"DOM":48.5199751604223,"DZA":19.0755498081235,"ECU":17.7539372922988,"EGY":2.865035913406,"ESP":65.3967745808156,"FIN":8.87652253849437,"FJI":12.096332785988,"FRA":60.5306614713795,"FRO":69.1489971346705,"G001":36.3808652818773,"GAB":7.11134396708969,"GBR":77.8861654197495,"GHA":51.4195306319768,"GIN":56.3985430571382,"GMB":53.0632411067194,"GNB":17.7692034139403,"GNQ":4.70053475935829,"GRC":71.0240496508922,"GRD":64.7058823529412,"GRL":0.687737781679836,"GTM":25.8212019410228,"GUM":31.4814814814815,"GUY":6.96965075491841,"HKG":11.7647058823529,"HND":27.2142282598981,"HTI":62.0464441219158,"HUN":76.1920640213404,"IDN":18.5436113426475,"IMN":55.4385964912281,"IND":59.8068068303741,"IRL":70.0246770213384,"IRN":36.9323902846337,"IRQ":20.5752566476896,"ISL":19.860349127182,"ISR":24.3530499075786,"ITA":60.0081602121655,"JAM":46.814404432133,"JOR":12.5226654578422,"JPN":17.8429233706027,"KEN":44.1183726323927,"KHM":13.8794470881487,"KIR":46.9135802469136,"KNA":42.8571428571429,"KOR":23.833713456355,"KWT":7.57575757575758,"LAO":6.421143847487,"LBN":61.58357771261,"LBR":11.781146179402,"LBY":7.52185230230628,"LCA":32.7868852459016,"LIE":56.25,"LKA":37.2986764471376,"LSO":77.8656126482213,"MAR":58.1014473271497,"MDG":60.8556591120129,"MDV":20,"MEX":49.8665089122663,"MLI":26.0434850310198,"MLT":43.75,"MMR":16.5330354683723,"MNG":90.9134534257383,"MOZ":43.9850962638928,"MRT":38.3166779858349,"MUS":55.1724137931034,"MWI":40.9100551548579,"MYS":12.0492466900015,"NAM":46.949434585626,"NCL":14.3873085339168,"NER":24.6546143522539,"NGA":60.717854123434,"NIC":29.9567890975569,"NLD":63.281990521327,"NOR":2.54898095519707,"NPL":25.8881118881119,"NRU":20,"NZL":49.6980745129315,"OMN":3.36672051696284,"PAK":46.0318078040681,"PAN":23.0427764326069,"PER":14.02421875,"PHL":27.7576611010528,"PNG":1.43090579870159,"POL":63.6912729765908,"PRI":59.7519729425028,"PRK":18.6653932397641,"PRT":43.0054644808743,"PRY":28.5325950163604,"PYF":11.5023224043716,"QAT":4.39276485788114,"ROU":64.8389337501085,"RWA":58.694770976895,"SAU":40.2230088989575,"SEN":46.4654858983016,"SGP":14.9253731343284,"SLB":1.96498749553412,"SLE":36.9770019395955,"SLV":58.8009592326139,"SMR":16.6666666666667,"SOM":70.0656741161093,"STP":38.5416666666667,"SUR":0.32397217801698,"SWE":9.22571504815268,"SWZ":86.8604651162791,"SYC":10.8695652173913,"SYR":73.2288605941887,"TCA":1.05263157894737,"TCD":38.015873015873,"TGO":52.9509100937672,"THA":28.1841492297755,"TLS":16.3416274377942,"TON":44.4444444444444,"TTO":19.6881091617934,"TUN":58.3032955715757,"TUR":49.7823629536271,"TUV":66.6666666666667,"TZA":32.7387672160759,"UGA":50.1976878034132,"URY":88.2242029482345,"USA":47.7139216679623,"VCT":28.2051282051282,"VEN":22.7039283487331,"VGB":53.3333333333333,"VIR":42.8571428571429,"VNM":19.7302528495499,"VUT":9.84413453650533,"WBG":80.3986710963455,"WSM":22.6148409893993,"YEM":44.3699452620414,"ZAF":78.5053046352702,"ZMB":26.975073649094,"ZWE":28.0010756107018}}