{"schemaVersion":1,"dataKind":"ranking-year","indicatorId":"AG.LND.AGRI.ZS","year":1972,"valuesByCountry":{"ABW":11.1111111111111,"AFG":58.3352498351808,"AGO":36.2236303842143,"ALB":42.8467153284672,"AND":53.1914893617021,"ARE":2.98507462686567,"ARG":46.5463753658617,"ASM":9.65,"ATG":20.4545454545455,"AUS":65.0605938325762,"AUT":40.0763451284537,"BDI":74.2211838006231,"BEN":15.8452908832919,"BFA":32.9678362573099,"BGD":76.7534762234002,"BGR":54.4336979119588,"BHR":14.4927536231884,"BHS":0.999000999000999,"BLZ":3.63875493204735,"BMU":5.55555555555556,"BOL":28.8655035539555,"BRA":23.6105162153302,"BRB":44.1860465116279,"BRN":3.41555977229602,"BTN":8.24005307878347,"BWA":45.8807545039084,"CAF":7.78516164242833,"CAN":7.03244292902084,"CHE":42.0663833232139,"CHL":20.9809396233114,"CHN":40.8883444731446,"CIV":51.2893081761006,"CMR":17.1246641704216,"COD":11.2260426545511,"COG":30.8958828696925,"COL":40.6200991437584,"COM":51.0478237506717,"CPV":16.1290322580645,"CRI":36.9565217391304,"CUB":51.9646182495345,"CYM":11.25,"CYP":42.6406926406926,"DEU":54.2749119239252,"DJI":56.1259706643658,"DMA":25.3333333333333,"DNK":73.9,"DOM":49.0581660111778,"DZA":19.0600149470555,"ECU":17.9706689784713,"EGY":2.86804962579738,"ESP":65.1646724558806,"FIN":8.58104336977576,"FJI":12.5889436234264,"FRA":60.3302718248446,"FRO":69.1489971346705,"G001":36.506712563374,"GAB":7.169557961734,"GBR":77.5265572686314,"GHA":51.4195306319768,"GIN":56.4188914211297,"GMB":53.5573122529644,"GNB":17.7692034139403,"GNQ":4.62923351158645,"GRC":71.0628394103957,"GRD":58.8235294117647,"GRL":0.687737781679836,"GTM":26.1291526689063,"GUM":31.4814814814815,"GUY":6.98490163184383,"HKG":11.7647058823529,"HND":27.5270354812763,"HTI":57.4746008708273,"HUN":76.0920306768923,"IDN":18.7494202266542,"IMN":56.140350877193,"IND":59.8501945721599,"IRL":70.0740310640151,"IRN":37.3290110267934,"IRQ":20.9433660287628,"ISL":19.7605985037406,"ISR":24.3530499075786,"ITA":59.5287477474414,"JAM":46.814404432133,"JOR":12.5679963735267,"JPN":17.6513911620295,"KEN":44.1328699441262,"KHM":13.8794470881487,"KIR":46.9135802469136,"KNA":42.8571428571429,"KOR":23.533070702882,"KWT":7.57575757575758,"LAO":6.55112651646447,"LBN":62.0723362658847,"LBR":11.781146179402,"LBY":7.63722336519772,"LCA":32.7868852459016,"LIE":56.25,"LKA":37.3943549673098,"LSO":77.7009222661397,"MAR":58.6324326746427,"MDG":60.9072462771262,"MDV":20,"MEX":49.9755652151547,"MLI":26.0434850310198,"MLT":43.75,"MMR":16.5330354683723,"MNG":90.9134534257383,"MOZ":44.0092576108243,"MRT":38.3166779858349,"MUS":55.6650246305419,"MWI":41.4403903266865,"MYS":12.4182924973368,"NAM":46.949434585626,"NCL":14.4420131291028,"NER":24.6127733480698,"NGA":60.8792560141419,"NIC":29.9983380422137,"NLD":62.8465639810427,"NOR":2.49148514417759,"NPL":26.7272727272727,"NRU":20,"NZL":51.2164368994721,"OMN":3.37318255250404,"PAK":46.0577521793275,"PAN":23.4463276836158,"PER":14.50390625,"PHL":28.2639307986321,"PNG":1.45298767831118,"POL":63.2439844591727,"PRI":58.0608793686584,"PRK":18.6487833236442,"PRT":43.0710382513661,"PRY":28.7389881701485,"PYF":11.428087431694,"QAT":4.39276485788114,"ROU":64.8736650169315,"RWA":61.1268747466559,"SAU":40.2462680665584,"SEN":46.4654858983016,"SGP":16.4179104477612,"SLB":1.96498749553412,"SLE":37.0462732058742,"SLV":58.6954436450839,"SMR":16.6666666666667,"SOM":70.0736442758313,"STP":38.5416666666667,"SUR":0.330202412209614,"SWE":9.16679616546092,"SWZ":87.9651162790698,"SYC":10.8695652173913,"SYR":77.0540864076613,"TCA":1.05263157894737,"TCD":38.015873015873,"TGO":52.9509100937672,"THA":29.8107224647184,"TLS":16.4761264290518,"TON":45.8333333333333,"TTO":19.6881091617934,"TUN":58.9340885684861,"TUR":50.4476176864207,"TUV":66.6666666666667,"TZA":32.7387672160759,"UGA":50.5480206195886,"URY":87.9899440063993,"USA":47.4602574964843,"VCT":28.2051282051282,"VEN":22.7481435292784,"VGB":53.3333333333333,"VIR":42.8571428571429,"VNM":19.807060124735,"VUT":9.84413453650533,"WBG":80.3986710963455,"WSM":22.6148409893993,"YEM":44.3907797791541,"ZAF":78.3190035364235,"ZMB":27.0288812063654,"ZWE":28.360024557322}}