{"schemaVersion":1,"dataKind":"ranking-year","indicatorId":"AG.LND.AGRI.ZS","year":1973,"valuesByCountry":{"ABW":11.1111111111111,"AFG":58.3370896769544,"AGO":36.2051816796342,"ALB":41.8248175182482,"AND":51.063829787234,"ARE":2.99915516755843,"ARG":46.5463753658617,"ASM":9.65,"ATG":20.4545454545455,"AUS":64.8109290186533,"AUT":39.0475036354823,"BDI":77.8816199376947,"BEN":16.0137903511884,"BFA":32.9678362573099,"BGD":76.7381117000845,"BGR":54.0721323330019,"BHR":14.4927536231884,"BHS":0.999000999000999,"BLZ":3.68259535291539,"BMU":5.55555555555556,"BOL":28.9005815563556,"BRA":24.0299875331114,"BRB":44.1860465116279,"BRN":3.41555977229602,"BTN":8.24005307878347,"BWA":45.8807545039084,"CAF":7.80121352210344,"CAN":7.03545444304279,"CHE":41.8361667678608,"CHL":21.3010334457697,"CHN":41.4858999281016,"CIV":51.912606918239,"CMR":17.2621691946437,"COD":11.2480977481749,"COG":30.9071244509517,"COL":40.6345200540784,"COM":51.0478237506717,"CPV":16.1290322580645,"CRI":40.1096748922836,"CUB":54.4785847299814,"CYM":11.25,"CYP":42.6623376623377,"DEU":54.1259702689543,"DJI":56.1259706643658,"DMA":25.3333333333333,"DNK":74.65,"DOM":49.7826536948872,"DZA":18.6015266149958,"ECU":18.1874006646438,"EGY":2.86804962579738,"ESP":64.5884189043179,"FIN":8.47729735053679,"FJI":12.8626163108922,"FRA":60.228221541887,"FRO":69.1489971346705,"G001":36.5976908513101,"GAB":7.24717662125975,"GBR":77.2785516471707,"GHA":51.4195306319768,"GIN":56.4218215855445,"GMB":54.0513833992095,"GNB":17.947012802276,"GNQ":4.59358288770053,"GRC":70.9309542280838,"GRD":58.8235294117647,"GRL":0.687737781679836,"GTM":26.5304217991788,"GUM":31.4814814814815,"GUY":6.99506888312745,"HKG":11.7647058823529,"HND":27.6164089730986,"HTI":57.4383164005805,"HUN":75.9697677003446,"IDN":18.9083417146453,"IMN":56.8421052631579,"IND":60.1209475344664,"IRL":70.2859631296269,"IRN":37.7471205088534,"IRQ":20.9662299654755,"ISL":19.6608478802993,"ISR":24.815157116451,"ITA":59.4403454489817,"JAM":46.814404432133,"JOR":12.5793291024479,"JPN":17.5177304964539,"KEN":44.1473672558597,"KHM":13.8794470881487,"KIR":46.9135802469136,"KNA":42.8571428571429,"KOR":23.5434376943811,"KWT":7.57575757575758,"LAO":6.63778162911612,"LBN":63.049853372434,"LBR":11.781146179402,"LBY":7.75486774952544,"LCA":32.7868852459016,"LIE":56.25,"LKA":37.4900334874821,"LSO":77.7009222661397,"MAR":59.2090522070356,"MDG":60.9416377205351,"MDV":23.3333333333333,"MEX":50.1041693459194,"MLI":26.0434850310198,"MLT":43.75,"MMR":15.7939835358203,"MNG":90.9134534257383,"MOZ":44.0753834024263,"MRT":38.3040651984088,"MUS":55.6650246305419,"MWI":41.9707254985151,"MYS":12.6644042002739,"NAM":46.949434585626,"NCL":14.4420131291028,"NER":24.3262019420542,"NGA":61.0406579048497,"NIC":30.0814359315273,"NLD":62.4407582938389,"NOR":2.4750577696006,"NPL":27.6433566433566,"NRU":20,"NZL":51.2006760092666,"OMN":3.37641357027464,"PAK":47.2187629721876,"PAN":23.7153618509551,"PER":14.682036015625,"PHL":28.8233913422526,"PNG":1.4949432495694,"POL":63.0970648731594,"PRI":55.467869222097,"PRK":19.1097084959721,"PRT":43.1256830601093,"PRY":28.9428643342562,"PYF":11.3538797814208,"QAT":4.39276485788114,"ROU":64.7043500911696,"RWA":61.0052695581678,"SAU":40.2709227842154,"SEN":46.7251856853477,"SGP":16.4179104477612,"SLB":1.96498749553412,"SLE":37.1155444721529,"SLV":58.7865707434053,"SMR":16.6666666666667,"SOM":70.0816144355533,"STP":38.5416666666667,"SUR":0.348893114787517,"SWE":9.12751691033307,"SWZ":87.9651162790698,"SYC":10.8695652173913,"SYR":78.7789748612471,"TCA":1.05263157894737,"TCD":38.0238095238095,"TGO":52.9509100937672,"THA":31.474485701423,"TLS":16.8123739071957,"TON":45.8333333333333,"TTO":21.4424951267057,"TUN":59.5005149330587,"TUR":50.3969439860712,"TUV":66.6666666666667,"TZA":32.7387672160759,"UGA":50.9484009809319,"URY":87.7613986972917,"USA":47.217511595203,"VCT":25.6410256410256,"VEN":22.8773879031801,"VGB":53.3333333333333,"VIR":42.8571428571429,"VNM":19.9145903099942,"VUT":9.84413453650533,"WBG":80.5647840531561,"WSM":22.6148409893993,"YEM":44.4002500142053,"ZAF":78.1244590261234,"ZMB":27.0974858418865,"ZWE":28.6003722373013}}