{"schemaVersion":1,"dataKind":"ranking-year","indicatorId":"AG.LND.AGRI.ZS","year":1974,"valuesByCountry":{"ABW":11.1111111111111,"AFG":58.3387761985803,"AGO":36.1875350926446,"ALB":40.9489051094891,"AND":51.063829787234,"ARE":3.0132357082512,"ARG":46.5463753658617,"ASM":9.65,"ATG":20.4545454545455,"AUS":65.1311456204522,"AUT":38.8669413475521,"BDI":79.0498442367601,"BEN":16.2532369634622,"BFA":32.9678362573099,"BGD":76.7381117000845,"BGR":54.5783241435415,"BHR":14.4927536231884,"BHS":0.999000999000999,"BLZ":3.68259535291539,"BMU":5.55555555555556,"BOL":29.3944429059356,"BRA":24.4494588508927,"BRB":44.1860465116279,"BRN":3.41555977229602,"BTN":8.38987222567044,"BWA":45.8807545039084,"CAF":7.81726540177855,"CAN":7.03846595706473,"CHE":41.6793159279498,"CHL":21.8551454409494,"CHN":42.1910366681756,"CIV":52.4069213836478,"CMR":17.5160246239766,"COD":11.2701528417988,"COG":30.9110541727672,"COL":40.6480396575034,"COM":51.0478237506717,"CPV":16.1290322580645,"CRI":40.1096748922836,"CUB":52.4301675977654,"CYM":11.25,"CYP":31.0606060606061,"DEU":53.9082863116891,"DJI":56.1259706643658,"DMA":25.3333333333333,"DNK":73.3,"DOM":50.1966466570068,"DZA":18.614962170514,"ECU":18.6678225689929,"EGY":2.85599477623186,"ESP":64.1880940470235,"FIN":8.55379362421616,"FJI":13.136288998358,"FRA":60.1948232674645,"FRO":69.1489971346705,"G001":36.7155820349848,"GAB":7.30539061590406,"GBR":77.0388128797586,"GHA":51.4195306319768,"GIN":56.4060312550871,"GMB":56.7193675889328,"GNB":18.1248221906117,"GNQ":4.5222816399287,"GRC":70.9154383242824,"GRD":58.8235294117647,"GRL":0.687737781679836,"GTM":26.8290406868234,"GUM":31.4814814814815,"GUY":6.99506888312745,"HKG":11.7647058823529,"HND":27.670033068192,"HTI":57.4383164005805,"HUN":75.3806824497055,"IDN":19.0592951969838,"IMN":57.5438596491228,"IND":60.2995435878635,"IRL":70.3846712149804,"IRN":37.4272452663376,"IRQ":21.2177332693143,"ISL":19.5511221945137,"ISR":25.184842883549,"ITA":59.5083472170276,"JAM":46.814404432133,"JOR":12.6246600181324,"JPN":17.3949809056192,"KEN":44.1618643918895,"KHM":14.1627011103558,"KIR":46.9135802469136,"KNA":42.8571428571429,"KOR":23.5123367198839,"KWT":7.57575757575758,"LAO":6.73743500866551,"LBN":62.5610948191593,"LBR":11.781146179402,"LBY":7.87023881241688,"LCA":32.6229508196721,"LIE":56.25,"LKA":37.5857120076543,"LSO":77.7009222661397,"MAR":59.6683844947345,"MDG":61.0018227465007,"MDV":23.3333333333333,"MEX":50.1818462409013,"MLI":26.0844622558782,"MLT":43.75,"MMR":15.8108149462925,"MNG":90.9134534257383,"MOZ":44.0753834024263,"MRT":38.2749587658873,"MUS":55.6650246305419,"MWI":42.0025456088248,"MYS":12.8487901384873,"NAM":46.949434585626,"NCL":14.4420131291028,"NER":23.5099076340096,"NGA":61.2031577676032,"NIC":30.164533820841,"NLD":62.1771327014218,"NOR":2.4668440823121,"NPL":27.9300699300699,"NRU":20,"NZL":51.1849151190612,"OMN":3.37964458804523,"PAK":46.362598588626,"PAN":24.0112994350282,"PER":14.860165703125,"PHL":29.7193064824441,"PNG":1.5545643245153,"POL":62.8717881746058,"PRI":55.6933483652762,"PRK":19.1454198156299,"PRT":43.1803278688525,"PRY":29.441228290964,"PYF":11.2796448087432,"QAT":4.47889750215332,"ROU":64.8128852999913,"RWA":64.2075395216863,"SAU":40.3034856188567,"SEN":46.9848854723939,"SGP":13.4328358208955,"SLB":1.96498749553412,"SLE":37.1848157384317,"SLV":59.0215827338129,"SMR":16.6666666666667,"SOM":70.0895845952753,"STP":38.5416666666667,"SUR":0.355123348980151,"SWE":9.16925111890641,"SWZ":86.1627906976744,"SYC":10.8695652173913,"SYR":78.9911851126347,"TCA":1.05263157894737,"TCD":38.0438234360114,"TGO":52.9509100937672,"THA":33.0462526179804,"TLS":16.8123739071957,"TON":47.2222222222222,"TTO":21.6374269005848,"TUN":59.8094747682801,"TUR":49.8005535127269,"TUV":66.6666666666667,"TZA":32.7387672160759,"UGA":51.3688003603423,"URY":87.5385670209119,"USA":46.9658127123604,"VCT":25.6410256410256,"VEN":22.9510798707556,"VGB":53.3333333333333,"VIR":42.8571428571429,"VNM":19.9913975851793,"VUT":9.84413453650533,"WBG":80.7308970099668,"WSM":22.6148409893993,"YEM":44.4097202492566,"ZAF":77.94640133873,"ZMB":27.17550679993,"ZWE":28.9287142303218}}