{"schemaVersion":1,"dataKind":"ranking-year","indicatorId":"AG.LND.AGRI.ZS","year":1975,"valuesByCountry":{"ABW":11.1111111111111,"AFG":58.3387761985803,"AGO":36.1698885056549,"ALB":39.4160583941606,"AND":51.063829787234,"ARE":3.02731624894396,"ARG":46.5463753658617,"ASM":9.65,"ATG":20.4545454545455,"AUS":65.0257084466892,"AUT":38.6512360639845,"BDI":80.2180685358256,"BEN":16.6088151826889,"BFA":33.0043859649123,"BGD":76.853345624952,"BGR":53.828075567206,"BHR":14.4927536231884,"BHS":0.999000999000999,"BLZ":3.72643577378343,"BMU":5.55555555555556,"BOL":29.8901504661682,"BRA":24.8690498125181,"BRB":44.1860465116279,"BRN":3.41555977229602,"BTN":8.38987222567044,"BWA":45.8807545039084,"CAF":7.87034896786414,"CAN":7.04147747108668,"CHE":41.5857113944546,"CHL":22.25862504909,"CHN":42.6820759992544,"CIV":52.8345094339623,"CMR":17.7593027437541,"COD":11.2701528417988,"COG":30.9169516837482,"COL":40.6624605678233,"COM":51.0478237506717,"CPV":16.1290322580645,"CRI":41.5589502546024,"CUB":54.096834264432,"CYM":11.25,"CYP":19.512987012987,"DEU":53.8252226964168,"DJI":56.1259706643658,"DMA":25.3333333333333,"DNK":73.425,"DOM":50.8176361001863,"DZA":18.3701831434162,"ECU":19.4516688339835,"EGY":2.83791250188357,"ESP":63.8892780657687,"FIN":8.58137167996323,"FJI":13.4099616858238,"FRA":60.0371091938028,"FRO":69.1489971346705,"G001":36.8217628946864,"GAB":7.37912834245353,"GBR":76.8114743934196,"GHA":51.8590137997715,"GIN":56.4106299853492,"GMB":56.1264822134387,"GNB":18.1248221906117,"GNQ":4.48663101604278,"GRC":70.7370054305663,"GRD":58.8235294117647,"GRL":0.687737781679836,"GTM":26.9503546099291,"GUM":31.4814814814815,"GUY":7.000254000508,"HKG":9.9009900990099,"HND":28.018589686299,"HTI":57.4383164005805,"HUN":75.2473046571079,"IDN":19.2796506345325,"IMN":58.2456140350877,"IND":60.4381152903111,"IRL":70.191609812745,"IRN":37.107983987819,"IRQ":21.2291652376706,"ISL":19.4513715710723,"ISR":24.9537892791128,"ITA":59.5593485430621,"JAM":46.814404432133,"JOR":12.6359927470535,"JPN":17.2523874488404,"KEN":44.9309484485364,"KHM":14.1627011103558,"KIR":46.9135802469136,"KNA":42.8571428571429,"KOR":23.5538046858802,"KWT":7.57575757575758,"LAO":6.79376083188908,"LBN":62.0723362658847,"LBR":11.781146179402,"LBY":7.9878831967446,"LCA":32.7868852459016,"LIE":56.25,"LKA":37.6176048477117,"LSO":78.2608695652174,"MAR":60.3114496975129,"MDG":61.4901812429068,"MDV":23.3333333333333,"MEX":50.1818462409013,"MLI":26.1254394807366,"MLT":40.625,"MMR":15.8322367414389,"MNG":90.9134534257383,"MOZ":44.1008163991963,"MRT":38.2710779082177,"MUS":55.6650246305419,"MWI":41.4722104369962,"MYS":13.2525947344392,"NAM":46.949434585626,"NCL":14.4420131291028,"NER":23.5099076340096,"NGA":61.3645596583111,"NIC":30.164533820841,"NLD":61.821682464455,"NOR":2.4586303950236,"NPL":28.034965034965,"NRU":20,"NZL":52.9546921879154,"OMN":3.38287560581583,"PAK":46.7452781237028,"PAN":24.2937853107345,"PER":15.03829546875,"PHL":30.8280511117819,"PNG":1.60314445965641,"POL":62.7640471448627,"PRI":55.5806087936866,"PRK":19.2824516236193,"PRT":43.2349726775956,"PRY":29.9496602063932,"PYF":11.2054371584699,"QAT":4.47889750215332,"ROU":64.8866892419901,"RWA":65.342521280908,"SAU":40.3239536863455,"SEN":46.9848854723939,"SGP":11.9402985074627,"SLB":1.96498749553412,"SLE":37.2540870047104,"SLV":59.2565947242206,"SMR":16.6666666666667,"SOM":70.0975547549973,"STP":38.5416666666667,"SUR":0.361353583172785,"SWE":9.14715653789699,"SWZ":76.3372093023256,"SYC":10.8695652173913,"SYR":76.7602568288171,"TCA":1.05263157894737,"TCD":38.1194409148666,"TGO":52.9509100937672,"THA":33.7058858071209,"TLS":17.1486213853396,"TON":47.2222222222222,"TTO":20.6627680311891,"TUN":60.2471678681771,"TUR":49.3250003248314,"TUV":66.6666666666667,"TZA":32.7387672160759,"UGA":52.0844802562434,"URY":87.3100217118044,"USA":46.9658127123604,"VCT":25.6410256410256,"VEN":23.0123008899722,"VGB":53.3333333333333,"VIR":42.8571428571429,"VNM":20.0067590402163,"VUT":10.3363412633306,"WBG":80.7308970099668,"WSM":22.9681978798587,"YEM":44.4343428603898,"ZAF":77.7394917112498,"ZMB":27.2225884125425,"ZWE":29.1672322605661}}