{"schemaVersion":1,"dataKind":"ranking-year","indicatorId":"AG.LND.AGRI.ZS","year":1976,"valuesByCountry":{"ABW":11.1111111111111,"AFG":58.3383162381369,"AGO":35.9910162829871,"ALB":39.2335766423358,"AND":48.936170212766,"ARE":3.04139678963672,"ARG":46.5463753658617,"ASM":9.65,"ATG":20.4545454545455,"AUS":65.1812608203273,"AUT":38.5785264178381,"BDI":81.5809968847352,"BEN":16.8438275984392,"BFA":33.0226608187134,"BGD":76.807252055005,"BGR":56.0245864593691,"BHR":14.4927536231884,"BHS":1.0989010989011,"BLZ":3.72643577378343,"BMU":5.55555555555556,"BOL":29.9233822579156,"BRA":25.4578171698488,"BRB":44.1860465116279,"BRN":3.2258064516129,"BTN":8.51828863728785,"BWA":45.8807545039084,"CAF":7.88821470994253,"CAN":7.04459940728943,"CHE":41.555353167375,"CHL":23.132830866728,"CHN":43.309811019093,"CIV":53.1435125786163,"CMR":18.0025808635316,"COD":11.2922079354227,"COG":30.930972181552,"COL":40.6759801712483,"COM":51.0478237506717,"CPV":16.1290322580645,"CRI":43.1844888366628,"CUB":55.8379888268156,"CYM":11.25,"CYP":19.2532467532468,"DEU":53.7278377681666,"DJI":56.1259706643658,"DMA":25.3333333333333,"DNK":73.325,"DOM":51.9561167460153,"DZA":18.4827059208814,"ECU":20.0657419448057,"EGY":2.74247827615651,"ESP":63.0862541785936,"FIN":8.57513378640139,"FJI":14.2309797482211,"FRA":59.4136747379163,"FRO":69.1489971346705,"G001":36.8255459276398,"GAB":7.51496099662359,"GBR":76.7494729880544,"GHA":51.8590137997715,"GIN":56.4545010581149,"GMB":56.0276679841897,"GNB":18.1248221906117,"GNQ":4.41532976827094,"GRC":70.7137315748642,"GRD":58.8235294117647,"GRL":0.687737781679836,"GTM":27.3422918999627,"GUM":31.4814814814815,"GUY":5.37795580391161,"HKG":9.9009900990099,"HND":28.3313969076772,"HTI":57.510885341074,"HUN":75.1195108393552,"IDN":19.2708001898905,"IMN":59.1228070175439,"IND":60.4229800315486,"IRL":70.4311220786761,"IRN":36.8071416292149,"IRQ":21.2291652376706,"ISL":19.3516209476309,"ISR":24.4916820702403,"ITA":59.6001496038897,"JAM":46.814404432133,"JOR":12.6586582048957,"JPN":17.1159618008186,"KEN":44.9414906701339,"KHM":14.4459551325629,"KIR":46.9135802469136,"KNA":42.8571428571429,"KOR":23.533070702882,"KWT":7.57575757575758,"LAO":6.84575389948007,"LBN":61.58357771261,"LBR":11.781146179402,"LBY":8.10325425963604,"LCA":32.7868852459016,"LIE":56.25,"LKA":38.2076223887737,"LSO":77.7009222661397,"MAR":60.8335200537755,"MDG":61.498779103759,"MDV":23.3333333333333,"MEX":50.1818462409013,"MLI":26.2885288356731,"MLT":40.625,"MMR":15.8551886648101,"MNG":81.1353603811995,"MOZ":44.1008163991963,"MRT":38.2739885514699,"MUS":56.1576354679803,"MWI":41.4934238438693,"MYS":13.5127682240146,"NAM":46.9518638632803,"NCL":14.4967177242888,"NER":23.5099076340096,"NGA":61.525961549019,"NIC":30.164533820841,"NLD":61.6084123222749,"NOR":2.45315460349794,"NPL":28.1468531468531,"NRU":20,"NZL":54.5117921841176,"OMN":3.38610662358643,"PAK":46.3262764632628,"PAN":24.5762711864407,"PER":15.21642515625,"PHL":32.4445785961029,"PNG":1.64510003091463,"POL":62.6824251526331,"PRI":55.5806087936866,"PRK":19.3239764139191,"PRT":43.2896174863388,"PRY":30.4580921218223,"PYF":11.1312295081967,"QAT":4.47889750215332,"ROU":64.9257619171659,"RWA":66.4369679773004,"SAU":40.3546557875787,"SEN":46.979691476653,"SGP":11.9402985074627,"SLB":1.96498749553412,"SLE":37.3233582709892,"SLV":58.996138996139,"SMR":16.6666666666667,"SOM":70.1055249147193,"STP":38.5416666666667,"SUR":0.36758381736542,"SWE":9.16925111890641,"SWZ":79.7093023255814,"SYC":10.8695652173913,"SYR":77.3370334095114,"TCA":1.05263157894737,"TCD":38.1988564167725,"TGO":52.9509100937672,"THA":34.3479026796375,"TLS":17.350369872226,"TON":45.8333333333333,"TTO":20.6627680311891,"TUN":60.6848609680741,"TUR":49.2483401114821,"TUV":66.6666666666667,"TZA":32.7387672160759,"UGA":52.740103097943,"URY":87.0757627699691,"USA":46.9658127123604,"VCT":25.6410256410256,"VEN":23.2073011734029,"VGB":53.3333333333333,"VIR":42.8571428571429,"VNM":20.6519401517712,"VUT":10.3363412633306,"WBG":81.2292358803987,"WSM":24.3816254416961,"YEM":44.4343428603898,"ZAF":77.5449472009497,"ZMB":27.2602537026325,"ZWE":29.3744779630348}}