{"schemaVersion":1,"dataKind":"ranking-year","indicatorId":"AG.LND.AGRI.ZS","year":1977,"valuesByCountry":{"ABW":11.1111111111111,"AFG":58.3383162381369,"AGO":35.9733696959974,"ALB":40.4744525547445,"AND":48.936170212766,"ARE":3.05547733032948,"ARG":46.5463753658617,"ASM":9.65,"ATG":20.4545454545455,"AUS":63.9795373781289,"AUT":38.5070285991275,"BDI":83.4501557632399,"BEN":17.1386661936857,"BFA":33.0226608187134,"BGD":76.7534762234002,"BGR":56.0968995751604,"BHR":14.4927536231884,"BHS":1.0989010989011,"BLZ":3.77027619465147,"BMU":5.55555555555556,"BOL":30.4190898181482,"BRA":26.0465845271795,"BRB":44.1860465116279,"BRN":2.84629981024668,"BTN":8.56109410782698,"BWA":45.8807545039084,"CAF":7.90635333397541,"CAN":7.00288547658325,"CHE":41.5249949402955,"CHL":22.9983376640145,"CHN":43.9375460495833,"CIV":53.8837012578616,"CMR":18.2860527596201,"COD":11.305440991597,"COG":30.928093704246,"COL":40.8427219468229,"COM":51.0478237506717,"CPV":16.1290322580645,"CRI":44.7904426165296,"CUB":56.219739292365,"CYM":11.25,"CYP":19.0584415584416,"DEU":53.5874889009824,"DJI":56.1259706643658,"DMA":25.3333333333333,"DNK":73.175,"DOM":52.5771061891948,"DZA":18.4033521711018,"ECU":21.0771564802774,"EGY":2.64704405042945,"ESP":63.2381791247948,"FIN":8.52818542959388,"FJI":14.7783251231527,"FRA":59.207718712311,"FRO":69.1489971346705,"G001":36.8771354969942,"GAB":7.6042224550782,"GBR":76.4270656801554,"GHA":51.8590137997715,"GIN":56.4335422432036,"GMB":56.7193675889328,"GNB":18.1603840682788,"GNQ":4.37967914438503,"GRC":70.6904577191621,"GRD":58.8235294117647,"GRL":0.687737781679836,"GTM":27.9301978350131,"GUM":31.4814814814815,"GUY":5.12078028956058,"HKG":9,"HND":29.0016980963446,"HTI":57.510885341074,"HUN":74.7999110715874,"IDN":19.3831132111925,"IMN":59.8245614035088,"IND":60.4034723646992,"IRL":70.8491798519379,"IRN":36.649352881947,"IRQ":21.2291652376706,"ISL":19.2618453865337,"ISR":24.5378927911275,"ITA":59.5049471286253,"JAM":46.814404432133,"JOR":12.6699909338169,"JPN":17.0305676855895,"KEN":44.9450047439997,"KHM":14.4459551325629,"KIR":46.9135802469136,"KNA":42.8571428571429,"KOR":23.5019697283848,"KWT":7.57575757575758,"LAO":6.88908145580589,"LBN":61.0948191593353,"LBR":11.8330564784053,"LBY":8.22089864396376,"LCA":32.7868852459016,"LIE":56.25,"LKA":38.7976399298358,"LSO":75.4940711462451,"MAR":61.6177459108223,"MDG":61.7825085118822,"MDV":23.3333333333333,"MEX":50.2075670670542,"MLI":26.2868897466788,"MLT":43.75,"MMR":15.8460078954616,"MNG":81.4087153053843,"MOZ":44.1008163991963,"MRT":38.2749587658873,"MUS":56.1576354679803,"MWI":41.525243954179,"MYS":13.9118551209862,"NAM":46.9518638632803,"NCL":14.4967177242888,"NER":23.5099076340096,"NGA":61.3942049035432,"NIC":30.9955127139771,"NLD":61.1907582938389,"NOR":2.46136829078643,"NPL":28.2517482517483,"NRU":20,"NZL":54.2182218677604,"OMN":3.38933764135703,"PAK":46.5870174346202,"PAN":24.8722087705139,"PER":15.394554921875,"PHL":33.8397558439816,"PNG":1.6738064744071,"POL":62.5518299650658,"PRI":55.3551296505073,"PRK":19.3638402126069,"PRT":43.344262295082,"PRY":30.941354140448,"PYF":11.0569945355191,"QAT":4.47889750215332,"ROU":64.9474689589303,"RWA":67.4908796108634,"SAU":40.3797756885877,"SEN":45.9356983327274,"SGP":11.9402985074627,"SLB":2.00071454090747,"SLE":37.3926295372679,"SLV":59.1843629343629,"SMR":16.6666666666667,"SOM":70.1134950744413,"STP":38.5416666666667,"SUR":0.380044285750688,"SWE":9.13733672411503,"SWZ":80.9883720930233,"SYC":10.8695652173913,"SYR":76.3956904995103,"TCA":1.05263157894737,"TCD":38.1988564167725,"TGO":52.9509100937672,"THA":35.1641253498796,"TLS":17.6193678547411,"TON":45.8333333333333,"TTO":20.6627680311891,"TUN":60.9745108135942,"TUR":49.4120551433806,"TUV":66.6666666666667,"TZA":32.7387672160759,"UGA":52.740103097943,"URY":86.8529310935893,"USA":46.9847013198005,"VCT":28.2051282051282,"VEN":23.4499178051131,"VGB":53.3333333333333,"VIR":42.8571428571429,"VNM":20.9284463424376,"VUT":10.4183757178015,"WBG":81.5614617940199,"WSM":25.0883392226148,"YEM":44.4343428603898,"ZAF":77.5358794483509,"ZMB":27.2723604030186,"ZWE":29.6713147214683}}