{"schemaVersion":1,"dataKind":"ranking-year","indicatorId":"AG.LND.AGRI.ZS","year":1978,"valuesByCountry":{"ABW":11.1111111111111,"AFG":58.3383162381369,"AGO":35.9549209914173,"ALB":40.6569343065693,"AND":48.936170212766,"ARE":3.06955787102225,"ARG":46.5463753658617,"ASM":9.65,"ATG":20.4545454545455,"AUS":64.5770146961196,"AUT":38.5458070770722,"BDI":82.5545171339564,"BEN":17.3262681802057,"BFA":33.0226608187134,"BGD":76.7227471767688,"BGR":56.1420952725301,"BHR":14.4927536231884,"BHS":1.0989010989011,"BLZ":4.07715914072775,"BMU":5.55555555555556,"BOL":30.4523216098957,"BRA":26.6353518845102,"BRB":44.1860465116279,"BRN":2.84629981024668,"BTN":8.56109410782698,"BWA":45.8807545039084,"CAF":7.92434749109121,"CAN":6.96105889294514,"CHE":41.6135397692775,"CHL":22.8638444613009,"CHN":44.5738023593321,"CIV":54.2558616352201,"CMR":18.34317023122,"COD":11.3142630290466,"COG":30.7993674963397,"COL":40.794051374493,"COM":53.7345513164965,"CPV":16.1290322580645,"CRI":46.2201331766549,"CUB":55.3817504655494,"CYM":11.25,"CYP":18.8636363636364,"DEU":53.4442757712027,"DJI":56.1259706643658,"DMA":25.3333333333333,"DNK":73.025,"DOM":53.0945973918443,"DZA":18.4079706433112,"ECU":21.6912295910996,"EGY":2.5516098247024,"ESP":63.0152343202611,"FIN":8.48714665616074,"FJI":15.3256704980843,"FRA":59.302347156508,"FRO":69.1489971346705,"G001":37.0503003827322,"GAB":7.68960298055653,"GBR":76.3774645558633,"GHA":52.2984969675661,"GIN":56.4190664170601,"GMB":57.4110671936759,"GNB":18.1603840682788,"GNQ":4.30837789661319,"GRC":71.1792086889061,"GRD":55.8823529411765,"GRL":0.687737781679836,"GTM":28.0421799178798,"GUM":31.4814814814815,"GUY":4.86360477520955,"HKG":8,"HND":29.1089462865314,"HTI":57.8737300435414,"HUN":74.4470379015227,"IDN":19.5392988954332,"IMN":60.5263157894737,"IND":60.7401477873933,"IRL":70.91450137901,"IRN":36.1422186203001,"IRQ":21.4669501794819,"ISL":19.1620947630923,"ISR":24.630314232902,"ITA":59.8041549080276,"JAM":46.814404432133,"JOR":12.7153218495014,"JPN":16.943231441048,"KEN":44.7310872544541,"KHM":14.72920915477,"KIR":46.9135802469136,"KNA":42.8571428571429,"KOR":23.4605017623886,"KWT":7.57575757575758,"LAO":6.92374350086655,"LBN":60.5083088954057,"LBR":11.8330564784053,"LBY":8.33911135865056,"LCA":32.7868852459016,"LIE":56.25,"LKA":39.3717110508691,"LSO":75.5270092226614,"MAR":62.5543356486668,"MDG":61.9045981359838,"MDV":23.3333333333333,"MEX":50.5146737313203,"MLI":26.2868897466788,"MLT":43.75,"MMR":15.8628393059338,"MNG":81.3712340155434,"MOZ":44.1008163991963,"MRT":38.2710779082177,"MUS":56.1576354679803,"MWI":42.0873992363174,"MYS":14.3965910820271,"NAM":46.9530785021074,"NCL":14.4967177242888,"NER":23.5099076340096,"NGA":61.5127858844714,"NIC":31.0370616586339,"NLD":60.7316350710901,"NOR":2.46410618654927,"NPL":28.3566433566434,"NRU":20,"NZL":55.0601952071703,"OMN":3.39579967689822,"PAK":47.2408156911582,"PAN":24.8856604788808,"PER":15.5726846875,"PHL":34.007445417044,"PNG":1.72901117343108,"POL":62.395115739985,"PRI":55.8060879368658,"PRK":19.3887550867868,"PRT":43.3989071038251,"PRY":31.4497860558772,"PYF":10.9827868852459,"QAT":4.47889750215332,"ROU":64.9691760006946,"RWA":68.0989055533036,"SAU":40.4039652228926,"SEN":45.9305043369864,"SGP":11.9402985074627,"SLB":2.03644158628081,"SLE":37.5311720698254,"SLV":60.9169884169884,"SMR":16.6666666666667,"SOM":70.1214652341633,"STP":38.5416666666667,"SUR":0.386274519943322,"SWE":9.15206644478797,"SWZ":80.9883720930233,"SYC":10.8695652173913,"SYR":76.2270105560997,"TCA":1.05263157894737,"TCD":38.2385641677255,"TGO":54.7894833609119,"THA":35.9686038090391,"TLS":18.2246133154001,"TON":45.8333333333333,"TTO":20.6627680311891,"TUN":60.2278578784758,"TUR":49.4328443537804,"TUV":66.6666666666667,"TZA":33.8676902235268,"UGA":53.100445423152,"URY":86.6243857844818,"USA":46.7479932219379,"VCT":28.2051282051282,"VEN":23.5134062694859,"VGB":53.3333333333333,"VIR":42.8571428571429,"VNM":21.0021813266153,"VUT":10.4183757178015,"WBG":81.8936877076412,"WSM":25.0883392226148,"YEM":44.4381309544103,"ZAF":77.543298518659,"ZMB":27.1122829201361,"ZWE":29.8586167765284}}