{"schemaVersion":1,"dataKind":"ranking-year","indicatorId":"AG.LND.AGRI.ZS","year":1979,"valuesByCountry":{"ABW":11.1111111111111,"AFG":58.3367830366588,"AGO":35.9292532285233,"ALB":40.7664233576642,"AND":48.936170212766,"ARE":3.08363841171501,"ARG":46.5463753658617,"ASM":9.65,"ATG":20.4545454545455,"AUS":64.2044700154902,"AUT":38.0865244789142,"BDI":81.7757009345794,"BEN":17.5,"BFA":33.0226608187134,"BGD":76.6920181301375,"BGR":56.0968995751604,"BHR":14.4927536231884,"BHS":1.0989010989011,"BLZ":4.12099956159579,"BMU":5.55555555555556,"BOL":30.947106064802,"BRA":27.2241192418409,"BRB":44.1860465116279,"BRN":2.84629981024668,"BTN":8.66810778417482,"BWA":45.8842835212535,"CAF":7.94464669812835,"CAN":6.91923230930703,"CHE":41.9626317175542,"CHL":22.7293512585874,"CHN":45.0603147551461,"CIV":54.3718333333333,"CMR":18.8529965517971,"COD":11.3142630290466,"COG":30.800439238653,"COL":40.808472284813,"COM":53.7345513164965,"CPV":16.1290322580645,"CRI":47.8456717587152,"CUB":54.5810055865922,"CYM":11.25,"CYP":18.6688311688312,"DEU":53.258098702489,"DJI":56.1259706643658,"DMA":25.3333333333333,"DNK":73,"DOM":53.6120885944939,"DZA":18.3983138377825,"ECU":22.3594856234648,"EGY":2.45818474056959,"ESP":62.7677463266205,"FIN":8.42936406316688,"FJI":15.5993431855501,"FRA":59.0667037758605,"FRO":69.1489971346705,"G001":37.1378315310971,"GAB":7.6973648465091,"GBR":76.2699954532303,"GHA":52.2984969675661,"GIN":56.5054777795865,"GMB":56.3241106719368,"GNB":18.1959459459459,"GNQ":4.27272727272727,"GRC":71.2257564003103,"GRD":55.8823529411765,"GRL":0.687737781679836,"GTM":28.1448301605076,"GUM":33.3333333333333,"GUY":4.60642926085852,"HKG":8,"HND":29.1089462865314,"HTI":57.8737300435414,"HUN":73.9657473309609,"IDN":19.7914339495576,"IMN":61.2280701754386,"IND":60.73611171839,"IRL":71.0727246334737,"IRN":36.7813551413345,"IRQ":21.581269863045,"ISL":19.0623441396509,"ISR":24.630314232902,"ITA":59.8687565876713,"JAM":45.8910433979686,"JOR":12.7493200362647,"JPN":16.8558951965066,"KEN":44.7455843904839,"KHM":14.72920915477,"KIR":46.9135802469136,"KNA":42.8571428571429,"KOR":23.3464648558988,"KWT":7.57575757575758,"LAO":6.95407279029463,"LBN":59.9217986314761,"LBR":11.8330564784053,"LBY":8.45391409118292,"LCA":33.1147540983607,"LIE":56.25,"LKA":37.6176048477117,"LSO":76.0540184453228,"MAR":62.7470311449698,"MDG":61.9389895793926,"MDV":23.3333333333333,"MEX":50.4117904267085,"MLI":26.2909874691646,"MLT":43.75,"MMR":15.8781405881813,"MNG":80.5931741367763,"MOZ":44.1008163991963,"MRT":38.2739885514699,"MUS":56.1576354679803,"MWI":42.1086126431905,"MYS":14.7286866534774,"NAM":46.9530785021074,"NCL":14.4967177242888,"NER":23.6504302518355,"NGA":61.850961274526,"NIC":31.0786106032907,"NLD":60.3317535545024,"NOR":2.61195255774222,"NPL":28.4615384615385,"NRU":20,"NZL":54.8516957198739,"OMN":3.39579967689822,"PAK":47.1370381901204,"PAN":24.9125638956147,"PER":15.750814375,"PHL":34.8593084482007,"PNG":1.75109305304067,"POL":62.1894283195664,"PRI":54.7914317925592,"PRK":19.4086869861307,"PRT":43.4535519125683,"PRY":31.9330480745029,"PYF":10.9085519125683,"QAT":4.56503014642549,"ROU":64.9778588174004,"RWA":68.7880016214025,"SAU":40.4286199405496,"SEN":45.9253103412455,"SGP":11.9402985074627,"SLB":2.10789567702751,"SLE":37.6697146023829,"SLV":63.0791505791506,"SMR":16.6666666666667,"SOM":70.1294353938853,"STP":38.5416666666667,"SUR":0.398734988328591,"SWE":9.11033223621464,"SWZ":77.9069767441861,"SYC":10.8695652173913,"SYR":75.960387419741,"TCA":1.05263157894737,"TCD":38.2385641677255,"TGO":55.7087699944843,"THA":36.6067059445282,"TLS":18.560860793544,"TON":45.8333333333333,"TTO":20.6627680311891,"TUN":59.8159114315139,"TUR":50.5333731793199,"TUV":66.6666666666667,"TZA":33.8676902235268,"UGA":53.100445423152,"URY":86.3958404753742,"USA":46.7479932219379,"VCT":30.7692307692308,"VEN":23.6948018819795,"VGB":53.3333333333333,"VIR":42.8571428571429,"VNM":21.0451934007189,"VUT":10.5004101722724,"WBG":81.8936877076412,"WSM":25.9717314487633,"YEM":44.4400250014205,"ZAF":77.5342307660602,"ZMB":26.6078370707166,"ZWE":30.1003125242342}}