{"schemaVersion":1,"dataKind":"ranking-year","indicatorId":"AG.LND.AGRI.ZS","year":1980,"valuesByCountry":{"ABW":11.1111111111111,"AFG":58.3367830366588,"AGO":35.906793935991,"ALB":40.8029197080292,"AND":48.936170212766,"ARE":3.13996057448606,"ARG":46.5463753658617,"ASM":9.65,"ATG":20.4545454545455,"AUS":64.5168764562696,"AUT":38.0634997576345,"BDI":81.3084112149533,"BEN":17.7749201844626,"BFA":33.0409356725146,"BGD":76.7227471767688,"BGR":55.8709210883124,"BHR":14.4927536231884,"BHS":1.0989010989011,"BLZ":4.20868040333187,"BMU":5.55555555555556,"BOL":30.9812609618758,"BRA":27.819252608834,"BRB":44.1860465116279,"BRN":2.84629981024668,"BTN":8.83932966633136,"BWA":45.8842835212535,"CAF":7.96365372885165,"CAN":6.87740572566892,"CHE":41.8267279655724,"CHL":22.6621046572306,"CHN":45.5467206348361,"CIV":54.4679182389937,"CMR":18.891074866197,"COD":11.3363181226704,"COG":30.8109077598829,"COL":40.8219918882379,"COM":53.7345513164965,"CPV":16.1290322580645,"CRI":49.2753623188406,"CUB":55.2793296089385,"CYM":11.25,"CYP":18.5606060606061,"DEU":53.0432790078194,"DJI":56.1259706643658,"DMA":25.3333333333333,"DNK":72.625,"DOM":54.2330780376734,"DZA":18.4025124488819,"ECU":23.3997977170929,"EGY":2.45617559897534,"ESP":62.5422948325225,"FIN":8.32594635411537,"FJI":15.8730158730159,"FRA":58.858892290565,"FRO":69.1489971346705,"G001":37.2711667300881,"GAB":7.70512671246168,"GBR":76.3402637126441,"GHA":52.2984969675661,"GIN":56.5079684193391,"GMB":55.6324110671937,"GNB":18.3026315789474,"GNQ":4.20142602495544,"GRC":71.2179984484096,"GRD":47.0588235294118,"GRL":0.687737781679836,"GTM":28.4621127286301,"GUM":33.3333333333333,"GUY":4.34925374650749,"HKG":9,"HND":29.1089462865314,"HTI":58.055152394775,"HUN":73.707040373707,"IDN":20.0194400989197,"IMN":62.1052631578947,"IND":60.632519280638,"IRL":71.5851357236174,"IRN":35.4337041675876,"IRQ":21.581269863045,"ISL":18.9526184538653,"ISR":24.630314232902,"ITA":59.7123525211655,"JAM":45.8910433979686,"JOR":12.771985494107,"JPN":16.7949767949768,"KEN":44.7600817022174,"KHM":15.0124631769771,"KIR":46.9135802469136,"KNA":57.6923076923077,"KOR":23.2946298984035,"KWT":7.57575757575758,"LAO":6.95840554592721,"LBN":58.7487781036168,"LBR":11.8330564784053,"LBY":8.5704218147925,"LCA":33.6065573770492,"LIE":56.25,"LKA":37.4581406474247,"LSO":75.6258234519104,"MAR":64.8218686981851,"MDG":61.9733810228015,"MDV":23.3333333333333,"MEX":50.5054142339052,"MLI":26.2909874691646,"MLT":40.625,"MMR":15.8903816139793,"MNG":80.5117492657425,"MOZ":44.1008163991963,"MRT":38.2885417677307,"MUS":56.1576354679803,"MWI":40.6236741620704,"MYS":14.9657586364328,"NAM":46.9542931409345,"NCL":14.4967177242888,"NER":24.2519933685956,"NGA":62.080437432063,"NIC":31.1201595479475,"NLD":60.3436018957346,"NOR":2.56267043401124,"NPL":28.5664335664336,"NRU":20,"NZL":55.4137708404542,"OMN":3.39579967689822,"PAK":48.5367372353674,"PAN":24.9529190207156,"PER":15.928944140625,"PHL":35.6340342757487,"PNG":1.75992580488451,"POL":62.0555682523099,"PRI":53.5512965050733,"PRK":20.2408437837389,"PRT":43.4863387978142,"PRY":32.441479989932,"PYF":10.8343442622951,"QAT":4.73729543496985,"ROU":64.9648345923418,"RWA":69.5176327523308,"SAU":40.4532746582065,"SEN":45.9201163455046,"SGP":11.9402985074627,"SLB":2.10789567702751,"SLE":37.7389858686617,"SLV":63.3156370656371,"SMR":16.6666666666667,"SOM":70.1374055536073,"STP":38.5416666666667,"SUR":0.429886159291762,"SWE":9.09314756209621,"SWZ":75.0581395348837,"SYC":10.8695652173913,"SYR":76.5153988464468,"TCA":1.05263157894737,"TCD":38.2385641677255,"TGO":55.8006986578415,"THA":37.0686449137779,"TLS":18.7626092804304,"TON":47.2222222222222,"TTO":19.6881091617934,"TUN":58.322605561277,"TUR":50.1266842508738,"TUV":66.6666666666667,"TZA":33.8676902235268,"UGA":53.4507782393274,"URY":86.1672951662667,"USA":46.7479932219379,"VCT":30.7692307692308,"VEN":23.8308485913497,"VGB":53.3333333333333,"VIR":45.7142857142857,"VNM":21.0697717287782,"VUT":10.5004101722724,"WBG":82.0598006644518,"WSM":26.1484098939929,"YEM":44.4400250014205,"ZAF":77.5334064249149,"ZMB":26.6966195402144,"ZWE":30.3501243375986}}