{"schemaVersion":1,"dataKind":"ranking-year","indicatorId":"AG.LND.AGRI.ZS","year":1981,"valuesByCountry":{"ABW":11.1111111111111,"AFG":58.3429158425709,"AGO":35.8771155851448,"ALB":40.7299270072993,"AND":48.936170212766,"ARE":3.19628273725711,"ARG":46.5463753658617,"ASM":9.65,"ATG":20.4545454545455,"AUS":64.5073740936959,"AUT":38.2380029083859,"BDI":80.8021806853583,"BEN":18.0454061724016,"BFA":33.0592105263158,"BGD":76.6766536068218,"BGR":55.8528428093645,"BHR":14.4927536231884,"BHS":1.0989010989011,"BLZ":4.25252082419991,"BMU":5.55555555555556,"BOL":31.4769685221084,"BRA":28.0461681666017,"BRB":44.1860465116279,"BRN":2.84629981024668,"BTN":8.83932966633136,"BWA":45.8842835212535,"CAF":7.93765449934187,"CAN":6.83613682981265,"CHE":41.7162158846064,"CHL":22.5276114545171,"CHN":46.1117886720102,"CIV":54.8984150943396,"CMR":18.9545387235303,"COD":11.3583732162943,"COG":30.8226939970717,"COL":40.8364127985579,"COM":53.7345513164965,"CPV":16.1290322580645,"CRI":50.9009009009009,"CUB":55.2886405959032,"CYM":11.25,"CYP":19.0367965367965,"DEU":52.8771517772749,"DJI":56.1259706643658,"DMA":25.3333333333333,"DNK":72.425,"DOM":54.3365762782033,"DZA":16.4463795376489,"ECU":24.4148244473342,"EGY":2.47928072730926,"ESP":62.4794778360629,"FIN":8.2625824879346,"FJI":16.4203612479475,"FRA":58.7939512014101,"FRO":69.1489971346705,"G001":37.3312433504175,"GAB":7.71288857841425,"GBR":75.7243830860166,"GHA":52.2984969675661,"GIN":56.5005209181182,"GMB":57.8063241106719,"GNB":18.5515647226174,"GNQ":4.16577540106952,"GRC":71.4197051978278,"GRD":47.0588235294118,"GRL":0.687737781679836,"GTM":28.6207540126913,"GUM":37.037037037037,"GUY":4.09207823215646,"HKG":9,"HND":29.171507730807,"HTI":58.055152394775,"HUN":73.4260289210234,"IDN":20.2260801956314,"IMN":62.8070175438596,"IND":60.6759070224237,"IRL":71.2599796777471,"IRN":35.7818217539723,"IRQ":21.581269863045,"ISL":18.9526184538653,"ISR":24.8613678373383,"ITA":59.6749515487403,"JAM":45.8910433979686,"JOR":12.6654578422484,"JPN":16.7057860262009,"KEN":44.7745790139509,"KHM":15.0124631769771,"KIR":46.9135802469136,"KNA":57.6923076923077,"KOR":23.2738959154053,"KWT":7.63187429854097,"LAO":6.97140381282496,"LBN":58.455522971652,"LBR":11.8330564784053,"LBY":8.63009650249497,"LCA":34.0983606557377,"LIE":56.25,"LKA":37.4581406474247,"LSO":75.8234519104084,"MAR":65.1803719471208,"MDG":62.0335660487671,"MDV":23.3333333333333,"MEX":50.520846729597,"MLI":26.2934461026561,"MLT":40.625,"MMR":15.9454662300701,"MNG":80.4678056845497,"MOZ":44.1643988911213,"MRT":38.3079460560784,"MUS":56.1576354679803,"MWI":41.6843445057276,"MYS":15.3547100897885,"NAM":46.9542931409345,"NCL":14.4967177242888,"NER":23.9046340885766,"NGA":62.1990184129912,"NIC":31.8015622403191,"NLD":60.1451421800948,"NOR":2.56267043401124,"NPL":28.6923076923077,"NRU":20,"NZL":57.679161444685,"OMN":3.39579967689822,"PAK":47.3536737235367,"PAN":25.3161151466236,"PER":16.10707390625,"PHL":35.7849548915048,"PNG":1.77317493265027,"POL":61.7388749224591,"PRI":52.6493799323563,"PRK":20.3396727846524,"PRT":43.5191256830601,"PRY":32.9650138434432,"PYF":10.7601092896175,"QAT":4.82342807924203,"ROU":64.8953720586958,"RWA":71.3417105796514,"SAU":40.4769990091595,"SEN":45.9149223497637,"SGP":10.4477611940298,"SLB":2.10789567702751,"SLE":37.8082571349404,"SLV":61.1389961389961,"SMR":16.6666666666667,"SOM":70.1453757133293,"STP":38.5416666666667,"SUR":0.454807096062299,"SWE":9.02195391217699,"SWZ":74.6511627906977,"SYC":10.8695652173913,"SYR":76.803787136794,"TCA":1.05263157894737,"TCD":38.2385641677255,"TGO":55.8006986578415,"THA":37.8574644248273,"TLS":18.9643577673167,"TON":47.2222222222222,"TTO":18.5185185185185,"TUN":58.7538619979403,"TUR":50.1708613229734,"TUV":66.6666666666667,"TZA":34.9966132309776,"UGA":53.8511586006706,"URY":86.0073134498914,"USA":46.7479932219379,"VCT":30.7692307692308,"VEN":23.8535230429114,"VGB":53.3333333333333,"VIR":45.7142857142857,"VNM":21.1250729669114,"VUT":10.746513535685,"WBG":82.7242524916943,"WSM":27.208480565371,"YEM":44.443813095441,"ZAF":77.5243386723161,"ZMB":26.8405547559155,"ZWE":30.7641320925423}}