{"schemaVersion":1,"dataKind":"ranking-year","indicatorId":"AG.LND.AGRI.ZS","year":1982,"valuesByCountry":{"ABW":11.1111111111111,"AFG":58.3444490440489,"AGO":35.8586668805647,"ALB":40.6569343065693,"AND":48.936170212766,"ARE":3.19628273725711,"ARG":46.5467407707851,"ASM":9.65,"ATG":20.4545454545455,"AUS":63.8834723975893,"AUT":38.0841008240427,"BDI":80.2180685358256,"BEN":18.4045760908123,"BFA":33.0592105263158,"BGD":76.6536068218484,"BGR":55.8799602277863,"BHR":14.4927536231884,"BHS":1.0989010989011,"BLZ":4.25252082419991,"BMU":5.55555555555556,"BOL":31.5111234191821,"BRA":28.2731086102889,"BRB":44.1860465116279,"BRN":2.65654648956357,"BTN":8.94634334267919,"BWA":45.8878125385986,"CAF":7.96598606696844,"CAN":6.82743690041592,"CHE":41.5935506116946,"CHL":22.3258716504468,"CHN":47.1353021063563,"CIV":55.3093993710692,"CMR":19.0603118190857,"COD":11.3671952537439,"COG":30.8963396778917,"COL":40.8499324019829,"COM":53.7345513164965,"CPV":16.1290322580645,"CRI":52.4676850763807,"CUB":56.6387337057728,"CYM":11.25,"CYP":19.6969696969697,"DEU":52.6909747085613,"DJI":56.1259706643658,"DMA":25.3333333333333,"DNK":72.175,"DOM":54.4400745187332,"DZA":16.4195084266125,"ECU":25.1408755960121,"EGY":2.45641669596665,"ESP":62.4494454010331,"FIN":8.16737253356972,"FJI":16.967706622879,"FRA":58.7178773541145,"FRO":69.1489971346705,"G001":37.4644346180808,"GAB":7.72065044436683,"GBR":75.5631794320671,"GHA":53.1423046497319,"GIN":56.490456617288,"GMB":59.8814229249012,"GNB":19.0138691322902,"GNQ":4.09447415329768,"GRC":71.4197051978278,"GRD":47.0588235294118,"GRL":0.687737781679836,"GTM":28.9660321015304,"GUM":37.037037037037,"GUY":3.83490271780544,"HKG":9.09090909090909,"HND":29.2161944767182,"HTI":58.055152394775,"HUN":73.2228279007676,"IDN":20.4440273906059,"IMN":63.6842105263158,"IND":60.8003524833596,"IRL":71.0582087385687,"IRN":36.1422186203001,"IRQ":21.6064201934289,"ISL":18.9526184538653,"ISR":24.9537892791128,"ITA":59.6239502227058,"JAM":44.9676823638042,"JOR":12.7391205802357,"JPN":16.6411796832332,"KEN":44.7890761499807,"KHM":15.1824155903014,"KIR":46.9135802469136,"KNA":53.8461538461538,"KOR":23.2531619324072,"KWT":7.63187429854097,"LAO":7.00606585788562,"LBN":58.455522971652,"LBR":11.874584717608,"LBY":8.69090785091558,"LCA":34.4262295081967,"LIE":56.25,"LKA":36.6129803859034,"LSO":75.4940711462451,"MAR":65.3753080887296,"MDG":62.0765553530282,"MDV":26.6666666666667,"MEX":50.5748604645181,"MLI":26.2934461026561,"MLT":40.625,"MMR":15.976068794565,"MNG":80.4716830593608,"MOZ":44.2661308782014,"MRT":38.3273503444261,"MUS":56.1576354679803,"MWI":42.7450148493848,"MYS":15.5464617257647,"NAM":46.9542931409345,"NCL":14.8796498905908,"NER":23.9677903213073,"NGA":62.3186973659651,"NIC":31.8181818181818,"NLD":60.053317535545,"NOR":2.57909780858823,"NPL":28.7174825174825,"NRU":20,"NZL":55.523907181649,"OMN":3.39579967689822,"PAK":49.954597343296,"PAN":25.7465698143664,"PER":16.28520359375,"PHL":36.0197202937921,"PNG":1.75550942896259,"POL":61.6768422083646,"PRI":52.6493799323563,"PRK":20.4169088946101,"PRT":43.551912568306,"PRY":33.256984646363,"PYF":10.6859016393443,"QAT":4.90956072351421,"ROU":64.9604931839889,"RWA":71.9497365220916,"SAU":40.5025840935205,"SEN":45.9097283540227,"SGP":8.95522388059701,"SLB":2.21507681314755,"SLE":38.0160709337767,"SLV":59.4932432432432,"SMR":16.6666666666667,"SOM":70.1533458730513,"STP":34.375,"SUR":0.467267564447567,"SWE":8.98512961049463,"SWZ":74.7674418604651,"SYC":13.0434782608696,"SYR":76.7929045597998,"TCA":1.05263157894737,"TCD":38.2385641677255,"TGO":55.8006986578415,"THA":38.7147918338586,"TLS":19.0988567585743,"TON":47.2222222222222,"TTO":17.1539961013645,"TUN":59.3202883625129,"TUR":48.3232202486909,"TUV":66.6666666666667,"TZA":34.9966132309776,"UGA":54.2515389620139,"URY":85.8244772026054,"USA":47.1013084455004,"VCT":28.2051282051282,"VEN":23.9895697522816,"VGB":60,"VIR":42.8571428571429,"VNM":21.1496512949707,"VUT":10.8285479901559,"WBG":83.0564784053156,"WSM":27.208480565371,"YEM":44.443813095441,"ZAF":77.5152709197174,"ZMB":26.956241004049,"ZWE":31.0990283055448}}