{"schemaVersion":1,"dataKind":"ranking-year","indicatorId":"AG.LND.AGRI.ZS","year":1983,"valuesByCountry":{"ABW":11.1111111111111,"AFG":58.3444490440489,"AGO":35.8370097056228,"ALB":40.5109489051095,"AND":48.936170212766,"ARE":3.26668544072092,"ARG":46.5471061757086,"ASM":9.65,"ATG":20.4545454545455,"AUS":62.9744998242714,"AUT":36.6686863790596,"BDI":80.2180685358256,"BEN":18.3912291592763,"BFA":33.077485380117,"BGD":76.5460551586387,"BGR":55.8347645304167,"BHR":14.4927536231884,"BHS":1.0989010989011,"BLZ":4.25252082419991,"BMU":5.55555555555556,"BOL":31.5452783162559,"BRA":28.5000490539761,"BRB":44.1860465116279,"BRN":2.65654648956357,"BTN":9.203176165914,"BWA":45.8878125385986,"CAF":7.93714083919227,"CAN":6.8187369710192,"CHE":41.4712496309644,"CHL":22.25862504909,"CHN":48.2441349559289,"CIV":55.2955974842767,"CMR":19.1660849146411,"COD":11.3804283099182,"COG":30.9090775988287,"COL":40.8643533123028,"COM":53.7345513164965,"CPV":16.1290322580645,"CRI":52.5264394829612,"CUB":57.5325884543762,"CYM":11.25,"CYP":19.8051948051948,"DEU":52.501933377252,"DJI":56.1259706643658,"DMA":25.3333333333333,"DNK":71.15,"DOM":54.4400745187332,"DZA":16.4929841208528,"ECU":25.6285218899003,"EGY":2.44586870259682,"ESP":61.6522836033078,"FIN":8.04491283364523,"FJI":17.5150519978106,"FRA":58.5675851192133,"FRO":69.1489971346705,"G001":37.5407082171489,"GAB":7.7284123103194,"GBR":75.2945066754846,"GHA":53.1071459963083,"GIN":56.5341364154322,"GMB":58.00395256917,"GNB":19.3694879089616,"GNQ":4.05882352941176,"GRC":71.233514352211,"GRD":47.0588235294118,"GRL":0.687737781679836,"GTM":29.1060097051138,"GUM":37.037037037037,"GUY":3.57772720345441,"HKG":9.09090909090909,"HND":29.2251318259004,"HTI":58.055152394775,"HUN":73.1085892300845,"IDN":20.5471147126526,"IMN":64.2105263157895,"IND":60.696423706524,"IRL":70.7867615038467,"IRN":36.352808271323,"IRQ":21.6064201934289,"ISL":18.9526184538653,"ISR":25.554528650647,"ITA":58.6855258236714,"JAM":44.0443213296399,"JOR":12.8966455122393,"JPN":16.5729109776079,"KEN":44.8035734617142,"KHM":15.2390663947428,"KIR":46.9135802469136,"KNA":53.8461538461538,"KOR":23.1805929919137,"KWT":7.63187429854097,"LAO":7.01906412478336,"LBN":58.455522971652,"LBR":11.9264950166113,"LBY":8.75512918149062,"LCA":34.7540983606557,"LIE":56.25,"LKA":36.8043374262478,"LSO":75.3293807641634,"MAR":65.590410038091,"MDG":62.1367403789937,"MDV":26.6666666666667,"MEX":51.966357159392,"MLI":26.2934461026561,"MLT":40.625,"MMR":15.9714784098908,"MNG":80.7631323993309,"MOZ":44.2661308782014,"MRT":38.3467546327738,"MUS":56.1576354679803,"MWI":41.7904115400933,"MYS":15.8436767615279,"NAM":46.9603663350703,"NCL":15.3172866520788,"NER":24.4809347122444,"NGA":62.4372783468933,"NIC":31.8264916071132,"NLD":59.5023696682464,"NOR":2.58731149587673,"NPL":28.7426573426573,"NRU":20,"NZL":55.4156697428886,"OMN":3.40872374798061,"PAK":47.2304379410544,"PAN":26.1097659402744,"PER":16.463333359375,"PHL":36.153871952242,"PNG":1.74888486507972,"POL":61.6376636520944,"PRI":52.5366403607666,"PRK":20.5140769039116,"PRT":43.5846994535519,"PRY":33.5640573873647,"PYF":10.6116666666667,"QAT":4.99569336778639,"ROU":65.0386385343405,"RWA":72.5577624645318,"SAU":40.5965511306281,"SEN":45.9045343582818,"SGP":8.95522388059701,"SLB":2.21507681314755,"SLE":38.0853422000554,"SLV":59.054054054054,"SMR":16.6666666666667,"SOM":70.1613160327733,"STP":35.4166666666667,"SUR":0.467267564447567,"SWE":8.92621072780286,"SWZ":74.8837209302326,"SYC":13.0434782608696,"SYR":76.1290673631516,"TCA":1.05263157894737,"TCD":38.2385641677255,"TGO":55.8006986578415,"THA":38.9477186869972,"TLS":19.2333557498319,"TON":45.8333333333333,"TTO":14.4249512670565,"TUN":59.9961380020597,"TUR":47.7086392162468,"TUV":66.6666666666667,"TZA":34.9966132309776,"UGA":56.5537260397378,"URY":85.6587818535024,"USA":47.1013084455004,"VCT":30.7692307692308,"VEN":24.1256164616518,"VGB":60,"VIR":40,"VNM":21.2049525331039,"VUT":11.0746513535685,"WBG":83.3887043189369,"WSM":27.4204946996466,"YEM":44.443813095441,"ZAF":77.5152709197174,"ZMB":27.0867243304322,"ZWE":31.6554240661755}}