{"schemaVersion":1,"dataKind":"ranking-year","indicatorId":"AG.LND.AGRI.ZS","year":1984,"valuesByCountry":{"ABW":11.1111111111111,"AFG":58.3444490440489,"AGO":35.8145504130906,"ALB":40.6204379562044,"AND":48.936170212766,"ARE":3.26668544072092,"ARG":46.5467407707851,"ASM":9.65,"ATG":20.4545454545455,"AUS":63.3349387553207,"AUT":36.7571497818711,"BDI":80.2180685358256,"BEN":18.5597286271728,"BFA":33.5556670321637,"BGD":77.2835522777906,"BGR":55.7895688330471,"BHR":14.4927536231884,"BHS":1.0989010989011,"BLZ":4.25252082419991,"BMU":5.55555555555556,"BOL":32.0474476137727,"BRA":28.7269894976634,"BRB":44.1860465116279,"BRN":2.46679316888046,"BTN":9.50281445968795,"BWA":45.8878125385986,"CAF":7.94535940158593,"CAN":6.81003704162247,"CHE":41.3485006750776,"CHL":22.1913784477332,"CHN":49.4806806380316,"CIV":56.2924528301887,"CMR":19.2718580101965,"COD":11.402483403542,"COG":30.9156661786237,"COL":40.8796755295178,"COM":59.1080064481462,"CPV":16.1290322580645,"CRI":53.8190364277321,"CUB":57.1880819366853,"CYM":11.25,"CYP":19.6969696969697,"DEU":52.3701772978547,"DJI":56.1259706643658,"DMA":25.3333333333333,"DNK":71.375,"DOM":54.4400745187332,"DZA":16.6306985649147,"ECU":26.206473053027,"EGY":2.46949620774524,"ESP":61.3246836456832,"FIN":7.96382021734134,"FJI":18.0623973727422,"FRA":58.4618239168754,"FRO":69.1489971346705,"G001":37.8082260973124,"GAB":7.73617417627198,"GBR":75.2366386971438,"GHA":53.9509536784741,"GIN":56.5701448803516,"GMB":56.6205533596838,"GNB":20.3296586059744,"GNQ":3.84491978609626,"GRC":71.4429790535299,"GRD":47.0588235294118,"GRL":0.687737781679836,"GTM":35.321015304218,"GUM":37.037037037037,"GUY":3.59296723393447,"HKG":9.09090909090909,"HND":29.2876932701761,"HTI":58.055152394775,"HUN":72.919448153093,"IDN":20.4529772517761,"IMN":64.9122807017544,"IND":61.0293993992984,"IRL":71.0320801277399,"IRN":36.5554163903829,"IRQ":21.6064201934289,"ISL":18.9526184538653,"ISR":26.0628465804067,"ITA":58.6311244092346,"JAM":44.0443213296399,"JOR":11.9004986400725,"JPN":16.569783383603,"KEN":44.6862930034789,"KHM":15.2447314751869,"KIR":48.1481481481481,"KNA":50,"KOR":23.1080240514203,"KWT":7.68799102132435,"LAO":7.06239168110919,"LBN":58.455522971652,"LBR":11.936877076412,"LBY":8.76081248508133,"LCA":35.2459016393443,"LIE":56.25,"LKA":36.8521766863339,"LSO":75.7905138339921,"MAR":65.8391216670401,"MDG":62.1797296832548,"MDV":26.6666666666667,"MEX":51.9720157411456,"MLI":26.2934461026561,"MLT":40.625,"MMR":15.9469963582948,"MNG":80.5246738484463,"MOZ":44.3932958620514,"MRT":38.3574269913651,"MUS":56.1576354679803,"MWI":42.3207467119219,"MYS":15.876183229341,"NAM":46.9603663350703,"NCL":15.8643326039387,"NER":24.2993605431436,"NGA":62.7743557649022,"NIC":32.2669104204753,"NLD":59.6830568720379,"NOR":2.61195255774222,"NPL":28.7678321678322,"NRU":20,"NZL":54.9656298659375,"OMN":3.421647819063,"PAK":48.645703611457,"PAN":26.4460586494485,"PER":16.641463046875,"PHL":36.2880236106919,"PNG":1.7820076844941,"POL":61.8335564334454,"PRI":52.3111612175874,"PRK":20.6212108628851,"PRT":43.6174863387978,"PRY":33.8711301283665,"PYF":10.5374590163934,"QAT":5.08182601205857,"ROU":65.0863940262221,"RWA":73.2873935954601,"SAU":42.9936409435779,"SEN":45.8993403625409,"SGP":8.95522388059701,"SLB":2.28653090389425,"SLE":38.2931559988917,"SLV":59.2905405405405,"SMR":16.6666666666667,"SOM":70.1692861924953,"STP":30.2083333333333,"SUR":0.479728032832836,"SWE":8.8648368916656,"SWZ":73.7790697674419,"SYC":13.0434782608696,"SYR":76.0311241702035,"TCA":1.05263157894737,"TCD":38.2385641677255,"TGO":56.7199852914139,"THA":39.247196069604,"TLS":19.4351042367182,"TON":45.8333333333333,"TTO":14.4249512670565,"TUN":60.1313079299691,"TUR":48.8715356729857,"TUV":66.6666666666667,"TZA":34.9966132309776,"UGA":57.5546769430959,"URY":85.4873728716718,"USA":47.1013084455004,"VCT":30.7692307692308,"VEN":24.2503259452412,"VGB":60,"VIR":40,"VNM":21.2295308611632,"VUT":11.0746513535685,"WBG":83.5548172757475,"WSM":27.5618374558304,"YEM":44.443813095441,"ZAF":77.5152709197174,"ZMB":27.2024105785658,"ZWE":31.8490624272974}}