{"schemaVersion":1,"dataKind":"ranking-year","indicatorId":"AG.LND.AGRI.ZS","year":1985,"valuesByCountry":{"ABW":11.1111111111111,"AFG":58.3444490440489,"AGO":35.7969038261009,"ALB":40.5839416058394,"AND":48.936170212766,"ARE":3.30892706279921,"ARG":46.5467407707851,"ASM":9.65,"ATG":20.4545454545455,"AUS":63.3652682139463,"AUT":36.8092583616093,"BDI":80.2180685358256,"BEN":18.8529177013125,"BFA":34.0155738304094,"BGD":77.0300376430821,"BGR":55.7624514146253,"BHR":14.4927536231884,"BHS":1.0989010989011,"BLZ":4.42788250767207,"BMU":5.55555555555556,"BOL":32.0197544539832,"BRA":28.9536555980158,"BRB":44.1860465116279,"BRN":2.46679316888046,"BTN":9.50281445968795,"BWA":45.8913415559437,"CAF":7.94438184211371,"CAN":6.80133711222574,"CHE":41.2117118450388,"CHL":22.1537203509735,"CHN":50.7386360610337,"CIV":57.2657672955975,"CMR":19.3776311057519,"COD":11.4245384971659,"COG":30.9336749633968,"COL":40.8968003605228,"COM":59.1080064481462,"CPV":16.1290322580645,"CRI":52.5068546807677,"CUB":57.9329608938547,"CYM":11.25,"CYP":17.6190476190476,"DEU":52.2556067940309,"DJI":56.1259706643658,"DMA":25.3333333333333,"DNK":70.85,"DOM":54.4400745187332,"DZA":16.3959962044556,"ECU":26.8024851900014,"EGY":2.50841328042594,"ESP":61.4928720166587,"FIN":7.90702255490988,"FJI":18.8834154351396,"FRA":58.3393635773263,"FRO":69.1489971346705,"G001":38.0615193301458,"GAB":7.74393604222455,"GBR":75.096102178316,"GHA":54.3552781928452,"GIN":56.6249023278528,"GMB":56.6205533596838,"GNB":20.6141536273115,"GNQ":3.84491978609626,"GRC":71.2490302560124,"GRD":41.1764705882353,"GRL":0.688615744805385,"GTM":35.321015304218,"GUM":37.037037037037,"GUY":3.59296723393447,"HKG":9.09090909090909,"HND":29.2966306193583,"HTI":58.055152394775,"HUN":72.7525589675122,"IDN":21.6820216718095,"IMN":65.6140350877193,"IND":60.991729421934,"IRL":70.8898243576716,"IRN":37.0650065080184,"IRQ":21.6407160984978,"ISL":18.9526184538653,"ISR":26.5711645101664,"ITA":58.1245112372922,"JAM":44.0443213296399,"JOR":12.6677243880326,"JPN":16.5002742731761,"KEN":46.1925144955547,"KHM":16.9385905279855,"KIR":48.1481481481481,"KNA":50,"KOR":23.0147211279287,"KWT":7.68799102132435,"LAO":7.0840554592721,"LBN":58.5532746823069,"LBR":11.9576411960133,"LBY":8.76763244939018,"LCA":35.7377049180328,"LIE":56.25,"LKA":36.9159623664487,"LSO":76.0210803689065,"MAR":65.870490701322,"MDG":62.2399147092203,"MDV":26.6666666666667,"MEX":52.0772139201111,"MLI":26.3098369925995,"MLT":40.625,"MMR":15.957707255868,"MNG":80.5117492657425,"MOZ":44.4568783539764,"MRT":38.3768312797128,"MUS":56.1576354679803,"MWI":42.4798472634705,"MYS":16.4837924212449,"NAM":46.9603663350703,"NCL":15.2078774617068,"NER":24.2993605431436,"NGA":63.1136291270024,"NIC":32.0342363303972,"NLD":59.8281990521327,"NOR":2.62016624503072,"NPL":28.786013986014,"NRU":20,"NZL":54.6618054764346,"OMN":3.4281098546042,"PAK":48.1501660440017,"PAN":26.8361581920904,"PER":16.8195928125,"PHL":36.5898648422041,"PNG":1.82837963167425,"POL":61.7519344412158,"PRI":51.9729425028185,"PRK":20.7374802757246,"PRT":43.6502732240437,"PRY":34.1630606594513,"PYF":10.4632240437158,"QAT":5.08182601205857,"ROU":65.2079534601025,"RWA":73.7332792865829,"SAU":45.4135247407766,"SEN":45.8941463668,"SGP":7.46268656716418,"SLB":2.28653090389425,"SLE":38.9858686616791,"SLV":60.0048262548263,"SMR":16.6666666666667,"SOM":70.1772563522173,"STP":31.25,"SUR":0.504648969603373,"SWE":8.57760733854324,"SWZ":74.6511627906977,"SYC":13.0434782608696,"SYR":75.9114158232669,"TCA":1.05263157894737,"TCD":38.2425349428208,"TGO":56.8119139547711,"THA":40.2767719078471,"TLS":19.6368527236046,"TON":45.8333333333333,"TTO":13.8401559454191,"TUN":59.783728115345,"TUR":49.5432870340293,"TUV":66.6666666666667,"TZA":36.1255362384285,"UGA":58.055152394775,"URY":85.3216775225688,"USA":47.1013084455004,"VCT":30.7692307692308,"VEN":24.5337565897625,"VGB":60,"VIR":34.2857142857143,"VNM":20.7379642999785,"VUT":11.2387202625103,"WBG":83.3887043189369,"WSM":27.5618374558304,"YEM":44.4532833304923,"ZAF":77.5152709197174,"ZMB":27.3463457942668,"ZWE":32.0817585627504}}