{"schemaVersion":1,"dataKind":"ranking-year","indicatorId":"AG.LND.AGRI.ZS","year":1986,"valuesByCountry":{"ABW":11.1111111111111,"AFG":58.3444490440489,"AGO":35.7303280660945,"ALB":40.5474452554745,"AND":48.936170212766,"ARE":3.3511686848775,"ARG":46.5467407707851,"ASM":9.65,"ATG":20.4545454545455,"AUS":60.9896775705192,"AUT":36.6795928259816,"BDI":81.0747663551402,"BEN":19.3861298332742,"BFA":34.4937551169591,"BGD":77.1375893062918,"BGR":55.7353339962036,"BHR":14.4927536231884,"BHS":1.0989010989011,"BLZ":4.51556334940815,"BMU":5.55555555555556,"BOL":32.4960768023631,"BRA":28.7838203236605,"BRB":44.1860465116279,"BRN":2.46679316888046,"BTN":9.50281445968795,"BWA":45.8913415559437,"CAF":7.95085556518668,"CAN":6.79251359921656,"CHE":41.1040945939621,"CHL":22.1053027979966,"CHN":51.389343061806,"CIV":57.6022075471698,"CMR":19.5257134395295,"COD":11.4465935907898,"COG":30.9282254758419,"COL":40.9148264984227,"COM":59.1080064481462,"CPV":16.1290322580645,"CRI":51.1555033294164,"CUB":60.0651769087523,"CYM":11.25,"CYP":17.6623376623377,"DEU":52.1524933405895,"DJI":56.1259706643658,"DMA":25.3333333333333,"DNK":70.475,"DOM":54.5849720554751,"DZA":16.2435866215456,"ECU":27.3804363531282,"EGY":2.57873323622482,"ESP":61.2886432804741,"FIN":7.85777602679011,"FJI":19.1570881226054,"FRA":58.2521569718898,"FRO":69.1489971346705,"G001":38.0275973265946,"GAB":7.75169790817713,"GBR":74.9390319513909,"GHA":54.3201195394216,"GIN":56.5025231971349,"GMB":57.3122529644269,"GNB":19.4406116642959,"GNQ":3.84491978609626,"GRC":71.2179984484096,"GRD":41.1764705882353,"GRL":0.689493707930934,"GTM":35.321015304218,"GUM":37.037037037037,"GUY":3.60312725425451,"HKG":9.09090909090909,"HND":29.3591920636339,"HTI":58.055152394775,"HUN":72.5745438362261,"IDN":22.7934885210066,"IMN":66.4912280701754,"IND":60.9419512375597,"IRL":70.3280592248512,"IRN":37.2676146270783,"IRQ":21.6811852664792,"ISL":18.9526184538653,"ISR":26.7560073937153,"ITA":57.9443065519703,"JAM":44.0443213296399,"JOR":12.7583862194016,"JPN":16.4107485604607,"KEN":46.2403955090136,"KHM":18.6381146612282,"KIR":48.1481481481481,"KNA":46.1538461538462,"KOR":22.9836201534315,"KWT":7.74410774410774,"LAO":7.09705372616984,"LBN":58.6510263929619,"LBR":12.0510797342193,"LBY":8.77217909226275,"LCA":34.7540983606557,"LIE":50,"LKA":37.0913729867645,"LSO":75.4611330698287,"MAR":66.0923145866009,"MDG":62.2829040134814,"MDV":26.6666666666667,"MEX":52.1829265155997,"MLI":26.312295626091,"MLT":40.625,"MMR":15.9668880252165,"MNG":80.4755604341719,"MOZ":44.5204608459015,"MRT":38.3962355680605,"MUS":56.1576354679803,"MWI":43.5405176071277,"MYS":17.4095267082636,"NAM":46.9603663350703,"NCL":14.6061269146608,"NER":24.6940869977106,"NGA":63.3420073124938,"NIC":32.0508559082599,"NLD":59.7748815165877,"NOR":2.65302099418471,"NPL":28.8951048951049,"NRU":20,"NZL":54.6466142569595,"OMN":3.44749596122779,"PAK":46.1433686176837,"PAN":27.1724509012645,"PER":16.9977225,"PHL":36.8246302444914,"PNG":1.89020889458111,"POL":61.6376636520944,"PRI":52.1984216459977,"PRK":20.7399717631426,"PRT":43.6830601092896,"PRY":34.5047722124339,"PYF":10.3890163934426,"QAT":5.16795865633075,"ROU":65.2860988104541,"RWA":74.1791649777057,"SAU":47.8115449204304,"SEN":45.8837583753181,"SGP":5.97014925373134,"SLB":2.35798499464094,"SLE":39.0551399279579,"SLV":60.7239382239382,"SMR":16.6666666666667,"SOM":70.1852265119393,"STP":31.25,"SUR":0.523339672181275,"SWE":8.53341817652441,"SWZ":77.2674418604651,"SYC":13.0434782608696,"SYR":75.7427358798564,"TCA":1.05263157894737,"TCD":38.2822426937738,"TGO":56.8119139547711,"THA":40.6643308735736,"TLS":19.8386012104909,"TON":45.8333333333333,"TTO":13.8401559454191,"TUN":59.1786817713697,"TUR":50.001948988475,"TUV":66.6666666666667,"TZA":36.1255362384285,"UGA":59.1411841249187,"URY":85.1045594789167,"USA":47.1013084455004,"VCT":33.3333333333333,"VEN":24.7718383311604,"VGB":60,"VIR":34.2857142857143,"VNM":20.6611570247934,"VUT":11.5668580803938,"WBG":83.3887043189369,"WSM":27.7031802120141,"YEM":44.4532833304923,"ZAF":77.817804120057,"ZMB":27.4741387427864,"ZWE":32.4761380379992}}