{"schemaVersion":1,"dataKind":"ranking-year","indicatorId":"AG.LND.AGRI.ZS","year":1987,"valuesByCountry":{"ABW":11.1111111111111,"AFG":58.3306502307468,"AGO":35.7126814791048,"ALB":40.5474452554745,"AND":48.936170212766,"ARE":3.3511686848775,"ARG":46.5467407707851,"ASM":9.65,"ATG":20.4545454545455,"AUS":61.3123673899744,"AUT":36.6941347552109,"BDI":81.2694704049844,"BEN":19.474813763746,"BFA":34.9719367690059,"BGD":77.7060766689713,"BGR":55.7353339962036,"BHR":14.4927536231884,"BHS":1.0989010989011,"BLZ":4.91012713722052,"BMU":5.55555555555556,"BOL":32.5182313301948,"BRA":28.6139499936589,"BRB":44.1860465116279,"BRN":2.46679316888046,"BTN":9.95227190034887,"BWA":45.8948705732889,"CAF":7.9577915823943,"CAN":6.80657937737505,"CHE":40.9824324047415,"CHL":21.7381363545886,"CHN":51.9549436795995,"CIV":57.9163836477987,"CMR":19.4834042013074,"COD":11.4465935907898,"COG":30.8513382137628,"COL":40.9202343397927,"COM":60.7200429876411,"CPV":16.1290322580645,"CRI":49.725812769291,"CUB":62.6256983240224,"CYM":11.25,"CYP":17.5757575757576,"DEU":51.9147595451551,"DJI":56.1259706643658,"DMA":25.3333333333333,"DNK":69.95,"DOM":54.5849720554751,"DZA":16.2817939825506,"ECU":27.8897558156336,"EGY":2.55864182028228,"ESP":61.2706230978696,"FIN":7.90570931416002,"FJI":19.9781061850027,"FRA":58.174227664904,"FRO":69.1489971346705,"G001":38.1826301675809,"GAB":7.7594597741297,"GBR":74.8811639730501,"GHA":54.7244440537927,"GIN":56.5045580335341,"GMB":57.8063241106719,"GNB":19.2628022759602,"GNQ":3.84491978609626,"GRC":71.1947245927075,"GRD":38.2352941176471,"GRL":0.690371671056482,"GTM":35.321015304218,"GUM":37.037037037037,"GUY":3.60312725425451,"HKG":9.09090909090909,"HND":29.3591920636339,"HTI":58.055152394775,"HUN":72.4410324877615,"IDN":24.0040406939837,"IMN":67.1929824561403,"IND":61.0600062559069,"IRL":69.9230657570039,"IRN":37.4702227461382,"IRQ":21.6434597709034,"ISL":18.9526184538653,"ISR":26.6635859519408,"ITA":57.8423038999014,"JAM":44.0443213296399,"JOR":13.1006346328196,"JPN":16.3411958310477,"KEN":46.3638291105879,"KHM":20.9607976433265,"KIR":48.1481481481481,"KNA":46.1538461538462,"KOR":23.0043541364296,"KWT":7.74410774410774,"LAO":7.10571923743501,"LBN":59.0420332355816,"LBR":12.1133720930233,"LBY":8.77502074405811,"LCA":34.4262295081967,"LIE":50,"LKA":37.2189443469941,"LSO":76.7457180500659,"MAR":66.4709836432893,"MDG":62.3172954568903,"MDV":26.6666666666667,"MEX":52.7534144396718,"MLI":26.312295626091,"MLT":40.625,"MMR":15.9469963582948,"MNG":80.7069104645695,"MOZ":44.6476258297515,"MRT":38.4156398564083,"MUS":56.1576354679803,"MWI":43.5935511243106,"MYS":18.4854664434637,"NAM":46.9603663350703,"NCL":14.0043763676149,"NER":24.4825136180627,"NGA":63.4331389922813,"NIC":32.3167691540635,"NLD":59.6652843601896,"NOR":2.65575888994754,"NPL":28.9132867132867,"NRU":20,"NZL":54.2098666970491,"OMN":3.45718901453958,"PAK":47.5703092569531,"PAN":27.5087436104385,"PER":17.175852265625,"PHL":36.9587819029413,"PNG":1.90345802234686,"POL":61.6050148552026,"PRI":52.0856820744081,"PRK":20.7466157295906,"PRT":43.7267759562842,"PRY":34.7941933048075,"PYF":10.0415573770492,"QAT":5.25409130060293,"ROU":65.5248762698619,"RWA":74.6655857316579,"SAU":50.230498350925,"SEN":45.8733703838363,"SGP":4.47761194029851,"SLB":2.3222579492676,"SLE":39.1244111942366,"SLV":60.4777992277992,"SMR":16.6666666666667,"SOM":70.1931966716613,"STP":31.25,"SUR":0.548260608951812,"SWE":8.48186415416911,"SWZ":75.9883720930233,"SYC":13.0434782608696,"SYR":75.6719991293938,"TCA":1.05263157894737,"TCD":38.2822426937738,"TGO":57.1796286082,"THA":41.5745072324767,"TLS":20.1075991930061,"TON":45.8333333333333,"TTO":13.8401559454191,"TUN":59.2559217301751,"TUR":51.2285124020633,"TUV":66.6666666666667,"TZA":36.1255362384285,"UGA":59.1411841249187,"URY":84.8931550679922,"USA":46.615336239049,"VCT":29.8974358974359,"VEN":24.8965478147497,"VGB":60,"VIR":34.2857142857143,"VNM":20.6150726596823,"VUT":11.7309269893355,"WBG":83.3887043189369,"WSM":27.1024734982332,"YEM":44.4703297535845,"ZAF":78.0238894063919,"ZMB":27.6046220691696,"ZWE":32.2985200982293}}