{"schemaVersion":1,"dataKind":"ranking-year","indicatorId":"AG.LND.AGRI.ZS","year":1988,"valuesByCountry":{"ABW":11.1111111111111,"AFG":58.3229842233568,"AGO":35.6950348921152,"ALB":40.7664233576642,"AND":48.936170212766,"ARE":3.36524922557026,"ARG":46.5452791510913,"ASM":9.65,"ATG":20.4545454545455,"AUS":61.4467021595095,"AUT":36.9401357246728,"BDI":81.4641744548287,"BEN":19.5650940049663,"BFA":35.4501184210526,"BGD":80.102942306215,"BGR":55.6991774383079,"BHR":14.4927536231884,"BHS":1.0989010989011,"BLZ":5.04164839982464,"BMU":5.55555555555556,"BOL":32.5394627527001,"BRA":28.4440796636572,"BRB":44.1860465116279,"BRN":2.46679316888046,"BTN":9.84525822400103,"BWA":45.8948705732889,"CAF":7.95912228321937,"CAN":6.82063310947746,"CHE":40.8611299368997,"CHL":21.7260319663444,"CHN":52.5523926184326,"CIV":59.1586100628931,"CMR":19.4834042013074,"COD":11.4465935907898,"COG":30.8582284040996,"COL":40.813880126183,"COM":61.257388500806,"CPV":16.6253101736973,"CRI":48.2373678025852,"CUB":63.2029795158287,"CYM":11.25,"CYP":17.4675324675325,"DEU":51.8345601924784,"DJI":56.1259706643658,"DMA":24,"DNK":69.675,"DOM":54.5849720554751,"DZA":16.2977487047285,"ECU":27.9078167894813,"EGY":2.5927972273846,"ESP":61.2245715201025,"FIN":7.79145736892216,"FJI":20.7991242474001,"FRA":57.2038222469617,"FRO":69.1489971346705,"G001":38.3204157580311,"GAB":7.76722164008228,"GBR":76.1501260695242,"GHA":55.1287685681638,"GIN":56.7183989907211,"GMB":59.0909090909091,"GNB":18.9071834992888,"GNQ":3.84491978609626,"GRC":71.2102404965089,"GRD":38.2352941176471,"GRL":0.691249634182031,"GTM":39.9869354236655,"GUM":37.037037037037,"GUY":3.60312725425451,"HKG":9.09090909090909,"HND":29.3591920636339,"HTI":58.0188679245283,"HUN":72.2933125625904,"IDN":24.3639495023654,"IMN":67.8947368421053,"IND":60.907980990115,"IRL":69.6835534910727,"IRN":37.9865664677423,"IRQ":21.7447470105403,"ISL":18.9526184538653,"ISR":26.6173752310536,"ITA":57.2540886063038,"JAM":44.0443213296399,"JOR":13.2026291931097,"JPN":16.2506856829402,"KEN":46.7771736303897,"KHM":23.5100838431906,"KIR":48.1481481481481,"KNA":46.1538461538462,"KOR":22.9525191789343,"KWT":7.91245791245791,"LAO":7.14904679376083,"LBN":59.0420332355816,"LBR":12.0822259136213,"LBY":8.77502074405811,"LCA":34.4262295081967,"LIE":50,"LKA":37.2667836070802,"LSO":77.1739130434783,"MAR":66.6457539771454,"MDG":62.3688826220036,"MDV":26.6666666666667,"MEX":53.0111371177242,"MLI":26.3262278825429,"MLT":40.625,"MMR":15.8720200752823,"MNG":80.9298595162095,"MOZ":44.7112083216765,"MRT":38.435044144756,"MUS":55.6650246305419,"MWI":43.6465846414934,"MYS":19.430223710242,"NAM":46.9603663350703,"NCL":13.4573304157549,"NER":24.7098760558933,"NGA":63.6428516529969,"NIC":32.7405683895629,"NLD":59.6978672985782,"NOR":2.67218626452454,"NPL":28.9384615384615,"NRU":20,"NZL":53.8908510880711,"OMN":3.46688206785137,"PAK":45.8527916147779,"PAN":27.8450363196126,"PER":17.35398203125,"PHL":37.0929335613911,"PNG":1.95866272137084,"POL":61.4450357504326,"PRI":52.0856820744081,"PRK":20.7474462253966,"PRT":43.7704918032787,"PRY":35.0867757362195,"PYF":9.96734972677596,"QAT":5.25409130060293,"ROU":65.5943388035079,"RWA":75.1114714227807,"SAU":52.6261926138187,"SEN":45.8629823923544,"SGP":4.47761194029851,"SLB":2.39371204001429,"SLE":39.1382654474924,"SLV":61.1969111969112,"SMR":16.6666666666667,"SOM":70.1995727994389,"STP":32.2916666666667,"SUR":0.548260608951812,"SWE":8.43767499215029,"SWZ":74.7093023255814,"SYC":10.8695652173913,"SYR":74.7252149308956,"TCA":1.05263157894737,"TCD":38.3020965692503,"TGO":57.7312005883434,"THA":41.750670398716,"TLS":20.3765971755212,"TON":45.8333333333333,"TTO":14.0350877192982,"TUN":59.024201853759,"TUR":51.0154229954654,"TUV":66.6666666666667,"TZA":36.1255362384285,"UGA":59.1411841249187,"URY":84.7845960461661,"USA":46.615336239049,"VCT":28.974358974359,"VEN":24.953233943654,"VGB":60,"VIR":31.4285714285714,"VNM":20.6150726596823,"VUT":12.059064807219,"WBG":83.3887043189369,"WSM":27.208480565371,"YEM":44.4703297535845,"ZAF":78.2299746927268,"ZMB":27.733760206621,"ZWE":32.6701282150704}}