{"schemaVersion":1,"dataKind":"ranking-year","indicatorId":"AG.LND.AGRI.ZS","year":1989,"valuesByCountry":{"ABW":11.1111111111111,"AFG":58.3229842233568,"AGO":35.6765861875351,"ALB":40.5109489051095,"AND":48.936170212766,"ARE":3.36524922557026,"ARG":46.5781655942032,"ASM":9.65,"ATG":20.4545454545455,"AUS":60.8026242141026,"AUT":36.9680077556956,"BDI":81.2694704049844,"BEN":19.559772969138,"BFA":35.9100252192982,"BGD":80.2258584927403,"BGR":55.7534122751514,"BHR":14.4927536231884,"BHS":1.0989010989011,"BLZ":5.26085050416484,"BMU":5.55555555555556,"BOL":32.74254592449,"BRA":28.2742093336556,"BRB":44.1860465116279,"BRN":2.46679316888046,"BTN":9.67403634184449,"BWA":45.9036931166517,"CAF":7.97016276605991,"CAN":6.83468684157986,"CHE":40.7401871882525,"CHL":21.7462059467515,"CHN":53.2032061353287,"CIV":58.2686132075472,"CMR":19.4410949630852,"COD":11.4465935907898,"COG":30.8634026354319,"COL":40.7237494366832,"COM":61.257388500806,"CPV":16.6253101736973,"CRI":46.5726596161379,"CUB":63.0540037243948,"CYM":11.25,"CYP":17.4675324675325,"DEU":51.7171254260591,"DJI":56.1259706643658,"DMA":24,"DNK":69.35,"DOM":54.3796998551025,"DZA":16.2738166214616,"ECU":28.0053460482589,"EGY":2.58275151941333,"ESP":61.4708473490309,"FIN":7.83282445254276,"FJI":21.6201423097975,"FRA":57.0385007885704,"FRO":69.1489971346705,"G001":38.412878097901,"GAB":7.77498350603485,"GBR":75.6665151076758,"GHA":55.0936099147403,"GIN":56.6828788865375,"GMB":57.1146245059289,"GNB":20.222972972973,"GNQ":3.84491978609626,"GRC":71.4895267649341,"GRD":38.2352941176471,"GRL":0.69212759730758,"GTM":39.9869354236655,"GUM":37.037037037037,"GUY":3.61328727457455,"HKG":8.08080808080808,"HND":30.1278040933059,"HTI":57.9825834542816,"HUN":72.148659174363,"IDN":24.5284477000613,"IMN":68.5964912280702,"IND":61.0458800143953,"IRL":67.8864857018435,"IRN":37.8815786242295,"IRQ":21.106614536891,"ISL":18.9526184538653,"ISR":26.5711645101664,"ITA":57.291489578729,"JAM":44.0443213296399,"JOR":13.0303717135086,"JPN":16.121777290181,"KEN":47.4786723828935,"KHM":25.1246317697711,"KIR":48.1481481481481,"KNA":46.1538461538462,"KOR":22.7762803234501,"KWT":7.91245791245791,"LAO":7.157712305026,"LBN":59.0420332355816,"LBR":12.0822259136213,"LBY":8.77786239585346,"LCA":34.4262295081967,"LIE":50,"LKA":37.3146228671663,"LSO":75.9222661396575,"MAR":67.3627604750168,"MDG":62.4118719262648,"MDV":26.6666666666667,"MEX":53.5250392242599,"MLI":26.3262278825429,"MLT":40.625,"MMR":15.9056828962267,"MNG":81.1224357984957,"MOZ":44.7747908136016,"MRT":38.4544484331037,"MUS":55.0466502463054,"MWI":44.176919813322,"MYS":20.4586820879623,"NAM":46.9603663350703,"NCL":12.910284463895,"NER":24.7927686113523,"NGA":63.7932738232485,"NIC":33.180987202925,"NLD":59.4164691943128,"NOR":2.71325470096702,"NPL":28.9566433566434,"NRU":20,"NZL":53.5509475523148,"OMN":3.47980613893376,"PAK":46.5182648401827,"PAN":28.2485875706215,"PER":17.53211171875,"PHL":37.227085219841,"PNG":2.00061829262907,"POL":61.4025923144732,"PRI":50.7328072153326,"PRK":20.7507682086205,"PRT":43.7704918032787,"PRY":35.3965844450038,"PYF":9.89314207650273,"QAT":5.16795865633075,"ROU":64.3470678003052,"RWA":75.1520064856101,"SAU":55.0265387102326,"SEN":45.8474004051317,"SGP":2.98507462686567,"SLB":2.42943908538764,"SLE":39.1382654474924,"SLV":60.9507722007722,"SMR":16.6666666666667,"SOM":70.2011668313833,"STP":31.25,"SUR":0.548260608951812,"SWE":8.39103087668597,"SWZ":73.4883720930233,"SYC":10.8695652173913,"SYR":73.4138644030907,"TCA":1.05263157894737,"TCD":38.3179796696315,"TGO":57.7312005883434,"THA":41.7643719783124,"TLS":20.5110961667787,"TON":44.4444444444444,"TTO":14.0350877192982,"TUN":59.3395983522142,"TUR":51.8391954575575,"TUV":66.6666666666667,"TZA":36.1255362384285,"UGA":59.3663980781743,"URY":84.6874642897955,"USA":46.615336239049,"VCT":28.0512820512821,"VEN":24.726489428037,"VGB":60,"VIR":31.4285714285714,"VNM":20.6304341147193,"VUT":12.2231337161608,"WBG":83.5548172757475,"WSM":19.1519434628975,"YEM":44.474117847605,"ZAF":78.5597111508627,"ZMB":27.9261222238663,"ZWE":33.3802230838826}}