{"schemaVersion":1,"dataKind":"ranking-year","indicatorId":"AG.LND.AGRI.ZS","year":1990,"valuesByCountry":{"ABW":11.1111111111111,"AFG":58.3229842233568,"AGO":35.6589396005454,"ALB":40.9124087591241,"AND":48.936170212766,"ARE":4.01295409743734,"ARG":46.6128790619325,"ASM":9.65,"ATG":20.4545454545455,"AUS":60.4554625567864,"AUT":36.6444498303442,"BDI":81.0747663551402,"BEN":20.0540617240156,"BFA":36.3699316520468,"BGD":79.7879695782438,"BGR":55.6720600198861,"BHR":14.4927536231884,"BHS":1.0989010989011,"BLZ":5.52389302937308,"BMU":5.55555555555556,"BOL":32.7286993445952,"BRA":28.1043390036539,"BRB":44.1860465116279,"BRN":2.46679316888046,"BTN":9.71684181238362,"BWA":45.914280168687,"CAF":7.95447847442936,"CAN":6.84874057368227,"CHE":40.6035907063298,"CHL":21.3830742994249,"CHN":53.8645647484888,"CIV":59.9286037735849,"CMR":19.398785724863,"COD":11.4510046095146,"COG":30.7974729136164,"COL":40.6336187471834,"COM":61.257388500806,"CPV":16.8734491315136,"CRI":43.0591461026244,"CUB":62.7653631284916,"CYM":11.25,"CYP":17.3809523809524,"DEU":51.6483831237648,"DJI":56.0396893874029,"DMA":24,"DNK":69.7,"DOM":54.1744297246947,"DZA":16.2385482882263,"ECU":28.3412801618263,"EGY":2.6601034707921,"ESP":61.0123338138715,"FIN":7.85646278604025,"FJI":22.4411603721949,"FRA":56.7637072084609,"FRO":69.1489971346705,"G001":38.5135453680459,"GAB":7.78274537198743,"GBR":75.2407721241681,"GHA":55.4979344291114,"GIN":57.1793464105486,"GMB":57.5098814229249,"GNB":20.5785917496444,"GNQ":3.70231729055258,"GRC":71.5438324282389,"GRD":38.2352941176471,"GRL":0.693005560433128,"GTM":39.9869354236655,"GUM":37.037037037037,"GUY":3.61328727457455,"HKG":8.08080808080808,"HND":29.6719992850121,"HTI":57.9462989840348,"HUN":72.0373873372649,"IDN":24.8861484789437,"IMN":69.4736842105263,"IND":61.0162821750376,"IRL":65.864421541588,"IRN":37.7587858247992,"IRQ":21.121247456387,"ISL":18.9625935162095,"ISR":26.7560073937153,"ITA":57.2574886947061,"JAM":43.9519852262235,"JOR":11.7883046237534,"JPN":15.9956116291827,"KEN":46.9959282426117,"KHM":25.237933378654,"KIR":48.1481481481481,"KNA":46.1538461538462,"KOR":22.5896744764669,"KWT":7.91245791245791,"LAO":7.19237435008666,"LBN":59.1397849462366,"LBR":11.0440199335548,"LBY":8.78354569944417,"LCA":34.2622950819672,"LIE":43.75,"LKA":37.2986764471376,"LSO":76.4492753623188,"MAR":67.9879005153484,"MDG":62.4634590913781,"MDV":26.6666666666667,"MEX":54.0914118161475,"MLI":26.3303256050287,"MLT":40.625,"MMR":15.9561771276433,"MNG":81.2025682112591,"MOZ":44.8383733055266,"MRT":38.4748229358688,"MUS":54.4911330049261,"MWI":44.7390750954603,"MYS":20.5649064069396,"NAM":46.9603663350703,"NCL":12.691466083151,"NER":26.0890502881503,"NGA":64.4663306872207,"NIC":33.4469004487286,"NLD":59.7748815165877,"NOR":2.67218626452454,"NPL":28.9818181818182,"NRU":20,"NZL":52.8540503588926,"OMN":3.48949919224556,"PAK":45.6698837691988,"PAN":28.5714285714286,"PER":17.710241484375,"PHL":37.3612368782909,"PNG":2.04919842777017,"POL":61.3568839988246,"PRI":49.0417136414882,"PRK":20.7994767876422,"PRT":43.3114754098361,"PRY":35.8757543418072,"PYF":9.81890710382514,"QAT":5.25409130060293,"ROU":64.3950294310007,"RWA":76.1248479935144,"SAU":57.4413054905591,"SEN":46.0655482262504,"SGP":2.98507462686567,"SLB":2.42943908538764,"SLE":39.1382654474924,"SLV":61.3320463320463,"SMR":16.6666666666667,"SOM":70.2043548952721,"STP":30.2083333333333,"SUR":0.548260608951812,"SWE":8.37875610945852,"SWZ":71.9767441860465,"SYC":8.69565217391304,"SYR":73.430188268582,"TCA":1.05263157894737,"TCD":38.3576874205845,"TGO":58.0989152417724,"THA":41.8544109299458,"TLS":21.3853396099529,"TON":44.4444444444444,"TTO":15.009746588694,"TUN":59.1593717816684,"TUR":51.5533438145603,"TUV":66.6666666666667,"TZA":35.2110973131632,"UGA":59.8668735298534,"URY":85.2302593989258,"USA":46.615336239049,"VCT":27.1282051282051,"VEN":24.7831755569412,"VGB":53.3333333333333,"VIR":28.5714285714286,"VNM":20.6642293158008,"VUT":12.4692370795734,"WBG":83.2225913621262,"WSM":19.0812720848057,"YEM":44.7487546640908,"ZAF":78.8070134944646,"ZMB":27.9947268593874,"ZWE":33.7200752229546}}