{"schemaVersion":1,"dataKind":"ranking-year","indicatorId":"AG.LND.AGRI.ZS","year":1991,"valuesByCountry":{"ABW":11.1111111111111,"AFG":58.3076522085767,"AGO":35.6805967754873,"ALB":41.1313868613139,"AND":48.936170212766,"ARE":4.36496761475641,"ARG":46.6475925296617,"ASM":9.82,"ATG":20.4545454545455,"AUS":60.2400322819989,"AUT":36.8019873969947,"BDI":80.880062305296,"BEN":20.1162735012416,"BFA":36.8298384502924,"BGD":79.2809403088269,"BGR":55.6901382988339,"BHR":14.4927536231884,"BHS":1.0989010989011,"BLZ":5.69925471284524,"BMU":5.55555555555556,"BOL":33.0434782608696,"BRA":27.9344686736523,"BRB":44.1860465116279,"BRN":2.46679316888046,"BTN":10.786978575862,"BWA":45.7025391279798,"CAF":8.03492889017304,"CAN":6.86326793886403,"CHE":40.4993757802747,"CHL":21.23513177644,"CHN":54.4701089127367,"CIV":58.5856635220126,"CMR":19.3564764866409,"COD":11.4598266469641,"COG":30.8051390922401,"COL":40.4542586750789,"COM":61.794734013971,"CPV":16.8734491315136,"CRI":43.1574226400313,"CUB":62.8957169459963,"CYM":11.25,"CYP":17.2294372294372,"DEU":49.0820038381119,"DJI":57.6574633304573,"DMA":24,"DNK":69.25,"DOM":53.9691575243221,"DZA":16.2158757882892,"ECU":28.5869094061552,"EGY":2.65508061680647,"ESP":60.8101073201986,"FIN":7.96086542565416,"FJI":23.2074438970991,"FRA":56.563503107895,"FRO":69.1489971346705,"FSM":7.85714285714286,"G001":38.5555083028725,"GAB":7.80665968098731,"GBR":74.9927665027074,"GHA":55.9022589434825,"GIN":56.8966018232134,"GMB":57.5098814229249,"GNB":20.7130156472262,"GNQ":3.70231729055258,"GRC":71.0938712179985,"GRD":35.2941176470588,"GRL":0.693883523558677,"GTM":39.9869354236655,"GUM":37.037037037037,"GUY":3.61328727457455,"HKG":8.08080808080808,"HND":29.8686209670212,"HTI":57.9100145137881,"HUN":71.8816067653277,"IDN":22.9215542319645,"IMN":70.1754385964912,"IND":61.0744688365022,"IRL":64.5202496733924,"IRN":38.6778899285346,"IRQ":22.0136269062807,"ISL":18.9625935162095,"ISR":26.7097966728281,"ITA":54.5850192104995,"JAM":43.9519852262235,"JOR":11.4505893019039,"JPN":15.8639605046626,"KEN":47.1984283304635,"KHM":25.5495128030818,"KIR":48.1481481481481,"KNA":46.1538461538462,"KOR":22.4030686294837,"KWT":7.91245791245791,"LAO":7.20103986135182,"LBN":59.2375366568915,"LBR":11.3581810631229,"LBY":8.78638735123953,"LCA":32.4590163934426,"LIE":43.75,"LKA":37.3465157072237,"LSO":76.5151515151515,"MAR":68.0147882590186,"MDG":62.5064483956392,"MDV":26.6666666666667,"MEX":54.6073715887754,"MHL":47.2222222222222,"MLI":26.3426187724863,"MLT":40.625,"MMR":15.9378155889464,"MNG":81.5088808213385,"MNP":8.69565217391304,"MOZ":45.1168646201582,"MRT":38.4845250800427,"MUS":53.9356650246305,"MWI":45.8209588459907,"MYS":20.6802617562015,"NAM":46.9603663350703,"NCL":12.527352297593,"NER":26.9242914660141,"NGA":65.2579685321212,"NIC":33.7377430613262,"NLD":58.3382701421801,"NOR":2.76527472046084,"NPL":29,"NRU":20,"NZL":52.2524146443356,"OMN":3.48949919224556,"PAK":45.7529057700291,"PAN":28.7059456550982,"PER":17.64787640625,"PHL":37.4182513331321,"PLW":9.34782608695652,"PNG":2.06023936757497,"POL":61.2262888112573,"PRI":47.3506200676437,"PRK":20.9758574869197,"PRT":42.8415300546448,"PRY":36.313220236597,"PYF":9.74469945355191,"QAT":5.25409130060293,"ROU":64.4905430140329,"RWA":76.0032428050263,"SAU":57.5301555107946,"SEN":45.2345089077027,"SGP":1.7910447761194,"SLB":2.46516613076099,"SLE":39.1382654474924,"SLV":61.9546332046332,"SMR":16.6666666666667,"SOM":70.2043548952721,"STP":31.25,"SUR":0.554490843144447,"SWE":8.24373366995655,"SWZ":71.3372093023256,"SYC":8.69565217391304,"SYR":73.522690173033,"TCA":1.05263157894737,"TCD":38.3973951715375,"TGO":58.5585585585586,"THA":42.1147409422772,"TLS":22.1923335574983,"TON":44.4444444444444,"TTO":15.7894736842105,"TUN":59.2816683831102,"TUR":52.0600808180554,"TUV":66.6666666666667,"TZA":35.631056671935,"UGA":60.2172063460287,"URY":85.2531139298366,"USA":46.615336239049,"VCT":26.2051282051282,"VEN":24.779774389207,"VGB":53.3333333333333,"VIR":28.5714285714286,"VNM":20.7410365909859,"VUT":12.6333059885152,"WBG":82.890365448505,"WSM":19.0812720848057,"YEM":44.758224899142,"ZAF":79.1408716583271,"ZMB":28.0149046933642,"ZWE":34.2024172159752}}