{"schemaVersion":1,"dataKind":"ranking-year","indicatorId":"AG.LND.AGRI.ZS","year":1992,"valuesByCountry":{"ABW":11.1111111111111,"AFG":58.3076522085767,"AGO":35.7030560680196,"ALB":41.1313868613139,"AND":48.936170212766,"ARE":4.77330329484652,"ARG":46.682305997391,"ARM":41.0958904109589,"ASM":9.99,"ATG":20.4545454545455,"AUS":60.6594379287453,"AUT":36.5123606398449,"AZE":53.4289868656645,"BDI":81.0747663551402,"BEN":20.3100922312877,"BFA":37.289745248538,"BGD":73.3579165706384,"BGR":55.6268643225165,"BHR":14.0845070422535,"BHS":1.0989010989011,"BIH":42.96875,"BLR":46.2774974375148,"BLZ":5.96229723805348,"BMU":5.55555555555556,"BOL":33.0757869472907,"BRA":27.7645983436506,"BRB":44.1860465116279,"BRN":2.46679316888046,"BTN":10.786978575862,"BWA":45.6143136943518,"CAF":7.993033484221,"CAN":6.8556559021771,"CHE":40.3795045868357,"CHL":20.9217626141175,"CHN":54.7827337363193,"CIV":58.6314622641509,"CMR":19.3776311057519,"COD":11.4686486844137,"COG":30.8039941434846,"COL":40.5434880576836,"COM":61.794734013971,"CPV":17.12158808933,"CRI":42.3031727379554,"CUB":63.0819366852886,"CYM":11.25,"CYP":17.2727272727273,"DEU":48.5521152579269,"DJI":59.167385677308,"DMA":24,"DNK":68.9,"DOM":53.7638853239495,"DZA":16.3179020380058,"ECU":28.7277850021673,"EGY":3.00997538801547,"ESP":60.6259010091302,"EST":32.41330502477,"FIN":7.90078466134804,"FJI":22.8899835796388,"FRA":56.3768438630671,"FRO":69.1489971346705,"FSM":7.85714285714286,"G001":36.7045617358596,"GAB":7.83057398998719,"GBR":74.6910263299301,"GEO":46.4671175708735,"GHA":55.9022589434825,"GIN":57.0572114601986,"GMB":54.1501976284585,"GNB":20.7130156472262,"GNQ":3.7379679144385,"GRC":71.1171450737005,"GRD":35.2941176470588,"GRL":0.694761486684226,"GTM":39.9869354236655,"GUM":37.037037037037,"GUY":3.61328727457455,"HKG":8.08080808080808,"HND":29.9848065063902,"HRV":42.9976748345555,"HTI":57.1480406386067,"HUN":68.2763992433515,"IDN":22.828816992995,"IMN":70.8771929824561,"IND":60.9799575540076,"IRL":64.1050950791116,"IRN":39.162921486284,"IRQ":21.816768411185,"ISL":18.9625935162095,"ISR":26.6635859519408,"ITA":54.3266124919248,"JAM":43.9519852262235,"JOR":12.7005893019039,"JPN":15.7323093801426,"KAZ":82.0324480497833,"KEN":47.5555478441157,"KGZ":52.5964546402503,"KHM":25.5778382053025,"KIR":48.1481481481481,"KNA":46.1538461538462,"KOR":22.143893842007,"KWT":7.91245791245791,"LAO":7.20970537261698,"LBN":59.2375366568915,"LBR":11.6686067275747,"LBY":8.78922900303488,"LCA":32.2950819672131,"LIE":43.75,"LKA":37.3784085472811,"LSO":76.9433465085639,"LTU":54.0682833439694,"LVA":40.6575923634435,"MAR":68.5995966838449,"MDA":77.8825676909036,"MDG":62.540839839048,"MDV":26.6666666666667,"MEX":54.6192031688058,"MHL":47.2222222222222,"MKD":51.3959889893826,"MLI":26.4327686671748,"MLT":40.625,"MMR":15.9102732809009,"MNG":79.8674588179595,"MNP":8.69565217391304,"MOZ":45.3953559347898,"MRT":38.4961676530513,"MUS":53.6945812807882,"MWI":45.2906236741621,"MYS":20.7167858773398,"NAM":46.9603663350703,"NCL":12.582056892779,"NER":27.630851819689,"NGA":66.5327140770996,"NIC":34.2363303972079,"NLD":58.1694312796209,"NOR":2.74610945012102,"NPL":29.0783216783217,"NRU":20,"NZL":51.6549082830124,"OMN":3.49919224555735,"PAK":45.895599833956,"PAN":28.9211729889696,"PER":17.585511328125,"PHL":37.2773920917597,"PLW":9.34782608695652,"PNG":2.0801130592236,"POL":61.1936400143655,"PRI":46.2232243517475,"PRK":20.9946599119674,"PRT":42.3825136612022,"PRY":37.1057679335515,"PYF":9.67046448087432,"QAT":5.51248923341947,"ROU":64.4556785496383,"RUS":13.5223719413421,"RWA":74.3818402918525,"SAU":57.5645790788439,"SEN":45.6032826053083,"SGP":1.7910447761194,"SLB":2.53662022150768,"SLE":38.9997229149349,"SLV":62.8137065637066,"SMR":16.6666666666667,"SOM":70.2059489272165,"STP":31.25,"SUR":0.554490843144447,"SVN":28.0039721946375,"SWE":8.20936432171968,"SWZ":71.1046511627907,"SYC":8.69565217391304,"SYR":74.0722603112417,"TCA":1.05263157894737,"TCD":38.4132782719187,"TGO":58.9262732119875,"THA":41.8367946133218,"TJK":32.0734495570163,"TKM":75.2239695273764,"TLS":22.1923335574983,"TON":44.4444444444444,"TTO":15.7894736842105,"TUN":60.2149845520082,"TUR":51.8482907371074,"TUV":66.6666666666667,"TZA":36.0510160307067,"UGA":60.3173014363645,"UKR":72.3724864071805,"URY":85.2759684607473,"USA":46.4494877147624,"UZB":65.1716031969911,"VCT":25.2820512820513,"VEN":24.4963437446857,"VGB":53.3333333333333,"VIR":28.5714285714286,"VNM":21.5828443270147,"VUT":12.8794093519278,"WBG":82.5581395348837,"WSM":18.3745583038869,"YEM":44.474117847605,"ZAF":79.526663314346,"ZMB":28.3364048480609,"ZWE":33.870503037353}}