{"schemaVersion":1,"dataKind":"ranking-year","indicatorId":"AG.LND.AGRI.ZS","year":1993,"valuesByCountry":{"ABW":11.1111111111111,"AFG":58.1604648666881,"AGO":35.7022539504291,"ALB":41.0948905109489,"AND":48.936170212766,"ARE":4.99859194593072,"ARG":46.7170194651203,"ARM":41.4822620302072,"ASM":10.16,"ATG":20.4545454545455,"AUS":59.8905275763769,"AUT":36.3427047988366,"AZE":53.5539613300167,"BDI":80.880062305296,"BEN":20.6264455480667,"BFA":37.7496520467836,"BGD":72.5666436198817,"BGR":55.3285727198771,"BHR":14.0845070422535,"BHS":1.0989010989011,"BIH":42.7734375,"BLR":46.1033456223015,"BLZ":6.26918018412977,"BMU":5.55555555555556,"BOL":33.4284131819441,"BRA":27.594728013649,"BRB":44.1860465116279,"BRN":2.46679316888046,"BTN":10.8083813111316,"BWA":45.7907645616078,"CAF":7.99752801053003,"CAN":6.84807134834406,"CHE":40.2599880443749,"CHL":20.8155129839738,"CHN":55.1991052645594,"CIV":61.3270440251572,"CMR":19.3776311057519,"COD":11.4686486844137,"COG":30.8193147877013,"COL":40.4713835060838,"COM":63.4067705534659,"CPV":17.12158808933,"CRI":41.382687034861,"CUB":62.6629422718808,"CYM":11.25,"CYP":17.1753246753247,"CZE":55.4160735084768,"DEU":49.1578826764436,"DJI":60.4616048317515,"DMA":24,"DNK":68.475,"DOM":53.5586151935417,"DZA":16.316642454676,"ECU":28.8072532870972,"EGY":3.02896177608117,"ERI":73.2673267326733,"ESP":60.1333493512734,"EST":31.1394196744515,"ETH":30.54,"FIN":7.825929938606,"FJI":22.5725232621784,"FRA":56.2042861118842,"FRO":69.1489971346705,"FSM":7.85714285714286,"G001":36.6976008277065,"GAB":7.85448829898708,"GBR":72.4755094448807,"GEO":45.0136710318031,"GHA":56.2538454777182,"GIN":57.0959018394921,"GMB":54.0513833992095,"GNB":21.424253200569,"GNQ":3.66666666666667,"GRC":71.0628394103957,"GRD":35.2941176470588,"GRL":0.695639449809775,"GTM":41.8253079507279,"GUM":37.037037037037,"GUY":3.61328727457455,"HKG":8.08080808080808,"HND":31.7097148985611,"HRV":40.6367376140225,"HTI":57.1480406386067,"HUN":68.2172267972401,"IDN":23.1931418603753,"IMN":71.5789473684211,"IND":61.0058556634457,"IRL":63.9759036144578,"IRN":39.3870183452442,"IRQ":22.5728787982715,"ISL":18.9526184538653,"ISR":26.6635859519408,"ITA":54.0954064805685,"JAM":46.4450600184672,"JOR":12.3526745240254,"JPN":15.5951727921009,"KAZ":82.13764492351,"KEN":47.1624125874126,"KGZ":52.7632950990615,"KHM":25.6187514162701,"KIR":45.679012345679,"KNA":46.1538461538462,"KOR":21.9572879950238,"KWT":7.9685746352413,"LAO":7.21403812824957,"LBN":59.2375366568915,"LBR":11.9807765780731,"LBY":8.78922900303488,"LCA":32.2950819672131,"LIE":43.75,"LKA":36.9956944665922,"LSO":76.8774703557312,"LTU":53.174856413529,"LVA":40.4004692496826,"MAR":68.8124579879005,"MDA":77.6024279210926,"MDG":62.7471884995013,"MDV":26.6666666666667,"MEX":54.620746418375,"MHL":47.2222222222222,"MKD":51.0027526543453,"MLI":27.1760955261066,"MLT":40.625,"MMR":15.9837194356887,"MNG":76.9813995002072,"MNP":8.69565217391304,"MOZ":45.6738472494214,"MRT":38.50781022606,"MUS":52.7093596059113,"MWI":45.2906236741621,"MYS":20.9751940343935,"NAM":47.0065226105018,"NCL":12.582056892779,"NER":27.630851819689,"NGA":66.9290819855727,"NIC":34.8180156224032,"NLD":58.2612559241706,"NOR":2.77348840774934,"NPL":29.1566433566434,"NRU":20,"NZL":51.0559207777904,"OMN":3.46365105008078,"PAK":46.3755707762557,"PAN":28.9211729889696,"PER":17.523146328125,"PHL":37.1097025186974,"PLW":9.34782608695652,"PNG":2.14415051009142,"POL":61.1022233830683,"PRI":35.0620067643743,"PRK":20.9168258450295,"PRT":43.2677595628415,"PRY":37.4822776239617,"PYF":9.59625683060109,"QAT":5.59862187769165,"ROU":64.4687527237863,"RUS":13.3524103848487,"RWA":71.1390352655047,"SAU":60.8390046937,"SEN":45.8006544434634,"SGP":1.7910447761194,"SLB":2.53662022150768,"SLE":38.9443059019119,"SLV":62.5675675675676,"SMR":16.6666666666667,"SOM":70.2075429591609,"STP":31.25,"SUR":0.554490843144447,"SVK":50.8523908523908,"SVN":27.8053624627607,"SWE":8.23882376306557,"SWZ":71.046511627907,"SYC":8.69565217391304,"SYR":74.2300576776581,"TCA":1.05263157894737,"TCD":38.4371029224905,"TGO":59.3859165287737,"THA":41.5842940750455,"TJK":32.4592740783081,"TKM":75.4367671780904,"TLS":22.5285810356422,"TON":44.4444444444444,"TTO":15.7894736842105,"TUN":60.6462409886715,"TUR":51.8599846679573,"TUV":66.6666666666667,"TZA":36.4709753894784,"UGA":60.4674440718683,"UKR":72.3051695866057,"URY":85.3045366243858,"USA":46.1786054311843,"UZB":64.9905970850964,"VCT":24.3589743589744,"VEN":24.4918088543733,"VGB":53.3333333333333,"VIR":28.5714285714286,"VNM":21.7733263694737,"VUT":13.0434782608696,"WBG":82.5581395348837,"WSM":18.3745583038869,"YEM":44.9362653181052,"ZAF":79.9083332646382,"ZMB":28.5206957317155,"ZWE":34.4681641463099}}