{"schemaVersion":1,"dataKind":"ranking-year","indicatorId":"AG.LND.AGRI.ZS","year":1994,"valuesByCountry":{"ABW":11.1111111111111,"AFG":57.9749474878494,"AGO":35.7022539504291,"ALB":41.0948905109489,"AND":48.936170212766,"ARE":5.23796113770769,"ARG":46.7528291476199,"ARM":42.1496311907271,"ASM":10.33,"ATG":20.4545454545455,"AUS":61.0680395194148,"AUT":36.2833252544838,"AZE":53.9072545273201,"BDI":80.7242990654206,"BEN":21.169359702022,"BFA":38.2095588450292,"BGD":71.8906045939925,"BGR":55.6720600198861,"BHR":14.0845070422535,"BHS":0.999000999000999,"BIH":42.578125,"BLR":46.0670945100011,"BLZ":6.26918018412977,"BMU":5.55555555555556,"BOL":33.5558017169759,"BRA":27.4248576836473,"BRB":44.1860465116279,"BRN":2.46679316888046,"BTN":12.7889447236181,"BWA":45.870167451873,"CAF":7.98982310828598,"CAN":6.84048679451101,"CHE":40.1408236209887,"CHL":20.7791998192411,"CHN":55.6901445956382,"CIV":59.7674528301887,"CMR":19.3776311057519,"COD":11.4686486844137,"COG":30.787317715959,"COL":40.4371338440739,"COM":64.4814615797958,"CPV":17.12158808933,"CRI":41.030160595378,"CUB":62.2532588454376,"CYM":11.25,"CYP":15.5194805194805,"CZE":55.441956774945,"DEU":49.5774970639627,"DJI":60.4616048317515,"DMA":24,"DNK":67.275,"DOM":53.3533429931691,"DZA":16.6432943982131,"ECU":29.3635312816067,"EGY":3.02643025767241,"ERI":73.3267326732673,"ESP":60.4336857280154,"EST":25.9731068648266,"ETH":30.472,"FIN":7.91851341147116,"FJI":22.2550629447181,"FRA":56.0439743946563,"FRO":69.1489971346705,"FSM":7.85714285714286,"G001":36.8643568203194,"GAB":7.87840260798696,"GBR":71.9588310668375,"GEO":44.5675636782271,"GHA":56.6933286455129,"GIN":57.1904810353248,"GMB":55.0395256916996,"GNB":21.7798719772404,"GNQ":3.66666666666667,"GRC":71.1404189294026,"GRD":35.2941176470588,"GRL":0.696517412935323,"GTM":42.1052631578947,"GUM":37.037037037037,"GUY":3.61328727457455,"HKG":8.08080808080808,"HND":31.4594691214586,"HRV":41.3521731353962,"HTI":57.8737300435414,"HUN":68.1281994213221,"IDN":23.1683015285084,"IMN":72.4561403508772,"IND":60.9752488068371,"IRL":63.7770358542604,"IRN":39.39008816523,"IRQ":21.3171913940142,"ISL":18.9526184538653,"ISR":26.7560073937153,"ITA":53.3881880928904,"JAM":46.1680517082179,"JOR":12.1486854034451,"JPN":15.4278661546901,"KAZ":82.1020854168982,"KEN":47.8656682011456,"KGZ":53.8529718456726,"KHM":25.8585486063902,"KIR":45.679012345679,"KNA":38.4615384615385,"KOR":21.7292141820444,"KWT":7.9685746352413,"LAO":7.32235701906413,"LBN":59.3352883675464,"LBR":12.2930668604651,"LBY":8.79491230662559,"LCA":31.9672131147541,"LIE":43.75,"LKA":37.0435337266784,"LSO":76.7127799736495,"LTU":49.8723675813657,"LVA":40.8182943095441,"MAR":69.3793412502801,"MDA":77.6259866423801,"MDG":62.7299927777969,"MDV":26.6666666666667,"MEX":54.6258905836055,"MHL":47.2222222222222,"MKD":50.9634290208415,"MLI":28.9053344151321,"MLT":40.625,"MMR":15.9454662300701,"MNG":76.5581194166586,"MNP":8.69565217391304,"MOZ":45.952338564053,"MRT":38.5272145144077,"MUS":51.9652216748769,"MWI":43.1692829868477,"MYS":21.2780398721656,"NAM":47.067254551859,"NCL":12.636761487965,"NER":27.630851819689,"NGA":67.9842331214247,"NIC":35.067309290344,"NLD":57.7725118483412,"NOR":2.82003263571749,"NPL":29.234965034965,"NRU":20,"NZL":50.4568451634955,"OMN":3.46365105008078,"PAK":46.4274595267746,"PAN":28.7193973634652,"PER":17.46078125,"PHL":36.942012945635,"PLW":9.34782608695652,"PNG":2.15960782581813,"POL":61.0761043455549,"PRI":34.836527621195,"PRK":21.8537164687318,"PRT":43.1912568306011,"PRY":38.2343043040524,"PYF":9.5220218579235,"QAT":5.59862187769165,"ROU":64.4764933989804,"RUS":13.2901907232197,"RWA":62.8293473854884,"SAU":64.0932917304356,"SEN":46.3044720303329,"SGP":1.7910447761194,"SLB":2.57234726688103,"SLE":38.9304516486561,"SLV":62.4662162162162,"SMR":16.6666666666667,"SOM":70.2171071508273,"STP":32.2916666666667,"SUR":0.554490843144447,"SVK":50.8523908523908,"SVN":27.2591857000993,"SWE":8.23882376306557,"SWZ":71.046511627907,"SYC":8.69565217391304,"SYR":75.0136032212428,"TCA":1.05263157894737,"TCD":38.4529860228717,"TGO":59.7536311822026,"THA":41.7663293468261,"TJK":31.9376964847099,"TKM":75.4367671780904,"TLS":22.8648285137861,"TON":44.4444444444444,"TTO":15.7894736842105,"TUN":59.7515447991761,"TUR":52.1666255213544,"TUV":66.6666666666667,"TZA":36.8909347482502,"UGA":60.5675391622041,"UKR":72.2551134892552,"URY":85.3273911552965,"USA":45.9810939233275,"UZB":64.974141984015,"VCT":23.4358974358974,"VEN":24.4952100221076,"VGB":53.3333333333333,"VIR":25.7142857142857,"VNM":21.9361577928661,"VUT":13.1255127153404,"WBG":77.5464451827242,"WSM":18.0212014134276,"YEM":44.9457355531564,"ZAF":80.179541501455,"ZMB":28.8852419322294,"ZWE":35.5080361897376}}