{"schemaVersion":1,"dataKind":"ranking-year","indicatorId":"AG.LND.AGRI.ZS","year":1995,"valuesByCountry":{"ABW":11.1111111111111,"AFG":57.8982874139491,"AGO":35.6862115986204,"ALB":41.1313868613139,"AND":48.936170212766,"ARE":5.39284708532808,"ARG":46.7882734251961,"ARM":43.6951176677204,"ASM":10.5,"ATG":20.4545454545455,"AUS":60.3189149082957,"AUT":36.1257876878333,"AZE":53.9445065311174,"BDI":79.3224299065421,"BEN":22.3005764455481,"BFA":38.6694652777778,"BGD":72.0135207805178,"BGR":55.7172557172557,"BHR":14.0845070422535,"BHS":0.999000999000999,"BIH":42.48046875,"BLR":46.0348601060788,"BLZ":6.40070144673389,"BMU":7.40740740740741,"BOL":33.785654943229,"BRA":27.2554659290225,"BRB":44.1860465116279,"BRN":2.27703984819734,"BTN":14.1959798994975,"BWA":45.781942018245,"CAF":7.97457382259463,"CAN":6.83290224067797,"CHE":40.0220138442846,"CHL":20.6178079759849,"CHN":55.6902039146848,"CIV":62.1001572327044,"CMR":19.3776311057519,"COD":11.3804283099182,"COG":30.7984978038067,"COL":40.1198738170347,"COM":65.5561526061257,"CPV":17.3697270471464,"CRI":40.1096748922836,"CUB":62.2346368715084,"CYM":11.25,"CYP":15.487012987013,"CZE":55.3901902420085,"DEU":49.6791750214838,"DJI":62.6229508196721,"DMA":22.6666666666667,"DNK":68.15,"DOM":53.1480707927965,"DZA":16.6470731482026,"ECU":29.2876751914463,"EGY":3.2980059269677,"ERI":73.3366336633663,"ESP":59.5046452026269,"EST":23.378155225289,"ETH":30.5,"FIN":7.36728060671723,"FJI":21.9376026272578,"FRA":55.9424807496057,"FRO":69.1432664756447,"FSM":7.85714285714286,"G001":36.8484726651908,"GAB":7.90231691698684,"GBR":71.8348282561071,"GEO":43.8624262483811,"GHA":57.5722949811022,"GIN":57.14911281133,"GMB":55.0395256916996,"GNB":22.0801920341394,"GNQ":3.66666666666667,"GRC":71.0938712179985,"GRD":32.3529411764706,"GRL":0.697395376060872,"GTM":42.1052631578947,"GUM":37.037037037037,"GUY":3.62344729489459,"HKG":7.61904761904762,"HND":31.1019751541693,"HRV":41.709890896083,"HTI":57.6923076923077,"HUN":68.7625194747385,"IDN":23.7241729549507,"IMN":73.1578947368421,"IND":60.8588754839079,"IRL":63.7059079692263,"IRN":39.4214003290847,"IRQ":20.7268445480943,"ISL":18.9426433915212,"ISR":26.4787430683919,"ITA":52.1335554724423,"JAM":45.8910433979686,"JOR":12.6246600181324,"JPN":15.2550740537575,"KAZ":80.4483831536837,"KEN":47.8555669958183,"KGZ":54.9374348279458,"KHM":25.8505891683662,"KIR":45.679012345679,"KNA":38.4615384615385,"KOR":21.2315985900892,"KWT":7.9685746352413,"LAO":7.36568457538995,"LBN":59.5307917888563,"LBR":12.6091382890365,"LBY":8.81764552098844,"LCA":29.5081967213115,"LIE":43.75,"LKA":37.0913729867645,"LSO":76.5480895915678,"LTU":54.4033184428845,"LVA":29.4405965256239,"MAR":68.8976025095227,"MDA":77.6191922259338,"MDG":62.7299927777969,"MDV":26.6666666666667,"MEX":54.6284626662208,"MHL":47.2222222222222,"MKD":50.6095163193079,"MLI":29.0274465452102,"MLT":34.375,"MMR":15.9898399485877,"MNG":76.5581194166586,"MNP":8.69565217391304,"MOZ":46.2308298786846,"MRT":38.5272145144077,"MUS":50.9695073891626,"MWI":45.3966907085278,"MYS":21.2022523208035,"NAM":47.1522792697591,"NCL":12.746170678337,"NER":28.4203047288229,"NGA":70.3569507120349,"NIC":37.8344690044873,"NLD":58.1960900473934,"NOR":3.08560852471225,"NPL":29.3132867132867,"NRU":20,"NZL":49.857828415176,"OMN":3.46042003231018,"PAK":46.733603154836,"PAN":28.6790422383643,"PER":17.53474953125,"PHL":36.942012945635,"PLW":9.34782608695652,"PNG":2.19493883319348,"POL":60.7985895719743,"PRI":34.836527621195,"PRK":21.7657088281704,"PRT":42.8852459016393,"PRY":38.9669098917694,"PYF":9.44781420765027,"QAT":5.59862187769165,"ROU":64.4777550220053,"RUS":13.2125399459531,"RWA":62.8293473854884,"SAU":67.3508350971535,"SEN":45.7850724562406,"SGP":1.7910447761194,"SLB":2.60807431225438,"SLE":38.9304516486561,"SLV":62.2683397683398,"SMR":16.6666666666667,"SOM":70.2266713424937,"STP":29.1666666666667,"SUR":0.554490843144447,"SVK":50.8523908523908,"SVN":26.7130089374379,"SWE":8.02033290641693,"SWZ":71.046511627907,"SYC":8.69565217391304,"SYR":75.0299270867341,"TCA":1.05263157894737,"TCD":38.4768106734435,"TGO":60.1213458356315,"THA":41.9483646186067,"TJK":32.7379251214633,"TKM":75.5431660034473,"TLS":22.8648285137861,"TON":45.8333333333333,"TTO":14.8148148148148,"TUN":60.1699279093718,"TUR":51.3142678949625,"TUV":66.6666666666667,"TZA":37.3108941070219,"UGA":60.6676342525399,"UKR":72.2413049106758,"URY":85.3502456862073,"USA":45.8719112213614,"UZB":64.9811941701928,"VCT":22.5128205128205,"VEN":24.5065472478884,"VGB":53.3333333333333,"VIR":22.8571428571429,"VNM":21.7487480414145,"VUT":13.5356849876948,"WBG":78.8924750830565,"WSM":18.0212014134276,"YEM":44.9570998352179,"ZAF":80.3897484935165,"ZMB":29.1273759399508,"ZWE":35.7827183662918}}