{"schemaVersion":1,"dataKind":"ranking-year","indicatorId":"AG.LND.AGRI.ZS","year":1996,"valuesByCountry":{"ABW":11.1111111111111,"AFG":57.889088205081,"AGO":35.6517205422315,"ALB":41.2773722627737,"AND":48.936170212766,"ARE":5.44916924809913,"ARG":46.8237177027723,"ARM":45.8728486125746,"ASM":10.67,"ATG":20.4545454545455,"AUS":60.5586868515939,"AUT":36.0312651478429,"AZE":54.3903288991432,"BDI":77.6090342679128,"BEN":23.9875399077687,"BFA":39.1293720760234,"BGD":71.6524544825997,"BGR":55.7172557172557,"BHR":14.0845070422535,"BHS":0.999000999000999,"BIH":42.3828125,"BLR":46.0084592859889,"BLZ":6.44454186760193,"BMU":7.40740740740741,"BOL":33.8631957906397,"BRA":27.2678729956665,"BRB":44.1860465116279,"BRN":2.27703984819734,"BTN":14.321608040201,"BWA":45.781942018245,"CAF":7.98340235641594,"CAN":6.82520614928856,"CHE":39.9284652012952,"CHL":20.4860046373256,"CHN":55.6944173715386,"CIV":62.0582044025157,"CMR":19.3776311057519,"COD":11.3804283099182,"COG":30.811121522694,"COL":40.4867057232988,"COM":66.6308436324557,"CPV":17.3697270471464,"CRI":39.0716803760282,"CUB":61.5921787709497,"CYM":11.25,"CYP":15.4978354978355,"CZE":55.3901902420085,"DEU":49.6634105817984,"DJI":63.9171699741156,"DMA":22.6666666666667,"DNK":67.9,"DOM":52.9428006623887,"DZA":16.6416149537733,"ECU":28.8505996243317,"EGY":3.1909789542418,"ERI":72.6534653465346,"ESP":60.3455870575044,"EST":23.7084217975938,"ETH":30.5,"FIN":7.2819199579763,"FJI":21.6201423097975,"FRA":55.8424714723073,"FRO":69.1267908309456,"FSM":7.85714285714286,"G001":36.9031441405977,"GAB":7.92623122598673,"GBR":72.3101723639069,"GEO":43.675348971075,"GHA":58.4512613166916,"GIN":57.1935902653427,"GMB":55.0395256916996,"GNB":22.3805120910384,"GNQ":3.70231729055258,"GRC":71.155934833204,"GRD":32.3529411764706,"GRL":0.698273339186421,"GTM":42.1052631578947,"GUM":37.037037037037,"GUY":3.62852730505461,"HKG":7.61904761904762,"HND":31.1019751541693,"HRV":34.5659163987138,"HTI":57.6923076923077,"HUN":68.8181615846873,"IDN":23.7186528812025,"IMN":73.859649122807,"IND":60.7391387701425,"IRL":63.0251124981855,"IRN":39.5558584444608,"IRQ":20.7382765164506,"ISL":18.9226932668329,"ISR":26.0628465804067,"ITA":52.1879568868791,"JAM":45.6140350877193,"JOR":11.9106980961015,"JPN":15.0891632373114,"KAZ":79.8139052487313,"KEN":46.5224169800049,"KGZ":55.4796663190824,"KHM":25.921504645366,"KIR":45.679012345679,"KNA":34.6153846153846,"KOR":20.8169189301265,"KWT":8.02469135802469,"LAO":7.36568457538995,"LBN":60.4105571847507,"LBR":12.927967192691,"LBY":8.90346340520818,"LCA":28.5245901639344,"LIE":43.75,"LKA":37.1073194067932,"LSO":76.6139657444005,"LTU":54.4192724952138,"LVA":30.1155446992463,"MAR":69.3838225408918,"MDA":77.6191922259338,"MDG":62.9294631495684,"MDV":26.6666666666667,"MEX":54.6876205663726,"MHL":47.2222222222222,"MKD":50.7274872198191,"MLI":30.0363058212246,"MLT":34.375,"MMR":16.0724668727239,"MNG":76.5581194166586,"MNP":8.69565217391304,"MOZ":46.5093211933162,"MRT":38.5272145144077,"MUS":49.9108866995074,"MWI":46.457361052185,"MYS":21.187338304672,"NAM":47.1522792697591,"NCL":12.855579868709,"NER":28.4203047288229,"NGA":70.5337242113816,"NIC":38.6737576865548,"NLD":57.7784360189573,"NOR":3.09929800352641,"NPL":29.3916083916084,"NRU":20,"NZL":49.2587881204664,"OMN":3.46042003231018,"PAK":46.92299709423,"PAN":28.6790422383643,"PER":17.608717734375,"PHL":37.2438541771473,"PLW":9.34782608695652,"PNG":2.24351896833458,"POL":60.3153873779751,"PRI":34.836527621195,"PRK":20.9635578440329,"PRT":40.7650273224044,"PRY":39.3389340548704,"PYF":9.37357923497268,"QAT":5.68475452196382,"ROU":64.4039735099338,"RUS":13.1952331059546,"RWA":64.8966355897852,"SAU":70.6069828672971,"SEN":46.2629200644055,"SGP":1.7910447761194,"SLB":2.60807431225438,"SLE":38.9304516486561,"SLV":60.1399613899614,"SMR":16.6666666666667,"SOM":70.2346415022157,"STP":29.1666666666667,"SUR":0.554490843144447,"SVK":50.8108108108108,"SVN":26.0675273088381,"SWE":8.09398150978164,"SWZ":71.046511627907,"SYC":8.69565217391304,"SYR":75.0353683752313,"TCA":1.05263157894737,"TCD":38.4609275730623,"TGO":60.4890604890605,"THA":42.1303998903874,"TJK":32.7593598170906,"TKM":75.5431660034473,"TLS":22.9993275050437,"TON":45.8333333333333,"TTO":14.8148148148148,"TUN":60.0154479917611,"TUR":51.1466548861141,"TUV":66.6666666666667,"TZA":37.7308534657936,"UGA":60.9178719783795,"UKR":72.2188659704842,"URY":85.3673865843904,"USA":45.4534139247251,"UZB":64.974141984015,"VCT":21.5897435897436,"VEN":24.5178844736693,"VGB":53.3333333333333,"VIR":22.8571428571429,"VNM":23.6013395188792,"VUT":13.6997538966366,"WBG":78.0698504983389,"WSM":18.0212014134276,"YEM":44.9930867284126,"ZAF":80.6947547172922,"ZMB":29.3708551366039,"ZWE":36.4801876696394}}