{"schemaVersion":1,"dataKind":"ranking-year","indicatorId":"AG.LND.AGRI.ZS","year":1997,"valuesByCountry":{"ABW":11.1111111111111,"AFG":57.9473498612453,"AGO":35.6541268950028,"ALB":41.4233576642336,"AND":48.936170212766,"ARE":5.56181357364123,"ARG":46.8577003606547,"ARM":46.7860906217071,"ASM":10.84,"ATG":20.4545454545455,"AUS":60.1685693086706,"AUT":35.9258361609307,"AZE":55.1413773627985,"BDI":76.01246105919,"BEN":25.6284941468606,"BFA":39.589278874269,"BGD":71.9443804255973,"BGR":56.0697821567387,"BHR":14.0845070422535,"BHS":0.999000999000999,"BIH":42.28515625,"BLR":45.8751324837938,"BLZ":6.48838228846997,"BMU":7.40740740740741,"BOL":34.0385858026401,"BRA":27.2802800623105,"BRB":44.1860465116279,"BRN":2.27703984819734,"BTN":14.3718592964824,"BWA":45.7025391279798,"CAF":7.98404443160294,"CAN":6.82777151308503,"CHE":39.8515104913607,"CHL":20.4725553170543,"CHN":55.6944440006263,"CIV":61.3082012578616,"CMR":19.3776311057519,"COD":11.3363181226704,"COG":30.8492327964861,"COL":40.6327174402884,"COM":67.7055346587856,"CPV":17.8660049627792,"CRI":38.2491186839013,"CUB":62.2625698324022,"CYM":11.25,"CYP":15.3896103896104,"CZE":55.3901902420085,"DEU":49.6404526572124,"DJI":64.7799827437446,"DMA":22.6666666666667,"DNK":67.2,"DOM":52.7375284620162,"DZA":16.6642874537103,"ECU":28.9409044935703,"EGY":3.25975187101311,"ERI":72.8712871287129,"ESP":60.1854076565754,"EST":24.1330502476999,"ETH":30.492,"FIN":7.05866903050002,"FJI":21.3026819923372,"FRA":55.7372669078764,"FRO":69.1267908309456,"FSM":7.85714285714286,"G001":37.0312369639776,"GAB":7.95014553498661,"GBR":72.6863142231224,"GEO":43.7041300906605,"GHA":59.6936582578887,"GIN":57.2002808074231,"GMB":55.0395256916996,"GNB":22.6808321479374,"GNQ":3.7379679144385,"GRC":69.7051978277735,"GRD":32.3529411764706,"GRL":0.582044097941284,"GTM":42.687849944009,"GUM":37.037037037037,"GUY":3.62852730505461,"HKG":6.66666666666667,"HND":30.3423004736795,"HRV":34.6730975348339,"HTI":61.3207547169811,"HUN":68.9866369710468,"IDN":23.7186528812025,"IMN":74.5614035087719,"IND":60.8709836909178,"IRL":63.2260124836696,"IRN":39.1905498661558,"IRQ":19.7715892722409,"ISL":18.9027431421446,"ISR":26.0166358595194,"ITA":52.1743565332699,"JAM":45.1523545706371,"JOR":12.0240253853128,"JPN":14.9163237311385,"KAZ":79.8947290439678,"KEN":46.7881703974418,"KGZ":55.5839416058394,"KHM":25.9175164287333,"KIR":45.679012345679,"KNA":34.6153846153846,"KOR":20.5577441426498,"KWT":8.02469135802469,"LAO":7.60831889081456,"LBN":60.8015640273705,"LBR":13.2420681063123,"LBY":8.90346340520818,"LCA":27.8688524590164,"LIE":43.75,"LKA":37.1232658268219,"LSO":76.7127799736495,"LTU":54.5149968091895,"LVA":28.4763848490205,"MAR":69.2247367241766,"MDA":77.6427703523694,"MDG":64.4667606699453,"MDV":26.6666666666667,"MEX":54.6876205663726,"MHL":47.2222222222222,"MKD":50.452221785293,"MLI":30.855850318393,"MLT":31.25,"MMR":16.0954187960951,"MNG":83.2931194635943,"MNP":8.69565217391304,"MOZ":46.7878125079478,"MRT":38.5272145144077,"MUS":49.1667487684729,"MWI":46.9876962240136,"MYS":21.1800334804444,"NAM":47.1522792697591,"NCL":13.019693654267,"NER":28.4203047288229,"NGA":70.7093997386826,"NIC":39.9534651819844,"NLD":58.1546208530806,"NOR":2.84193580182015,"NPL":29.4699300699301,"NRU":20,"NZL":48.6599889863659,"OMN":3.45718901453958,"PAK":47.5677148194271,"PAN":28.7866559053,"PER":17.6826859375,"PHL":38.0152262132341,"PLW":9.34782608695652,"PNG":2.2589762840613,"POL":60.259884423259,"PRI":32.8072153325817,"PRK":20.967311685076,"PRT":39.1475409836066,"PRY":39.7121764409766,"PYF":9.29937158469945,"QAT":5.68475452196382,"ROU":64.4708752668496,"RUS":13.3093386817595,"RWA":66.9233887312525,"SAU":73.862200317255,"SEN":44.8137952526879,"SGP":1.7910447761194,"SLB":2.60807431225438,"SLE":38.9165973954004,"SLV":59.8938223938224,"SMR":16.6666666666667,"SOM":70.2426116619377,"STP":28.125,"SUR":0.548260608951812,"SVK":50.8316008316008,"SVN":24.5779543197617,"SWE":8.00069327885301,"SWZ":71.1046511627907,"SYC":8.69565217391304,"SYR":75.1115464141909,"TCA":1.05263157894737,"TCD":38.6197585768742,"TGO":61.2244897959184,"THA":42.312435162168,"TJK":32.5950271506145,"TKM":75.5431660034473,"TLS":23.0665770006725,"TON":43.0555555555556,"TTO":13.8401559454191,"TUN":60.163491246138,"TUR":50.9881371568156,"TUV":66.6666666666667,"TZA":38.0480921201174,"UGA":60.9178719783795,"UKR":72.2430309829982,"URY":85.3902411153011,"USA":45.2982653052312,"UZB":64.9670897978373,"VCT":20.6666666666667,"VEN":24.5292216994501,"VGB":53.3333333333333,"VIR":22.8571428571429,"VNM":24.0990506620787,"VUT":13.7817883511075,"WBG":77.8294352159468,"WSM":18.0212014134276,"YEM":44.926795083054,"ZAF":80.7400934802859,"ZMB":29.6035728218028,"ZWE":36.5193488432209}}