{"schemaVersion":1,"dataKind":"ranking-year","indicatorId":"AG.LND.AGRI.ZS","year":1998,"valuesByCountry":{"ABW":11.1111111111111,"AFG":58.0592735691397,"AGO":35.7046603032004,"ALB":41.5693430656934,"AND":48.936170212766,"ARE":5.60405519571952,"ARG":46.8924138283839,"ARM":46.6455918510713,"ASM":11.01,"ATG":20.4545454545455,"AUS":60.3830883980058,"AUT":35.8688802714493,"AZE":56.3483849227362,"BDI":74.493769470405,"BEN":26.9671869457254,"BFA":40.0491856725146,"BGD":72.4744564799877,"BGR":51.0259423302901,"BHR":14.0845070422535,"BHS":0.999000999000999,"BIH":42.1875,"BLR":45.8859433315749,"BLZ":6.48838228846997,"BMU":7.40740740740741,"BOL":34.1382811778824,"BRA":27.2926871289545,"BRB":44.1860465116279,"BRN":2.27703984819734,"BTN":14.3718592964824,"BWA":45.5790235209006,"CAF":7.97617901056214,"CAN":6.83044841443787,"CHE":39.7749239557872,"CHL":20.4685205209729,"CHN":55.694470629714,"CIV":61.6021855345912,"CMR":19.3776311057519,"COD":11.3363181226704,"COG":30.8508843338214,"COL":41.0482199188824,"COM":67.7055346587856,"CPV":17.8660049627792,"CRI":37.5048962005484,"CUB":62.1415270018622,"CYM":11.25,"CYP":15.6060606060606,"CZE":55.441956774945,"DEU":49.776517105037,"DJI":64.7799827437446,"DMA":22.6666666666667,"DNK":66.8,"DOM":52.5322562616436,"DZA":16.7213885646628,"ECU":32.3200193267837,"EGY":3.27451906173088,"ERI":73.9306930693069,"ESP":59.9831811629025,"EST":24.6048596367068,"ETH":30.449,"FIN":7.19655930923537,"FJI":20.9852216748768,"FRA":55.6266815103442,"FRO":69.1210601719198,"FSM":7.85714285714286,"G001":37.1412964557378,"GAB":7.97405984398649,"GBR":72.4093746124912,"GEO":43.8192545690027,"GHA":57.0678153291729,"GIN":57.2425158717239,"GMB":56.0276679841897,"GNB":22.9811522048364,"GNQ":3.66666666666667,"GRC":68.1303335919317,"GRD":32.3529411764706,"GRL":0.582775003045438,"GTM":43.2704367301232,"GUM":37.037037037037,"GUY":3.62852730505461,"HKG":6.66666666666667,"HND":30.3423004736795,"HRV":36.6302986943302,"HTI":61.3207547169811,"HUN":68.9643652561247,"IDN":23.8014539874253,"IMN":75.4385964912281,"IND":60.8349954089715,"IRL":63.4269124691537,"IRN":39.7768854834353,"IRQ":19.751926286668,"ISL":18.8628428927681,"ISR":25.9704251386322,"ITA":52.6469688211894,"JAM":44.6906740535549,"JOR":12.0806890299184,"JPN":14.7489711934156,"KAZ":79.760640071119,"KEN":46.5637106862986,"KGZ":55.7351407716371,"KHM":26.2293224563789,"KIR":41.9753086419753,"KNA":34.6153846153846,"KOR":20.4126062616629,"KWT":8.02469135802469,"LAO":7.6473136915078,"LBN":61.1925708699902,"LBR":13.5666694352159,"LBY":8.78070404764882,"LCA":25.4098360655738,"LIE":43.75,"LKA":37.1392122468506,"LSO":76.7127799736495,"LTU":54.6426292278239,"LVA":28.1067703729892,"MAR":69.4062289939503,"MDA":77.6663628076573,"MDG":66.1863328403893,"MDV":26.6666666666667,"MEX":54.6953368142185,"MHL":47.2222222222222,"MKD":50.7668108533229,"MLI":30.855850318393,"MLT":28.125,"MMR":16.0862380267466,"MNG":83.4488606851747,"MNP":6.52173913043478,"MOZ":47.0663038225794,"MRT":38.5272145144077,"MUS":49.5965024630542,"MWI":48.5787017394994,"MYS":21.137422005783,"NAM":47.1522792697591,"NCL":13.1291028446389,"NER":28.4203047288229,"NGA":71.59985506769,"NIC":40.8259930197773,"NLD":56.7476303317535,"NOR":2.86657686368565,"NPL":29.5482517482517,"NRU":20,"NZL":48.0612194751434,"OMN":3.46042003231018,"PAK":47.6857617268576,"PAN":28.9077212806026,"PER":17.75665421875,"PHL":37.8475366401717,"PLW":9.34782608695652,"PNG":2.34951199046063,"POL":60.2141761076104,"PRI":30.7215332581736,"PRK":20.9708495972095,"PRT":40.6830601092896,"PRY":40.7082101686383,"PYF":9.22513661202186,"QAT":5.68475452196382,"ROU":64.2318916329108,"RUS":13.2643318906314,"RWA":67.7340899878395,"SAU":77.5802751559527,"SEN":43.5776242663481,"SGP":1.7910447761194,"SLB":2.64380135762772,"SLE":38.9165973954004,"SLV":61.2837837837838,"SMR":16.6666666666667,"SOM":70.2442056938821,"STP":32.2916666666667,"SUR":0.548260608951812,"SVK":50.7900207900208,"SVN":24.3296921549156,"SWE":7.93195458237928,"SWZ":71.1046511627907,"SYC":8.69565217391304,"SYR":74.8394819893351,"TCA":1.05263157894737,"TCD":38.6197585768742,"TGO":61.5922044493473,"THA":42.4925130654348,"TJK":32.4878536724779,"TKM":75.5431660034473,"TLS":22.9320780094149,"TON":43.0555555555556,"TTO":12.8654970760234,"TUN":60.6333676622039,"TUR":51.8677806218572,"TUV":66.6666666666667,"TZA":38.1575976518401,"UGA":61.2682047945548,"UKR":71.8235954086476,"URY":85.4188092789395,"USA":45.2658380427472,"UZB":64.2548189938881,"VCT":19.7435897435897,"VEN":24.5292216994501,"VGB":53.3333333333333,"VIR":22.8571428571429,"VNM":24.747304064641,"VUT":14.109926168991,"WBG":78.0892857142857,"WSM":18.0212014134276,"YEM":44.8510332026441,"ZAF":80.7755401495355,"ZMB":29.828219373411,"ZWE":36.9859591572961}}