{"schemaVersion":1,"dataKind":"ranking-year","indicatorId":"AG.LND.AGRI.ZS","year":1999,"valuesByCountry":{"ABW":11.1111111111111,"AFG":57.8998206154271,"AGO":35.7479746530841,"ALB":41.7883211678832,"AND":48.936170212766,"ARE":7.2655589974655,"ARG":46.9223770321081,"ARM":46.4699683877766,"ASM":11.18,"ATG":20.4545454545455,"AUS":59.056923056897,"AUT":35.811924381968,"AZE":56.7365939181428,"BDI":73.481308411215,"BEN":27.5451933309684,"BFA":40.5090924707602,"BGD":72.873934086195,"BGR":51.3332730724035,"BHR":14.0845070422535,"BHS":0.999000999000999,"BIH":41.11328125,"BLR":45.7564029876501,"BLZ":6.57606313020605,"BMU":7.40740740740741,"BOL":34.218591341272,"BRA":27.3050941955985,"BRB":41.8604651162791,"BRN":2.27703984819734,"BTN":14.3718592964824,"BWA":45.5966686076262,"CAF":7.97521589778163,"CAN":6.83312531579071,"CHE":39.6937644213253,"CHL":20.2546763286583,"CHN":55.6944972588017,"CIV":61.8879308176101,"CMR":19.3776311057519,"COD":11.2922079354227,"COG":30.8745680819912,"COL":41.1608832807571,"COM":68.2428801719506,"CPV":17.8660049627792,"CRI":36.9761065413239,"CUB":62.0111731843575,"CYM":11.25,"CYP":15.6060606060606,"CZE":55.4160735084768,"DEU":49.1489483638031,"DJI":66.9370146678171,"DMA":25.3333333333333,"DNK":66.1,"DOM":52.2648871869178,"DZA":16.6815017592181,"ECU":32.5132871637945,"EGY":3.49892008639309,"ERI":73.9306930693069,"ESP":59.6227775108121,"EST":23.6140599197924,"ETH":30.557,"FIN":7.22742046685709,"FJI":20.6677613574165,"FRA":55.5322386121161,"FRO":69.1210601719198,"FSM":7.85714285714286,"G001":37.1547143904409,"GAB":7.99797415298638,"GBR":71.1734799322118,"GEO":43.157288818535,"GHA":57.394525797662,"GIN":57.223083184112,"GMB":56.0276679841897,"GNB":23.2814722617354,"GNQ":3.66666666666667,"GRC":67.2614429790535,"GRD":35.2941176470588,"GRL":0.583505908149592,"GTM":43.8530235162374,"GUM":37.037037037037,"GUY":3.62852730505461,"HKG":6.66666666666667,"HND":29.82393422111,"HRV":36.3441244857807,"HTI":61.3207547169811,"HUN":68.8864142538976,"IDN":24.3534613622438,"IMN":76.140350877193,"IND":60.8844372542623,"IRL":63.6278124546378,"IRN":39.1015250865689,"IRQ":19.3888469716716,"ISL":18.8428927680798,"ISR":25.8317929759704,"ITA":53.7179966679134,"JAM":44.5060018467221,"JOR":12.0920217588395,"JPN":14.5980795610425,"KAZ":79.6663703374449,"KEN":47.3126494359911,"KGZ":55.9228362877998,"KHM":26.2859732608203,"KIR":41.9753086419753,"KNA":38.4615384615385,"KOR":20.2571013891769,"KWT":8.08080808080808,"LAO":7.68197573656846,"LBN":56.9403714565005,"LBR":13.8781146179402,"LBY":8.78070404764882,"LCA":25.2459016393443,"LIE":43.75,"LKA":37.3943549673098,"LSO":76.7127799736495,"LTU":55.7753669432036,"LVA":25.9855046844617,"MAR":68.7721263723952,"MDA":77.7203647416413,"MDG":67.9231007325377,"MDV":26.6666666666667,"MEX":54.6958512307415,"MHL":47.2222222222222,"MKD":50.4128981517892,"MLI":30.855850318393,"MLT":28.125,"MMR":16.2331303363222,"MNG":84.1920241906416,"MNP":6.52173913043478,"MOZ":47.344795137211,"MRT":38.5272145144077,"MUS":48.4854679802956,"MWI":49.6393720831566,"MYS":21.1447268300107,"NAM":47.1522792697591,"NCL":13.2932166301969,"NER":29.2097576379569,"NGA":71.7634529024891,"NIC":41.6985208575702,"NLD":58.4300947867299,"NOR":2.84193580182015,"NPL":29.6265734265734,"NRU":20,"NZL":47.4624773081159,"OMN":3.46042003231018,"PAK":47.6805728518057,"PAN":29.0153349475383,"PER":17.830622421875,"PHL":37.6798470671094,"PLW":9.34782608695652,"PNG":2.38705118579693,"POL":60.188057070097,"PRI":29.3010146561443,"PRK":20.9834980483349,"PRT":42.2185792349727,"PRY":41.3510095645608,"PYF":9.15092896174863,"QAT":5.68475452196382,"ROU":64.3771777003484,"RUS":13.2281702241387,"RWA":69.5987028779895,"SAU":80.8522392065833,"SEN":47.3276891912949,"SGP":1.7910447761194,"SLB":2.71525544837442,"SLE":38.8473261291216,"SLV":62.5337837837838,"SMR":16.6666666666667,"SOM":70.2442056938821,"STP":36.4583333333333,"SUR":0.548260608951812,"SVK":50.7900207900208,"SVN":24.8262164846077,"SWE":7.84112130489613,"SWZ":71.1046511627907,"SYC":8.69565217391304,"SYR":74.9102187397976,"TCA":1.05263157894737,"TCD":38.6197585768742,"TGO":61.9599191027763,"THA":42.6745483372154,"TJK":32.6378965418691,"TKM":75.6282850637329,"TLS":22.6630800268998,"TON":43.0555555555556,"TTO":13.0604288499025,"TUN":61.3156539649845,"TUR":52.3654223458025,"TUV":66.6666666666667,"TZA":38.2704899525852,"UGA":61.3682998848906,"UKR":71.5508759817036,"URY":85.4416638098503,"USA":45.1893009686689,"UZB":64.2477668077104,"VCT":18.8205128205128,"VEN":24.5258205317159,"VGB":46.6666666666667,"VIR":20,"VNM":25.8471842452917,"VUT":14.1919606234619,"WBG":74.3521262458472,"WSM":17.9505300353357,"YEM":44.8283046385211,"ZAF":80.8332440297092,"ZMB":30.0703533811324,"ZWE":37.9975876954892}}