{"schemaVersion":1,"dataKind":"ranking-year","indicatorId":"AG.LND.AGRI.ZS","year":2000,"valuesByCountry":{"ABW":11.1111111111111,"AFG":57.9458166597673,"AGO":35.7126814791048,"ALB":41.7518248175182,"AND":48.936170212766,"ARE":7.70205575894114,"ARG":46.9581867146078,"ARM":46.4699683877766,"ASM":11.35,"ATG":20.4545454545455,"AUS":59.2881038230738,"AUT":35.630150266602,"AZE":57.3863567580655,"BDI":72.702492211838,"BEL":45.8114924339828,"BEN":28.3068109258602,"BFA":40.9763088450292,"BGD":72.2132595836214,"BGR":50.4564765434331,"BHR":13.943661971831,"BHS":1.0989010989011,"BIH":41.6015625,"BLR":45.6105063890204,"BLZ":6.53222270933801,"BMU":7.40740740740741,"BOL":34.2869011354195,"BRA":27.3175012622426,"BRB":41.8604651162791,"BRN":2.27703984819734,"BTN":14.5226130653266,"BWA":45.7907645616078,"CAF":7.98003146168416,"CAN":6.83580221714355,"CHE":39.6172730401124,"CHL":20.3219229300151,"CHN":55.694583211727,"CIV":62.124572327044,"CMR":19.3776311057519,"COD":11.2922079354227,"COG":30.8636661786237,"COL":40.4317260027039,"COM":68.7802256851155,"CPV":17.8660049627792,"CRI":36.036036036036,"CUB":61.024208566108,"CYM":11.25,"CYP":15.3138528138528,"CZE":55.3901902420085,"DEU":48.9124516406362,"DJI":69.0940465918896,"DMA":28,"DNK":66.175,"DOM":52.0596149865452,"DZA":16.8032614811021,"ECU":32.477049444355,"EGY":3.30604249334472,"ERI":74.5544554455445,"ESP":59.6513026052104,"EST":23.2602028780373,"ETH":30.534,"FIN":7.2819199579763,"FJI":20.3503010399562,"FRA":55.3064291678263,"FRO":69.1210601719198,"FSM":7.85714285714286,"G001":37.1729374492351,"GAB":8.02188846198626,"GBR":70.1194560410036,"GEO":43.1716793783278,"GHA":56.1023121209458,"GIN":57.2361102067394,"GMB":50,"GNB":23.5817923186344,"GNQ":3.66666666666667,"GRC":66.1675717610551,"GRD":35.2941176470588,"GRL":0.584236813253746,"GTM":44.4356103023516,"GUM":37.037037037037,"GUY":3.63360731521463,"HKG":6.66666666666667,"HND":26.2311198498525,"HRV":20.9078552010302,"HTI":61.3207547169811,"HUN":65.32024101763,"IDN":23.7643400679301,"IMN":76.8421052631579,"IND":60.8689656564162,"IRL":63.814196545217,"IRN":38.6085119968565,"IRQ":19.4233715161076,"ISL":18.8428927680798,"ISR":26.1552680221811,"ITA":52.8780797922345,"JAM":44.2289935364728,"JOR":12.1146872166818,"JPN":14.4252400548697,"KAZ":79.7841612030966,"KEN":46.9669541764768,"KGZ":55.8602711157456,"KHM":27.0224337185588,"KIR":41.9753086419753,"KNA":36.5384615384615,"KOR":20.4540742276591,"KWT":8.30527497194164,"LAO":7.82495667244367,"LBN":58.1622678396872,"LBR":14.1934821428571,"LBY":8.78070404764882,"LCA":23.2786885245902,"LIE":43.75,"LKA":37.4740870674534,"LSO":76.8774703557312,"LTU":54.5309508615188,"LUX":49.7191644072932,"LVA":25.5194690407701,"MAR":68.6802599148555,"MDA":77.3722627737226,"MDG":69.6426729029817,"MDV":30,"MEX":54.6979088968338,"MHL":47.2222222222222,"MKD":48.5646873771136,"MLI":31.687687983019,"MLT":28.125,"MMR":16.5437463659455,"MNG":84.3135152680571,"MNP":6.52173913043478,"MOZ":47.6232864518426,"MRT":38.5272145144077,"MUS":49.1038916256158,"MWI":50.1697072549852,"MYS":21.1191599452138,"NAM":47.1522792697591,"NCL":13.4026258205689,"NER":29.2097576379569,"NGA":71.9259527652426,"NIC":42.7206248961276,"NLD":58.0450236966825,"NOR":2.85288738487148,"NPL":29.6414370422044,"NRU":20,"NZL":46.863819832137,"OMN":3.78998384491115,"PAK":47.6053341635533,"PAN":29.9973096583266,"PER":17.904590703125,"PHL":37.6764932756481,"PLW":9.34782608695652,"PNG":2.40250850152365,"POL":60.1162297169349,"PRI":27.869222096956,"PRK":21.0047338260942,"PRT":43.2391256830601,"PRY":41.8709622451548,"PYF":9.57095937770095,"QAT":5.68475452196382,"ROU":64.6772016890862,"RUS":13.2566688683588,"RWA":74.0170247263883,"SAU":80.8488472291354,"SEN":46.8861995533164,"SGP":1.7910447761194,"SLB":2.71525544837442,"SLE":38.9304516486561,"SLV":62.0994208494209,"SMR":16.6666666666667,"SOM":70.2442056938821,"STP":37.5,"SUR":0.548260608951812,"SVK":50.7276507276507,"SVN":25.7199602780536,"SWE":7.30127704223281,"SWZ":71.1046511627907,"SYC":8.69565217391304,"SYR":74.6055065839591,"TCA":1.05263157894737,"TCD":38.6197585768742,"TGO":62.5114910829197,"THA":42.8565836089961,"TJK":32.6736210345813,"TKM":75.5431660034473,"TLS":22.6630800268998,"TON":41.6666666666667,"TTO":13.0604288499025,"TUN":61.476570545829,"TUR":52.5954029858503,"TUV":66.6666666666667,"TZA":38.3833822533303,"UGA":62.6194885140884,"UKR":71.4697505825494,"URY":85.4645183407611,"USA":45.2305848555761,"UZB":62.6839310495109,"VCT":17.9487179487179,"VEN":24.5280879768721,"VGB":46.6666666666667,"VIR":20,"VNM":28.2260657107953,"VUT":14.3560295324036,"WBG":77.7762624584718,"WSM":16.9611307420495,"YEM":44.8301986855314,"ZAF":80.888474886447,"ZMB":30.3017258773995,"ZWE":39.0780881478609}}