{"schemaVersion":1,"dataKind":"ranking-year","indicatorId":"AG.LND.AGRI.ZS","year":2001,"valuesByCountry":{"ABW":11.1111111111111,"AFG":57.9473498612453,"AGO":35.6260527793374,"ALB":41.5693430656934,"AND":48.4042553191489,"ARE":7.91326386933258,"ARG":46.9932655872605,"ARM":46.6455918510713,"ASM":11.5,"ATG":20.4545454545455,"AUS":59.3181729429988,"AUT":35.3380998545807,"AZE":57.4500024211903,"BDI":72.0794392523365,"BEL":45.7191837272937,"BEN":28.9067843206811,"BFA":41.4508355263158,"BGD":72.2363063685949,"BGR":49.6971888276236,"BHR":13.7887323943662,"BHS":1.0989010989011,"BIH":41.5234375,"BLR":45.0000985979373,"BLZ":6.53222270933801,"BMU":7.40740740740741,"BOL":34.2989015046617,"BRA":27.3299083288866,"BRB":41.8604651162791,"BRN":2.46679316888046,"BTN":14.5477386934673,"BWA":45.5260882607238,"CAF":7.97874731131015,"CAN":6.83816244106634,"CHE":39.5407713506987,"CHL":20.3757202111005,"CHN":55.7578718644915,"CIV":60.5841698113208,"CMR":19.3776311057519,"COD":11.2701528417988,"COG":30.8649897510981,"COL":37.6250563316809,"COM":69.8549167114455,"CPV":18.3622828784119,"CRI":35.8989424206815,"CUB":61.9739292364991,"CYM":11.25,"CYP":15.1515151515152,"CZE":55.3643069755403,"DEU":48.8220120378332,"DJI":72.5452976704055,"DMA":29.3333333333333,"DNK":66.9,"DOM":52.0596149865452,"DZA":16.8402092587772,"ECU":31.3456273151876,"EGY":3.35325732080968,"ERI":74.5742574257426,"ESP":59.2152772205729,"EST":20.9955178108044,"ETH":30.559,"FIN":7.2950523654749,"FJI":20.0328407224959,"FRA":55.1318304109843,"FRO":69.1210601719198,"FSM":7.85714285714286,"G001":37.1733817095557,"GAB":8.0415221019133,"GBR":70.0739883437358,"GEO":43.2148510577061,"GHA":56.6846743429727,"GIN":57.2297574475012,"GMB":47.8260869565217,"GNB":23.8821123755334,"GNQ":3.66666666666667,"GRC":65.4615981380915,"GRD":38.2352941176471,"GRL":0.5849677183579,"GTM":45.0181970884658,"GUM":37.037037037037,"GUY":3.64376733553467,"HKG":6.66666666666667,"HND":26.2400571990348,"HRV":21.0688224352554,"HTI":60.5950653120465,"HUN":65.4429814773488,"IDN":24.2026845001302,"IMN":77.5438596491228,"IND":60.7048321836142,"IRL":64.0150965307011,"IRN":39.1850241901815,"IRQ":19.4025653336992,"ISL":18.8428927680798,"ISR":25.9242144177449,"ITA":52.4215637871215,"JAM":44.2289935364728,"JOR":11.5820489573889,"JPN":14.3017832647462,"KAZ":79.4479386598511,"KEN":47.1571142425414,"KGZ":56.1835245046924,"KHM":27.7022433718559,"KIR":41.9753086419753,"KNA":35.7692307692308,"KOR":20.1054372544966,"KWT":8.47362514029181,"LAO":7.97660311958406,"LBN":58.455522971652,"LBR":14.5067794850498,"LBY":8.78070404764882,"LCA":22.7868852459016,"LIE":43.125,"LKA":37.4900334874821,"LSO":76.8774703557312,"LTU":46.2029355456286,"LUX":49.7191644072932,"LVA":25.4069776784997,"MAR":68.0483979386063,"MDA":77.220194647202,"MDG":70.232486157444,"MDV":33.3333333333333,"MEX":54.8110805319067,"MHL":47.2222222222222,"MKD":48.8399528116398,"MLI":32.2154746391955,"MLT":31.25,"MMR":16.7380726504881,"MNG":84.0934742475254,"MNP":6.52173913043478,"MOZ":47.9050662529566,"MRT":38.5272145144077,"MUS":50.2463054187192,"MWI":51.2303775986423,"MYS":21.1444224623345,"NAM":47.1522792697591,"NCL":13.5667396061269,"NER":29.9992105470909,"NGA":71.995169362188,"NIC":43.0031577197939,"NLD":56.9520142180095,"NOR":2.86657686368565,"NPL":29.7104987792117,"NRU":20,"NZL":46.265167673085,"OMN":3.79192245557351,"PAK":47.9607721046077,"PAN":30.137207425343,"PER":17.97855890625,"PHL":37.5088037025858,"PLW":9.34782608695652,"PNG":2.41354944132845,"POL":58.0756799111953,"PRI":26.4599774520857,"PRK":21.0312266423055,"PRT":42.1182513661202,"PRY":42.4943204127863,"PYF":9.4926822241429,"QAT":5.71059431524548,"ROU":64.420356101171,"RUS":13.2390216624218,"RWA":76.895014187272,"SAU":80.8435945647977,"SEN":45.7019685243858,"SGP":1.7910447761194,"SLB":2.75098249374777,"SLE":41.5838182321973,"SLV":61.6650579150579,"SMR":16.6666666666667,"SOM":70.2505818216597,"STP":37.5,"SUR":0.535800140566544,"SVK":46.8814968814969,"SVN":25.3227408142999,"SWE":7.49718232718294,"SWZ":71.1627906976744,"SYC":8.69565217391304,"SYR":74.6708020459245,"TCA":1.05263157894737,"TCD":38.6991740787802,"TGO":62.8792057363486,"THA":43.0386188807767,"TJK":32.6736210345813,"TKM":75.5431660034473,"TLS":22.6361802286483,"TON":41.6666666666667,"TTO":11.6959064327485,"TUN":61.1418640576725,"TUR":53.2307732286943,"TUV":56.6666666666667,"TZA":38.4962745540754,"UGA":63.1199639657675,"UKR":71.4335030637784,"URY":85.4873728716718,"USA":45.2900702036254,"UZB":62.6848141019612,"VCT":17.9487179487179,"VEN":24.5314891446063,"VGB":46.6666666666667,"VIR":20,"VNM":30.4831399273522,"VUT":14.5200984413454,"WBG":77.2273920265781,"WSM":16.9611307420495,"YEM":44.6900392067731,"ZAF":80.796148678169,"ZMB":30.3407363564213,"ZWE":39.2816766188445}}