{"schemaVersion":1,"dataKind":"ranking-year","indicatorId":"AG.LND.AGRI.ZS","year":2002,"valuesByCountry":{"ABW":11.1111111111111,"AFG":57.9396838538552,"AGO":35.6445014839175,"ALB":41.6058394160584,"AND":48.6170212765957,"ARE":7.96958603210363,"ARG":47.031267699301,"ARM":48.8584474885845,"ASM":11.65,"ATG":20.4545454545455,"AUS":58.1856995951733,"AUT":35.1696558410082,"AZE":57.4317945241957,"BDI":71.417445482866,"BEL":45.7950087363597,"BEN":29.8628857750976,"BFA":41.9180522660819,"BGD":71.8521932857033,"BGR":48.9430147058824,"BHR":13.6478873239437,"BHS":1.0989010989011,"BIH":41.46484375,"BLR":44.4956096021772,"BLZ":6.66374397194213,"BMU":7.40740740740741,"BOL":34.4419828302409,"BRA":27.3423153955306,"BRB":39.5348837209302,"BRN":2.46679316888046,"BTN":14.572864321608,"BWA":45.605491150989,"CAF":7.98019198048091,"CAN":6.92547841246365,"CHE":39.4656034584428,"CHL":20.9338670023617,"CHN":55.8211320658973,"CIV":60.9599433962264,"CMR":19.3776311057519,"COD":11.2701528417988,"COG":30.8633352855051,"COL":37.5006759801713,"COM":70.3922622246104,"CPV":18.6104218362283,"CRI":35.7618488053271,"CUB":62.5434721308394,"CYM":11.25,"CYP":15.1515151515152,"CZE":47.2636210689789,"DEU":48.6355558103537,"DJI":73.4081104400345,"DMA":29.3333333333333,"DNK":66.625,"DOM":52.0596149865452,"DZA":16.7335645368512,"ECU":30.1578354002255,"EGY":3.4396504093626,"ERI":74.5742574257426,"ESP":58.9511862776531,"EST":16.4708657702288,"ETH":30.498,"FIN":7.34101579172002,"FJI":19.7153804050356,"FRA":54.9414602467761,"FRO":69.154011461318,"FSM":7.85714285714286,"G001":37.1028696526341,"GAB":8.06115574184034,"GBR":70.1690571652957,"GEO":43.2292416174989,"GHA":57.3546607189945,"GIN":57.3726965651962,"GMB":48.5177865612648,"GNB":24.1824324324324,"GNQ":3.66666666666667,"GRC":64.7245927075252,"GRD":38.2352941176471,"GRL":0.585698623462054,"GTM":45.6007838745801,"GUM":37.037037037037,"GUY":3.64595732791466,"HKG":6.66666666666667,"HND":27.0622933238002,"HRV":21.1224781799971,"HTI":60.5950653120465,"HUN":65.264449899576,"IDN":24.5222551675908,"IMN":79.6491228070175,"IND":60.7293849367178,"IRL":63.478008419219,"IRN":39.3207102335519,"IRQ":19.8552712806091,"ISL":18.8229426433915,"ISR":26.0166358595194,"ITA":51.6471773784484,"JAM":43.7673130193906,"JOR":11.6160471441523,"JPN":14.1975308641975,"KAZ":79.07134126014,"KEN":47.1202164669501,"KGZ":56.1835245046924,"KHM":28.3254022207115,"KIR":41.9753086419753,"KNA":31.1538461538462,"KOR":19.8264283500362,"KWT":8.47362514029181,"LAO":8.12824956672444,"LBN":60.2150537634409,"LBR":14.8211409883721,"LBY":8.78070404764882,"LCA":21.4754098360656,"LIE":42.3125,"LKA":37.5697655876256,"LSO":75.8893280632411,"LTU":46.0274409700064,"LUX":49.7191644072932,"LVA":25.6319604030405,"MAR":67.8534617969975,"MDA":77.0681265206813,"MDG":70.232486157444,"MDV":40,"MEX":54.8110805319067,"MHL":47.2222222222222,"MKD":52.4577270939835,"MLI":32.5228038256337,"MLT":31.25,"MMR":16.7166508553417,"MNG":84.0860303318922,"MNP":6.52173913043478,"MOZ":48.1868460540706,"MRT":38.5272145144077,"MUS":49.2610837438424,"MWI":51.2303775986423,"MYS":21.4198752092528,"NAM":47.1522792697591,"NCL":13.6761487964989,"NER":29.9992105470909,"NGA":72.1430518133008,"NIC":43.2025926541466,"NLD":57.4674170616114,"NOR":2.86383896792281,"NPL":29.5849319846529,"NRU":20,"NZL":45.6663419543504,"OMN":4.11437802907916,"PAK":47.8466168534662,"PAN":30.1022329835889,"PER":18.0525271875,"PHL":37.3444679209847,"PLW":9.34782608695652,"PNG":2.43563132093804,"POL":55.1732018675112,"PRI":25.0281848928974,"PRK":21.0412175068516,"PRT":42.3794535519126,"PRY":43.1283156305059,"PYF":9.99063670411985,"QAT":5.65891472868217,"ROU":64.4625222952103,"RUS":13.2257977869402,"RWA":76.5301986218079,"SAU":80.8402025873498,"SEN":45.4474627330806,"SGP":1.77777777777778,"SLB":2.82243658449446,"SLE":44.7503463563314,"SLV":60.9893822393822,"SMR":16.6666666666667,"SOM":70.2808684286033,"STP":37.5,"SUR":0.461037330254933,"SVK":46.5072765072765,"SVN":25.0744786494538,"SWE":7.70830832349511,"SWZ":71.1627906976744,"SYC":8.69565217391304,"SYR":74.8666884318207,"TCA":1.05263157894737,"TCD":38.6991740787802,"TGO":63.2469203897775,"THA":43.2206541525573,"TJK":32.6593312374964,"TKM":75.2239695273764,"TLS":22.6092804303968,"TON":41.6666666666667,"TTO":11.6959064327485,"TUN":62.8411431513903,"TUR":53.5270194768915,"TUV":56.6666666666667,"TZA":38.6091668548205,"UGA":64.1209148691257,"UKR":71.4537232022646,"URY":85.264541195292,"USA":45.0848730397122,"UZB":62.0447751949366,"VCT":17.9487179487179,"VEN":24.5314891446063,"VGB":46.6666666666667,"VIR":17.1428571428571,"VNM":30.4459829335051,"VUT":14.6021328958162,"WBG":77.8709468438538,"WSM":16.6077738515901,"YEM":44.8055760743982,"ZAF":80.8085137953491,"ZMB":30.4227928812602,"ZWE":39.8788080651415}}