{"schemaVersion":1,"dataKind":"ranking-year","indicatorId":"AG.LND.AGRI.ZS","year":2003,"valuesByCountry":{"ABW":11.1111111111111,"AFG":58.0838047927878,"AGO":35.6934306569343,"ALB":40.9124087591241,"AND":48.6382978723404,"ARE":7.80061954379048,"ARG":47.1749814557001,"ARM":50.7200561995083,"ASM":11.8,"ATG":20.4545454545455,"AUS":57.2094294677375,"AUT":34.9640087251575,"AZE":57.5255287228379,"BDI":71.3785046728972,"BEL":45.8972076616227,"BEN":30.7821656615821,"BFA":42.385269005848,"BGD":71.6601367442575,"BGR":48.9657074561,"BHR":13.3055555555556,"BHS":1.0989010989011,"BIH":42.36328125,"BLR":44.3039846962421,"BLZ":6.66374397194213,"BMU":7.40740740740741,"BOL":33.829040893566,"BRA":27.3547224621746,"BRB":39.5348837209302,"BRN":2.46679316888046,"BTN":14.6482412060302,"BWA":45.517265717361,"CAF":7.95739831134226,"CAN":6.90930546679025,"CHE":39.3894779687923,"CHL":20.7455765185628,"CHN":55.8843892938216,"CIV":61.0849088050314,"CMR":19.3776311057519,"COD":11.2701528417988,"COG":30.8643133235725,"COL":37.9008562415502,"COM":70.9296077377754,"CPV":18.6104218362283,"CRI":35.8206032119076,"CUB":62.3872180451128,"CYM":11.25,"CYP":16.6666666666667,"CZE":47.475346188689,"DEU":48.7400017201342,"DJI":73.4124245038827,"DMA":29.3333333333333,"DNK":66.45,"DOM":49.030830055889,"DZA":16.7548514951254,"ECU":29.1914962151715,"EGY":3.4245818474057,"ERI":74.9207920792079,"ESP":58.3982692654394,"EST":19.5494220334985,"ETH":31.607,"FIN":7.37384681046653,"FJI":19.3979200875753,"FRA":54.8002597643566,"FRO":69.154011461318,"FSM":7.85714285714286,"G001":36.9369682556475,"GAB":8.08078938176738,"GBR":70.0863886248088,"GEO":43.2580227370845,"GHA":55.3358934692801,"GIN":57.441909490477,"GMB":46.5415019762846,"GNB":24.4827524893314,"GNQ":3.66666666666667,"GRC":64.0186190845617,"GRD":35.2941176470588,"GRL":0.586429528566208,"GTM":46.1832773422919,"GUM":37.037037037037,"GUY":3.64814732029464,"HKG":6.66666666666667,"HND":28.1794619715792,"HRV":21.3708812808234,"HTI":60.5950653120465,"HUN":65.4429814773488,"IDN":24.7885640571414,"IMN":80.2982456140351,"IND":60.6247834817149,"IRL":63.4344607345043,"IRN":39.4563962769223,"IRQ":19.8571003955461,"ISL":18.8029925187032,"ISR":25.4621072088725,"ITA":50.4095117645865,"JAM":43.7673130193906,"JOR":11.3893925657298,"JPN":14.1015089163237,"KAZ":78.8981738711709,"KEN":47.2186105351934,"KGZ":56.5172054223149,"KHM":28.8919102651258,"KIR":41.9753086419753,"KNA":31.1538461538462,"KOR":19.6487603305785,"KWT":8.47362514029181,"LAO":8.27989601386482,"LBN":61.2903225806452,"LBR":15.1354640780731,"LBY":8.78070404764882,"LCA":20.327868852459,"LIE":41.5,"LKA":38.0465635464838,"LSO":75.8893280632411,"LTU":40.5392469687301,"LUX":49.7191644072932,"LVA":25.4230478731097,"MAR":69.1821644633655,"MDA":76.9090355947673,"MDG":70.232486157444,"MDV":40,"MEX":54.8110805319067,"MHL":47.2222222222222,"MKD":51.1600471883602,"MLI":33.3767691916833,"MLT":32.5,"MMR":16.8038681641522,"MNG":73.5012701837711,"MNP":6.52173913043478,"MOZ":48.4686258551845,"MRT":38.5272145144077,"MUS":48.7684729064039,"MWI":52.8213831141281,"MYS":21.6595343174555,"NAM":47.1522792697591,"NCL":13.3260393873085,"NER":30.3244651456541,"NGA":72.2903834118383,"NIC":43.3521688549111,"NLD":56.6854265402844,"NOR":2.84741159334582,"NPL":29.4872689222183,"NRU":20,"NZL":45.0343701340625,"OMN":4.43618739903069,"PAK":47.7921336654213,"PAN":30.0672585418348,"PER":18.126495390625,"PHL":37.6966160244156,"PLW":9.34782608695652,"PNG":2.44667226074283,"POL":52.7984587251829,"PRI":24.3066516347238,"PRK":21.0474628353127,"PRT":41.6795628415301,"PRY":43.6955454316637,"PYF":9.9123595505618,"QAT":5.70198105081826,"ROU":64.3618177864753,"RUS":13.2029341345878,"RWA":76.4491284961492,"SAU":80.8382062064763,"SEN":44.8345712356516,"SGP":1.16448326055313,"SLB":2.96534476598785,"SLE":49.4135494596841,"SLV":60.5550193050193,"SMR":16.6666666666667,"SOM":70.3111550355469,"STP":37.5,"SUR":0.501533852507056,"SVK":46.4768239451258,"SVN":25.3227408142999,"SWE":7.68081284490562,"SWZ":71.1627906976744,"SYC":8.69565217391304,"SYR":75.2383027398006,"TCA":1.05263157894737,"TCD":38.7785895806862,"TGO":63.6146350432065,"THA":43.4026894243379,"TJK":32.8379537010574,"TKM":74.8834932862341,"TLS":22.4478816408877,"TON":41.6666666666667,"TTO":11.6959064327485,"TUN":62.9763130792997,"TUR":52.8097917180983,"TUV":56.6666666666667,"TZA":38.6881914653421,"UGA":65.622341224163,"UKR":71.3829530155004,"URY":85.2873957262027,"USA":45.0803674339003,"UZB":61.6343601520612,"VCT":17.9487179487179,"VEN":24.420384331954,"VGB":46.6666666666667,"VIR":17.1428571428571,"VNM":30.7575708710936,"VUT":14.766201804758,"WBG":77.3250664451827,"WSM":15.9010600706714,"YEM":44.5006345057484,"ZAF":80.7260796808151,"ZMB":30.8169332382733,"ZWE":40.3513447072509}}