{"schemaVersion":1,"dataKind":"ranking-year","indicatorId":"AG.LND.AGRI.ZS","year":2004,"valuesByCountry":{"ABW":11.1111111111111,"AFG":58.1512656578201,"AGO":35.5418304323414,"ALB":40.9489051094891,"AND":48.531914893617,"ARE":7.80061954379048,"ARG":47.3186952120993,"ARM":52.8626624517035,"ASM":11.95,"ATG":20.4545454545455,"AUS":51.4046574593546,"AUT":34.7479398933592,"AZE":57.5152409521966,"BDI":71.9626168224299,"BEL":45.8675370059012,"BEN":30.6779443064917,"BFA":42.9073099415205,"BGD":71.6217254359684,"BGR":49.006987863185,"BHR":12.986301369863,"BHS":1.0989010989011,"BIH":42.37109375,"BLR":44.1634001429875,"BLZ":6.66374397194213,"BMU":7.40740740740741,"BOL":33.8013477337764,"BRA":27.3671295288186,"BRB":37.2093023255814,"BRN":2.46679316888046,"BTN":15.3212477372301,"BWA":45.5719654862104,"CAF":7.95210119104947,"CAN":6.89313252111685,"CHE":39.3119241238083,"CHL":21.4314918524018,"CHN":55.9476447513305,"CIV":63.403606918239,"CMR":19.4834042013074,"COD":11.2701528417988,"COG":30.8734436310395,"COL":38.2073005858495,"COM":71.4669532509404,"CPV":18.8585607940447,"CRI":35.6835095965531,"CUB":61.3476177051029,"CYM":11.25,"CYP":16.8831168831169,"CZE":47.0022003624126,"DEU":48.7799982796686,"DJI":73.4124245038827,"DMA":29.3333333333333,"DNK":66.15,"DOM":48.0828234320017,"DZA":17.27518536868,"ECU":30.3068126912546,"EGY":3.49389723240745,"ERI":61.9923728717243,"ESP":58.2375095156056,"EST":18.1740976645435,"ETH":29.3293276530079,"FIN":7.39682852358909,"FJI":19.0804597701149,"FRA":54.6588737359681,"FRO":69.154011461318,"FSM":7.85714285714286,"G001":36.5673205402573,"GAB":8.10042302169442,"GBR":70.4790641921217,"GEO":35.8612750035976,"GHA":52.1647793794498,"GIN":57.4635398014,"GMB":47.2332015810277,"GNB":24.7830725462304,"GNQ":3.66666666666667,"GRC":62.6842513576416,"GRD":35.2941176470588,"GRL":0.587160433670362,"GTM":44.0742814483016,"GUM":37.037037037037,"GUY":3.65033731267463,"HKG":6.66666666666667,"HND":28.0632764322102,"HRV":21.0135086841541,"HTI":60.5950653120465,"HUN":65.431823253738,"IDN":24.8373681438111,"IMN":80.3508771929825,"IND":60.6671622062499,"IRL":62.4909275656844,"IRN":39.5920823202927,"IRQ":19.7304341861582,"ISL":18.7930174563591,"ISR":23.7292051756007,"ITA":50.3283533636776,"JAM":43.5826408125577,"JOR":11.7520398912058,"JPN":14.0192043895748,"KAZ":78.7756046968182,"KEN":47.4259408932776,"KGZ":56.1522419186653,"KHM":29.6283707228643,"KIR":41.9753086419753,"KNA":30.8846153846154,"KOR":19.5517455071266,"KWT":8.41750841750842,"LAO":8.4315424610052,"LBN":62.3949169110459,"LBR":15.449584717608,"LBY":8.74376257430919,"LCA":18.1967213114754,"LIE":40.6875,"LKA":36.4917875936852,"LSO":76.2187088274045,"LTU":41.5491384811742,"LUX":49.7191644072932,"LVA":26.3872595497131,"MAR":67.3112256329823,"MDA":76.7031630170316,"MDG":70.232486157444,"MDV":36.6666666666667,"MEX":54.8213688623679,"MHL":47.2222222222222,"MKD":49.6264254817145,"MLI":32.5285406371139,"MLT":31.25,"MMR":16.9599951026905,"MNG":73.4363531942671,"MNP":6.52173913043478,"MOZ":48.7504056562985,"MRT":38.5272145144077,"MUS":48.2758620689655,"MWI":52.8213831141281,"MYS":21.7065895601887,"NAM":47.1522792697591,"NCL":12.9431072210066,"NER":30.3718323202021,"NGA":72.4230531308673,"NIC":43.418647166362,"NLD":57.7428909952607,"NOR":2.84741159334582,"NPL":29.424485524939,"NRU":20,"NZL":45.1558998898637,"OMN":4.75605815831987,"PAK":46.7582503113325,"PAN":30.0322841000807,"PER":18.200463671875,"PHL":38.4679880605024,"PLW":9.34782608695652,"PNG":2.47979508015722,"POL":53.2987301276401,"PRI":23.5625704622322,"PRK":21.0852753093597,"PRT":42.2908196721311,"PRY":44.2363521268563,"PYF":9.83411120714491,"QAT":5.61584840654608,"ROU":61.4347826086956,"RUS":13.1846021330511,"RWA":76.3275233076611,"SAU":80.8390008791965,"SEN":45.1202410014024,"SGP":1.1611030478955,"SLB":2.96534476598785,"SLE":52.2683568855639,"SLV":61.8098455598456,"SMR":16.6666666666667,"SOM":70.3876685688781,"STP":36.4583333333333,"SUR":0.482843149929153,"SVK":40.2079002079002,"SVN":24.428997020854,"SWE":7.74095920432013,"SWZ":71.1627906976744,"SYC":8.69565217391304,"SYR":75.7476711881026,"TCA":1.05263157894737,"TCD":38.7785895806862,"TGO":63.9823496966354,"THA":43.5847246961185,"TJK":33.2237782223492,"TKM":74.5855765752346,"TLS":22.4209818426362,"TON":41.6666666666667,"TTO":10.7212475633528,"TUN":63.2723995880536,"TUR":53.5452100359913,"TUV":56.6666666666667,"TZA":39.2380898622714,"UGA":66.3730544016816,"UKR":71.3812269133842,"URY":84.7274597188893,"USA":45.0758618280884,"UZB":61.2224763853868,"VCT":17.9487179487179,"VEN":24.4770704608582,"VGB":46.6666666666667,"VIR":17.1428571428571,"VNM":31.5915760957203,"VUT":14.8482362592289,"WBG":77.3916611295681,"WSM":15.1943462897526,"YEM":44.6180654203837,"ZAF":80.4622905143064,"ZMB":30.8007909710919,"ZWE":41.2496238852268}}