{"schemaVersion":1,"dataKind":"ranking-year","indicatorId":"AG.LND.AGRI.ZS","year":2005,"valuesByCountry":{"ABW":11.1111111111111,"AFG":58.134400441562,"AGO":35.4399614983557,"ALB":39.3065693430657,"AND":46.3829787234043,"ARE":7.84286116586877,"ARG":47.4737365211259,"ARM":56.3751317175975,"ASM":12.1,"ATG":20.4545454545455,"AUS":53.3993725837314,"AUT":34.6194861851672,"AZE":57.5683522864747,"BDI":70.8333333333333,"BEL":45.5939076253585,"BEN":30.8048244058177,"BFA":43.4256962719298,"BGD":71.5295382960744,"BGR":48.4628129602356,"BHR":12.6621621621622,"BHS":1.0989010989011,"BIH":42.12890625,"BLR":44.1200396385204,"BLZ":6.66374397194213,"BMU":7.40740740740741,"BOL":34.119819071356,"BRA":27.3795365954626,"BRB":37.2093023255814,"BRN":2.46679316888046,"BTN":15.5573628564682,"BWA":45.5507913821396,"CAF":7.9487302963177,"CAN":6.87695957544345,"CHE":39.2348776376625,"CHL":21.364245251045,"CHN":56.0109031839269,"CIV":64.1655880503145,"CMR":19.4897505870407,"COD":11.2701528417988,"COG":30.88039238653,"COL":38.3569175304191,"COM":71.4669532509404,"CPV":18.8585607940447,"CRI":35.3505679592636,"CUB":62.3543780533634,"CYM":11.25,"CYP":18.0735930735931,"CZE":46.6669686771939,"DEU":48.8330083725198,"DJI":73.4124245038827,"DMA":29.3333333333333,"DNK":67.675,"DOM":48.2908052163113,"DZA":17.3028962019364,"ECU":30.1980995329361,"EGY":3.53910291827817,"ERI":62.1522804243469,"ESP":58.4343505179427,"EST":20.8044350082567,"ETH":29.7634289851903,"FIN":7.46511704258183,"FJI":18.7629994526546,"FRA":54.5327024770387,"FRO":69.154011461318,"FSM":7.85714285714286,"G001":36.6189581360032,"GAB":8.12005666162145,"GBR":70.0863886248088,"GEO":36.2642106777954,"GHA":53.263512349477,"GIN":57.5021040208367,"GMB":47.9249011857708,"GNB":25.0833926031294,"GNQ":3.67130124777184,"GRC":62.1024049650892,"GRD":26.4705882352941,"GRL":0.587891338774516,"GTM":42.5718551698395,"GUM":37.037037037037,"GUY":3.65252730505461,"HKG":6.66666666666667,"HND":28.1526499240325,"HRV":21.6389107283254,"HTI":64.2235123367199,"HUN":65.4279656288361,"IDN":24.9394340083909,"IMN":80.8947368421053,"IND":60.5834137744308,"IRL":62.4473798809697,"IRN":29.2437191483091,"IRQ":20.0640190227953,"ISL":18.7730673316708,"ISR":23.775415896488,"ITA":49.8312581581101,"JAM":43.1209602954755,"JOR":11.4800543970988,"JPN":13.9368998628258,"KAZ":78.6331814646072,"KEN":47.4435112626067,"KGZ":56.021897810219,"KHM":30.3421708588262,"KIR":41.9753086419753,"KNA":19.2307692307692,"KOR":19.4217862674239,"KWT":8.41750841750842,"LAO":8.60051993067591,"LBN":63.8318670576735,"LBR":15.75958160299,"LBY":8.74376257430919,"LCA":17.8688524590164,"LIE":39.875,"LKA":39.7464519215436,"LSO":76.6469038208169,"LTU":45.2616464582004,"LUX":50.1075953792252,"LVA":27.8657174538384,"MAR":67.1947120770782,"MDA":75.9805411979325,"MDG":70.3184647659662,"MDV":30,"MEX":54.8213688623679,"MHL":47.2222222222222,"MKD":48.2894219425875,"MLI":33.103041329629,"MLT":29.0625,"MMR":17.2385820986899,"MNG":73.2916678442313,"MNP":6.52173913043478,"MOZ":49.0321854574124,"MRT":38.5272145144077,"MUS":47.2906403940887,"MWI":54.9427238014425,"MYS":21.7148379242124,"NAM":47.1522792697591,"NCL":12.5875273522976,"NER":33.918844240941,"NGA":72.6784739286538,"NIC":43.626391889646,"NLD":57.396327014218,"NOR":2.83646001029449,"NPL":29.3128705964423,"NRU":20,"NZL":44.4798906232198,"OMN":4.73344103392569,"PAK":46.6544728102947,"PAN":29.9973096583266,"PER":18.274431875,"PHL":38.082302042459,"PLW":9.34782608695652,"PNG":2.50187695976682,"POL":51.9243952600137,"PRI":22.8184892897407,"PRK":21.5139606344988,"PRT":41.8048540505084,"PRY":44.7846566826076,"PYF":9.75583405358686,"QAT":5.56416881998277,"ROU":61.6575354378642,"RUS":13.1661598924145,"RWA":76.2464531820024,"SAU":80.8384000483791,"SEN":45.5825066223446,"SGP":1.10304789550073,"SLB":3.45837799214005,"SLE":52.8126904959823,"SLV":58.8127413127413,"SMR":16.6666666666667,"SOM":70.3382535786017,"STP":35.4166666666667,"SUR":0.453561049223772,"SVK":40.3534303534304,"SVN":25.2730883813307,"SWE":7.85879696970366,"SWZ":71.1627906976744,"SYC":8.69565217391304,"SYR":75.3282126709157,"TCA":1.05263157894737,"TCD":38.8580050825921,"TGO":64.7177790034933,"THA":43.7667599678992,"TJK":33.3809659902829,"TKM":74.2238205690209,"TLS":22.3940820443847,"TON":41.6666666666667,"TTO":10.5263157894737,"TUN":63.2337796086509,"TUR":53.5621012694412,"TUV":56.6666666666667,"TZA":39.8670128697223,"UGA":66.3730544016816,"UKR":71.2899996548034,"URY":84.7446006170723,"USA":45.0713562222766,"UZB":60.8077568148602,"VCT":17.9487179487179,"VEN":24.4827390737487,"VGB":46.6666666666667,"VIR":17.1428571428571,"VNM":32.1384618827057,"VUT":15.0123051681706,"WBG":77.6106146179402,"WSM":14.8409893992933,"YEM":44.5536678220353,"ZAF":80.359247871139,"ZMB":30.6191904653008,"ZWE":41.5032089957348}}