{"schemaVersion":1,"dataKind":"ranking-year","indicatorId":"AG.LND.AGRI.ZS","year":2006,"valuesByCountry":{"ABW":11.1111111111111,"AFG":58.123668031216,"AGO":35.4030640891955,"ALB":40.8759124087591,"AND":46.3404255319149,"ARE":7.58377921712194,"ARG":47.5533947944415,"ARM":61.6930101861609,"ASM":12.25,"ATG":20.4545454545455,"AUS":53.27857542663,"AUT":34.4558894813379,"AZE":57.5529121337899,"BDI":70.9501557632399,"BEL":45.4950054396202,"BEN":29.6144554806669,"BFA":43.9294627192982,"BGD":71.2913881846816,"BGR":47.7768572217619,"BHR":12.527027027027,"BHS":1.0989010989011,"BIH":42.16796875,"BLR":44.1489571422939,"BLZ":6.66374397194213,"BMU":7.40740740740741,"BOL":34.2857729160897,"BRA":27.3925777744809,"BRB":37.2093023255814,"BRN":2.33396584440228,"BTN":15.1376026444893,"BWA":45.5296172780689,"CAF":7.94054383768339,"CAN":6.75739131501664,"CHE":39.1590521822101,"CHL":21.2499260287385,"CHN":56.0741598447602,"CIV":65.0364025157233,"CMR":19.4897505870407,"COD":11.286032509208,"COG":30.8895197657394,"COL":38.011716989635,"COM":71.4669532509404,"CPV":18.8585607940447,"CRI":35.5464159811986,"CUB":62.294465846096,"CYM":11.25,"CYP":16.991341991342,"CZE":46.1611650485437,"DEU":48.5948612066988,"DJI":73.4253666954271,"DMA":29.3333333333333,"DNK":67.75,"DOM":47.6230656178845,"DZA":17.2903003686381,"ECU":29.9726203897568,"EGY":3.54914862624943,"ERI":62.5764277224781,"ESP":57.3429796785442,"EST":21.1960368011323,"ETH":30.319510705705,"FIN":7.56568346979711,"FJI":18.4455391351943,"FRA":54.3885332591149,"FRO":69.154011461318,"FSM":7.85714285714286,"G001":36.6239439532657,"GAB":8.13969030154849,"GBR":73.7320712602819,"GEO":36.2354295582098,"GHA":52.930439922651,"GIN":57.7930225459873,"GMB":49.0118577075099,"GNB":25.3837126600285,"GNQ":3.67593582887701,"GRC":61.0007757951901,"GRD":26.4705882352941,"GRL":0.58862224387867,"GTM":40.2711011571482,"GUM":37.037037037037,"GUY":3.65252730505461,"HKG":5.71428571428571,"HND":28.2420234158549,"HRV":21.9784146951612,"HTI":64.2235123367199,"HUN":64.8253543131347,"IDN":25.5208558741616,"IMN":74.3157894736842,"IND":60.5094191760365,"IRL":61.837712294963,"IRN":29.3794051916796,"IRQ":20.5281569380616,"ISL":18.7630922693267,"ISR":23.5120147874307,"ITA":48.0288653379233,"JAM":43.1209602954755,"JOR":11.5367180417044,"JPN":13.8639231824417,"KAZ":78.481497944216,"KEN":47.5348771831184,"KGZ":55.9494264859228,"KHM":30.3365057783821,"KIR":41.9753086419753,"KNA":19.2692307692308,"KOR":19.1783649876135,"KWT":8.41750841750842,"LAO":8.7738301559792,"LBN":66.3734115347019,"LBR":16.0693563122924,"LBY":8.74376257430919,"LCA":16.5573770491803,"LIE":39.0625,"LKA":38.7529899537554,"LSO":75.9881422924901,"LTU":44.5229738353542,"LUX":50.1075953792252,"LVA":29.8102110016552,"MAR":67.0983643289267,"MDA":75.4940711462451,"MDG":70.3184647659662,"MDV":23.3333333333333,"MEX":54.8213688623679,"MHL":47.2222222222222,"MKD":48.1321274085726,"MLI":33.1636876224195,"MLT":29.0625,"MMR":17.7467978637122,"MNE":38.2899628252788,"MNG":73.6631225279957,"MNP":6.52173913043478,"MOZ":49.3139652585264,"MRT":38.5272145144077,"MUS":46.3054187192118,"MWI":56.0564276622826,"MYS":21.5346218231624,"NAM":47.1522792697591,"NCL":12.2866520787746,"NER":33.9377911107602,"NGA":72.4977041404526,"NIC":43.2773807545288,"NLD":56.8601895734597,"NOR":2.83372211453166,"NPL":29.1942797349145,"NRU":20,"NZL":43.2000303824389,"OMN":4.72697899838449,"PAK":46.875,"PAN":29.9219800914716,"PER":18.34840015625,"PHL":38.8369051212396,"PLW":9.34782608695652,"PNG":2.54162434306408,"POL":52.0925829198224,"PRI":22.0744081172492,"PRK":21.5474545303546,"PRT":41.0807915163442,"PRY":45.3439884218475,"PYF":9.67758571016998,"QAT":5.6244616709733,"ROU":61.0444386468388,"RUS":13.1573709193088,"RWA":76.3680583704905,"SAU":80.8373339876913,"SEN":44.0970238404404,"SGP":1.0806916426513,"SLB":3.46909610575205,"SLE":55.8309781102799,"SLV":58.730694980695,"SMR":16.6666666666667,"SOM":70.2585519813817,"SRB":40.441344614681,"STP":35.4166666666667,"SUR":0.453561049223772,"SVK":40.3118503118503,"SVN":24.3793445878848,"SWE":7.73334884863911,"SWZ":71.1046511627907,"SYC":8.69565217391304,"SYR":75.5704405598214,"TCA":1.05263157894737,"TCD":38.8580050825921,"TGO":65.6370656370656,"THA":43.9487952396798,"TJK":33.8310945984567,"TKM":73.8407847977358,"TLS":22.3671822461332,"TON":43.0555555555556,"TTO":10.5263157894737,"TUN":63.1179196704428,"TUR":52.6135935449502,"TUV":56.6666666666667,"TZA":40.4959358771732,"UGA":67.3777588709274,"UKR":71.2579397956366,"URY":83.961832933379,"USA":45.0668506164647,"UZB":60.3923368131238,"VCT":17.9487179487179,"VEN":24.4373901706252,"VGB":46.6666666666667,"VIR":11.4285714285714,"VNM":32.2191850892757,"VUT":15.1763740771124,"WBG":77.4817774086379,"WSM":14.2049469964664,"YEM":44.750648711101,"ZAF":79.8687648896619,"ZMB":31.0039144997915,"ZWE":42.0098622204989}}