{"schemaVersion":1,"dataKind":"ranking-year","indicatorId":"AG.LND.AGRI.ZS","year":2007,"valuesByCountry":{"ABW":11.1111111111111,"AFG":58.129800837128,"AGO":35.4896927889629,"ALB":40.8394160583942,"AND":44.1914893617021,"ARE":7.49929597296536,"ARG":47.4910932549905,"ARM":61.5349490691956,"ASM":12.4,"ATG":20.4545454545455,"AUS":51.8536766332999,"AUT":34.2959282598158,"AZE":57.5645354536543,"BDI":71.0669781931464,"BEL":45.0631325618963,"BEN":29.9672224192976,"BFA":44.407644371345,"BGD":71.1838365214719,"BGR":47.1043182027438,"BHR":12.2133333333333,"BHS":1.0989010989011,"BIH":41.97265625,"BLR":43.9426124070359,"BLZ":6.66374397194213,"BMU":7.40740740740741,"BOL":34.415725653097,"BRA":27.4788170573836,"BRB":37.2093023255814,"BRN":2.35294117647059,"BTN":14.7703124590078,"BWA":45.4960916132903,"CAF":7.94664355195994,"CAN":6.6931456825485,"CHE":39.0830777765012,"CHL":21.1584706508933,"CHN":56.1374176962452,"CIV":66.0606006289308,"CMR":19.4897505870407,"COD":11.3142630290466,"COG":30.8914231332357,"COL":38.2478593961244,"COM":71.4669532509404,"CPV":18.8585607940447,"CRI":35.2526439482961,"CUB":62.1946636602781,"CYM":11.25,"CYP":15.9307359307359,"CZE":46.5592233009709,"DEU":48.6133019760805,"DJI":73.4339948231234,"DMA":29.3333333333333,"DNK":66.575,"DOM":47.8957917615401,"DZA":17.3201105074441,"ECU":29.8437751650829,"EGY":3.55417148023507,"ERI":62.5616538406188,"ESP":56.1078720121817,"EST":21.5758433592828,"ETH":31.0792400564507,"FIN":7.54677891413726,"FJI":18.128078817734,"FRA":54.1907412561462,"FRO":69.154011461318,"FSM":7.85714285714286,"G001":36.5554070062275,"GAB":8.15932394147553,"GBR":72.9425866986318,"GEO":36.221038998417,"GHA":54.8134481849345,"GIN":58.318871479733,"GMB":49.0118577075099,"GNB":25.6840327169275,"GNQ":3.68057040998217,"GRC":60.1474010861133,"GRD":26.4705882352941,"GRL":0.589353148982824,"GTM":41.5080253826055,"GUM":35.1851851851852,"GUY":3.65252730505461,"HKG":5.71428571428571,"HND":28.2420234158549,"HRV":21.4780930598242,"HTI":64.2235123367199,"HUN":64.8030353755161,"IDN":26.0490159620222,"IMN":73.8947368421053,"IND":60.4132261981239,"IRL":62.0699666134417,"IRN":29.51509123505,"IRQ":20.8832338752086,"ISL":18.713216957606,"ISR":23.9417744916821,"ITA":47.8902197363705,"JAM":42.8439519852262,"JOR":10.9168177697189,"JPN":13.7909465020576,"KAZ":78.3181835018706,"KEN":47.5565720209439,"KGZ":55.9363920750782,"KHM":30.3365057783821,"KIR":41.9753086419753,"KNA":19.5769230769231,"KOR":18.9847296739579,"KWT":8.47362514029181,"LAO":8.93847487001733,"LBN":66.1876832844575,"LBR":16.3743864202658,"LBY":8.74376257430919,"LCA":16.2786885245902,"LIE":38.25,"LKA":37.9907510763833,"LSO":76.7127799736495,"LTU":43.0105296745373,"LUX":50.8844573230891,"LVA":29.5530878878943,"MAR":67.1297333632086,"MDA":75.554879902706,"MDG":70.3184647659662,"MDV":23.3333333333333,"MEX":54.8882430103655,"MHL":47.2222222222222,"MKD":42.6476416963932,"MLI":33.2710479515485,"MLT":29.0625,"MMR":18.337617823479,"MNE":38.2156133828996,"MNG":73.6327525489621,"MNP":3.69565217391304,"MOZ":49.5957450596404,"MRT":38.5272145144077,"MUS":45.320197044335,"MWI":56.0564276622826,"MYS":21.6320194795313,"NAM":47.1377036038334,"NCL":11.9310722100656,"NER":34.5638272677035,"NGA":72.8559424443054,"NIC":43.0031577197939,"NLD":56.7061611374408,"NOR":2.82550842724316,"NPL":29.0617370073247,"NRU":20,"NZL":43.625384527743,"OMN":4.73344103392569,"PAK":46.7167393109174,"PAN":30.0215227333871,"PER":18.422368359375,"PHL":39.5412013281014,"PLW":9.34782608695652,"PNG":2.6763238086826,"POL":50.49947767041,"PRI":21.3077790304397,"PRK":21.5648368075741,"PRT":40.0231769979228,"PRY":45.8482028693682,"PYF":9.59930855661193,"QAT":5.68475452196382,"ROU":59.2892252816564,"RUS":13.1558444571717,"RWA":76.1248479935144,"SAU":80.8353375602994,"SEN":44.1645457850725,"SGP":1.15107913669065,"SLB":3.61557699178278,"SLE":50.2039346079246,"SLV":59.9083011583012,"SMR":16.6666666666667,"SOM":70.1788503841617,"SRB":40.8518179739309,"STP":35.4166666666667,"SUR":0.436116393484396,"SVK":40.1247401247401,"SVN":24.7269116186693,"SWE":7.66166420803079,"SWZ":71.1046511627907,"SYC":6.52173913043478,"SYR":75.6752341537791,"TCA":1.05263157894737,"TCD":38.8587992376112,"TGO":66.0967089538518,"THA":44.1288731429466,"TJK":33.7882252072021,"TKM":73.5215883216649,"TLS":22.3402824478816,"TON":43.0555555555556,"TTO":10.5263157894737,"TUN":63.1114830072091,"TUR":51.3298598027624,"TUV":60,"TZA":41.1135696545496,"UGA":68.3824633401732,"UKR":71.2305594393524,"URY":83.1333561878643,"USA":45.0623450106528,"UZB":59.9586223347646,"VCT":17.9487179487179,"VEN":24.4419250609376,"VGB":46.6666666666667,"VIR":11.4285714285714,"VNM":32.1943447296182,"VUT":15.3404429860541,"WBG":77.6293853820598,"WSM":13.6042402826855,"YEM":44.750648711101,"ZAF":79.8704135719526,"ZMB":30.9178224081572,"ZWE":41.7441240791004}}