{"schemaVersion":1,"dataKind":"ranking-year","indicatorId":"AG.LND.AGRI.ZS","year":2008,"valuesByCountry":{"ABW":11.1111111111111,"AFG":58.132867240084,"AGO":35.4495869094409,"ALB":43.1021897810219,"AND":44.1702127659574,"ARE":7.5978597578147,"ARG":46.4235627710848,"ARM":61.4260625219529,"ASM":12.55,"ATG":20.4545454545455,"AUS":50.6733660492301,"AUT":34.0450799806108,"AZE":57.5683493289119,"BDI":71.183800623053,"BEL":45.0103847295025,"BEN":31.7833628946435,"BFA":44.9132383040936,"BGD":71.0839671199201,"BGR":46.9662093729859,"BHR":11.9210526315789,"BHS":1.0989010989011,"BIH":41.6015625,"BLR":43.9473243240579,"BLZ":6.66374397194213,"BMU":5.55555555555556,"BOL":34.534601033878,"BRA":27.5650563402862,"BRB":37.2093023255814,"BRN":2.35294117647059,"BTN":13.6763124065378,"BWA":45.6672489545286,"CAF":7.94792770233394,"CAN":6.62890005008036,"CHE":38.9991102489111,"CHL":20.7361278330993,"CHN":56.2006719746855,"CIV":65.7955125786164,"CMR":19.5955236825961,"COD":11.3363181226704,"COG":30.8930483162518,"COL":38.408292023434,"COM":71.4669532509404,"CPV":19.3548387096774,"CRI":35.1155503329416,"CUB":61.6967305524239,"CYM":11.25,"CYP":12.5108225108225,"CZE":46.2404194717763,"DEU":48.5356968706078,"DJI":73.4210526315789,"DMA":29.3333333333333,"DNK":66.7,"DOM":46.9829931691161,"DZA":17.344042590711,"ECU":29.9766468030279,"EGY":3.55818976342358,"ERI":62.5487918988311,"ESP":56.4194065757819,"EST":21.3918376975702,"ETH":30.5812240163046,"FIN":7.55643303718328,"FJI":17.8106185002737,"FRA":54.0126171258929,"FRO":69.154011461318,"FSM":7.85714285714286,"G001":36.4525805573715,"GAB":8.17895758140257,"GBR":73.0955234985326,"GEO":36.1778673190387,"GHA":52.75890261053,"GIN":58.9289268272831,"GMB":55.9288537549407,"GNB":25.9843527738265,"GNQ":3.68520499108734,"GRC":59.4026377036462,"GRD":26.4705882352941,"GRL":0.590084054086978,"GTM":41.3773796192609,"GUM":35.1851851851852,"GUY":3.65252730505461,"HKG":5.71428571428571,"HND":28.4565197962284,"HRV":23.0344507183189,"HTI":64.2235123367199,"HUN":64.6133244057583,"IDN":26.2043436045121,"IMN":77.6842105263158,"IND":60.4593046525785,"IRL":67.1940775148788,"IRN":28.6629092070041,"IRQ":18.7511717767565,"ISL":18.713216957606,"ISR":23.826247689464,"ITA":48.8884680675508,"JAM":41.4589104339797,"JOR":11.0210788757933,"JPN":13.7152263374486,"KAZ":78.1017890876764,"KEN":47.5958372280985,"KGZ":55.9290928050052,"KHM":30.3365057783821,"KIR":41.9753086419753,"KNA":19.6153846153846,"KOR":18.733890091762,"KWT":8.47362514029181,"LAO":9.11611785095321,"LBN":64.8093841642229,"LBR":16.6862728405316,"LBY":8.74376257430919,"LCA":16.2950819672131,"LIE":37.4375,"LKA":41.4224206665604,"LSO":77.7997364953887,"LTU":42.6342241723175,"LUX":50.8844573230891,"LVA":29.3281051633535,"MAR":67.1767869146314,"MDA":75.4332623897841,"MDG":70.3219039103071,"MDV":23.3333333333333,"MEX":53.1675197407341,"MHL":47.2222222222222,"MKD":42.1323820848197,"MLI":33.4627970234144,"MLT":29.0625,"MMR":18.7919976733863,"MNE":38.1412639405204,"MNG":73.5213912374525,"MNP":3.69565217391304,"MOZ":49.8775248607543,"MRT":38.5272145144077,"MUS":44.8275862068966,"MWI":57.6474331777683,"MYS":21.7635063156293,"NAM":47.1377036038334,"NCL":11.5207877461707,"NER":34.5638272677035,"NGA":72.9272921813411,"NIC":42.6458367957454,"NLD":57.1475118483412,"NOR":2.80579557775076,"NPL":28.9640739448901,"NRU":20,"NZL":43.1962325775702,"OMN":4.70823909531502,"PAK":45.8086861768369,"PAN":29.986548291633,"PER":18.496336640625,"PHL":40.2790354495757,"PLW":9.34782608695652,"PNG":2.74919401139425,"POL":50.9337251061051,"PRI":21.4994363021421,"PRK":22.060393655012,"PRT":40.7331365475019,"PRY":46.683370249182,"PYF":9.52106021319504,"QAT":5.74504737295435,"ROU":59.3040452370596,"RUS":13.1584362579663,"RWA":76.2059181191731,"SAU":80.8328759960739,"SEN":48.1743104970654,"SGP":1,"SLB":3.58342265094677,"SLE":51.430174563591,"SLV":59.7249034749035,"SMR":16.6666666666667,"SOM":70.3382535786017,"SRB":41.2028355819803,"STP":35.4166666666667,"SUR":0.441100580838504,"SVK":40.2702702702703,"SVN":30.7035569983421,"SWE":7.55094580763918,"SWZ":71.1046511627907,"SYC":6.52173913043478,"SYR":75.6806795905032,"TCA":1.05263157894737,"TCD":38.8587992376112,"TGO":66.8321382607097,"THA":44.3109084147272,"TJK":33.7739354101172,"TKM":73.0959930202371,"TLS":22.649630127774,"TON":43.0555555555556,"TTO":10.5263157894737,"TUN":63.6006694129763,"TUR":50.8322180788171,"TUV":60,"TZA":41.7412508466923,"UGA":69.6374055352585,"UKR":71.2766691983705,"URY":83.8418466460976,"USA":45.3549551239585,"UZB":59.5457913098927,"VCT":17.9487179487179,"VEN":24.4884076866391,"VGB":46.6666666666667,"VIR":11.4285714285714,"VNM":32.7399677741119,"VUT":15.3404429860541,"WBG":77.9329568106312,"WSM":13.0742049469965,"YEM":44.5423035399739,"ZAF":80.0501199416366,"ZMB":31.0563768681311,"ZWE":42.3663220886649}}