{"schemaVersion":1,"dataKind":"ranking-year","indicatorId":"AG.LND.AGRI.ZS","year":2009,"valuesByCountry":{"ABW":11.1111111111111,"AFG":58.132867240084,"AGO":35.7985080612818,"ALB":43.8430656934307,"AND":44.1914893617021,"ARE":5.46184173472261,"ARG":45.4302094866426,"ARM":61.3382507903056,"ASM":12.7,"ATG":20.4545454545455,"AUS":50.0184840477461,"AUT":33.8705768298594,"AZE":57.5790951562538,"BDI":71.3006230529595,"BEL":44.9543401575841,"BEN":33.170672224193,"BFA":45.4371067251462,"BGD":71.0301912883153,"BGR":46.3338246131172,"BHR":11.7763157894737,"BHS":1.0989010989011,"BIH":41.5625,"BLR":43.9974765645792,"BLZ":6.79526523454625,"BMU":5.55555555555556,"BOL":34.6534765069694,"BRA":27.6512956231889,"BRB":37.2093023255814,"BRN":2.5426944971537,"BTN":13.6422068893145,"BWA":45.7325357754133,"CAF":7.93813605573213,"CAN":6.56465441761223,"CHE":38.9154514632651,"CHL":20.3137863602374,"CHN":56.2639250438662,"CIV":65.6981257861635,"CMR":19.7012967781515,"COD":11.8599060453012,"COG":30.9318155197657,"COL":38.3415953132041,"COM":71.4669532509404,"CPV":19.3548387096774,"CRI":35.5660007833921,"CUB":61.1969184517099,"CYM":11.25,"CYP":13.8095238095238,"CZE":45.907172449508,"DEU":48.4380826711798,"DJI":73.4253666954271,"DMA":30.6666666666667,"DNK":65.85,"DOM":48.1226019457669,"DZA":17.3738527295171,"ECU":30.3366081494605,"EGY":3.70586167060124,"ERI":62.7077358945754,"ESP":56.0903220631292,"EST":21.9815994338287,"ETH":30.9988954345277,"FIN":7.55676209279368,"FJI":17.504105090312,"FRA":53.8452546618425,"FRO":69.0616045845272,"FSM":7.14285714285714,"G001":36.4182334516288,"GAB":8.19859122132961,"GBR":71.6116231967925,"GEO":35.9476183623543,"GHA":54.1024233101872,"GIN":58.4625895328016,"GMB":61.4624505928854,"GNB":26.2846728307255,"GNQ":3.68983957219251,"GRC":58.6501163692785,"GRD":29.4117647058824,"GRL":0.590814959191132,"GTM":40.7764091078761,"GUM":33.3333333333333,"GUY":3.65252730505461,"HKG":5.71428571428571,"HND":28.5816426847797,"HRV":23.2220713315703,"HTI":65.9045718432511,"HUN":63.8793770020987,"IDN":26.5727183586424,"IMN":76.1754385964912,"IND":60.5639061075814,"IRL":66.6848599216142,"IRN":28.6636459638007,"IRQ":18.0645606925769,"ISL":18.7032418952618,"ISR":24.1497227356747,"ITA":47.2828843695683,"JAM":41.1819021237304,"JOR":11.5453931065555,"JPN":13.6477366255144,"KAZ":78.0765640626736,"KEN":47.9865096461328,"KGZ":55.3561001042753,"KHM":30.1876954452753,"KIR":41.9753086419753,"KNA":21.1538461538462,"KOR":18.4937152276942,"KWT":8.5016835016835,"LAO":9.39341421143848,"LBN":64.8093841642229,"LBR":16.9967929817276,"LBY":8.74376257430919,"LCA":16.2950819672131,"LIE":36.625,"LKA":41.6137777069048,"LSO":77.0421607378129,"LTU":42.9038691663343,"LUX":50.7679280315095,"LVA":29.456666720234,"MAR":67.2251848532377,"MDA":75.1596229857099,"MDG":70.3219039103071,"MDV":23.3333333333333,"MEX":52.8213174207156,"MHL":47.2222222222222,"MKD":40.1665344964314,"MLI":33.6473069767823,"MLT":29.0625,"MMR":19.04331853666,"MNE":38.2156133828996,"MNG":73.3692547623991,"MNP":3.69565217391304,"MOZ":50.1593046618683,"MRT":38.5272145144077,"MUS":44.8275862068966,"MWI":58.1777683495969,"MYS":21.9753462182316,"NAM":47.1377036038334,"NCL":11.2472647702407,"NER":34.5638272677035,"NGA":73.3103218156066,"NIC":42.2885158716969,"NLD":56.8455380966499,"NOR":2.77693815641051,"NPL":28.8803627485176,"NRU":20,"NZL":43.6367779423493,"OMN":4.69919224555735,"PAK":45.7619863013699,"PAN":30.0188323917137,"PER":18.57030484375,"PHL":40.580876681088,"PLW":9.34782608695652,"PNG":2.79777414653535,"POL":50.9958208175526,"PRI":21.6798196166855,"PRK":22.1428535835894,"PRT":40.3491647559777,"PRY":46.8934983639567,"PYF":9.29873235378853,"QAT":5.80534022394488,"ROU":59.2062940102582,"RUS":13.1584362579663,"RWA":77.2598297527361,"SAU":80.831344752034,"SEN":48.1898924842882,"SGP":1,"SLB":3.67988567345481,"SLE":52.6596009975062,"SLV":59.5415057915058,"SMR":16.6666666666667,"SOM":70.3382535786017,"SRB":40.2241024468328,"STP":35.4166666666667,"SUR":0.500910829087792,"SVK":40.1330838012061,"SVN":31.0297928104121,"SWE":7.52983320800796,"SWZ":71.1627906976744,"SYC":6.30434782608696,"SYR":75.7351339577434,"TCA":1.05263157894737,"TCD":38.9413913595934,"TGO":67.1998529141386,"THA":44.4929436865079,"TJK":34.0054301228923,"TKM":72.7874364267018,"TLS":22.7572293207801,"TON":44.4444444444444,"TTO":10.5263157894737,"TUN":63.0084963954686,"TUR":50.5580603666697,"TUV":60,"TZA":41.9809212011741,"UGA":70.6421100045043,"UKR":71.2490506110613,"URY":84.6417552279739,"USA":45.576134822715,"UZB":59.1336063035475,"VCT":17.9487179487179,"VEN":24.3750354288306,"VGB":46.6666666666667,"VIR":11.4285714285714,"VNM":32.9068109297165,"VUT":15.3404429860541,"WBG":71.3870431893688,"WSM":12.3321554770318,"YEM":44.4191904843078,"ZAF":79.9511990041959,"ZMB":31.7276261450921,"ZWE":41.9757303864547}}