{"schemaVersion":1,"dataKind":"ranking-year","indicatorId":"AG.LND.AGRI.ZS","year":2010,"valuesByCountry":{"ABW":11.1111111111111,"AFG":58.134400441562,"AGO":35.9749739311783,"ALB":43.8430656934307,"AND":42.063829787234,"ARE":5.52379611377077,"ARG":46.1389123357048,"ARM":60.9413417632596,"ASM":12.85,"ATG":20.4545454545455,"AUS":48.9920987204353,"AUT":33.6791080950073,"AZE":57.6703445605885,"BDI":71.3785046728972,"BEL":44.6938977351399,"BEN":30.9253636041149,"BFA":46.0212825292398,"BGD":70.9917799800261,"BGR":46.5364775239499,"BHR":11.6141732283465,"BHS":1.1988011988012,"BIH":41.875,"BLR":43.8536830588166,"BLZ":6.88294607628233,"BMU":5.55555555555556,"BOL":34.7723519800609,"BRA":27.7375349060916,"BRB":34.8837209302326,"BRN":2.5426944971537,"BTN":13.6422068893145,"BWA":45.6319587810774,"CAF":7.89688272496709,"CAN":6.50040878514409,"CHE":38.8328388786286,"CHL":19.7952795575712,"CHN":56.1834730812931,"CIV":65.7358081761006,"CMR":20.5199805377504,"COD":12.5400851326614,"COG":30.9675080527086,"COL":38.3082469580892,"COM":71.4669532509404,"CPV":19.3548387096774,"CRI":35.6247551899726,"CUB":60.7027433295753,"CYM":11.25,"CYP":12.3917748917749,"CZE":45.6289006862618,"DEU":47.9100324181656,"DJI":73.4383088869715,"DMA":33.3333333333333,"DNK":65.65,"DOM":47.5629331401366,"DZA":17.3713335628574,"ECU":30.1888387824126,"EGY":3.68777939625295,"ERI":62.7100610487235,"ESP":55.0888982220356,"EST":22.3826374144845,"ETH":31.6178601080481,"FIN":7.54162553471537,"FJI":17.4657909140668,"FRA":53.6715836348455,"FRO":69.0508595988539,"FSM":7.14285714285714,"G001":36.4236766702568,"GAB":8.21822486125665,"GBR":71.1941470673335,"GEO":35.4007770902288,"GHA":54.4978377428144,"GIN":61.2889772912258,"GMB":63.6363636363636,"GNB":26.5849928876245,"GNQ":3.69447415329768,"GRC":58.0993017843289,"GRD":29.4117647058824,"GRL":0.591545864295286,"GTM":40.287420679358,"GUM":33.3333333333333,"GUY":3.65252730505461,"HKG":5.23809523809524,"HND":29.207257127536,"HRV":23.8331784718748,"HTI":71.988388969521,"HUN":59.0191096873964,"IDN":26.568260667402,"IMN":76.1052631578947,"IND":60.3974182611942,"IRL":66.3086079256786,"IRN":28.5735160490189,"IRQ":18.9231442254559,"ISL":18.6932668329177,"ISR":23.3133086876155,"ITA":48.45088902265,"JAM":38.9012003693444,"JOR":11.2897048884884,"JPN":13.5884773662551,"KAZ":80.4392339889617,"KEN":48.11958182521,"KGZ":55.3279457768509,"KHM":30.4861262179923,"KIR":41.9753086419753,"KNA":21.9230769230769,"KOR":18.2407407407407,"KWT":8.5297418630752,"LAO":9.50389948006932,"LBN":62.5610948191593,"LBR":17.3072529069767,"LBY":8.72443934210078,"LCA":16.2950819672131,"LIE":35.8125,"LKA":41.7796204752033,"LSO":76.6139657444005,"LTU":44.2329477463103,"LUX":50.8999945619664,"LVA":29.0067012711524,"MAR":67.1931436253641,"MDA":75.0380517503805,"MDG":70.3219039103071,"MDV":23,"MEX":52.3712029630392,"MHL":47.2222222222222,"MKD":44.3695479777954,"MLI":33.6631545906785,"MLT":32.28125,"MMR":19.1746012307504,"MNE":38.0669144981413,"MNG":73.3388467572954,"MNP":3.69565217391304,"MOZ":50.4410844629823,"MRT":38.5272145144077,"MUS":44.8275862068966,"MWI":58.1777683495969,"MYS":22.4906406939583,"NAM":47.1389182426605,"NCL":10.8643326039387,"NER":34.7217178495303,"NGA":73.4421967126717,"NIC":41.9644341033738,"NLD":55.5084494515268,"NOR":2.75404934783323,"NPL":28.782699686083,"NRU":20,"NZL":43.3253579431089,"OMN":4.66300484652666,"PAK":45.7165836446658,"PAN":30.4868173258004,"PER":18.644273125,"PHL":40.580876681088,"PLW":9.34782608695652,"PNG":2.79777414653535,"POL":47.1757868616952,"PRI":21.8602029312289,"PRK":22.2015447221992,"PRT":39.8970411616989,"PRY":47.4473657186006,"PYF":9.22048401037165,"QAT":5.8656330749354,"ROU":61.5344490328189,"RUS":13.1584362579663,"RWA":77.9083907580057,"SAU":80.8209750708242,"SEN":48.1898924842882,"SGP":1.05413105413105,"SLB":3.35476956055734,"SLE":54.4524799113328,"SLV":59.3581081081081,"SMR":16.6666666666667,"SOM":70.3382535786017,"SRB":40.2652641207409,"STP":34.375,"SUR":0.48782733728326,"SVK":40.4379197770893,"SVN":30.9666339061461,"SWE":7.54579040540365,"SWZ":70.9908895348837,"SYC":5.21739130434783,"SYR":75.7392582911289,"TCA":1.05263157894737,"TCD":39.1002223634053,"TGO":67.3837102408531,"THA":44.6749789582885,"TJK":27.2092026293227,"TKM":72.3512012427383,"TLS":22.7303295225286,"TON":44.4444444444444,"TTO":10.5263157894737,"TUN":64.6112255406797,"TUR":50.6892922573184,"TUV":60,"TZA":42.2205915556559,"UGA":71.1400359066427,"UKR":71.2335151556998,"URY":82.4648611587247,"USA":45.7973145105396,"UZB":58.7255558716379,"VCT":17.9487179487179,"VEN":24.3750354288306,"VGB":46.6666666666667,"VIR":11.4285714285714,"VNM":34.3450560815081,"VUT":15.3404429860541,"WBG":62.2757475083056,"WSM":14.6643109540636,"YEM":44.6597344546092,"ZAF":79.871237913098,"ZMB":31.5258478053243,"ZWE":41.7133537546853}}