{"schemaVersion":1,"dataKind":"ranking-year","indicatorId":"AG.LND.AGRI.ZS","year":2011,"valuesByCountry":{"ABW":11.1111111111111,"AFG":58.131334038606,"AGO":36.3487607283228,"ALB":43.8321167883212,"AND":42.063829787234,"ARE":5.47029005913827,"ARG":45.7919603608739,"ARM":59.6452406041447,"ASM":13,"ATG":20.4545454545455,"AUS":51.5628132199992,"AUT":33.413717886573,"AZE":57.691935444845,"BDI":71.690031152648,"BEL":44.0345498302179,"BEN":32.0979514012061,"BFA":46.7589671052632,"BGD":70.1236844126911,"BGR":46.8680913780398,"BHR":11.3950456323338,"BHS":1.2987012987013,"BIH":42.01171875,"BLR":43.7386033216697,"BLZ":6.88294607628233,"BMU":5.55555555555556,"BOL":34.8967660851103,"BRA":27.8237741889942,"BRB":32.5581395348837,"BRN":2.5426944971537,"BTN":13.631712884015,"BWA":45.7466518447938,"CAF":7.84808501075476,"CAN":6.43568354118357,"CHE":38.7502111350433,"CHL":19.3910934566367,"CHN":56.1036602181182,"CIV":66.200179245283,"CMR":20.6257536333058,"COD":13.0724950927417,"COG":31.0296193265007,"COL":37.603424966201,"COM":71.4669532509404,"CPV":19.6029776674938,"CRI":35.6247551899726,"CUB":59.9627560521415,"CYM":11.25,"CYP":12.5865800865801,"CZE":45.3714877638224,"DEU":47.9659169153087,"DJI":73.4598792062122,"DMA":33.3333333333333,"DNK":67.25,"DOM":48.0161270958394,"DZA":17.3772116183966,"ECU":29.5784345305202,"EGY":3.63654628559948,"ERI":62.6976908693159,"ESP":54.0409698327599,"EST":22.3165841000236,"ETH":32.186781367053,"FIN":7.52443318305966,"FJI":17.4274767378216,"FRA":53.5830782076259,"FRO":69.0565902578797,"FSM":7.14285714285714,"G001":36.5889115906407,"GAB":8.26433810688089,"GBR":70.9461414458728,"GEO":35.147503237876,"GHA":54.0909101696405,"GIN":61.4914850236041,"GMB":63.6363636363636,"GNB":26.8852773826458,"GNQ":3.69910873440285,"GRC":57.377812257564,"GRD":29.4117647058824,"GRL":0.59227676939944,"GTM":40.0783874580067,"GUM":33.3333333333333,"GUY":3.65252730505461,"HKG":5.23809523809524,"HND":29.591563142372,"HRV":23.6955900221571,"HTI":72.8955007256894,"HUN":58.9528333149232,"IDN":27.0964207552627,"IMN":74.7543859649123,"IND":60.4300431523044,"IRL":66.1199012919147,"IRN":28.4833861342371,"IRQ":19.6313777859643,"ISL":18.6852867830424,"ISR":23.8909426987061,"ITA":46.8439526846523,"JAM":38.8273314866113,"JOR":11.2930840279342,"JPN":13.4951989026063,"KAZ":80.3750416712968,"KEN":49.0740895034614,"KGZ":55.3102189781022,"KHM":30.7794912757761,"KIR":41.9753086419753,"KNA":23.0769230769231,"KOR":18.068731350962,"KWT":8.55780022446689,"LAO":9.61785095320624,"LBN":63.6363636363636,"LBR":17.6148162375415,"LBY":8.72443934210078,"LCA":16.2950819672131,"LIE":35,"LKA":43.5337266783607,"LSO":76.1528326745718,"LTU":44.7697609854166,"LUX":50.9893336855108,"LVA":29.183473411863,"MAR":67.4519381581896,"MDA":74.9467275494673,"MDG":70.2910819102949,"MDV":23,"MEX":52.1217109493557,"MHL":47.2222222222222,"MKD":44.3298969072165,"MLI":33.8087234774912,"MLT":32.28125,"MMR":19.2227035466638,"MNE":38.1412639405204,"MNG":73.3264775940588,"MNP":3.69565217391304,"MOZ":50.7035885958443,"MRT":38.5272145144077,"MUS":44.5668502754131,"MWI":58.1777683495969,"MYS":22.9207122203622,"NAM":47.1389182426605,"NCL":10.410284463895,"NER":35.1164443040973,"NGA":73.4914686474082,"NIC":42.1381086920392,"NLD":55.1126927639383,"NOR":2.73515786706969,"NPL":28.7868852459016,"NRU":20,"NZL":43.1848391629638,"OMN":4.64232633279483,"PAK":46.6168534661685,"PAN":30.4412160344364,"PER":18.718241328125,"PHL":41.1174833148875,"PLW":9.34782608695652,"PNG":2.83972971779358,"POL":48.2611109296934,"PRI":22.0405862457723,"PRK":21.8594801096254,"PRT":39.8445245114095,"PRY":47.9879557009816,"PYF":9.43030826851052,"QAT":5.92592592592593,"ROU":60.7464048312117,"RUS":13.1584362579663,"RWA":78.759627077422,"SAU":80.8180482767283,"SEN":46.5641718173791,"SGP":1.03693181818182,"SLB":3.48338692390139,"SLE":55.6612635078969,"SLV":59.1698841698842,"SMR":16.6666666666667,"SOM":70.1788503841617,"SRB":40.3407271895724,"STP":35.4166666666667,"SUR":0.498418735410739,"SVK":40.1285143902845,"SVN":30.8056189814355,"SWE":7.51976789888145,"SWZ":70.9883720930233,"SYC":3.26086956521739,"SYR":75.7773784240048,"TCA":1.05263157894737,"TCD":39.1796378653113,"TGO":67.3837102408531,"THA":44.6828084323436,"TJK":26.8076593312375,"TKM":72.0064690485817,"TLS":22.7706792199059,"TON":44.4444444444444,"TTO":10.5263157894737,"TUN":64.8300720906282,"TUR":49.6953081350779,"TUV":60,"TZA":42.4602619101377,"UGA":71.6387392778775,"UKR":71.2576814195954,"URY":82.9962290023997,"USA":46.0184942092962,"UZB":58.3214206223369,"VCT":17.9487179487179,"VEN":24.3750354288306,"VGB":46.6666666666667,"VIR":11.4285714285714,"VNM":34.3732843043373,"VUT":15.3404429860541,"WBG":64.3249833887043,"WSM":16.9611307420495,"YEM":44.4191904843078,"ZAF":79.4450535409574,"ZMB":31.7948855916814,"ZWE":42.2313842574641}}