{"schemaVersion":1,"dataKind":"ranking-year","indicatorId":"AG.LND.AGRI.ZS","year":2012,"valuesByCountry":{"ABW":11.1111111111111,"AFG":58.129800837128,"AGO":36.3383331996471,"ALB":43.8430656934307,"AND":39.9148936170213,"ARE":5.30413967896367,"ARG":45.5813044224958,"ARM":59.1148577449947,"ASM":13.15,"ATG":20.4545454545455,"AUS":50.3854314463116,"AUT":33.1459040232671,"AZE":57.6870962278303,"BDI":72.4299065420561,"BEL":43.9125704678073,"BEN":33.3912380276694,"BFA":47.3285230263158,"BGD":70.0622263194284,"BGR":47.1904937361828,"BHR":11.2207792207792,"BHS":1.2987012987013,"BIH":42.109375,"BLR":43.3516182928452,"BLZ":7.01446733888645,"BMU":5.55555555555556,"BOL":35.0257956244808,"BRA":27.9100134718969,"BRB":30.2325581395349,"BRN":2.5426944971537,"BTN":13.631712884015,"BWA":45.677836006564,"CAF":7.85225849947029,"CAN":6.44363616895263,"CHE":38.6676558338134,"CHL":18.8793126590382,"CHN":56.0235278052443,"CIV":68.963858490566,"CMR":20.6257536333058,"COD":13.6238724333385,"COG":31.045411420205,"COL":38.411536728256,"COM":71.4669532509404,"CPV":19.6029776674938,"CRI":35.4876615746181,"CUB":60.062447842924,"CYM":11.25,"CYP":12.6515151515152,"CZE":45.6544089084553,"DEU":47.8108681930338,"DJI":73.4598792062122,"DMA":33.3333333333333,"DNK":65.6,"DOM":47.674021941627,"DZA":17.381490003107,"ECU":30.2258817845064,"EGY":3.71289366618112,"ERI":62.701247715187,"ESP":53.8613782211471,"EST":22.550129747582,"ETH":32.3308335299665,"FIN":7.51949718648195,"FJI":17.3891625615764,"FRA":53.5203636700993,"FRO":69.0565902578797,"FSM":7.14285714285714,"G001":36.9391927895466,"GAB":8.31045135250514,"GBR":71.020543132311,"GEO":35.0410130954094,"GHA":54.277658433682,"GIN":63.3314846166368,"GMB":63.6363636363636,"GNB":27.1855618776671,"GNQ":3.70374331550802,"GRC":56.5011636927851,"GRD":23.5294117647059,"GRL":0.593007674503594,"GTM":39.7760358342665,"GUM":33.3333333333333,"GUY":3.65252730505461,"HKG":4.85714285714286,"HND":30.0116185539369,"HRV":23.7831463083411,"HTI":73.4397677793904,"HUN":58.9638793770021,"IDN":27.0919630640223,"IMN":67.3684210526316,"IND":60.4206256579633,"IRL":65.8005516040064,"IRN":28.3932562194553,"IRQ":19.7276201878799,"ISL":18.6753117206983,"ISR":24.3160813308688,"ITA":46.4259869199711,"JAM":38.7626962142198,"JOR":11.769542689795,"JPN":13.4567901234568,"KAZ":80.3837833833389,"KEN":49.6703443792388,"KGZ":55.2205422314911,"KHM":31.1509018808067,"KIR":41.9753086419753,"KNA":23.0769230769231,"KOR":18.3742678039256,"KWT":8.5297418630752,"LAO":9.782712305026,"LBN":64.3206256109482,"LBR":17.926040282392,"LBY":8.72671266353706,"LCA":16.2950819672131,"LIE":34.1875,"LKA":43.6931908786477,"LSO":75.2733860342556,"LTU":45.3489485273,"LUX":51.0475983313005,"LVA":29.5852282771144,"MAR":68.1223392336993,"MDA":74.8630553864881,"MDG":70.2910819102949,"MDV":21.3333333333333,"MEX":51.7050335656781,"MHL":41.6666666666667,"MKD":50.2379064234734,"MLI":33.9656543653038,"MLT":32.1875,"MMR":19.2130444767664,"MNE":38.1412639405204,"MNG":73.2494851072419,"MNP":3.69565217391304,"MOZ":50.9660927287062,"MRT":38.5272145144077,"MUS":43.565348022033,"MWI":58.1777683495969,"MYS":23.8295541013544,"NAM":47.1389182426605,"NCL":10.0675054704595,"NER":35.3532801768375,"NGA":73.755240730371,"NIC":42.1555592487951,"NLD":54.6174377224199,"NOR":2.71818291334012,"NPL":28.5151398674573,"NRU":20,"NZL":42.571113896168,"OMN":4.60032310177706,"PAK":46.781600249066,"PAN":30.3066989507667,"PER":18.792209609375,"PHL":41.6876278632995,"PLW":9.34782608695652,"PNG":2.83972971779358,"POL":47.4462804519626,"PRI":22.1871476888388,"PRK":21.8528361431775,"PRT":40.0088437602358,"PRY":48.5392985149761,"PYF":9.35205992509363,"QAT":5.98621877691645,"ROU":59.7035040431267,"RUS":13.1584362579663,"RWA":79.4081880826915,"SAU":80.8132607957426,"SDN":59.6712847965739,"SEN":46.5641718173791,"SGP":1.03399433427762,"SLB":3.47981421936406,"SLE":53.1539207536714,"SLV":58.9864864864865,"SMR":16.6666666666667,"SOM":70.1788503841617,"SRB":39.5906700205808,"SSD":45.0966285822797,"STP":36.4583333333333,"SUR":0.456053142900826,"SVK":40.0806854100815,"SVN":30.36826717364,"SWE":7.44219137000395,"SWZ":70.9302325581395,"SYC":3.26086956521739,"SYR":75.8100528236127,"TCA":1.05263157894737,"TCD":39.4575921219822,"TGO":70.7850707850708,"THA":44.6906379063986,"TJK":26.2146327522149,"TKM":73.5761177196604,"TLS":22.8043039677202,"TON":45.8333333333333,"TTO":10.5263157894737,"TUN":63.8645726055613,"TUR":49.9032002390759,"TUV":60,"TZA":42.3318965906525,"UGA":71.8880909634949,"UKR":71.2853000069046,"URY":81.3449891440978,"USA":46.2396739080528,"UZB":57.907296925195,"VCT":17.9487179487179,"VEN":24.3750354288306,"VGB":46.6666666666667,"VIR":11.4285714285714,"VNM":34.4331120376958,"VUT":15.3404429860541,"WBG":66.5519435215947,"WSM":19.2579505300353,"YEM":44.5119987878099,"ZAF":79.4178502831612,"ZMB":32.0639233780384,"ZWE":41.8512917151351}}