{"schemaVersion":1,"dataKind":"ranking-year","indicatorId":"AG.LND.AGRI.ZS","year":2013,"valuesByCountry":{"ABW":11.1111111111111,"AFG":58.123668031216,"AGO":36.4867249538782,"ALB":43.3321167883212,"AND":40.0212765957447,"ARE":5.34215713883413,"ARG":44.9219312381015,"ARM":59.1148577449947,"ASM":13.3,"ATG":20.4545454545455,"AUS":48.3937102169923,"AUT":32.9180804653417,"AZE":57.7045451795933,"BDI":73.481308411215,"BEL":44.0609237464148,"BEN":35.3010287335935,"BFA":48.1173768274854,"BGD":69.9700391795345,"BGR":46.0114222549742,"BHR":11.0779220779221,"BHS":1.2987012987013,"BIH":42.20703125,"BLR":42.9317720346167,"BLZ":7.01446733888645,"BMU":5.55555555555556,"BOL":35.1557483614881,"BRA":27.9962527547995,"BRB":29.0697674418605,"BRN":2.5426944971537,"BTN":13.631712884015,"BWA":45.6690134632012,"CAF":7.8614080708851,"CAN":6.45155533545478,"CHE":38.5853758563219,"CHL":18.4482291279999,"CHN":55.9433953923703,"CIV":70.8868805031447,"CMR":20.6257536333058,"COD":13.8638318519662,"COG":31.1297335285505,"COL":40.392609283461,"COM":71.4669532509404,"CPV":19.6029776674938,"CRI":35.2722287504896,"CUB":60.8549222797927,"CYM":11.25,"CYP":11.7781385281385,"CZE":45.5969955969956,"DEU":47.8588626461821,"DJI":73.4598792062122,"DMA":33.3333333333333,"DNK":65.7,"DOM":50.0752101014283,"DZA":17.3955322579291,"ECU":30.2504429054598,"EGY":3.74802350695665,"ERI":62.7182592530622,"ESP":53.4439535395134,"EST":22.1992178513918,"ETH":32.5914011165082,"FIN":7.43196551383724,"FJI":17.3508483853311,"FRA":53.3884404861304,"FRO":69.0565902578797,"FSM":7.14285714285714,"G001":36.8589499899585,"GAB":8.35656459812939,"GBR":71.3024428553714,"GEO":35.7763707008203,"GHA":54.7731216489409,"GIN":63.6899243040859,"GMB":63.6363636363636,"GNB":27.4858463726885,"GNQ":3.70837789661319,"GRC":55.4926299456943,"GRD":23.5294117647059,"GRL":0.592203678889024,"GTM":39.408361328854,"GUM":33.3333333333333,"GUY":3.65252730505461,"HKG":4.85714285714286,"HND":30.1188667441237,"HRV":28.0055035379887,"HTI":75.0362844702467,"HUN":58.0691483486137,"IDN":27.3538142623324,"IMN":68.0701754385965,"IND":60.4394606466455,"IRL":64.9876614893308,"IRN":28.2141015250866,"IRQ":20.4671202963181,"ISL":18.6753117206983,"ISR":24.043438077634,"ITA":46.0912085162215,"JAM":38.6703601108033,"JOR":11.901329128182,"JPN":13.4211248285322,"KAZ":80.3771159758492,"KEN":49.7928697684225,"KGZ":55.0401459854015,"KHM":31.4524427826875,"KIR":41.9753086419753,"KNA":23.0769230769231,"KOR":18.154291462238,"KWT":8.61952861952862,"LAO":10.1490467937608,"LBN":64.5161290322581,"LBR":18.2366206395349,"LBY":8.72671266353706,"LCA":16.2950819672131,"LIE":33.375,"LKA":43.6931908786477,"LSO":74.1798418972332,"LTU":46.1332269644994,"LUX":50.8378456064573,"LVA":30.1637552830765,"MAR":68.5301366793637,"MDA":74.8479318734793,"MDG":70.2904778274321,"MDV":21.3333333333333,"MEX":51.1772422130199,"MHL":38.8888888888889,"MKD":49.9603489294211,"MLI":34.1165621747433,"MLT":31.96875,"MMR":19.2732896429228,"MNE":16.5895910780669,"MNG":73.2252730410926,"MNP":3.69565217391304,"MOZ":51.2706884712226,"MRT":38.5272145144077,"MUS":43.064596895343,"MWI":58.8141705557913,"MYS":24.529904124182,"NAM":47.1389182426605,"NCL":10.050875273523,"NER":36.063787795058,"NGA":73.5484116736388,"NIC":42.1555592487951,"NLD":54.8411991688928,"NOR":2.70359004539183,"NPL":28.2957244506453,"NRU":20,"NZL":42.1784208727356,"OMN":4.58642972536349,"PAK":47.063096720631,"PAN":30.1721818670971,"PER":18.76575328125,"PHL":41.8184257302881,"PLW":9.34782608695652,"PNG":2.83972971779358,"POL":47.059207733255,"PRI":21.6685456595265,"PRK":21.8528361431775,"PRT":40.4027282294018,"PRY":49.0869360684621,"PYF":9.21074618265629,"QAT":6.04651162790698,"ROU":60.4486371342868,"RUS":13.1584362579663,"RWA":80.2594244021078,"SAU":80.8084732682387,"SDN":59.664539614561,"SEN":46.5797538046019,"SGP":0.947666195190948,"SLB":3.51196856020007,"SLE":54.7055971183153,"SLV":58.8030888030888,"SMR":16.6666666666667,"SOM":70.3382535786017,"SRB":39.9176766521839,"SSD":45.0407877454781,"STP":36.4583333333333,"SUR":0.518355484827168,"SVK":39.3736483114291,"SVN":30.298411122145,"SWE":7.4534350567843,"SWZ":70.8573546511628,"SYC":3.3695652173913,"SYR":75.8100528236127,"TCA":1.05263157894737,"TCD":39.7363405336722,"TGO":70.2334988049274,"THA":44.6989868660573,"TJK":26.4568448128037,"TKM":75.145766390739,"TLS":22.8379287155346,"TON":45.8333333333333,"TTO":10.5263157894737,"TUN":63.9997425334707,"TUR":49.9239894494757,"TUV":60,"TZA":42.9396026191014,"UGA":71.8880909634949,"UKR":71.6805910377684,"URY":81.9717746543252,"USA":46.3330187965568,"UZB":57.5048934231933,"VCT":17.9487179487179,"VEN":24.3750354288306,"VGB":46.6666666666667,"VIR":11.4285714285714,"VNM":34.6726704451298,"VUT":15.3404429860541,"WBG":68.8420431893688,"WSM":21.5547703180212,"YEM":44.5082106937894,"ZAF":79.4178502831612,"ZMB":31.9307496737917,"ZWE":41.8442528111671}}