{"schemaVersion":1,"dataKind":"ranking-year","indicatorId":"AG.LND.AGRI.ZS","year":2014,"valuesByCountry":{"ABW":11.1111111111111,"AFG":58.123668031216,"AGO":36.6359188256998,"ALB":42.857299270073,"AND":40,"ARE":5.3858068149817,"ARG":44.1959177327355,"ARM":59.0340709518792,"ASM":13.45,"ATG":20.4545454545455,"AUS":48.7383986566523,"AUT":32.8914202617547,"AZE":57.7005431692535,"BDI":74.5327102803738,"BEL":43.8894932911351,"BEN":35.4549663001064,"BFA":48.686932748538,"BGD":69.900898824614,"BGR":45.8456153279293,"BHR":10.9338521400778,"BHS":1.2987012987013,"BIH":42.12890625,"BLR":42.4879171121282,"BLZ":7.01446733888645,"BMU":5.55555555555556,"BOL":35.2829317825164,"BRA":28.0824920377022,"BRB":27.906976744186,"BRN":2.5426944971537,"BTN":13.7891229635071,"BWA":45.8842835212535,"CAF":7.87778098815371,"CAN":6.45947450195693,"CHE":38.5028064078332,"CHL":18.0003149864236,"CHN":55.8632629794963,"CIV":72.5917201257862,"CMR":20.6257536333058,"COD":14.2250942855252,"COG":31.1315256222548,"COL":40.3785488958991,"COM":71.4669532509404,"CPV":19.6029776674938,"CRI":34.9588719153937,"CUB":60.3622380311479,"CYM":11.25,"CYP":11.7943722943723,"CZE":45.5322455322455,"DEU":47.9363714531384,"DJI":73.4598792062122,"DMA":33.3333333333333,"DNK":66.315775,"DOM":50.2703291244049,"DZA":17.3952656461243,"ECU":22.0446126590433,"EGY":3.73217137977799,"ERI":62.7250437544772,"ESP":53.1336838527818,"EST":22.4062571888659,"ETH":32.7461141549206,"FIN":7.46026522754944,"FJI":17.3125342090859,"FRA":53.3750811763614,"FRO":69.067335243553,"FSM":7.14285714285714,"G001":36.8559290595867,"GAB":8.35656459812939,"GBR":71.2272144835283,"GEO":34.7675924593467,"GHA":54.3845249186956,"GIN":65.2257594009442,"GMB":63.6363636363636,"GNB":27.7861308677098,"GNQ":3.71301247771836,"GRC":48.1070597362296,"GRD":23.5294117647059,"GRL":0.592228042392496,"GTM":39.9860022396417,"GUM":33.3333333333333,"GUY":3.65252730505461,"HKG":4.85714285714286,"HND":30.1635534900349,"HRV":26.954828103781,"HTI":75.0362844702467,"HUN":57.6813499890423,"IDN":27.5091419048223,"IMN":68.2456140350877,"IND":60.4495508191538,"IRL":64.8279866453767,"IRN":28.2141015250866,"IRQ":21.5010319537095,"ISL":18.6753117206983,"ISR":24.8475046210721,"ITA":44.5086196984965,"JAM":38.5872576177285,"JOR":11.9846812345123,"JPN":13.360768175583,"KAZ":80.304996851502,"KEN":49.747157992761,"KGZ":55.0422314911366,"KHM":31.6826087695445,"KIR":41.9753086419753,"KNA":23.0769230769231,"KOR":17.9441650415683,"KWT":8.53535353535353,"LAO":10.3431542461005,"LBN":64.7116324535679,"LBR":18.5462344269103,"LBY":8.72387101174171,"LCA":16.2950819672131,"LIE":32.75,"LKA":43.6931908786477,"LSO":74.9769433465086,"LTU":47.1252992817239,"LUX":50.8805730133698,"LVA":30.0834043100262,"MAR":67.404212413175,"MDA":70.4075425790754,"MDG":70.2904778274321,"MDV":21.3333333333333,"MEX":50.7976028190025,"MHL":38.8888888888889,"MKD":50,"MLI":34.2535671493784,"MLT":31.96875,"MMR":19.342193911925,"MNE":17.1241635687732,"MNG":73.001629001279,"MNP":3.69565217391304,"MOZ":51.5212390956026,"MRT":38.5272145144077,"MUS":43.064596895343,"MWI":59.9384811200679,"MYS":24.6203013239994,"NAM":47.1389182426605,"NCL":10.050875273523,"NER":36.063787795058,"NGA":73.6946120315777,"NIC":42.1555592487951,"NLD":54.5888987830217,"NOR":2.7026523658753,"NPL":28.1675388908266,"NRU":20,"NZL":42.2163989214234,"OMN":4.58739903069467,"PAK":47.0267745952677,"PAN":30.1268213707501,"PER":18.75578140625,"PHL":41.9156856826642,"PLW":9.34782608695652,"PNG":2.8816852890518,"POL":47.1080048336001,"PRI":21.1499436302142,"PRK":21.8349223486421,"PRT":39.996244771062,"PRY":49.6341485023911,"PYF":9.06940363007779,"QAT":6.1792863359443,"ROU":60.1095271210014,"RUS":13.1584362579663,"RWA":81.3133360356709,"SAU":80.7661454907452,"SDN":59.6600428265525,"SEN":46.6005297875656,"SGP":0.930888575458392,"SLB":3.59056806002144,"SLE":54.7104461069548,"SLV":58.6003861003861,"SMR":16.6666666666667,"SOM":70.3382535786017,"SRB":40.0914703864624,"SSD":44.9849469086766,"STP":38.5416666666667,"SUR":0.549506655790339,"SVK":39.2970049916805,"SVN":30.5283018867925,"SWE":7.45341050724985,"SWZ":70.6976744186046,"SYC":3.3695652173913,"SYR":75.7991613570767,"TCA":1.05263157894737,"TCD":39.8951715374841,"TGO":70.2334988049274,"THA":44.7102115915363,"TJK":26.800974161659,"TKM":76.7154150618177,"TLS":22.871553463349,"TON":47.2222222222222,"TTO":10.5263157894737,"TUN":62.8282698249228,"TUR":50.0942011096241,"TUV":60,"TZA":43.1792729735832,"UGA":71.8880909634949,"UKR":71.658409432236,"URY":82.7054050965604,"USA":46.4263636850609,"UZB":58.6109332727536,"VCT":17.9487179487179,"VEN":24.3750354288306,"VGB":46.6666666666667,"VIR":11.4285714285714,"VNM":34.6991265943562,"VUT":15.3404429860541,"WBG":69.8431063122924,"WSM":23.8515901060071,"YEM":44.4184328655037,"ZAF":79.4178502831612,"ZMB":31.9320948627235,"ZWE":41.8387654129508}}