{"schemaVersion":1,"dataKind":"ranking-year","indicatorId":"AG.LND.AGRI.ZS","year":2015,"valuesByCountry":{"ABW":11.1111111111111,"AFG":58.123668031216,"AGO":36.7281623486003,"ALB":42.8576642335766,"AND":40.0212765957447,"ARE":5.39003097718952,"ARG":44.1239360687546,"ARM":58.8935721812434,"ASM":13.6,"ATG":20.4545454545455,"AUS":45.3144240657095,"AUT":32.9429229277751,"AZE":57.7017529003303,"BDI":75.5841121495327,"BEL":43.7807008868229,"BEN":36.122942532813,"BFA":49.293038377193,"BGD":70.3867250518553,"BGR":46.1670965364775,"BHR":10.694087403599,"BHS":1.2987012987013,"BIH":42.5,"BLR":42.242016376159,"BLZ":7.45287154756686,"BMU":5.55555555555556,"BOL":35.2820086771901,"BRA":28.168707391836,"BRB":25.5813953488372,"BRN":2.5426944971537,"BTN":13.7891229635071,"BWA":45.6330174862809,"CAF":7.89351183023532,"CAN":6.46750520601544,"CHE":38.4205685464246,"CHL":17.5651877090955,"CHN":55.7831305666223,"CIV":76.9368119496855,"CMR":20.6257536333058,"COD":14.3137557618932,"COG":31.1081434846266,"COL":40.3644885083371,"COM":71.4669532509404,"CPV":19.6029776674938,"CRI":34.4533666274971,"CUB":59.9452449567723,"CYM":11.25,"CYP":13.7099567099567,"CZE":45.2532055433234,"DEU":47.9590666743106,"DJI":73.4598792062122,"DMA":33.3333333333333,"DNK":65.847475,"DOM":50.0964851997516,"DZA":17.4059228102468,"ECU":23.3089064261556,"EGY":3.80719985936009,"ERI":62.6978016748456,"ESP":53.1890621841609,"EST":22.8433402346446,"ETH":32.9671104083739,"FIN":7.48050409660755,"FJI":17.2742200328407,"FRA":53.301604972632,"FRO":69.067335243553,"FSM":7.14285714285714,"G001":36.6949673290446,"GAB":8.35656459812939,"GBR":70.8386723432398,"GEO":34.7978126349115,"GHA":54.564096422607,"GIN":66.0886985186391,"GMB":63.6363636363636,"GNB":28.0864153627312,"GNQ":3.71764705882353,"GRC":48.0915438324282,"GRD":23.5294117647059,"GRL":0.59227676939944,"GTM":41.6573348264278,"GUM":31.4814814814815,"GUY":3.65252730505461,"HKG":4.85714285714286,"HND":30.1635534900349,"HRV":27.4676577800014,"HTI":75.0362844702467,"HUN":57.6813499890423,"IDN":27.6112077694021,"IMN":72.1052631578947,"IND":60.4317248477225,"IRL":64.3054144287995,"IRN":28.2141015250866,"IRQ":21.364205948476,"ISL":18.6733167082294,"ISR":24.6719038817006,"ITA":43.7748124902779,"JAM":38.5041551246537,"JOR":11.8979499887362,"JPN":13.2949245541838,"KAZ":80.1050857502685,"KEN":49.5619679036477,"KGZ":55.0375391032325,"KHM":31.9960571040109,"KIR":41.9753086419753,"KNA":23.0769230769231,"KOR":17.815177792601,"KWT":8.38383838383838,"LAO":10.4545060658579,"LBN":65.0048875855327,"LBR":18.8585257475083,"LBY":8.72387101174171,"LCA":16.2950819672131,"LIE":32.625,"LKA":44.2699497519913,"LSO":73.2213438735178,"LTU":47.9792498004789,"LUX":50.9893336855108,"LVA":30.2842817426519,"MAR":67.3246695048174,"MDA":70.4987834549878,"MDG":70.2904778274321,"MDV":21.3333333333333,"MEX":50.7626224954345,"MHL":38.8888888888889,"MKD":50.0396510705789,"MLI":34.3826333603783,"MLT":31.96875,"MMR":19.5213448582103,"MNE":17.2044609665428,"MNG":72.990217275856,"MNP":3.69565217391304,"MOZ":51.8231643734581,"MRT":38.5272145144077,"MUS":43.064596895343,"MWI":60.5218498090793,"MYS":26.0842185359915,"NAM":47.1401328814877,"NCL":10.0672866520788,"NER":36.0740506828768,"NGA":73.9246242190674,"NIC":42.1555592487951,"NLD":54.8262548262548,"NOR":2.70004137564292,"NPL":27.9640516219044,"NRU":20,"NZL":40.6820857544339,"OMN":4.63327948303716,"PAK":46.9619136571191,"PAN":29.9919050188883,"PER":18.995159375,"PHL":42.0129456350404,"PLW":9.34782608695652,"PNG":2.91922448438811,"POL":46.9349096965936,"PRI":20.6313416009019,"PRK":21.8469645378291,"PRT":39.7222440549486,"PRY":50.1495819280141,"PYF":8.92808988764045,"QAT":6.1792863359443,"ROU":60.2312239221141,"RUS":13.1584362579663,"RWA":81.3538710985002,"SAU":80.7626139582917,"SDN":59.8232762312634,"SEN":48.4495922713343,"SGP":0.930888575458392,"SLB":3.61200428724544,"SLE":54.7104461069548,"SLV":59.0250965250965,"SMR":38.3333333333333,"SOM":70.3382535786017,"SRB":39.8010519094443,"SSD":44.929106071875,"STP":38.5416666666667,"SUR":0.542030374759178,"SVK":39.2787321658833,"SVN":30.6062772432556,"SWE":7.43498868578537,"SWZ":70.4651162790698,"SYC":3.3695652173913,"SYR":75.7882698905408,"TCA":1.05263157894737,"TCD":39.8959656925032,"TGO":70.2334988049274,"THA":44.7180410655914,"TJK":27.076158224656,"TKM":78.2850637328964,"TLS":22.9051782111634,"TON":48.6111111111111,"TTO":10.5263157894737,"TUN":63.2981462409887,"TUR":50.0903031326741,"TUV":60,"TZA":43.418943328065,"UGA":71.8880909634949,"UKR":71.6532306789345,"URY":82.6625528511027,"USA":46.519708562633,"UZB":57.984566500227,"VCT":17.9487179487179,"VEN":24.3750354288306,"VGB":46.6666666666667,"VIR":11.4285714285714,"VNM":38.7634300520449,"VUT":15.3404429860541,"WBG":71.4953156146179,"WSM":26.7208480565371,"YEM":44.382445972309,"ZAF":79.4178502831612,"ZMB":31.9334400516553,"ZWE":41.8325022618586}}