{"schemaVersion":1,"dataKind":"ranking-year","indicatorId":"AG.LND.AGRI.ZS","year":2016,"valuesByCountry":{"ABW":11.1111111111111,"AFG":58.123668031216,"AGO":36.7562364642657,"ALB":43.1277372262774,"AND":40.0425531914894,"ARE":5.40411151788229,"ARG":43.4324236577764,"ARM":58.8970846505093,"ASM":13.75,"ATG":20.4545454545455,"AUS":44.5399257932247,"AUT":32.3578526417838,"AZE":57.7355751784202,"BDI":76.6355140186916,"BEL":44.5323574984341,"BEN":34.3804984036893,"BFA":49.8260445906433,"BGD":70.6323269570562,"BGR":46.2509211495947,"BHR":10.5519897304236,"BHS":1.2987012987013,"BIH":43.14453125,"BLR":42.0354897826473,"BLZ":7.45287154756686,"BMU":5.55555555555556,"BOL":35.1546201421582,"BRA":28.2549706035075,"BRB":23.2558139534884,"BRN":2.5426944971537,"BTN":13.6063338926174,"BWA":45.6330174862809,"CAF":7.89270923625156,"CAN":6.47475514717938,"CHE":38.3386607265115,"CHL":17.0258627541733,"CHN":55.7030573453299,"CIV":75.4266364779874,"CMR":20.6257536333058,"COD":14.4116803775832,"COG":31.1140761346999,"COL":40.3504281207751,"COM":71.4669532509404,"CPV":19.6029776674938,"CRI":34.1310771641206,"CUB":59.8490965013456,"CYM":11.25,"CYP":11.8387445887446,"CZE":45.17549540215,"DEU":47.6843370735058,"DJI":73.4598792062122,"DMA":33.3333333333333,"DNK":65.6275,"DOM":51.825944938936,"DZA":17.3655321884285,"ECU":22.2096956031567,"EGY":3.75083168416294,"ERI":62.7036614635264,"ESP":52.5772473596977,"EST":23.0733839429492,"ETH":33.1082473792896,"FIN":7.48576881313547,"FJI":17.2359058565955,"FRA":53.2851303460432,"FRO":69.0186246418338,"FSM":7.14285714285714,"G001":36.6494624086384,"GAB":8.35656459812939,"GBR":71.7148836440293,"GEO":34.4510001439056,"GHA":54.3110758547948,"GIN":66.5092104834771,"GMB":63.6363636363636,"GNB":28.2661948790896,"GNQ":3.7222816399287,"GRC":47.6027928626843,"GRD":23.5294117647059,"GRL":0.592301132902911,"GTM":41.9354236655468,"GUM":31.4814814814815,"GUY":3.65252730505461,"HKG":4.76190476190476,"HND":30.6014835999643,"HRV":27.6249017225359,"HTI":75.0362844702467,"HUN":57.8785886478194,"IDN":27.8730589677122,"IMN":70.5263157894737,"IND":60.3990999566123,"IRL":64.7554071708521,"IRN":28.2141015250866,"IRQ":21.4745420705414,"ISL":18.6733167082294,"ISR":25.5083179297597,"ITA":43.3250596852407,"JAM":38.5041551246537,"JOR":12.0067582788916,"JPN":13.2043895747599,"KAZ":80.0985665073897,"KEN":49.6614869747445,"KGZ":54.958811261731,"KHM":32.2909811919329,"KIR":41.9753086419753,"KNA":23.0769230769231,"KOR":17.4460708387613,"KWT":8.41750841750842,"LAO":10.5112651646447,"LBN":65.5913978494624,"LBR":19.1702938122924,"LBY":8.72387101174171,"LCA":16.2950819672131,"LIE":32.5,"LKA":44.4315189116701,"LSO":77.6021080368907,"LTU":47.1552632419144,"LUX":50.7488949138849,"LVA":31.0315457920195,"MAR":69.1799238180596,"MDA":70.4957420924574,"MDG":70.2904778274321,"MDV":21.3333333333333,"MEX":50.5866920445485,"MHL":38.8888888888889,"MKD":50.1586042823156,"MLI":34.6059572689499,"MLT":32.4375,"MMR":19.5471674990043,"MNE":19.0111524163569,"MNG":72.9236771309318,"MNP":3.69565217391304,"MOZ":52.2482896309672,"MRT":38.5272145144077,"MUS":43.064596895343,"MWI":61.1158252015274,"MYS":26.0873535230558,"NAM":47.1401328814877,"NCL":10.0672866520788,"NER":36.6266677192705,"NGA":74.1530467626294,"NIC":42.1555592487951,"NLD":53.9055539055539,"NOR":2.69388608214041,"NPL":27.7312179979072,"NRU":20,"NZL":40.3099008772929,"OMN":4.63974151857835,"PAK":47.7298671647987,"PAN":29.8569886670264,"PER":18.75,"PHL":42.1102055874166,"PLW":9.34782608695652,"PNG":2.93247361215387,"POL":46.9447075345374,"PRI":20.1127395715896,"PRK":21.6178058300806,"PRT":39.5066458819112,"PRY":50.6678494840171,"PYF":8.78674733506194,"QAT":6.1792863359443,"ROU":58.7665159944367,"RUS":13.1584362579663,"RWA":81.2728009728415,"SAU":80.7596872107141,"SDN":59.9865096359743,"SEN":48.2418324416974,"SGP":0.930888575458392,"SLB":3.62986780993212,"SLE":54.7104461069548,"SLV":58.5955598455598,"SMR":38.3333333333333,"SOM":70.3382535786017,"SRB":39.5152069517494,"SSD":44.8732652350735,"STP":41.6666666666667,"SUR":0.542030374759178,"SVK":39.2262895174709,"SVN":30.6563399860987,"SWE":7.41674708031197,"SWZ":70.2325581395349,"SYC":3.3695652173913,"SYR":75.7835103196645,"TCA":1.05263157894737,"TCD":39.9761753494282,"TGO":70.2334988049274,"THA":44.7102115915363,"TJK":27.3643634267599,"TKM":79.8547124039751,"TLS":22.9388029589778,"TON":48.6111111111111,"TTO":10.5263157894737,"TUN":62.45236869207,"TUR":49.8005535127269,"TUV":60,"TZA":43.6586136825469,"UGA":71.8880909634949,"UKR":71.665314436638,"URY":81.5066849502914,"USA":46.613053451137,"UZB":57.9805306962693,"VCT":17.9487179487179,"VEN":24.3750354288306,"VGB":46.6666666666667,"VIR":11.4285714285714,"VNM":38.8407942894887,"VUT":15.3404429860541,"WBG":72.1624916943522,"WSM":24.3144876325088,"YEM":44.2938045722295,"ZAF":79.4178502831612,"ZMB":31.9334400516553,"ZWE":41.8275321183921}}