{"schemaVersion":1,"dataKind":"ranking-year","indicatorId":"AG.LND.AGRI.ZS","year":2017,"valuesByCountry":{"ABW":11.1111111111111,"AFG":58.123668031216,"AGO":36.7089115264298,"ALB":42.8569708029197,"AND":40.0425531914894,"ARE":5.40411151788229,"ARG":42.9825761047104,"ARM":58.872497365648,"ASM":13.9,"ATG":20.4545454545455,"AUS":48.3406179391109,"AUT":32.1694134755211,"AZE":57.7956013645932,"BDI":77.6869158878505,"BEL":43.7477334915768,"BEN":36.3017018446258,"BFA":50.3590508040936,"BGD":70.5794729968503,"BGR":46.3294030950626,"BHR":10.3974358974359,"BHS":1.2987012987013,"BIH":43.515625,"BLR":41.8448381185095,"BLZ":7.54055238930294,"BMU":5.55555555555556,"BOL":35.0226160804948,"BRA":28.3411141713348,"BRB":23.2558139534884,"BRN":2.5426944971537,"BTN":13.4490352348993,"BWA":45.6330174862809,"CAF":7.89399338662557,"CAN":6.45441069689781,"CHE":38.259882464098,"CHL":16.5754635041584,"CHN":55.6228503623161,"CIV":77.7044808176101,"CMR":20.6701480823338,"COD":14.6841490042125,"COG":31.1174758418741,"COL":39.195132942767,"COM":71.4669532509404,"CPV":19.6029776674938,"CRI":33.8087877007442,"CUB":60.6936416184971,"CYM":11.25,"CYP":13.1406926406926,"CZE":45.6029011786038,"DEU":47.7631164667831,"DJI":73.4598792062122,"DMA":33.3333333333333,"DNK":65.7825,"DOM":52.3864086110536,"DZA":17.3550108093197,"ECU":22.507650185215,"EGY":3.85450680596715,"ERI":62.70688595366,"ESP":52.6387138276281,"EST":22.9707602339181,"ETH":33.263928812192,"FIN":7.4690708081074,"FJI":17.1975916803503,"FRA":53.2470526022822,"FRO":69.0186246418338,"FSM":7.14285714285714,"G001":36.8945994209391,"GAB":8.35656459812939,"GBR":72.1950667548465,"GEO":34.3186069938121,"GHA":53.1069873428848,"GIN":67.2847460524174,"GMB":62.6482213438735,"GNB":28.2675711237553,"GNQ":3.72691622103387,"GRC":46.9630783553142,"GRD":23.5294117647059,"GRL":0.592301132902911,"GTM":42.2135125046659,"GUM":31.4814814814815,"GUY":3.65252730505461,"HKG":4.85714285714286,"HND":31.1734739476271,"HRV":26.7493388606962,"HTI":72.9317851959361,"HUN":58.1087004163927,"IDN":27.7598939877572,"IMN":70.8771929824561,"IND":60.2840719900175,"IRL":65.1618522281899,"IRN":28.6194144838213,"IRQ":21.5116279069767,"ISL":18.6733167082294,"ISR":29.7597042513863,"ITA":43.3743295977925,"JAM":38.5041551246537,"JOR":11.3426447398063,"JPN":13.1083676268861,"KAZ":80.088046820017,"KEN":48.9288901383398,"KGZ":54.9535974973931,"KHM":32.7703597326082,"KIR":41.9753086419753,"KNA":23.0769230769231,"KOR":17.1951594708235,"KWT":8.49607182940516,"LAO":10.2235701906412,"LBN":65.8181818181818,"LBR":19.4838901578073,"LBY":8.72387101174171,"LCA":16.2950819672131,"LIE":32.375,"LKA":44.5963194545425,"LSO":79.6442687747035,"LTU":46.8590859022046,"LUX":50.9458294166544,"LVA":31.0636861812397,"MAR":69.5643024871163,"MDA":70.456065673457,"MDG":70.2904778274321,"MDV":21.3333333333333,"MEX":49.8706242444507,"MHL":38.8888888888889,"MKD":50.1982553528945,"MLI":34.7400371253657,"MLT":32.4375,"MMR":19.997855227882,"MNE":19.0557620817844,"MNG":72.8635713833453,"MNP":3.69565217391304,"MOZ":52.5799231923498,"MRT":38.5272145144077,"MUS":43.064596895343,"MWI":61.6991938905388,"MYS":26.0873535230558,"NAM":47.1413475203148,"NCL":10.0672866520788,"NER":36.7845583010973,"NGA":74.3371732709685,"NIC":42.222037560246,"NLD":54.024354024354,"NOR":2.69802778789613,"NPL":27.5400788280433,"NRU":20,"NZL":40.4238350233565,"OMN":4.68794830371567,"PAK":48.0009858862599,"PAN":29.7220723151646,"PER":18.945396875,"PHL":42.224234497099,"PLW":9.34782608695652,"PNG":3.10250408514773,"POL":47.2321107808877,"PRI":19.5941375422773,"PRK":21.5679760817208,"PRT":40.1000899508327,"PRY":51.1846647369746,"PYF":8.93353500432152,"QAT":6.26631853785901,"ROU":58.1449930458971,"RUS":13.1584362579663,"RWA":81.2728009728415,"SAU":80.7591328517135,"SDN":60.1497430406852,"SEN":48.4236222926297,"SGP":0.926966292134832,"SLB":3.6691675598428,"SLE":54.7104461069548,"SLV":58.1660231660232,"SMR":38.3333333333333,"SOM":70.3393694009628,"SRB":39.0921564143609,"SSD":44.817424398272,"STP":42.7083333333333,"SUR":0.523339672181275,"SVK":39.0806988352745,"SVN":30.5411136105194,"SWE":7.39330060221358,"SWZ":70,"SYC":3.3695652173913,"SYR":75.804775908076,"TCA":1.05263157894737,"TCD":39.9761753494282,"TGO":70.2334988049274,"THA":44.7199984341052,"TJK":27.6799481230636,"TKM":81.4243610750537,"TLS":22.9724277067922,"TON":48.6111111111111,"TTO":10.5263157894737,"TUN":62.7117662203914,"TUR":49.3275989761314,"TUV":60,"TZA":43.8982840370287,"UGA":71.8880909634949,"UKR":71.6191955808735,"URY":81.2644269226374,"USA":46.7063983396411,"UZB":57.9525543137807,"VCT":17.9487179487179,"VEN":24.3750354288306,"VGB":46.6666666666667,"VIR":11.4285714285714,"VNM":38.8279627189274,"VUT":15.3404429860541,"WBG":71.3877906976744,"WSM":22.3021582733813,"YEM":44.4191904843078,"ZAF":79.4178502831612,"ZMB":32.0679589448338,"ZWE":41.8217862220499}}