{"schemaVersion":1,"dataKind":"ranking-year","indicatorId":"AG.LND.AGRI.ZS","year":2018,"valuesByCountry":{"ABW":11.1111111111111,"AFG":58.2769881790166,"AGO":36.7193390551055,"ALB":42.8496715328467,"AND":40.0723404255319,"ARE":5.37524640946212,"ARG":42.3613927774063,"ARM":58.9146469968388,"ASM":14.05,"ATG":20.4545454545455,"AUS":46.6580950127535,"AUT":32.1477217644207,"AZE":57.8253926004791,"BDI":78.7383177570093,"BEL":44.403633620831,"BEN":39.5602039730401,"BFA":51.1961505847953,"BGD":70.694476453868,"BGR":46.3338246131172,"BHR":10.4113110539846,"BHS":1.2987012987013,"BIH":43.18359375,"BLR":41.6444969947778,"BLZ":7.54055238930294,"BMU":5.55555555555556,"BOL":35.2631302501615,"BRA":28.338218790305,"BRB":23.2558139534884,"BRN":2.5426944971537,"BTN":13.4504457262716,"BWA":45.6330174862809,"CAF":8.30203216796687,"CAN":6.45681990811536,"CHE":38.1824051503393,"CHL":16.0160767248496,"CHN":55.54274989588,"CIV":81.3420738993711,"CMR":20.7145425313617,"COD":14.8275512229549,"COG":31.1317628111274,"COL":39.7007661108607,"COM":71.4669532509404,"CPV":19.6029776674938,"CRI":33.7196494320407,"CUB":60.6936416184971,"CYM":11.25,"CYP":14.3340800865801,"CZE":45.628804558995,"DEU":47.6415364359723,"DJI":73.4598792062122,"DMA":33.3333333333333,"DNK":65.8125,"DOM":53.3660298074933,"DZA":17.3565679895505,"ECU":21.9358995007248,"EGY":3.88065698930132,"ERI":62.7035294042634,"ESP":52.408209711446,"EST":23.0409356725146,"ETH":33.5852351498111,"FIN":7.47565148723348,"FJI":17.1592775041051,"FRA":53.1776602653307,"FRO":69.0078796561605,"FSM":7.14285714285714,"G001":36.7727494723685,"GAB":8.35656459812939,"GBR":71.7185202331253,"GEO":34.1660670600086,"GHA":53.694038850312,"GIN":67.9785214878724,"GMB":62.6482213438735,"GNB":28.8265931721195,"GNQ":3.73155080213904,"GRC":46.1108642358417,"GRD":23.5294117647059,"GRL":0.592301132902911,"GTM":42.491601343785,"GUM":29.6296296296296,"GUY":3.65252730505461,"HKG":4.76190476190476,"HND":31.361158280454,"HRV":26.5170466728611,"HTI":72.3875181422351,"HUN":58.031996493535,"IDN":28.411834447481,"IMN":72.280701754386,"IND":60.2437112999842,"IRL":65.5537813906227,"IRN":28.9152542372881,"IRQ":21.60422732466,"ISL":18.565903005058,"ISR":29.6349353049908,"ITA":41.948748469826,"JAM":38.5041551246537,"JOR":11.5093489524668,"JPN":13.0205761316872,"KAZ":80.0222617327851,"KEN":49.5521664949056,"KGZ":54.0709071949948,"KHM":33.1881078631317,"KIR":41.9753086419753,"KNA":23.0769230769231,"KOR":16.9401148482363,"KWT":8.41750841750842,"LAO":10.0511265164645,"LBN":65.6451612903226,"LBR":19.7975892857143,"LBY":8.72387101174171,"LCA":16.2950819672131,"LIE":32.375,"LKA":45.448079658606,"LSO":80.1482213438735,"LTU":47.0541274149768,"LUX":51.1015902363991,"LVA":31.1440371542899,"MAR":68.3975066099036,"MDA":68.6355301608926,"MDG":70.2904778274321,"MDV":21.3333333333333,"MEX":49.6494251395355,"MHL":38.8888888888889,"MKD":50.1189532117367,"MLI":34.911642121309,"MLT":32.4375,"MMR":20.0265052857362,"MNE":19.092936802974,"MNG":72.8416347996956,"MNP":1.17391304347826,"MOZ":52.7751621353544,"MRT":38.5272145144077,"MUS":43.064596895343,"MWI":62.2931692829869,"MYS":26.0873535230558,"NAM":47.1413475203148,"NCL":10.0672866520788,"NER":36.7845583010973,"NGA":74.7367722915775,"NIC":42.2469669270401,"NLD":54.1431541431541,"NOR":2.70133768638321,"NPL":26.9733247296826,"NRU":20,"NZL":39.8693555125138,"OMN":4.71369951534733,"PAK":47.9361249481112,"PAN":29.563224588838,"PER":18.82389765625,"PHL":42.3013717007077,"PLW":9.34782608695652,"PNG":3.10250408514773,"POL":47.39850409903,"PRI":19.0417136414882,"PRK":21.5762810397807,"PRT":40.791900276839,"PRY":51.7095343569091,"PYF":9.08029386343993,"QAT":6.44038294168842,"ROU":58.3014603616134,"RUS":13.1584362579663,"RWA":79.0028374543981,"SAU":80.7582529108848,"SDN":60.3131691648822,"SEN":48.605412143562,"SGP":0.92436974789916,"SLB":3.71561271882815,"SLE":54.7104461069548,"SLV":57.707528957529,"SMR":38.3333333333333,"SOM":70.3392099977684,"SRB":39.6066773382118,"SSD":44.7057427246689,"STP":43.75,"SUR":0.523339672181275,"SVK":39.2886855241265,"SVN":30.3927216384259,"SWE":7.36634329022193,"SWZ":69.8255813953488,"SYC":3.3695652173913,"SYR":75.7920165550291,"TCA":1.05263157894737,"TCD":39.9761753494282,"TGO":70.2334988049274,"THA":44.7174470042475,"TJK":27.7728943007421,"TKM":82.9940097461324,"TLS":23.0060524546066,"TON":48.6111111111111,"TTO":10.5263157894737,"TUN":62.4388516992791,"TUR":49.1171082208334,"TUV":60,"TZA":44.1379543915105,"UGA":71.8880909634949,"UKR":71.3306869175009,"URY":81.0810193120786,"USA":46.5817145490204,"UZB":57.9234067278426,"VCT":17.9487179487179,"VEN":24.3750354288306,"VGB":46.6666666666667,"VIR":9.42857142857143,"VNM":38.7344502263671,"VUT":15.3404429860541,"WBG":71.2277242524917,"WSM":19.8453237410072,"YEM":44.4191904843078,"ZAF":79.4178502831612,"ZMB":32.0679589448338,"ZWE":41.8168160785834}}