{"schemaVersion":1,"dataKind":"ranking-year","indicatorId":"AG.LND.AGRI.ZS","year":2019,"valuesByCountry":{"ABW":11.1111111111111,"AFG":58.2769881790166,"AGO":36.7819042271597,"ALB":42.8467153284672,"AND":40.0002127659574,"ARE":5.49704308645452,"ARG":42.605848671205,"ARM":58.9041095890411,"ASM":14.2,"ATG":20.4545454545455,"AUS":47.1237724290889,"AUT":32.1280901599612,"AZE":57.8278123260822,"BDI":79.7897196261682,"BEL":44.4677641503247,"BEN":41.071385242994,"BFA":51.6768903508772,"BGD":72.1902127986479,"BGR":46.3983050847458,"BHR":10.3846153846154,"BHS":1.2987012987013,"BIH":43.28125,"BLR":41.3223954869066,"BLZ":7.62823323103902,"BMU":5.55555555555556,"BOL":35.5444151204652,"BRA":28.3353473380441,"BRB":23.2558139534884,"BRN":2.5426944971537,"BTN":13.4504457262716,"BWA":45.63372328975,"CAF":8.81890269350541,"CAN":6.43435624426279,"CHE":38.1050341397781,"CHL":15.435346965027,"CHN":55.462649429444,"CIV":81.5248,"CMR":20.7589369803897,"COD":14.9255199488322,"COG":31.20878477306,"COL":39.9765660207301,"COM":71.4669532509404,"CPV":19.6029776674938,"CRI":33.6305131218175,"CUB":61.6666666666667,"CYM":11.25,"CYP":13.5636796536797,"CZE":45.6399997409511,"DEU":47.7002776267209,"DJI":73.4598792062122,"DMA":33.3333333333333,"DNK":65.649125,"DOM":53.7012184317945,"DZA":17.3469816184806,"ECU":21.4607827347399,"EGY":3.93992666633181,"ERI":62.7020628070177,"ESP":52.4584917258728,"EST":23.1204678362573,"ETH":33.8392563550947,"FIN":7.48198598361465,"FJI":17.1209633278599,"FRA":52.915574914185,"FRO":69.0078796561605,"FSM":7.14285714285714,"G001":36.8075384238276,"GAB":8.35656459812939,"GBR":72.4229988013062,"GEO":34.1430421643402,"GHA":54.8490737607292,"GIN":67.9118492593196,"GMB":62.6482213438735,"GNB":29.0523897581792,"GNQ":3.73618538324421,"GRC":45.4892645461598,"GRD":23.5294117647059,"GRL":0.592301132902911,"GTM":42.7696901829041,"GUM":29.6296296296296,"GUY":3.65252730505461,"HKG":4.76190476190476,"HND":31.361158280454,"HRV":26.8744192695304,"HTI":64.9492017416546,"HUN":57.8347578347578,"IDN":28.7503293442037,"IMN":70.5263157894737,"IND":60.2198312250478,"IRL":65.6699085498621,"IRN":28.9602465331279,"IRQ":21.7695160435814,"ISL":18.565903005058,"ISR":29.5009242144177,"ITA":44.3699956377212,"JAM":38.5041551246537,"JOR":11.6730860193256,"JPN":12.9355281207133,"KAZ":79.2585472459903,"KEN":49.5174851803854,"KGZ":54.0583941605839,"KHM":33.7162803081804,"KIR":41.9753086419753,"KNA":23.0769230769231,"KOR":16.7725409836066,"KWT":8.41750841750842,"LAO":9.80459272097054,"LBN":65.6207233626589,"LBR":19.9651162790698,"LBY":8.72387101174171,"LCA":16.2950819672131,"LIE":32.3125,"LKA":45.4472947072851,"LSO":70.961791831357,"LTU":47.5087831363781,"LUX":51.1106795211423,"LVA":31.4975814357112,"MAR":66.34978041676,"MDA":68.7711146722455,"MDG":70.2904778274321,"MDV":21.3333333333333,"MEX":49.4385143650814,"MHL":38.8888888888889,"MKD":50.1586042823156,"MLI":35.0888286250502,"MLT":32.4375,"MMR":19.8857055308718,"MNE":19.1078066914498,"MNG":72.6641956567248,"MNP":1.17391304347826,"MOZ":52.7979246674636,"MRT":38.5272145144077,"MUS":43.064596895343,"MWI":62.8765379719983,"MYS":26.0873535230558,"NAM":47.1413475203148,"NCL":10.0672866520788,"NER":36.7845583010973,"NGA":74.9047952831121,"NIC":42.2469669270401,"NLD":53.959013959014,"NOR":2.69589201685045,"NPL":26.7748852459016,"NRU":20,"NZL":39.2882913675895,"OMN":4.71369951534733,"PAK":47.0553134080531,"PAN":29.4284173631707,"PER":18.6431953125,"PHL":42.3785089043163,"PLW":9.34782608695652,"PNG":3.10250408514773,"POL":47.4437293783281,"PRI":19.0417136414882,"PRK":21.5513661656009,"PRT":43.1253165745326,"PRY":52.2353553989429,"PYF":8.93898012100259,"QAT":6.44038294168842,"ROU":60.0921418636996,"RUS":13.1584362579663,"RWA":77.1787596270774,"SAU":80.7636691802074,"SDN":60.3131691648822,"SEN":48.7975899859762,"SGP":0.921787709497207,"SLB":3.70846730975348,"SLE":54.7104461069548,"SLV":57.707528957529,"SMR":38.3333333333333,"SOM":70.3412822392961,"SRB":39.5609421449806,"SSD":44.7057427246689,"STP":43.75,"SUR":0.523339672181275,"SVK":39.2054908485857,"SVN":30.4066268051886,"SWE":7.37821646042035,"SWZ":69.593023255814,"SYC":3.3695652173913,"SYR":75.7574143658444,"TCA":1.05263157894737,"TCD":39.9761753494282,"TGO":70.2334988049274,"THA":45.019475816712,"TJK":27.8406225232365,"TKM":84.5636584172111,"TLS":22.9589778076664,"TON":48.6111111111111,"TTO":10.5263157894737,"TUN":62.4388516992791,"TUR":49.0053662149344,"TUV":60,"TZA":44.3776247459923,"UGA":71.8880909634949,"UKR":71.2996202968588,"URY":80.7182036338704,"USA":46.4570307583996,"UZB":58.0070592775022,"VCT":17.9487179487179,"VEN":24.3750354288306,"VGB":46.6666666666667,"VIR":9.42857142857143,"VNM":39.5241027473527,"VUT":15.3404429860541,"WBG":70.6523754152824,"WSM":17.773381294964,"YEM":44.4191904843078,"ZAF":79.4178502831612,"ZMB":32.0679589448338,"ZWE":41.8196029468786}}