{"schemaVersion":1,"dataKind":"ranking-year","indicatorId":"AG.LND.AGRI.ZS","year":2020,"valuesByCountry":{"ABW":11.1111111111111,"AFG":58.7415482268525,"AGO":36.7883211678832,"ALB":42.538503649635,"AND":39.9517021276596,"ARE":5.48859476203886,"ARG":43.0004859885482,"ARM":59.4380831430972,"ASM":14.35,"ATG":20.4545454545455,"AUS":46.2524798427461,"AUT":31.5398121667475,"AZE":57.8382498850519,"BDI":80.8411214953271,"BEL":44.7500918213419,"BEN":39.3140173820504,"BFA":52.1594579678363,"BGD":72.4437274333564,"BGR":46.4904200442152,"BHR":10.3184713375796,"BHS":1.2987012987013,"BIH":43.7890625,"BLR":40.7971228692482,"BLZ":7.89127575624726,"BMU":5.55555555555556,"BOL":35.5645909720299,"BRA":28.3324758857832,"BRB":23.2558139534884,"BRN":2.5426944971537,"BTN":13.5422128998427,"BWA":45.63372328975,"CAF":8.96866673087418,"CAN":6.37073522211031,"CHE":38.0271063029444,"CHL":14.9026289456383,"CHN":55.4526368711394,"CIV":82.6258229559748,"CMR":20.8033316409638,"COD":14.9434286848548,"COG":31.1645680819912,"COL":39.8467278954484,"COM":71.4669532509404,"CPV":19.6029776674938,"CRI":33.541374853114,"CUB":61.6666666666667,"CYM":11.25,"CYP":13.8147186147186,"CZE":45.6468665918898,"DEU":47.4970663155786,"DJI":73.5030198446937,"DMA":33.3333333333333,"DNK":65.499675,"DOM":52.3243921638275,"DZA":17.3352255074022,"ECU":21.8231599291351,"EGY":3.98915063539103,"ERI":62.7226371689837,"ESP":52.3316792232841,"EST":23.0409356725146,"ETH":34.0927476985506,"FIN":7.46857932486675,"FJI":17.0552818828681,"FRA":52.729670655905,"FRO":70.3294289897511,"FSM":7.14285714285714,"G001":36.7455822677967,"GAB":8.35656459812939,"GBR":71.3400491877816,"GEO":34.2193121312419,"GHA":55.393750274689,"GIN":69.0970645450106,"GMB":62.6482213438735,"GNB":29.3353982930299,"GNQ":3.74046345811052,"GRC":43.6358456167572,"GRD":23.5294117647059,"GRL":0.592301132902911,"GTM":43.0384471817842,"GUM":29.6296296296296,"GUY":3.40532348204982,"HKG":3.80952380952381,"HND":31.6203414067388,"HRV":26.8942101501072,"HTI":64.9492017416546,"HUN":53.8754394039009,"IDN":28.9649906072855,"IMN":70.5263157894737,"IND":60.0459439188212,"IRL":65.495717811003,"IRN":28.9848998459168,"IRQ":21.7755050330546,"ISL":18.565903005058,"ISR":25.0369685767098,"ITA":42.332263616904,"JAM":38.5041551246537,"JOR":11.5886208527603,"JPN":12.8449931412894,"KAZ":79.3233322220988,"KEN":49.3892110936528,"KGZ":54.0552659019812,"KHM":34.3013919102651,"KIR":41.9753086419753,"KNA":23.0769230769231,"KOR":16.608606557377,"KWT":8.41750841750842,"LAO":9.56629116117851,"LBN":65.8958944281525,"LBR":19.9651162790698,"LBY":8.72387101174171,"LCA":16.2950819672131,"LIE":32.3125,"LKA":45.4574846427417,"LSO":77.3847167325428,"LTU":46.9945704247844,"LUX":51.3218694405817,"LVA":31.6406877711715,"MAR":67.0205229666144,"MDA":75.1445965588756,"MDG":70.2904778274321,"MDV":21.3333333333333,"MEX":51.5149441086448,"MHL":38.8888888888889,"MKD":50.0396510705789,"MLI":35.2476788860751,"MLT":28.46875,"MMR":19.8875388787596,"MNE":19.17843866171,"MNG":72.2189891455646,"MNP":1.17391304347826,"MOZ":52.7793585798215,"MRT":38.5272145144077,"MUS":43.064596895343,"MWI":63.4705133644463,"MYS":26.0873535230558,"NAM":47.1413475203148,"NCL":10.0672866520788,"NER":36.786689823952,"NGA":75.4191119602095,"NIC":42.3051354495596,"NLD":53.8892188892189,"NOR":2.70656765993659,"NPL":26.5011008022323,"NRU":20,"NZL":38.5629106376514,"OMN":4.71382875605816,"PAK":47.572903694479,"PAN":29.3084389323268,"PER":19.125773046875,"PHL":42.455646107925,"PLW":9.34782608695652,"PNG":3.10250408514773,"POL":48.1266128768824,"PRI":19.0417136414882,"PRK":21.5638236026908,"PRT":43.1660902826901,"PRY":52.7540030203876,"PYF":9.085738980121,"QAT":6.44038294168842,"ROU":56.7150556328234,"RUS":13.1584362579663,"RWA":79.3919740575598,"SAU":80.7734077936819,"SDN":60.3131691648822,"SEN":48.9793798369085,"SGP":0.919220055710306,"SLB":3.73704894605216,"SLE":54.7104461069548,"SLV":57.707528957529,"SMR":38.3333333333333,"SOM":70.341601045685,"SRB":41.4080152217862,"SSD":44.7054262339183,"STP":43.75,"SUR":0.498418735410739,"SVK":39.1638935108153,"SVN":30.3177330605272,"SWE":7.38067177371833,"SWZ":69.4767441860465,"SYC":3.3695652173913,"SYR":75.7685345531776,"TCA":1.05263157894737,"TCD":39.9761753494282,"TGO":70.2334988049274,"THA":45.5516837283955,"TJK":27.8312558541682,"TKM":84.5587640712447,"TLS":22.9589778076664,"TON":48.6111111111111,"TTO":10.5263157894737,"TUN":62.4388516992791,"TUR":49.0651351948339,"TUV":60,"TZA":44.6163919620682,"UGA":71.8880909634949,"UKR":71.2996202968588,"URY":80.3531025025711,"USA":46.3323469677789,"UZB":58.2832179734483,"VCT":17.9487179487179,"VEN":24.3750354288306,"VGB":46.6666666666667,"VIR":9.42857142857143,"VNM":39.4347683207361,"VUT":15.3404429860541,"WBG":67.7514285714286,"WSM":17.773381294964,"YEM":44.4191904843078,"ZAF":79.4178502831612,"ZMB":32.0679589448338,"ZWE":41.8169598035414}}