{"schemaVersion":1,"dataKind":"ranking-year","indicatorId":"AG.LND.AGRI.ZS","year":2021,"valuesByCountry":{"ABW":11.1111111111111,"AFG":58.7415482268525,"AGO":36.8308334001765,"ALB":41.471897810219,"AND":39.9068085106383,"ARE":5.51339763446916,"ARG":43.1097420606645,"ARM":59.3969093973882,"ASM":14.5,"ATG":20.4545454545455,"AUS":47.2592374954823,"AUT":31.5376684440136,"AZE":57.8415003024803,"BDI":81.892523364486,"BEL":44.7848757132551,"BEN":41.002345689961,"BFA":52.6708998538012,"BGD":72.3515402934624,"BGR":46.4904200442152,"BHR":10.253164556962,"BHS":1.2987012987013,"BIH":44.19921875,"BLR":40.2759300320276,"BLZ":7.97895659798334,"BMU":5.55555555555556,"BOL":35.6827879627065,"BRA":28.3296044335223,"BRB":23.2558139534884,"BRN":2.5426944971537,"BTN":13.6339800734137,"BWA":45.63372328975,"CAF":9.00526501653344,"CAN":6.48457678610033,"CHE":37.9496922648985,"CHL":14.5631870231053,"CHN":55.4426243128349,"CIV":84.3928672955975,"CMR":20.8477260899917,"COD":14.9450533953817,"COG":31.2521229868228,"COL":38.7691151870212,"COM":71.4669532509404,"CPV":19.6029776674938,"CRI":33.342687034861,"CUB":61.6666666666667,"CYM":11.25,"CYP":13.160854978355,"CZE":45.730560511424,"DEU":47.4856177910072,"DJI":73.5030198446937,"DMA":33.3333333333333,"DNK":65.45,"DOM":52.4107297353709,"DZA":17.3306070351928,"ECU":22.024480592688,"EGY":4.04942488321865,"ERI":62.6515330315189,"ESP":52.4848941208322,"EST":23.0877192982456,"ETH":34.3554706330212,"FIN":7.46181004166177,"FJI":17.0552818828681,"FRA":52.7417272474256,"FRO":70.1240875912409,"FSM":7.14285714285714,"G001":36.8380779923531,"GAB":8.35656459812939,"GBR":71.1575290373248,"GEO":34.2480932508275,"GHA":55.393019913595,"GIN":70.5533212599707,"GMB":62.6482213438735,"GNB":29.8490327169275,"GNQ":3.74046345811052,"GRC":44.3128673390225,"GRD":23.5294117647059,"GRL":0.592301132902911,"GTM":43.0384471817842,"GUM":29.6296296296296,"GUY":3.41005967604433,"HKG":3.80952380952381,"HND":31.9599606756636,"HRV":26.3759828448892,"HTI":65.1306240928882,"HUN":55.2672430418584,"IDN":28.9558492042508,"IMN":68.7719298245614,"IND":60.0507647678083,"IRL":62.9554362026419,"IRN":29.008936825886,"IRQ":21.8439177204985,"ISL":18.565903005058,"ISR":24.9075785582255,"ITA":41.9422315930434,"JAM":38.5041551246537,"JOR":11.5210487195081,"JPN":12.7818930041152,"KAZ":79.3664851650183,"KEN":49.4013975092459,"KGZ":54.0464025026069,"KHM":34.6999756401541,"KIR":41.9753086419753,"KNA":23.0769230769231,"KOR":16.4241803278689,"KWT":8.41750841750842,"LAO":9.57712305025997,"LBN":66.6294916911046,"LBR":19.9651162790698,"LBY":8.72387101174171,"LCA":16.2950819672131,"LIE":32.3125,"LKA":45.4574846427417,"LSO":73.4321475625823,"LTU":46.9222168982591,"LUX":51.5843322483161,"LVA":31.6567571910654,"MAR":67.0350365225185,"MDA":75.0684098510185,"MDG":70.2904778274321,"MDV":19.6666666666667,"MEX":51.5064078294195,"MHL":38.8888888888889,"MKD":49.9603489294211,"MLI":35.4343856284677,"MLT":27.34375,"MMR":19.8875388787596,"MNE":19.0007434944238,"MNG":72.1791744756203,"MNP":1.17391304347826,"MOZ":52.7742719804675,"MRT":38.5272145144077,"MUS":43.064596895343,"MWI":64.1705557912601,"MYS":26.0873535230558,"NAM":47.142562159142,"NCL":10.0672866520788,"NER":36.7873213862793,"NGA":75.6659597922637,"NIC":42.3051354495596,"NLD":53.8164538164538,"NOR":2.70403821341313,"NPL":26.3199051273108,"NRU":20,"NZL":38.6426645398959,"OMN":4.73738287560582,"PAK":46.7180365296804,"PAN":29.4057158263683,"PER":19.60835078125,"PHL":42.5361371029949,"PLW":9.34782608695652,"PNG":3.10250408514773,"POL":47.3691604050964,"PRI":19.0417136414882,"PRK":21.5596711236608,"PRT":43.2538567511157,"PRY":53.2711832368487,"PYF":8.94442523768367,"QAT":6.44038294168842,"ROU":56.8454450625869,"RUS":13.1584362579663,"RWA":81.2509120389137,"SAU":80.7732356758416,"SDN":60.3131691648822,"SEN":49.4000934919233,"SGP":0.919220055710306,"SLB":3.89067524115756,"SLE":54.7104461069548,"SLV":57.707528957529,"SMR":38.3333333333333,"SOM":70.3414416424905,"SRB":41.443691283149,"SSD":44.7085911414239,"STP":44.7916666666667,"SUR":0.48595826702547,"SVK":38.6023294509151,"SVN":30.3410738761646,"SWE":7.3733058338244,"SWZ":69.4767441860465,"SYC":3.3695652173913,"SYR":74.9930675815499,"TCA":1.05263157894737,"TCD":39.9761753494282,"TGO":70.2334988049274,"THA":45.9981600735971,"TJK":27.7887455868578,"TKM":84.5536569276275,"TLS":22.9589778076664,"TON":48.6111111111111,"TTO":10.5263157894737,"TUN":62.4388516992791,"TUR":49.4900146823798,"TUV":60,"TZA":44.6163919620682,"UGA":71.8880909634949,"UKR":71.2996202968588,"URY":80.3908124785739,"USA":46.2076631880902,"UZB":58.3012029873846,"VCT":17.9487179487179,"VEN":24.3750354288306,"VGB":46.6666666666667,"VIR":9.42857142857143,"VNM":39.4347683207361,"VUT":15.3404429860541,"WBG":64.9294605809129,"WSM":17.773381294964,"YEM":44.4191904843078,"ZAF":79.4178502831612,"ZMB":32.0679589448338,"ZWE":41.8091454051958}}