{"schemaVersion":1,"dataKind":"ranking-year","indicatorId":"AG.LND.AGRI.ZS","year":2022,"valuesByCountry":{"ABW":11.1111111111111,"AFG":58.7415482268525,"AGO":36.9471404507901,"ALB":41.4452554744526,"AND":39.9068085106383,"ARE":5.51339763446916,"ARG":43.4276443440799,"ARM":58.6134209413894,"ASM":14.5,"ATG":20.4545454545455,"AUS":47.2592374954823,"AUT":31.4765838584586,"AZE":57.8402903811252,"BDI":82.8079633956386,"BEL":44.5661441595068,"BEN":43.0623652004257,"BFA":53.3497394005848,"BGD":72.3706433287272,"BGR":46.2601326455416,"BHR":10.253164556962,"BHS":1.2987012987013,"BIH":21.81640625,"BLR":39.8738854130745,"BLZ":7.97895659798334,"BMU":5.55555555555556,"BOL":35.8307014677375,"BRA":28.3267329812614,"BRB":23.2558139534884,"BRN":2.5426944971537,"BTN":13.7257472469848,"BWA":45.63372328975,"CAF":9.04218433978619,"CAN":6.49436207857817,"CHE":37.8712936567617,"CHL":14.3199327104591,"CHN":55.4326117545304,"CIV":84.1568125786164,"CMR":20.8921205390197,"COD":15.3036258573918,"COG":31.1897510980966,"COL":37.6412798557909,"COM":71.4669532509404,"CPV":19.6029776674938,"CRI":33.1439992166079,"CUB":61.6666666666667,"CYM":11.25,"CYP":13.3160497835498,"CZE":45.7476202749375,"DEU":47.5011449507671,"DJI":73.5030198446937,"DMA":33.3333333333333,"DNK":65.6,"DOM":54.6941243644449,"DZA":17.351348174024,"ECU":21.5332581736189,"EGY":4.07654829474107,"ERI":62.6515330315189,"ESP":53.3572810066811,"EST":23.075122864498,"ETH":34.0779564851996,"FIN":7.45522996225995,"FJI":17.0552818828681,"FRA":52.6738892290565,"FRO":70.0729927007299,"FSM":7.14285714285714,"G001":36.8835927730766,"GAB":8.35656459812939,"GBR":71.9816417972141,"GEO":34.3056554899986,"GHA":55.393019913595,"GIN":71.948919501872,"GMB":62.6482213438735,"GNB":29.6239118065434,"GNQ":3.74046345811052,"GRC":41.6760170674942,"GRD":23.5294117647059,"GRL":0.592301132902911,"GTM":43.0384471817842,"GUM":29.6296296296296,"GUY":3.41005967604433,"HKG":3.80952380952381,"HND":31.9599606756636,"HRV":25.8756254467477,"HTI":65.1306240928882,"HUN":55.6214332675871,"IDN":29.0073830174182,"IMN":71.4035087719298,"IND":60.0555856504293,"IRL":63.115111046596,"IRN":29.008936825886,"IRQ":21.7784995277912,"ISL":18.565903005058,"ISR":24.7042513863216,"ITA":43.9631475720276,"JAM":38.5041551246537,"JOR":11.7462891636822,"JPN":12.716049382716,"KAZ":79.3664851650183,"KEN":49.4830453575056,"KGZ":55.2526068821689,"KHM":34.8115777249037,"KIR":41.9753086419753,"KNA":23.0769230769231,"KOR":16.2295081967213,"KWT":8.41750841750842,"LAO":9.79116117850953,"LBN":66.1275659824047,"LBR":19.9651162790698,"LBY":8.72387101174171,"LCA":16.2950819672131,"LIE":32.3125,"LKA":45.4574846427417,"LSO":74.9472990777339,"LTU":46.503418311929,"LUX":51.4711434630952,"LVA":31.6567571910654,"MAR":65.8091218911046,"MDA":74.9695863746959,"MDG":70.2904778274321,"MDV":19.6666666666667,"MEX":50.8701226883407,"MHL":38.8888888888889,"MKD":49.8413957176844,"MLI":35.466125849253,"MLT":27.34375,"MMR":19.8875388787596,"MNE":18.8847583643123,"MNG":71.9096506603489,"MNP":1.17391304347826,"MOZ":52.7726188356774,"MRT":38.5272145144077,"MUS":43.064596895343,"MWI":64.1705557912601,"MYS":26.0873535230558,"NAM":47.142562159142,"NCL":10.0672866520788,"NER":36.7877950580248,"NGA":75.9658687703811,"NIC":42.3051354495596,"NLD":53.5788535788536,"NOR":2.70403821341313,"NPL":26.1213812347401,"NRU":20,"NZL":37.0172040560556,"OMN":4.73738287560582,"PAK":46.6311228725612,"PAN":29.4057158263683,"PER":19.05121875,"PHL":42.3925948284536,"PLW":9.34782608695652,"PNG":3.10250408514773,"POL":46.3131758633082,"PRI":19.0417136414882,"PRK":21.5530271572129,"PRT":42.7894964936641,"PRY":54.1069405157129,"PYF":8.80308268510516,"QAT":6.44038294168842,"ROU":55.1025730180807,"RUS":13.1584362579663,"RWA":80.0367774625051,"SAU":80.7732356758416,"SDN":60.3131691648822,"SEN":49.4000934919233,"SGP":0.919220055710306,"SLB":3.8335119685602,"SLE":54.7104461069548,"SLV":57.707528957529,"SMR":38.3333333333333,"SOM":70.3430356744349,"SRB":41.2534189558806,"SSD":44.7085911414239,"STP":44.7916666666667,"SUR":0.448576861869665,"SVK":38.4567387687188,"SVN":30.3291551617965,"SWE":7.35366332744058,"SWZ":69.4767441860465,"SYC":3.3695652173913,"SYR":74.0946468441976,"TCA":1.05263157894737,"TCD":39.9761753494282,"TGO":70.2334988049274,"THA":45.9981600735971,"TJK":28.0726277109302,"TKM":84.5536569276275,"TLS":22.9589778076664,"TON":48.6111111111111,"TTO":10.5263157894737,"TUN":62.4388516992791,"TUR":50.0253368501748,"TUV":60,"TZA":44.6163919620682,"UGA":71.8880909634949,"UKR":71.2996202968588,"URY":80.8735287395726,"USA":46.0829793974695,"UZB":58.4792534698583,"VCT":17.9487179487179,"VEN":24.3750354288306,"VGB":46.6666666666667,"VIR":9.42857142857143,"VNM":39.2911951351024,"VUT":15.3404429860541,"WBG":64.9294605809129,"WSM":17.773381294964,"YEM":44.4191904843078,"ZAF":79.4178502831612,"ZMB":32.0679589448338,"ZWE":41.7977107405971}}