{"schemaVersion":1,"dataKind":"ranking-year","indicatorId":"AG.LND.AGRI.ZS","year":2023,"valuesByCountry":{"ABW":11.1111111111111,"AFG":58.4395075356853,"AGO":36.9479425683805,"ALB":38.1240875912409,"AND":39.8740425531915,"ARE":5.51539988735567,"ARG":42.4367915620695,"ARM":58.5933621376878,"ASM":14.8,"ATG":20.4545454545455,"AUS":47.2234443228177,"AUT":31.4743456131847,"AZE":57.8294010889292,"BDI":83.8865576323987,"BEL":44.3792221420607,"BEN":41.8300133025896,"BFA":53.4020054824561,"BGD":72.311124788429,"BGR":46.0850221075903,"BHR":10.125,"BHS":1.2987012987013,"BIH":21.73828125,"BLR":39.5796692333841,"BLZ":7.97895659798334,"BMU":5.55555555555556,"BOL":35.8307014677375,"BRA":28.3267329812614,"BRB":23.2558139534884,"BRN":2.5426944971537,"BTN":13.8175144205558,"BWA":45.63372328975,"CAF":9.09948955022633,"CAN":6.47137801950231,"CHE":37.7938948048868,"CHL":14.4010249751882,"CHN":55.4326117545304,"CIV":86.4758163522013,"CMR":20.9365149880476,"COD":15.480763018019,"COG":31.1900439238653,"COL":36.4876070301938,"COM":71.4669532509404,"CPV":19.6029776674938,"CRI":33.1439992166079,"CUB":61.6666666666667,"CYM":11.25,"CYP":13.9606385281385,"CZE":45.8019594048309,"DEU":47.4658729931603,"DJI":73.5073339085419,"DMA":33.3333333333333,"DNK":65.525,"DOM":55.3530808941944,"DZA":17.359031632336,"ECU":21.5413110001611,"EGY":4.07654829474107,"ERI":62.6515330315189,"ESP":49.5753269878931,"EST":23.1219283875497,"ETH":34.0779564851996,"FIN":7.44176865377023,"FJI":17.0552818828681,"FRA":52.5043974394656,"FRO":70.1240875912409,"FSM":7.14285714285714,"GAB":8.35656459812939,"GBR":70.3073227793163,"GEO":34.1329687724852,"GHA":55.393019913595,"GIN":73.2292487384014,"GMB":62.6482213438735,"GNB":29.8908428165007,"GNQ":3.73333333333333,"GRC":41.6760178432894,"GRD":23.5294117647059,"GRL":0.592301132902911,"GTM":43.0384471817842,"GUM":29.6296296296296,"GUY":3.41005967604433,"HKG":3.80952380952381,"HND":31.9599606756636,"HRV":26.554681915654,"HTI":65.1306240928882,"HUN":55.6985097523559,"IDN":29.1258057551148,"IMN":69.0898245614035,"IND":60.0604064994165,"IRL":60.8070837567136,"IRN":29.008936825886,"IRQ":21.8307880128072,"ISL":16.2451651294258,"ISR":24.8012939001848,"ITA":44.2565839307453,"JAM":38.5041551246537,"JOR":11.5323107417168,"JPN":12.6368303066246,"KAZ":79.3664851650183,"KEN":49.5263223856783,"KGZ":54.0085714285714,"KHM":34.8648294810786,"KIR":41.9753086419753,"KNA":23.0769230769231,"KOR":16.0655737704918,"KWT":8.41750841750842,"LAO":9.90987868284229,"LBN":65.9055522971652,"LBR":19.9651162790698,"LBY":8.72387101174171,"LCA":16.2950819672131,"LIE":32.3125,"LKA":48.6081474296799,"LSO":77.7584980237154,"LTU":45.8945686900959,"LUX":51.6606200912036,"LVA":31.6728266109593,"MAR":66.7449381581896,"MDA":74.096568478591,"MDG":70.2904778274321,"MDV":19.7986577181208,"MEX":50.6933879986625,"MHL":38.8888888888889,"MKD":49.6034892942109,"MLI":35.4694668863046,"MLT":25.909375,"MMR":19.9140944121838,"MNE":19.5925650557621,"MNG":68.9555729589301,"MNP":1.17391304347826,"MOZ":52.7891502835779,"MRT":38.5272145144077,"MUS":43.043264897346,"MWI":64.1705557912601,"MYS":26.0873535230558,"NAM":47.142562159142,"NCL":10.0672866520788,"NER":36.7873213862793,"NGA":76.1972932793131,"NIC":42.3051354495596,"NLD":53.5491535491536,"NOR":2.69580256403217,"NPL":26.1185908615277,"NRU":20,"NZL":36.8804830807793,"OMN":4.75518578352181,"PAK":46.6933893731839,"PAN":29.522326772715,"PER":19.05121875,"PHL":42.6689472448603,"PLW":9.34782608695652,"PNG":3.10250408514773,"POL":47.6050543637967,"PRI":19.0417136414882,"PRK":21.5538576530189,"PRT":43.33752194189,"PRY":54.1069421552674,"PYF":8.66176894266782,"QAT":6.44038294168842,"ROU":55.2633866481224,"RUS":13.171076035897,"RWA":76.3328334008918,"SAU":80.7732356758416,"SDN":60.3131691648822,"SEN":49.4000934919233,"SGP":0.919220055710306,"SLB":3.90139335476956,"SLE":54.7104461069548,"SLV":57.707528957529,"SMR":38.3333333333333,"SOM":70.3433544808238,"SRB":40.3853014627185,"SSD":44.8581857167724,"STP":44.7916666666667,"SUR":0.445038088848248,"SVK":37.9575707154742,"SVN":30.355856862599,"SWE":7.32192403074128,"SWZ":69.4767441860465,"SYC":3.3695652173913,"SYR":74.0946468441976,"TCA":1.05263157894737,"TCD":39.9756194409149,"TGO":70.2334988049274,"THA":43.7980778641195,"TJK":27.9465379350097,"TKM":84.2215632115421,"TLS":22.9589778076664,"TON":48.6111111111111,"TTO":10.5263157894737,"TUN":62.4388516992791,"TUR":50.1383781817237,"TUV":60,"TZA":44.6163919620682,"UGA":71.8880909634949,"UKR":71.2996202968588,"URY":81.3541309564621,"USA":46.0829793974695,"UZB":58.0551458073301,"VCT":17.9487179487179,"VEN":24.3750354288306,"VGB":46.6666666666667,"VIR":9.42857142857143,"VNM":39.2147376279795,"VUT":15.3404429860541,"WBG":64.9294605809129,"WSM":17.5647482014388,"YEM":44.4191904843078,"ZAF":79.4178502831612,"ZMB":32.0679589448338,"ZWE":41.791706346129}}