{"schemaVersion":1,"dataKind":"ranking-year","indicatorId":"MILITARY_SPENDING_USD","year":1949,"valuesByCountry":{"BEL":182340336.620106,"CRI":0,"DNK":69297401.347449,"ESP":144509080.367069,"FRA":1211322239.554102,"GRC":324730861.649991,"ISL":0,"ITA":467234300.580619,"LUX":2468191.800553,"MEX":34797687.861272,"NLD":231343003.860714,"NOR":67177457.424017,"PER":23902768.39973,"PRT":41114427.735687,"TUR":197681860.200526,"USA":14088155590.698122}}