{"schemaVersion":1,"dataKind":"ranking-year","indicatorId":"MILITARY_SPENDING_USD","year":1950,"valuesByCountry":{"AUS":170800027.328004,"BEL":165151233.995175,"CAN":426308539.944904,"CHL":87502552.157771,"CRI":0,"DNK":51975202.471645,"ESP":148659342.853377,"FRA":1342960581.273238,"GBR":2603281153.64358,"GRC":131393925.075477,"ISL":0,"ITA":501265096.842993,"KOR":108400000.0,"LUX":3399840.254302,"MEX":41040462.427746,"NLD":237131457.468278,"NOR":49979980.008008,"PER":28695652.173913,"PRT":39823785.338411,"TUR":212970205.503804,"USA":14926997114.42776}}