{"schemaVersion":1,"dataKind":"ranking-year","indicatorId":"MILITARY_SPENDING_USD","year":1951,"valuesByCountry":{"AUS":294000047.040008,"BEL":267743470.999701,"CAN":986467236.467237,"CHL":107145918.454813,"CRI":0,"DNK":68769418.312065,"ESP":154529423.576941,"FRA":2114457981.25962,"GBR":3362506264.59796,"GRC":174328662.003666,"HND":2306250.0,"ISL":0,"ISR":139733935.463778,"ITA":648571313.501825,"LKA":2483252.483252,"LUX":5279675.990544,"MEX":46820809.248555,"MMR":32061782.061782,"NLD":278948131.480665,"NOR":80079967.968013,"PAK":249658457.558062,"PER":35732984.293194,"POL":950000000,"PRT":40792785.140351,"TUR":231813979.94738,"USA":34491619319.624466,"ZAF":64749974.10001}}