{"schemaVersion":1,"dataKind":"ranking-year","indicatorId":"MILITARY_SPENDING_USD","year":1952,"valuesByCountry":{"AUS":440160070.425611,"BEL":399299700.678516,"CAN":1747957099.080695,"CHL":109680603.630428,"CRI":0,"DNK":97869740.587276,"ESP":191969786.691949,"FRA":3007074608.476793,"GBR":4564743141.325723,"GRC":177009243.462675,"HND":2281250.0,"ISL":0,"ISR":172408039.776203,"ITA":739391082.636793,"JPN":356549432.290224,"KOR":64833333.333333,"LKA":3218253.218253,"LUX":8719856.067513,"MEX":49479768.786127,"MMR":46677796.677797,"NLD":329745528.775894,"NOR":116339953.464019,"PAK":287439701.135251,"PER":35705128.205128,"POL":1525000000,"PRT":44421268.094353,"TUR":257768612.671549,"USA":49660670207.06875,"ZAF":74549970.180012}}