{"schemaVersion":1,"dataKind":"ranking-year","indicatorId":"MILITARY_SPENDING_USD","year":1953,"valuesByCountry":{"AUS":462000073.920012,"BEL":396299224.668608,"BOL":9079366.645579,"BRA":343930697.96436,"CAN":1979908443.540183,"CHL":136623759.294289,"CRI":0,"DEU":1381784284.908719,"DNK":128707395.535634,"ECU":12100000.0,"ESP":191279269.12061,"FRA":3284258636.565575,"GBR":5168992404.889416,"GRC":105049023.22248,"HND":2603750.0,"ISL":0,"ISR":75581476.832025,"ITA":681216967.27863,"JPN":395833333.333333,"KOR":62222222.222222,"LKA":4446754.446754,"LUX":9759816.695846,"MEX":55260115.606936,"MMR":64869064.869065,"NLD":349984921.942054,"NOR":149379940.248024,"PAK":251094144.813995,"PER":31623931.623932,"POL":2275000000,"PRT":51878353.526671,"SLV":4432234.846861,"TUR":294033989.902581,"USA":51516763578.604836,"ZAF":65799973.680011}}