{"schemaVersion":1,"dataKind":"ranking-year","indicatorId":"MILITARY_SPENDING_USD","year":1954,"valuesByCountry":{"AUS":417200066.752011,"BEL":414136687.455122,"CAN":1871274409.044193,"CHL":102176911.713713,"CRI":0,"DEU":1402290714.144813,"DNK":128128284.644585,"ESP":198091253.064697,"FRA":2810559921.235917,"GBR":4999927844.099575,"GRC":114263646.8958,"HND":2548750.0,"ISL":0,"ISR":57638888.888889,"ITA":770525363.553562,"JPN":475000000,"KOR":213333333.333333,"LKA":7045507.045507,"LUX":11299991.125239,"MEX":50560000.0,"MMR":77605577.605578,"NLD":416560347.027303,"NOR":159739936.104026,"PAK":216637650.671599,"PER":35526315.789474,"POL":2475000000,"PRT":55138195.251675,"TUR":332077081.703762,"USA":44640141087.43315,"ZAF":62999974.80001}}