{"schemaVersion":1,"dataKind":"ranking-year","indicatorId":"MILITARY_SPENDING_USD","year":1955,"valuesByCountry":{"AUS":432320069.171211,"BEL":341339443.471806,"BOL":25033860.635497,"CAN":1832657200.811359,"CHL":141979690.731195,"CRI":0,"DEU":1647058943.962871,"DNK":133195504.941264,"ESP":222942364.555297,"FRA":2644950403.924045,"GBR":4907568500.705124,"GRC":122895890.597669,"GTM":10654777.070064,"HND":3022500.0,"ISL":0,"ISR":84722222.222222,"ITA":782066756.302938,"JPN":488888888.888889,"KOR":141200000.0,"LBN":12523076.923077,"LKA":6420756.420756,"LUX":12279442.019573,"MEX":55520000.0,"MMR":70974820.974821,"NLD":447105012.874342,"NOR":133419946.632021,"PAK":204389259.344421,"PER":41578947.368421,"POL":2925000000,"PRT":58929933.607091,"TUR":382919718.410012,"USA":42120486510.55868,"VEN":142857142.857143,"ZAF":67199973.120011}}