{"schemaVersion":1,"dataKind":"ranking-year","indicatorId":"MILITARY_SPENDING_USD","year":1956,"valuesByCountry":{"AUS":445200071.232011,"BEL":341299103.64914,"BOL":1264434.768531,"CAN":1901168699.186992,"CHL":136908836.572517,"CRI":0,"DEU":1608663927.520823,"DNK":135511948.50546,"ESP":250438580.274157,"FRA":3527652627.083261,"GBR":5018712795.298446,"GRC":164580541.105382,"GTM":11434394.904459,"HND":3226250.0,"IND":518385518.385518,"ISL":0,"ISR":173888888.888889,"ITA":828781917.431363,"JPN":456944444.444444,"KOR":250000000,"LBN":18062500.0,"LKA":7654507.654508,"LUX":7900150.870937,"MAR":23714285.714286,"MEX":59440000.0,"MMR":75022575.022575,"NLD":487896958.871697,"NOR":135379945.848022,"NZL":90439710.592926,"PAK":169365169.365169,"PER":49631578.947368,"POL":2900000000,"PRT":60351835.490372,"SDN":96484.628505,"SLV":4986264.202718,"SYR":55586592.178771,"TUN":3714285.714286,"TUR":412074237.360449,"USA":43311975341.52789,"VEN":173403270.595495,"ZAF":76999969.200012}}