{"schemaVersion":1,"dataKind":"ranking-year","indicatorId":"MILITARY_SPENDING_USD","year":1957,"valuesByCountry":{"AUS":437920070.067211,"AUT":82561961.164124,"BEL":367116590.15547,"BOL":2908870.077694,"BRA":605445986.649916,"CAN":1922876362.309016,"CHE":201465829.703061,"CHL":117011114.137628,"CRI":0,"DEU":1999158697.016656,"DNK":146515055.43539,"ECU":19300000.0,"ESP":273773176.471004,"ETH":15073637.435751,"FRA":3623369526.835728,"GBR":4960009822.801973,"GRC":149246950.319166,"GTM":12214012.738854,"HND":4903750.0,"IND":654885654.885655,"IRQ":83243966.702413,"ISL":0,"ISR":163611111.111111,"ITA":867253226.595949,"JOR":45359981.856007,"JPN":451388888.888889,"KOR":266000000,"LBN":18654782.879055,"LKA":10736260.736261,"LUX":8777945.412152,"MAR":35401979.723307,"MEX":67840000.0,"MMR":79437829.437829,"MYS":62720091.989468,"NLD":485513465.865597,"NOR":146859941.256023,"NZL":89039715.072912,"PAK":153352653.352653,"PER":51842105.263158,"POL":2425000000,"PRT":62826998.027935,"ROU":833500000.0,"SDN":14101091.326824,"SLV":5502084.637482,"SYR":48324022.346369,"THA":75638189.695471,"TUN":6411149.825784,"TUR":450117329.16163,"USA":46072640356.190346,"VEN":228932672.303922,"ZAF":81899967.240013}}