{"schemaVersion":1,"dataKind":"ranking-year","indicatorId":"MILITARY_SPENDING_USD","year":1958,"valuesByCountry":{"AUS":439600070.336011,"AUT":95793044.684015,"BEL":366237182.021348,"BRA":411203323.95313,"CAN":1815614542.637192,"CHE":218616723.264615,"CHL":114951337.267224,"COL":76093750.0,"CRI":0,"DEU":1528819745.601563,"DNK":143040390.089096,"DOM":39600000.0,"ECU":18800000.0,"ESP":267786406.738916,"ETH":16200638.365527,"FIN":69119158.084062,"FRA":3315699916.496456,"GBR":4967836885.801503,"GHA":9994172.983936,"GRC":149019786.011222,"GTM":12084076.433121,"HND":5450000.0,"IND":687540687.540688,"IRL":23044116.803902,"IRQ":86687965.324814,"ISL":0,"ISR":159027777.777778,"ITA":918474450.722297,"JOR":48369980.652008,"JPN":459027777.777778,"KOR":302000000,"LBN":21769656.303305,"LKA":15456015.456015,"LUX":8576246.298821,"MAR":41692277.637215,"MEX":70720000.0,"MMR":85370335.370335,"MYS":65006762.009918,"NLD":435813867.173908,"NOR":143359942.656023,"NZL":91804706.22494,"PAK":164556164.556165,"PER":44844928.751048,"PHL":117750000.0,"POL":2700000000,"PRT":65275829.049141,"ROU":785500000.0,"SAU":71200000.0,"SDN":14359563.469271,"SLV":5444771.255842,"SYR":81005586.592179,"THA":70182166.369725,"TUN":9523809.52381,"TUR":523131672.597865,"USA":47050245465.31308,"VEN":251940298.507463,"ZAF":63699974.52001}}