{"schemaVersion":1,"dataKind":"ranking-year","indicatorId":"MILITARY_SPENDING_USD","year":1959,"valuesByCountry":{"AUS":450240072.038411,"AUT":95793044.684015,"BEL":373716185.14365,"BRA":383002648.846319,"CAN":1737535670.830566,"CHE":210612972.93589,"CHL":91072173.63863,"COL":67656250.0,"CRI":0,"DEU":2473293519.375451,"DNK":142750834.643572,"ECU":16500000.0,"ESP":225480317.843645,"ETH":15194387.53537,"FIN":82497059.648719,"FRA":3049869155.517833,"GBR":4976446655.100986,"GHA":11710061.12764,"GRC":157833761.159447,"GTM":13123566.878981,"HND":4980000.0,"IND":663443163.443164,"IRL":24146706.124663,"IRQ":100162959.934816,"ISL":0,"ISR":171250000.0,"ITA":952581212.355501,"JOR":59009976.396009,"JPN":463194444.444444,"KOR":330000000,"LBN":20729001.584786,"LBY":5571997.771201,"LKA":16789516.789517,"LUX":8043760.639628,"MAR":41880517.347567,"MEX":71040000.0,"MMR":86257586.257586,"MYS":55533414.782342,"NLD":396030991.208332,"NOR":154979938.008025,"NZL":97894686.737002,"PAK":187404187.404187,"PER":42293906.810036,"PHL":120500000.0,"POL":3375000000,"PRT":74096887.028755,"ROU":752500000.0,"SAU":72266666.666667,"SDN":16599655.370477,"SLV":4470443.767954,"SYR":82960893.854749,"THA":67985035.498179,"TUN":14285714.285714,"TUR":766192170.818505,"USA":47819183528.73191,"VEN":225693874.321948,"ZAF":60549975.78001}}