{"schemaVersion":1,"dataKind":"ranking-year","indicatorId":"MILITARY_SPENDING_USD","year":1960,"valuesByCountry":{"AUS":459760073.561612,"AUT":91559097.95765,"BEL":383220247.363793,"BEN":1301005.322295,"BFA":1268378.229572,"BRA":382729752.052851,"CAN":1702442711.410697,"CHE":200093758.218136,"CHL":126791042.64183,"COL":75960813.865863,"CRI":0,"DEU":2702616481.215685,"DNK":161137605.434377,"DOM":38300000.0,"ECU":22400000.0,"ESP":232839815.943989,"ETH":15335262.651592,"FIN":89557618.807843,"FRA":3260127992.205318,"GBR":5129857089.891768,"GHA":20821777.351957,"GRC":170327798.096363,"GTM":12084076.433121,"HND":3920000.0,"IND":681765681.765682,"IRL":25800590.105804,"IRN":98679867.986799,"IRQ":118726952.509219,"ISL":0,"ISR":190277777.777778,"ITA":1009308856.430928,"JOR":56139977.544009,"JPN":480555555.555556,"KOR":275643564.356436,"LBN":22906905.201382,"LBY":5571997.771201,"LKA":16653016.653017,"LUX":5260312.875665,"MAR":41596762.368862,"MDG":1604193.588897,"MEX":84000000,"MMR":89512589.51259,"MYS":51286741.887221,"NGA":23379990.648004,"NLD":454719432.137141,"NOR":148119940.752024,"NZL":101219676.097036,"PAK":208845208.845209,"PER":49085687.492674,"PHL":123821339.950372,"POL":3550000000,"PRT":79415853.33288,"PRY":7088541.594061,"ROU":740833333.333333,"SAU":140888888.888889,"SDN":18667432.510052,"SLV":4384473.695494,"SWE":526848900.3926,"SYR":90223463.687151,"THA":62825161.223314,"TUN":15952380.952381,"TUR":468810916.179337,"USA":47346552670.21261,"VEN":234357740.37342,"ZAF":69999972.000011}}