{"schemaVersion":1,"dataKind":"ranking-year","indicatorId":"MILITARY_SPENDING_USD","year":1961,"valuesByCountry":{"AUS":470960075.353612,"AUT":91029854.616854,"BEL":391218827.402035,"BEN":2173203.946832,"BFA":1643154.203702,"BOL":4935417.964053,"BRA":342339720.821958,"CAN":1677820881.084229,"CHE":237368366.891915,"CHL":160930923.495915,"COL":97313432.835821,"CRI":0,"DEU":3060506359.612197,"DNK":170837712.859447,"DOM":36300000.0,"ECU":18700000.0,"ESP":239348772.068642,"ETH":18555265.308094,"FIN":105350974.821674,"FRA":3469940419.473085,"GBR":5308314126.281045,"GHA":27454210.299251,"GRC":167762365.801466,"GTM":12084076.433121,"HND":3830000.0,"IND":748388248.388248,"IRL":27564733.019022,"IRN":105940594.059406,"IRQ":125481949.80722,"ISL":0,"ISR":241805555.555556,"ITA":1062907313.204414,"JOR":55509977.796009,"JPN":492361111.111111,"KOR":157061350.086544,"LBN":27837147.812981,"LBY":7167997.132801,"LKA":17083517.083517,"LUX":5800866.499391,"MAR":48275957.466569,"MDG":8482781.25038,"MEX":86400000.0,"MLI":3922368.09916,"MMR":85617085.617086,"MYS":42466728.951202,"NGA":28279988.688005,"NLD":551530519.833364,"NOR":165059933.976026,"NZL":96678751.219403,"PAK":210105210.10521,"PER":63020431.298407,"PHL":128712871.287129,"POL":4025000000,"PRT":129287745.313144,"PRY":7187461.315763,"ROU":794666666.666667,"SAU":71555555.555556,"SDN":20505456.634118,"SLE":1930599.22776,"SLV":4441787.077134,"SOM":3160000.0,"SWE":564736401.576584,"SYR":90223463.687151,"TGO":326999.918454,"THA":58741404.85507,"TUN":18571428.571429,"TUR":301330376.940133,"USA":49879770605.05782,"VEN":114632682.852563,"ZAF":113749954.500018}}