{"schemaVersion":1,"dataKind":"ranking-year","indicatorId":"MILITARY_SPENDING_USD","year":1962,"valuesByCountry":{"ARG":305162407.203668,"AUS":489440078.310413,"AUT":100026991.410381,"BDI":8420000.0,"BEL":422220787.917416,"BEN":2734537.618259,"BFA":4901760.715714,"BOL":5195618.571001,"BRA":387449035.549939,"CAN":1671313753.192923,"CHE":273728261.242411,"CHL":162626224.42419,"CIV":8766845.976148,"COL":153596253.410634,"CRI":0,"DEU":4036564704.136939,"DNK":224550248.004239,"DOM":38000000,"ECU":18300000.0,"EGY":249697766.811953,"ESP":308791693.470944,"ETH":20185391.652948,"FIN":154403280.55875,"FRA":3774280041.366277,"GBR":5597132750.963691,"GHA":27944464.054595,"GRC":170034222.652829,"GTM":11954140.127389,"HND":3830000.0,"IND":1065436065.436066,"IRL":29163487.534125,"IRN":109900990.09901,"IRQ":135064945.974022,"ISL":0,"ISR":210604174.497153,"ITA":1222013656.106523,"JOR":60409975.83601,"JPN":538194444.444444,"KOR":186153846.153846,"LBN":40876824.502167,"LBY":16687993.324803,"LKA":15849765.849766,"LUX":7099970.148531,"MAR":53848540.35874,"MDG":9179552.203133,"MEX":99200000.0,"MLI":4342608.993772,"MMR":90704340.704341,"MYS":43773397.534316,"NGA":38639984.544006,"NLD":603866851.7301,"NOR":191939923.224031,"NZL":96323106.143822,"PAK":200340200.3402,"PER":66368381.804623,"PHL":82889601.244685,"POL":4375000000,"PRT":150879588.72593,"PRY":8276810.921434,"ROU":902000000.0,"SAU":84222222.222222,"SDN":24842044.801838,"SLE":1983799.20648,"SLV":6218501.907988,"SOM":3700000.0,"SWE":636258725.240228,"SYR":149593495.934959,"TGO":714244.900291,"THA":80303734.177518,"TUN":14285714.285714,"TUR":330376940.133038,"UGA":727985.440291,"USA":54650942605.07726,"VEN":203900682.753824,"ZAF":186199925.52003}}