{"schemaVersion":1,"dataKind":"ranking-year","indicatorId":"MILITARY_SPENDING_USD","year":1963,"valuesByCountry":{"ARG":242219771.188823,"AUS":553280088.524814,"AUT":125959915.109368,"BDI":1012000.0,"BEL":444601321.532591,"BEN":2963071.799393,"BFA":5281287.752637,"BOL":6404292.358117,"BRA":441999606.218533,"CAN":1610091700.586921,"CHE":294995369.258738,"CHL":152917455.404214,"CIV":8064779.442975,"COD":58217821.782178,"COL":170000000,"CRI":0,"DEU":4666895693.05115,"DNK":239028020.280463,"DOM":39000000,"DZA":66436300.146241,"ECU":17100000.0,"EGY":335799697.780272,"ESP":316520311.132393,"ETH":27289522.513856,"FIN":128576498.371426,"FRA":3887455989.500448,"GBR":5810811570.850852,"GHA":31096095.338947,"GRC":179495712.797773,"GTM":14812738.853503,"HND":3820000.0,"IND":1795449295.449296,"IRL":30210947.388848,"IRN":128712871.287129,"IRQ":163218934.712426,"ISL":0,"ISR":259250864.169547,"ITA":1463283723.581568,"JOR":61879975.24801,"JPN":629861111.111111,"KEN":1861999.2552,"KOR":185384615.384615,"LBN":33900603.430741,"LBY":18675992.529603,"LKA":13917763.917764,"LUX":6962653.392176,"MAR":74893933.196192,"MDG":8956747.538008,"MEX":112000000,"MLI":4375224.475136,"MMR":100322350.32235,"MYS":60760089.114797,"NGA":45499981.800007,"NLD":637373073.270509,"NOR":205099917.960033,"NZL":100042547.629708,"PAK":219660219.66022,"PER":97315436.241611,"PHL":94235401.823845,"POL":4950000000,"PRT":150352958.398789,"PRY":9208934.810822,"ROU":904833333.333333,"SAU":113777777.777778,"SDN":28144744.39977,"SLE":2155999.1376,"SLV":6103875.144707,"SOM":4480000.0,"SWE":697922566.452937,"TGO":1134619.779933,"THA":85501269.797072,"TUN":15238095.238095,"TUR":350000000,"UGA":2729945.401092,"USA":54561215775.42459,"VEN":245397307.794499,"ZAF":188999924.40003}}