{"schemaVersion":1,"dataKind":"ranking-year","indicatorId":"MILITARY_SPENDING_USD","year":1964,"valuesByCountry":{"ARG":245740498.034076,"AUS":655760104.921617,"AUT":164594678.987452,"BDI":1162000.0,"BEL":497059226.927638,"BEN":3803662.453526,"BFA":5358593.134634,"BRA":354227857.06906,"CAN":1657457282.984582,"CHE":329525834.962668,"CHL":149950377.692931,"CIV":11190603.484514,"COD":49818181.818182,"COL":190000000,"CRI":0,"DEU":4579989821.551023,"DNK":255387902.952597,"DOM":42500000.0,"DZA":99856999.914929,"ECU":20600000.0,"EGY":448499596.350363,"ESP":386820000.721007,"ETH":36140000.0,"FIN":139910553.863705,"FRA":4130961167.721481,"GBR":6159898580.629877,"GHA":33302237.237994,"GRC":188207553.063285,"GTM":12993630.573248,"HND":5850000.0,"IND":1986654486.654487,"IRL":36054670.788881,"IRN":155445544.554455,"IRQ":185198925.92043,"ISL":0,"ISR":278584261.94754,"ITA":1586666707.973704,"JOR":61879975.24801,"JPN":718055555.555556,"KEN":5879997.648001,"KOR":137481470.39706,"LBN":38065368.323107,"LBY":21475991.409603,"LKA":13938763.938764,"LUX":9278159.213212,"MAR":69993222.000241,"MDG":9455019.789105,"MEX":120000000,"MLI":5174939.904582,"MMR":97912597.912598,"MYS":84606790.756626,"NGA":54319978.272009,"NLD":735383641.366547,"NOR":219799912.080035,"NZL":123402030.606484,"PAK":257880257.880258,"PER":120432513.049963,"PHL":93605898.706141,"POL":5200000000,"PRT":169469639.274011,"PRY":9815376.859339,"ROU":949166666.666667,"SAU":123555555.555556,"SDN":41872487.076393,"SLE":2353399.05864,"SLV":5724173.991339,"SOM":5420000.0,"SWE":758619889.7783,"SYR":112041884.816754,"TGO":3383300.61585,"THA":87235576.923077,"TUN":17478991.596639,"TUR":380897803.670027,"UGA":5487890.242195,"USA":53432327058.16654,"VEN":200459770.114943,"ZAF":271599891.360043}}