{"schemaVersion":1,"dataKind":"ranking-year","indicatorId":"MILITARY_SPENDING_USD","year":1965,"valuesByCountry":{"ARG":252407602.894431,"AUS":787360125.97762,"AUT":142895702.014829,"BDI":2153481.481481,"BEL":500722082.825724,"BEN":3994923.712871,"BFA":3509330.329999,"BRA":632869026.537902,"CAN":1574704539.972912,"CHE":343475228.392733,"CHL":168215772.366996,"CIV":12902909.887742,"COD":78909090.909091,"COL":185202863.961814,"CRI":0,"DEU":4664605079.674764,"DNK":285791224.732668,"DOM":40200000.0,"DZA":105528391.390828,"ECU":23800000.0,"EGY":515199536.320417,"ESP":439425746.033771,"ETH":42900000.0,"FIN":149572371.660402,"FRA":4304458188.695134,"GBR":6475329219.510924,"GHA":35578415.387805,"GIN":10492201.741949,"GRC":209674799.610636,"GTM":18580891.719745,"HND":6250000.0,"IND":2125989625.989626,"IRL":39086791.420973,"IRN":200000000.0,"IRQ":225742909.702836,"ISL":0,"ISR":313917713.059044,"ITA":1719942314.722448,"JOR":62929974.82801,"JPN":821388888.888889,"KEN":9897996.040802,"KOR":132131636.142507,"LBN":44598531.829354,"LBR":2700000.0,"LBY":29119988.352005,"LKA":14474264.474264,"LUX":9520198.149209,"MAR":63175700.376841,"MDG":10710827.901626,"MEX":119200000.0,"MLI":4647822.378918,"MMR":107241857.241857,"MWI":1771001.771002,"MYS":118580173.917588,"NGA":65939973.624011,"NLD":749993912.387075,"NOR":265579893.768043,"NZL":126982427.550842,"PAK":439635439.63544,"PER":132736763.609247,"PHL":93114395.127354,"POL":5525000000,"PRT":175473225.00342,"PRY":11679624.638115,"ROU":1034000000.0,"SAU":177777777.777778,"SDN":56375646.180356,"SLE":2505998.9976,"SLV":6483576.298075,"SOM":5170000.0,"SWE":844543329.963408,"SYR":118062827.225131,"TGO":3362428.130139,"THA":94266826.923077,"TUN":12761904.761905,"TUR":422676991.150442,"UGA":10737785.244295,"USA":54561791263.22665,"VEN":227272727.272727,"ZAF":289449884.220046,"ZWE":15600000.0}}