{"schemaVersion":1,"dataKind":"ranking-year","indicatorId":"MILITARY_SPENDING_USD","year":1966,"valuesByCountry":{"ARG":279225436.289744,"AUS":986720157.875225,"AUT":167770139.032226,"BDI":2286857.142857,"BEL":563377895.390772,"BEN":3724387.206018,"BFA":3907553.78992,"BRA":718216574.564932,"CAN":1614422827.015186,"CHE":378234372.677483,"CHL":186697964.758487,"CIV":13269401.411604,"COD":78363636.363636,"COL":172592592.592593,"CRI":0,"DEU":4744318425.173037,"DNK":301137663.345466,"DOM":37200000.0,"DZA":104515642.912989,"ECU":22900000.0,"EGY":481849566.33539,"ESP":560943076.534843,"ETH":43420000.0,"FIN":152916847.051566,"FRA":4548130770.448561,"GBR":6692138864.597898,"GHA":47344505.516055,"GIN":13895077.982581,"GRC":238979294.897497,"GTM":19100636.942675,"HND":6500000.0,"IND":1661154906.410153,"IRL":38314978.89644,"IRN":256105610.561056,"IRQ":234996906.001238,"ISL":0,"ISR":375501251.670839,"ITA":1904604598.71246,"JOR":76089969.564012,"JPN":932430555.555556,"KEN":13047994.780802,"KOR":176901786.339497,"LBN":51425377.305757,"LBR":2800000.0,"LBY":58519976.592009,"LKA":15282765.282765,"LUX":9923596.37587,"MAR":67938085.0471,"MDG":11342782.951797,"MEX":130400000.0,"MLI":4636149.756999,"MMR":105456855.456855,"MWI":1848001.848002,"MYS":148633551.329209,"NGA":55719977.712009,"NLD":770691796.332822,"NOR":272579890.968044,"NZL":148221481.26931,"PAK":549675549.67555,"PER":145041014.168531,"PHL":109615384.615385,"POL":5975000000,"PRT":194221264.649644,"PRY":13588794.050115,"ROU":1076000000,"SAU":300444444.444444,"SDN":50315910.396324,"SLE":2539598.98416,"SLV":6591038.888651,"SOM":6500000.0,"SWE":906980385.485994,"SYR":102356020.942408,"TGO":2889961.657128,"THA":105540865.384615,"TUN":13714285.714286,"TUR":442035398.230089,"UGA":14265714.685706,"USA":66442751527.31784,"VEN":238636363.636364,"ZAF":324449870.220052,"ZWE":16950000.0}}