{"schemaVersion":1,"dataKind":"ranking-year","indicatorId":"MILITARY_SPENDING_USD","year":1967,"valuesByCountry":{"ARG":251930719.052261,"AUS":1197840191.654431,"AUT":176767275.825752,"BDI":2376000.0,"BEL":607918707.189363,"BEN":3910553.209133,"BFA":3695106.93046,"BRA":746139163.630054,"CAN":1775500366.17812,"CHE":383265301.455539,"CHL":182705341.270295,"CIV":14711322.311698,"COD":45907648.681128,"COL":178541884.961121,"CRI":0,"DEU":5014610803.586719,"DNK":323292901.356134,"DOM":35800000.0,"DZA":99249350.828226,"ECU":25300000.0,"EGY":508299542.530412,"ESP":545917155.931618,"ETH":37000000,"FIN":146661680.284431,"FRA":4918985395.879831,"GAB":3008117.853179,"GBR":6933197077.382224,"GRC":313035616.320105,"GTM":21179617.834395,"HND":6800000.0,"IND":1487733333.333333,"IRL":39693241.926503,"IRN":331023102.310231,"IRQ":234541906.183238,"ISL":0,"ISR":605514168.123425,"ITA":1928786564.473056,"JOR":104719958.112017,"JPN":1039027777.777778,"KEN":15987993.604803,"KOR":218100895.692322,"LAO":35544791.666667,"LBN":57730955.026026,"LBR":3050000.0,"LBY":79519968.192013,"LKA":15711432.162613,"LUX":8229323.823892,"MAR":70348918.780592,"MDG":12112471.794955,"MEX":133600000.0,"MLI":5081280.157398,"MMR":102039102.039102,"MWI":2133370.891708,"MYS":143406876.996753,"NGA":239959904.016038,"NLD":883921396.74191,"NOR":293579882.568047,"NZL":149591230.887079,"PAK":478275478.275478,"PER":243980653.458211,"PHL":129487179.487179,"POL":6275000000,"PRT":251518644.242597,"PRY":14936443.04682,"ROU":1123833333.333333,"SAU":336222222.222222,"SDN":52268811.028145,"SLE":2883153.573495,"SLV":6777307.378982,"SOM":7530000.0,"SWE":921961412.739866,"SYR":118586387.434555,"TGO":3105678.432201,"THA":126346153.846154,"TUN":15428571.428571,"TUR":508407079.646018,"TZA":14629994.148002,"UGA":16841663.166737,"USA":78398442240.52388,"VEN":270454545.454545,"ZAF":373099850.76006,"ZWE":19000000}}