{"schemaVersion":1,"dataKind":"ranking-year","indicatorId":"MILITARY_SPENDING_USD","year":1968,"valuesByCountry":{"ARG":337142857.142857,"AUS":1321600211.456034,"AUT":182059709.233709,"BDI":2590857.142857,"BEL":646381114.508621,"BEN":4293821.824571,"BFA":3760628.521802,"BOL":11583123.793186,"BRA":755307566.684812,"CAN":1797265817.145721,"CHE":373889479.641889,"CHL":173781024.275537,"CIV":15305071.395391,"COD":50479041.916168,"COL":141184847.796596,"CRI":0,"DEU":4523054335.467546,"DNK":345466666.666667,"DOM":37300000.0,"DZA":99249350.828226,"ECU":29300000.0,"EGY":648599416.260525,"ESP":668753624.841933,"ETH":34660000.0,"FIN":150060024.009604,"FRA":5148997849.389866,"GAB":2989113.970068,"GBR":6220499923.084404,"GHA":44271216.355346,"GIN":14178651.002633,"GRC":366771882.677522,"GTM":20400000.0,"HND":7050000.0,"HUN":150166666.666667,"IND":1586866666.666667,"IRL":37141485.432599,"IRN":437293729.372937,"IRQ":291437883.424847,"ISL":0,"ISR":690001971.434204,"ITA":1991165044.332778,"JOR":127749948.90002,"JPN":1168194444.444444,"KEN":16365993.453603,"KOR":278696524.426612,"LAO":35461875.0,"LBN":65572316.44503,"LBR":3050000.0,"LBY":95479961.808015,"LKA":14305226.321616,"LUX":7479003.122302,"MAR":90900288.312001,"MDG":13044200.394567,"MEX":148800000.0,"MLI":5251146.163634,"MMR":104590604.590605,"MUS":270900.2709,"MWI":1881000.7524,"MYS":148306884.18343,"NGA":369039852.384059,"NIC":6891062.970728,"NLD":905836803.272701,"NOR":321999871.200052,"NZL":135520021.683203,"PAK":492555492.555493,"PER":113178294.573643,"PHL":153846153.846154,"POL":7225000000,"PRT":280857219.767629,"PRY":16621004.292702,"ROU":1255833333.333333,"SAU":338666666.666667,"SDN":57725445.146468,"SLE":2658001.0632,"SLV":6619695.579471,"SOM":8340000.0,"SWE":941001815.120592,"SYR":190052356.020942,"TGO":3288025.367075,"THA":154639423.076923,"TTO":5087500.0,"TUN":17523809.52381,"TUR":570685840.707965,"TZA":16239993.504003,"UGA":19942601.147977,"USA":84329031218.2481,"VEN":272727272.727273,"ZAF":399699840.120064,"ZWE":30600000.0}}