{"schemaVersion":1,"dataKind":"ranking-year","indicatorId":"MILITARY_SPENDING_USD","year":1969,"valuesByCountry":{"ARG":442857142.857143,"AUS":1314880210.380834,"AUT":193173819.390418,"BDI":3337142.857143,"BEL":675078864.353312,"BEN":4015987.013437,"BFA":4023680.475148,"BOL":12254609.230472,"BRA":816622810.997187,"CAN":1770108751.172488,"CHE":409105981.088281,"CHL":179980922.718443,"CIV":16156269.594285,"COD":72455089.820359,"COL":131638962.82354,"CRI":0,"DEU":5126653891.660014,"DNK":352000000,"DOM":35600000.0,"DZA":99249350.828226,"ECU":39700000.0,"EGY":888949199.94572,"ESP":805713226.275707,"ETH":34420000.0,"FIN":140291965.842941,"FRA":4964005293.982195,"GAB":4350652.59789,"GBR":6199702306.86184,"GHA":49026817.669265,"GIN":14705286.611302,"GRC":425403589.914256,"GTM":17600000.0,"HND":7200000.0,"HUN":173333333.333333,"IND":1691433333.333333,"IRL":41630596.267328,"IRN":566006600.660066,"IRQ":375997849.60086,"ISL":0,"ISR":872002491.43569,"ITA":2003805617.343999,"JOR":125859949.65602,"JPN":1335416666.666667,"KEN":15749993.700003,"KOR":347028223.805442,"LAO":36133958.333333,"LBN":65138973.385199,"LBR":3050000.0,"LBY":143079942.768023,"LKA":15863429.18871,"LUX":7817857.632698,"MAR":84972008.63948,"MDG":13014516.191136,"MEX":180000000,"MLI":5673928.012279,"MMR":114418614.418614,"MUS":336600.3366,"MWI":1959000.7836,"MYS":143733544.142531,"NGA":684459726.21611,"NIC":6988120.195667,"NLD":1017240119.804222,"NOR":350279859.888056,"NZL":147560023.609604,"PAK":552720552.720553,"PER":128940568.475452,"PHL":189230769.230769,"POL":7975000000,"PRT":283142795.387421,"PRY":17856349.206349,"ROU":1380000000.0,"SAU":429333333.333333,"SDN":87018954.623779,"SLE":3297601.319041,"SLV":7508052.994898,"SOM":9000000,"SWE":1017260076.432235,"SYR":194502617.801047,"TGO":3435130.654214,"THA":184903846.153846,"TTO":5262500.0,"TUN":16952380.952381,"TUR":596792035.39823,"TZA":20089991.964003,"UGA":22861542.769145,"USA":84990165430.77371,"VEN":263636363.636364,"ZAF":425599829.760068,"ZWE":42350000.0}}