{"schemaVersion":1,"dataKind":"ranking-year","indicatorId":"MILITARY_SPENDING_USD","year":1970,"valuesByCountry":{"AFG":2939585.501254,"ARG":445713893.877895,"AUS":1277360204.377633,"AUT":199524739.479966,"BEL":747755088.868629,"BEN":4099087.202382,"BFA":4185916.94012,"BOL":16787135.932153,"BRA":1026234373.820962,"CAN":1889157917.906805,"CHE":436090053.625127,"CHL":388383950.343605,"CIV":17727738.121511,"CMR":20339866.06513,"COD":102395209.580838,"COG":13100436.681223,"COL":162662459.131057,"CRI":0,"DEU":5778355573.036688,"DNK":395600000.0,"DOM":35900000.0,"DZA":98844251.43709,"ECU":30700000.0,"EGY":1092499016.750885,"ESP":859146961.788224,"ETH":34540000.0,"FIN":152891345.217332,"FJI":413396.812711,"FRA":4941059320.495514,"GAB":4638155.157506,"GBR":6792098923.78198,"GHA":46918664.509487,"GIN":15069880.494227,"GRC":473596990.496484,"GTM":32300000.0,"HND":9900000.0,"HUN":223333333.333333,"IND":1832966666.666667,"IRL":50986848.322868,"IRN":620132013.20132,"IRQ":401050839.579664,"ISL":0,"ISR":1259646456.132732,"ITA":2216771793.076528,"JOR":109759956.096018,"JPN":1575347222.222222,"KEN":17023993.190403,"KOR":386403740.388207,"KWT":68739972.504011,"LAO":38045833.333333,"LBN":64546127.538254,"LBR":3550000.0,"LBY":242479903.008039,"LKA":21042038.717351,"LUX":8310003.469225,"MAR":88924195.087827,"MDG":12134982.778767,"MEX":176800000.0,"MLI":6150439.756443,"MMR":122781872.781873,"MUS":414000.414,"MWI":2055000.822,"MYS":199593626.070652,"NGA":662339735.064106,"NIC":8346921.344825,"NLD":1079942532.933986,"NOR":388359844.656062,"NPL":5185185.185185,"NZL":171920027.507204,"PAK":635250635.250635,"PER":218087855.297158,"PHL":155055171.187345,"POL":8525000000,"PRT":329349340.290783,"PRY":19316666.666667,"ROU":1542000000.0,"SAU":471555555.555556,"SDN":108271108.5583,"SGP":103635151.998223,"SLE":3986401.594561,"SLV":7135516.014235,"SOM":11200000.0,"SWE":1118164543.871213,"SYR":199738219.895288,"TGO":3650466.890736,"THA":217223557.692308,"TTO":6200000.0,"TUN":22476190.47619,"TUR":564858542.613762,"TZA":29539988.184005,"UGA":26627467.450651,"USA":83407993004.88817,"VEN":272727272.727273,"ZAF":417899832.840067,"ZWE":45950000.0}}