{"schemaVersion":1,"dataKind":"ranking-year","indicatorId":"MILITARY_SPENDING_USD","year":1971,"valuesByCountry":{"ARG":519719484.172883,"AUS":1331754789.445659,"AUT":209277606.745348,"BDI":2628571.428571,"BEL":828721558.437287,"BEN":4285361.495664,"BFA":4343468.092215,"BHR":11583922.358234,"BOL":15863843.455885,"BRA":1075071452.919737,"CAN":2077659711.425148,"CHE":511387689.442046,"CHL":651589862.883541,"CIV":23968971.077442,"CMR":21501256.55515,"COD":101796407.185629,"COG":13749473.408969,"COL":263898574.646672,"CRI":0,"DEU":6798331031.274373,"DNK":430225386.933537,"DOM":36600000.0,"DZA":99946261.073476,"ECU":29700000.0,"EGY":1266148860.466026,"ESP":900614349.185059,"ETH":36134238.092946,"FIN":177615098.135894,"FJI":535616.768531,"FRA":5291990761.216193,"GAB":5498336.698674,"GBR":7518385128.203821,"GHA":41139332.295584,"GIN":26327764.415264,"GRC":515997642.010379,"GTM":22200000.0,"HND":11400000.0,"HUN":225670995.092074,"IND":2255256982.837556,"IRL":63486922.173179,"IRN":402310231.023102,"IRQ":426263340.165383,"ISL":0,"ISR":1270657787.280446,"ITA":2648079366.020682,"JOR":108639956.544017,"JPN":1896540415.99416,"KEN":22077991.168804,"KOR":460899849.343362,"KWT":73434840.970744,"LAO":39061458.333333,"LBN":66920095.547025,"LBR":4050000.0,"LBY":243035871.645628,"LKA":32258064.516129,"LUX":9047009.781667,"MAR":111288010.202061,"MDG":12755677.358943,"MEX":191200000.0,"MLI":6323435.838863,"MMR":127758749.506804,"MUS":473954.383713,"MWI":2343860.949772,"MYS":228027756.482082,"NGA":639259541.899065,"NIC":8443978.569765,"NLD":1249389090.088848,"NOR":428293444.786002,"NPL":5891358.024691,"NZL":180841169.784024,"OMN":29065079.300127,"PAK":739410739.410739,"PER":247286821.705426,"PHL":161310133.696948,"POL":9452062887.040142,"PRT":391420967.862432,"PRY":20750000.0,"ROU":1618333333.333333,"SAU":587274311.70782,"SDN":109994256.174612,"SGP":128085357.458944,"SLE":3770637.409826,"SLV":8516583.629893,"SOM":11400000.0,"SWE":1238804426.921268,"SYR":176963350.78534,"TGO":4183674.951699,"THA":262656250.0,"TTO":8620776.9586,"TUN":24860541.921567,"TUR":570873159.477221,"TZA":42559982.976007,"UGA":52687946.241075,"USA":78237979893.08003,"VEN":352272727.272727,"ZAF":485866527.221808,"ZWE":49850000.0}}