{"schemaVersion":1,"dataKind":"ranking-year","indicatorId":"MILITARY_SPENDING_USD","year":1972,"valuesByCountry":{"ARG":766000000,"AUS":1484443744.947526,"AUT":249425547.367043,"BDI":3600000.0,"BEL":1026588090.808275,"BEN":4904216.991763,"BFA":4947862.935864,"BHR":12539956.862548,"BOL":20700640.942166,"BRA":1195501487.562112,"CAN":2233737030.687935,"CHE":601426981.737252,"CHL":745661188.757487,"CIV":31742504.801054,"CMR":24894059.390226,"COD":94011976.047904,"COG":12744615.677623,"COL":170587589.638519,"CRI":0,"DEU":8438787626.67015,"DNK":487244020.612178,"DOM":39500000.0,"DZA":109942841.328331,"ECU":37300000.0,"EGY":1066049040.555864,"ESP":1256164585.701009,"ETH":41043478.26087,"FIN":220831905.334811,"FJI":787703.106216,"FRA":6326060061.392619,"GAB":6673861.634422,"GBR":8789192636.736134,"GHA":30202525.756564,"GIN":31711404.23024,"GRC":573692101.497013,"GTM":24000000,"HND":15449922.750386,"HUN":231632283.749548,"IND":2497244705.687164,"IRL":84039646.649921,"IRN":371947194.719472,"IRQ":466113288.078091,"ISL":0,"ISR":1461373749.940189,"ITA":3289362465.015753,"JOR":129359948.256021,"JPN":2567519427.915506,"KEN":29735988.105605,"KOR":531950093.409418,"KWT":90743549.911992,"LAO":20254568.128298,"LBN":106204436.985367,"LBR":4050000.0,"LBY":202768227.100414,"LKA":30283133.90237,"LUX":11731387.878177,"MAR":140446991.603665,"MDG":16129256.248847,"MEX":242400000.0,"MLI":8332407.510277,"MMR":117181275.174055,"MUS":543220.699331,"MWI":2697870.896429,"MYS":251103008.980125,"NGA":904095638.361745,"NIC":10967466.4182,"NLD":1522236183.492286,"NOR":491632831.176716,"NPL":6503703.703704,"NZL":206172013.195009,"OMN":54524419.383333,"PAK":478207381.775708,"PER":276485788.113695,"PHL":196259385.992773,"POL":10054347826.086956,"PRT":447930659.675905,"PRY":28851587.301587,"ROU":1824593128.390597,"SAU":930574823.571989,"SDN":107983917.288914,"SGP":150044444.444444,"SLE":4234610.668072,"SLV":11140612.099644,"SOM":13200000.0,"SWE":1458082235.502119,"SYR":260209424.08377,"TGO":5126414.52537,"THA":284086538.461538,"TTO":9121523.151233,"TUN":31650677.135844,"TUR":703957597.173145,"TZA":53689677.861933,"UGA":64944701.105978,"URY":51429281.911587,"USA":80708070966.49353,"VEN":404651162.790698,"ZAF":492386546.204331,"ZWE":58450000.0}}