{"schemaVersion":1,"dataKind":"ranking-year","indicatorId":"MILITARY_SPENDING_USD","year":1973,"valuesByCountry":{"AFG":3341271.55123,"ARG":1294000000.0,"AUS":1855729306.592636,"AUT":328898821.44589,"BDI":5923067.599196,"BEL":1296519775.367884,"BEN":6698401.44646,"BFA":6079259.182822,"BGD":48606800.131377,"BHR":16765508.094988,"BOL":21129139.966659,"BRA":1512670977.087373,"CAN":2363060955.12359,"CHE":764969998.388539,"CHL":1005919720.163759,"CIV":28713844.110746,"CMR":31636823.710457,"COD":102395209.580838,"COG":19426710.156176,"COL":173879934.001777,"CRI":0,"DEU":11185834257.960949,"DNK":581866269.939664,"DOM":42000000,"DZA":136757097.791798,"ECU":49200000.0,"EGY":1243856104.694992,"ESP":1521319434.528059,"ETH":48433591.423466,"FIN":276967793.935961,"FJI":931727.069441,"FRA":7976535301.988103,"GAB":9421730.098838,"GBR":9446894124.04146,"GHA":41052242.84377,"GIN":36058910.702304,"GRC":674802452.237724,"GTM":23400000.0,"GUY":5032808.212024,"HND":15950000.0,"HUN":263447030.809007,"IND":2529921054.399099,"IRL":98307831.82511,"IRN":480857166.912962,"IRQ":665185288.985423,"ISL":0,"ISR":2574504909.778792,"ITA":3638240139.226548,"JOR":150652370.416135,"JPN":3374561100.028708,"KEN":37319917.155482,"KOR":544785374.646643,"KWT":136560430.519402,"LAO":21220297.96617,"LBN":103815507.201961,"LBR":3750000.0,"LBY":298307480.018398,"LKA":25146427.176884,"LUX":15421205.917603,"MAR":185783993.844536,"MDG":20346496.118014,"MEX":300800000.0,"MLI":10974072.296076,"MMR":152452317.457742,"MUS":643113.994712,"MWI":4711557.474898,"MYS":296726189.258103,"NGA":1020223591.910563,"NIC":10433752.948142,"NLD":1917119276.035221,"NOR":607891665.206917,"NPL":7152747.934871,"NZL":246331492.972427,"OMN":89826506.518838,"PAK":477624634.164645,"PER":364341085.271318,"PHL":301201252.760395,"POL":12059701492.537313,"PRT":515567326.884812,"PRY":30915873.015873,"ROU":545381021.804599,"RWA":9365839.708301,"SAU":1565589935.76306,"SDN":113153360.137852,"SGP":198891497.820841,"SLE":5022404.825429,"SLV":12475644.128114,"SOM":16100000.0,"SWE":1702215352.910871,"SYR":388674556.986857,"TGO":6873376.43401,"THA":312408499.092311,"TTO":8944886.230234,"TUN":38188218.104536,"TUR":861625441.696113,"TZA":77916010.24446,"UGA":64872640.266612,"URY":112465598.243483,"USA":81469794407.58868,"VEN":420930232.55814,"ZAF":752926325.61866,"ZWE":86900000.0}}