{"schemaVersion":1,"dataKind":"ranking-year","indicatorId":"MILITARY_SPENDING_USD","year":1974,"valuesByCountry":{"AFG":3581366.35143,"ARG":1626000000,"AUS":2127274762.942357,"AUT":422543505.786049,"BDI":7682539.68254,"BEL":1482318435.927762,"BEN":6447726.470161,"BFA":6269084.564093,"BGD":72298235.038271,"BHR":26346455.89502,"BOL":39766636.069325,"BRA":1790114213.370724,"CAN":2809465529.281732,"CHE":888478643.954015,"CHL":1103190480.849355,"CIV":41129183.024864,"CMR":34625371.305125,"COD":189221556.886228,"COG":24137429.633784,"COL":194904101.810536,"CRI":0,"DEU":12905125699.305424,"DNK":732087482.977571,"DOM":57600000.0,"DZA":260168630.030497,"ECU":74800000.0,"EGY":1852779424.692822,"ESP":1968178717.807461,"ETH":74758454.10628,"FIN":308807797.081766,"FJI":1353022.080327,"FRA":8361637313.227921,"GAB":10494173.365738,"GBR":10450754431.818577,"GHA":64121526.38814,"GRC":1049955702.959951,"GTM":28400000.0,"GUY":11136757.586916,"HND":16900000.0,"HUN":308005578.323252,"IDN":698192771.084337,"IND":2895415720.351536,"IRL":111205418.870676,"IRN":3877862663.126711,"IRQ":1427457784.181032,"ISL":0,"ISR":3475602770.283475,"ITA":3890003394.129941,"JOR":163307378.016219,"JPN":3962157887.168672,"KEN":46763683.966357,"KOR":852963864.000475,"KWT":384614072.611043,"LBN":179142179.606145,"LBR":4550000.0,"LBY":431682379.049556,"LKA":28417847.611172,"LUX":18227348.894242,"MAR":241889161.214435,"MDG":25882465.356756,"MEX":407200000.0,"MLI":11632496.209053,"MMR":159999341.90502,"MUS":789047.321798,"MWI":5304902.621603,"MYS":397163356.279626,"NGA":1351141235.193136,"NIC":14995341.253203,"NLD":2285358296.309655,"NOR":710867536.387284,"NPL":8446969.69697,"NZL":291444123.102643,"OMN":255573248.407643,"PAK":609191919.191919,"PER":454780361.757106,"PHL":521518532.3231,"POL":13162650602.40964,"PRT":746300307.260984,"PRY":31434126.984127,"ROU":565500000.0,"RWA":7786746.398361,"SDN":111430212.521539,"SGP":225904541.481491,"SLE":6779970.097994,"SLV":13350320.284697,"SOM":21400000.0,"SWE":1855084673.223079,"SYR":537380924.316621,"TGO":8097048.254087,"THA":363887784.59983,"TTO":8584035.884923,"TUN":46505447.781026,"TUR":1136704698.034767,"TZA":120044738.214172,"UGA":80157512.314408,"URY":187557473.61904,"USA":89278920339.82002,"VEN":602325581.395349,"ZAF":1102318400.770004,"ZWE":118550000.0}}