{"schemaVersion":1,"dataKind":"ranking-year","indicatorId":"MILITARY_SPENDING_USD","year":1975,"valuesByCountry":{"AFG":4203664.568655,"ARG":798359535.20164,"AUS":2268707674.463358,"AUT":546724394.020795,"BDI":8533333.333333,"BEL":1927662477.542595,"BEN":7857666.123847,"BFA":18062366.725304,"BGD":80830559.473365,"BHR":16434892.541087,"BOL":58304466.417431,"BRA":2141126693.281468,"CAN":3180915490.188367,"CHE":1032046116.655303,"CHL":486720076.897699,"CIV":45886157.162655,"CMR":46770377.905213,"COD":173652694.610778,"COG":33493068.549271,"COL":227942151.191927,"CRI":0,"DEU":14314807557.486628,"DNK":931928334.624053,"DOM":65900000.0,"DZA":332252159.18327,"ECU":102000000,"EGY":1926890601.680535,"ESP":2108232940.992339,"ETH":125072463.768116,"FIN":433161415.662018,"FJI":2056253.749013,"FRA":10945218801.81771,"GAB":16844521.797558,"GBR":12907674883.701912,"GHA":78825105.709165,"GRC":1433217344.89603,"GTM":44900000.0,"GUY":32436379.692449,"HND":21400000.0,"HUN":366147086.515326,"IDN":1063855421.686747,"IND":3323646800.519109,"IRL":154362392.721622,"IRN":5951043741.982017,"IRQ":1590171817.116696,"ISL":0,"ISR":3758315380.791174,"ITA":4217069828.690742,"JOR":180742482.613699,"JPN":4534902135.20134,"KEN":54090933.232015,"KOR":1030991735.53719,"LBN":165944100.296267,"LBR":5500000.0,"LBY":287788252.699704,"LKA":30478781.020012,"LUX":22704189.635921,"MAR":413326127.886805,"MDG":30189630.072044,"MEX":504800000.0,"MLI":19130897.332406,"MMR":138923723.23416,"MUS":1086812.238667,"MWI":9362342.026757,"MYS":440725547.042752,"NER":7330399.929076,"NGA":3028584797.449886,"NIC":18537929.963506,"NLD":2814545010.935771,"NOR":912771143.34582,"NPL":10529138.03759,"NZL":292259947.351158,"OMN":523306311.522872,"PAK":771161616.161616,"PER":710909865.546385,"PNG":7933048.214868,"POL":14337349397.590363,"PRT":588076674.62434,"PRY":43488888.888889,"ROU":635500000.0,"RWA":9319735.189478,"SDN":119471568.064331,"SGP":269156159.068865,"SLE":6526389.844495,"SLV":15652099.644128,"SOM":23100000.0,"SWE":2232315958.566443,"SYR":887837837.837838,"TGO":11114584.742876,"THA":416034898.156463,"TTO":10703751.497834,"TUN":75323106.295073,"TUR":2284986255.461463,"TZA":138323476.032302,"UGA":86567896.177808,"URY":156541418.623062,"USA":92080928753.64717,"VEN":711627906.976744,"ZAF":1431695127.030404,"ZWE":148600000.0}}