{"schemaVersion":1,"dataKind":"ranking-year","indicatorId":"MILITARY_SPENDING_USD","year":1976,"valuesByCountry":{"AFG":5393251.215946,"ARG":2050248958.80214,"AUS":2441084024.61737,"AUT":581408727.267149,"BDI":9971014.492754,"BEL":2109619988.35942,"BEN":7160493.82716,"BFA":19531282.695125,"BGD":105287729.075513,"BHR":26289247.445014,"BOL":66776055.555007,"BRA":2576476981.668042,"CAN":3581805735.148703,"CHE":1228176857.467475,"CHL":599806958.679965,"CIV":52462858.338565,"CMR":48470391.29525,"COD":120795356.005498,"COG":34337727.558067,"COL":229146910.551999,"CRI":0,"DEU":14482403828.373585,"DNK":945240875.960708,"DOM":76200000.0,"DZA":480640373.503177,"ECU":117000000,"EGY":2201613068.100505,"ESP":2521013874.830575,"ETH":128043478.26087,"FIN":416956433.437752,"FJI":2751430.01955,"FRA":11175248198.024672,"GAB":20117179.326219,"GBR":12038757739.317738,"GHA":88961005.063599,"GRC":1559887279.785011,"GTM":55500000.0,"GUY":34000000,"HND":23700000.0,"HUN":382438611.38705,"IDN":1275301204.819277,"IND":3294910612.349212,"IRL":152839849.31123,"IRN":7186307294.358152,"IRQ":1761176239.528095,"ISL":0,"ISR":3648665017.15334,"ITA":3844185965.361218,"JAM":27445027.445027,"JOR":294593397.854709,"JPN":5008396503.817205,"KEN":75910048.1168,"KOR":1708677685.950413,"LBN":173074847.035963,"LBR":6400000.0,"LBY":326295131.582058,"LKA":23669757.489301,"LSO":2291375.572844,"LUX":25496422.663812,"MAR":577239433.305199,"MDG":33040454.154539,"MEX":531576968.455445,"MLI":21761874.86922,"MMR":155142207.477541,"MUS":1317065.577892,"MWI":9205803.654063,"MYS":439885582.533631,"NER":8181627.955639,"NGA":2644426038.260392,"NIC":25234878.484354,"NLD":2898055460.629954,"NOR":977362861.310872,"NPL":11876000.0,"NZL":271671526.236703,"OMN":589099594.672843,"PAK":833181818.181818,"PER":778394355.385449,"PHL":714759968.065632,"PNG":21985174.197503,"POL":15572289156.626507,"PRT":470799772.4492,"PRY":46757936.507937,"ROU":691500000.0,"RWA":10297663.285996,"SDN":179207352.096496,"SGP":306272360.816564,"SLE":6020631.896769,"SLV":20531871.886121,"SOM":26300000.0,"SWE":2345444903.33778,"SYR":945058881.243397,"TGO":14233103.159657,"THA":531909157.308052,"TTO":12613977.395424,"TUN":83960118.943502,"TUR":2534775214.756028,"TZA":136687529.91905,"UGA":101074621.015537,"URY":133232399.697199,"USA":94715251079.71431,"VEN":593023255.813954,"ZAF":1677275419.318855,"ZWE":199800000.0}}