{"schemaVersion":1,"dataKind":"ranking-year","indicatorId":"MILITARY_SPENDING_USD","year":1977,"valuesByCountry":{"AFG":6127288.063335,"ARG":2058223941.633774,"AUS":2500485127.380589,"AUT":686893244.300868,"BDI":13955555.555556,"BEL":2496513861.830754,"BEN":10147346.141322,"BFA":22903777.271247,"BGD":128522908.761231,"BHR":40439782.636168,"BOL":73254329.601388,"BRA":2499644658.35739,"BWA":5650505.962278,"CAN":3752174526.305891,"CHE":1226534416.189589,"CHL":924042756.71208,"CIV":51449039.400847,"CMR":55167290.784761,"COD":161471103.327496,"COG":36633018.560729,"COL":280082338.769106,"CRI":0,"DEU":16213409804.03092,"DNK":1063101451.061852,"DOM":86500000.0,"DZA":471669447.954548,"ECU":205000000,"EGY":2751058000.940445,"ESP":2808847049.546589,"ETH":135048309.178744,"FIN":461856960.095854,"FJI":3651464.945937,"FRA":12634633832.544977,"GAB":28927873.656789,"GBR":12952124605.677517,"GHA":121717795.68115,"GRC":1838775321.431875,"GTM":75200000.0,"GUY":24274509.803922,"HND":31800000.0,"HUN":419914698.72341,"IDN":1468674698.795181,"IND":3477080944.50128,"IRL":171725705.964377,"IRN":7617207960.430017,"IRQ":2007693505.89542,"ISL":0,"ISR":3180556220.381983,"ITA":4556493517.892722,"JAM":30580030.580031,"JOR":262704735.063034,"JPN":6157312576.812782,"KEN":147766705.007878,"KOR":2237603305.785124,"KWT":748518665.85708,"LBN":126427193.576977,"LBR":7750000.0,"LBY":479647087.83284,"LKA":28081232.256225,"LSO":2780125.695031,"LUX":28710697.238889,"MAR":731455472.037483,"MDG":43959890.670124,"MEX":437692985.836999,"MLI":26050146.532074,"MMR":169293678.193446,"MOZ":39135467.915494,"MUS":1422666.71308,"MWI":13625117.39585,"MYS":637879477.345121,"NER":11010257.245197,"NGA":3138198948.039479,"NIC":35231772.653156,"NLD":3704801156.515727,"NOR":1114680191.603268,"NPL":13208000.0,"NZL":307431743.844086,"OMN":514837869.137232,"PAK":913585858.585859,"PER":1031640129.732605,"PHL":754442226.070606,"PNG":22276752.319916,"POL":17379518072.289158,"PRT":435661721.777063,"PRY":55486507.936508,"ROU":717000000,"RWA":16062942.551788,"SAU":11584767351.477705,"SDN":216538485.838843,"SGP":380523899.319505,"SLE":7064980.375055,"SLV":28588099.644128,"SOM":31700000.0,"SWE":2560335055.917031,"SWZ":5390626.347657,"SYR":998216560.509554,"TGO":21108759.361771,"THA":688722114.107284,"TTO":15364583.333333,"TUN":121692504.953957,"TUR":2765773072.180067,"TZA":190729876.550359,"UGA":131916696.936675,"URY":160545078.518595,"USA":104665218971.62787,"VEN":748837209.302326,"ZAF":2073738018.434504,"ZWE":285350000.0}}