{"schemaVersion":1,"dataKind":"ranking-year","indicatorId":"MILITARY_SPENDING_USD","year":1978,"valuesByCountry":{"AGO":343271609.064777,"ARG":3103989946.591266,"AUS":2816316205.750756,"AUT":877450655.245279,"BDI":17033333.333333,"BEL":3166647025.368018,"BEN":8552841.493246,"BFA":32372283.475733,"BGD":134871031.705263,"BHR":116143119.294469,"BOL":97672439.468517,"BRA":2690623101.761565,"BWA":14305862.294227,"CAN":3969158477.035426,"CHE":1668885135.513026,"CHL":1036145035.033074,"CIV":86764810.153508,"CMR":71436168.327011,"COD":214951895.990555,"COG":37960435.352927,"COL":360663621.062755,"CRI":0,"DEU":20066376348.141663,"DJI":45014.376466,"DNK":1322665931.650776,"DOM":103000000,"DZA":627852442.068635,"ECU":164000000,"EGY":2485279986.915544,"ESP":3470695273.046098,"ETH":178212560.386473,"FIN":506869452.95645,"FJI":7239265.39761,"FRA":15852894822.59149,"GBR":15897336095.535706,"GHA":101354226.354936,"GIN":85228280.984612,"GRC":2118929495.442195,"GTM":71700000.0,"GUY":17333333.333333,"HND":43100000.0,"HUN":538098139.604814,"IDN":1627662342.069246,"IND":3975819129.874378,"IRL":217465500.004531,"IRN":8113739880.875546,"IRQ":1986021658.302688,"ISL":0,"ISR":3117508058.318134,"ITA":5540992657.963304,"JOR":304948875.255624,"JPN":8657135932.941143,"KEN":239475869.99216,"KOR":3190082644.628099,"KWT":738039577.826819,"LBN":252760229.683593,"LBR":8900000.0,"LBY":729941800.568145,"LKA":21946485.42346,"LSO":4013501.003375,"LUX":36648101.369596,"MAR":772559381.952495,"MDG":52181427.400235,"MEX":518287192.596399,"MLI":31020668.628355,"MMR":183429289.25931,"MOZ":76333333.333333,"MUS":1752316.546249,"MWI":25570521.899389,"MYS":607070689.625395,"NER":14774701.315276,"NGA":3022642269.76791,"NIC":44549266.247379,"NLD":4226968876.267963,"NOR":1307453860.46068,"NPL":14867263.944511,"NZL":388573502.345957,"OMN":574334105.385061,"PAK":1031868686.868687,"PER":665178542.875234,"PHL":622746328.959944,"PNG":27421800.613605,"POL":10292598967.297762,"PRT":470166317.128535,"PRY":69522222.222222,"ROU":834413568.479646,"RWA":14393007.322778,"SAU":13404087587.805481,"SDN":175916407.914119,"SGP":418861751.435783,"SLE":8118123.471883,"SLV":34987046.263345,"SOM":81400000.0,"SWE":2873317738.083909,"SWZ":8259877.064969,"SYR":1213503184.713376,"TGO":22733718.580494,"THA":942007071.169005,"TTO":18312500.0,"TUN":148496651.616763,"TUR":2727882976.007116,"TZA":421677764.018646,"UGA":151699852.760007,"URY":185943655.751885,"USA":113382063749.09346,"VEN":827906976.744186,"ZAF":2067988016.997004,"ZWE":347750000.0}}