{"schemaVersion":1,"dataKind":"ranking-year","indicatorId":"MILITARY_SPENDING_USD","year":1979,"valuesByCountry":{"AGO":504712881.877131,"ARG":5057062803.252921,"AUS":3100685079.266432,"AUT":1049972515.425331,"BDI":20000000,"BEL":3631580468.112566,"BEN":17562828.480364,"BFA":32032417.897538,"BGD":136251932.925634,"BHR":157225700.11294,"BOL":119737096.068101,"BRA":2829161199.58493,"BWA":24355619.031493,"CAN":4084145737.651739,"CHE":1945005773.672055,"CHL":1312899709.497447,"CIV":102735025.056177,"CMR":88354754.092195,"COD":190944707.620256,"COG":52566260.189355,"COL":467687274.675792,"CRI":0,"DEU":23215063114.215298,"DJI":45014.376466,"DNK":1529188589.154831,"DOM":120000000,"DZA":711681247.356142,"ECU":186000000,"EGY":1152855495.92072,"ESP":4910953932.414377,"ETH":276328502.415459,"FIN":642602892.781478,"FJI":9572320.677529,"FRA":19040482589.105103,"GAB":56881751.769916,"GBR":20544684886.402992,"GHA":66362988.080858,"GIN":71021091.74648,"GRC":2424261939.151955,"GTM":90200000.0,"GUY":17176470.588235,"HND":49550000.0,"HUN":621170386.193715,"IDN":1552431165.787932,"IND":4589738351.594122,"IRL":290141008.530146,"IRN":4993779938.919993,"IRQ":2371712820.929586,"ISL":0,"ISR":3394518703.948612,"ITA":6904107162.83232,"JOR":399556492.293554,"JPN":9173587660.856073,"KEN":291024720.045055,"KOR":3543388429.752066,"KWT":881077990.780342,"LBN":346311001.464806,"LBR":9400000.0,"LBY":853569148.558863,"LKA":28073183.575438,"LSO":5370993.428921,"LUX":42364311.060539,"MAR":896353802.001985,"MDG":81891303.632458,"MEX":679663588.44835,"MLI":36197478.399037,"MMR":190866354.07303,"MOZ":78000000,"MUS":2480933.274784,"MWI":43029681.298799,"MYS":778636837.199101,"NER":17482911.969613,"NGA":3070825338.116942,"NIC":32278195.003335,"NLD":5038015817.128595,"NOR":1453771373.618453,"NPL":17300000.0,"NZL":436892310.899722,"OMN":584105385.060799,"PAK":1181818181.818182,"PER":520650234.292605,"PHL":874273979.844257,"PNG":30150739.648504,"POL":1936746987.951807,"PRT":530137009.516197,"PRY":63530158.730159,"ROU":860000000,"RWA":19633017.151782,"SAU":17616726770.68828,"SDN":239999813.592378,"SEN":94390801.139515,"SGP":452160437.053933,"SLE":10785547.366529,"SLV":54644241.992883,"SOM":87700000.0,"SWE":3368143351.651941,"SWZ":10183559.476264,"SYR":1581656050.955414,"TGO":22498848.262051,"THA":1199048430.620651,"TTO":27218750.0,"TUN":160900649.999262,"TUR":3001142305.526506,"TZA":375458521.873958,"UGA":206806782.995204,"URY":279396248.945885,"USA":126879927116.75581,"VEN":925581395.348837,"ZAF":2160867339.72825,"ZWE":441150000.0}}