{"schemaVersion":1,"dataKind":"ranking-year","indicatorId":"MILITARY_SPENDING_USD","year":1980,"valuesByCountry":{"AGO":497359449.16104,"ARG":6477389013.477324,"AUS":3657867289.728139,"AUT":1152895906.475042,"BDI":27763333.333333,"BEL":3958575326.742835,"BEN":23617947.747066,"BFA":35360658.841348,"BGD":167255351.167634,"BHR":175066312.997347,"BOL":159008134.942347,"BRA":2259307478.860089,"BWA":31844060.600212,"CAN":4744402251.073365,"CHE":1996765550.125022,"CHL":1787179487.179487,"CIV":118473116.243847,"CMR":99867474.441499,"COD":152183674.978539,"COG":57416698.220371,"COL":611248236.580563,"CRI":0,"DEU":25009350127.54133,"DJI":1817455.449834,"DNK":1617653843.014652,"DOM":105000000,"DZA":890174464.813874,"ECU":209000000,"EGY":1361426626.533391,"ESP":5508356432.610799,"ETH":359323671.497585,"FIN":873508619.521642,"FJI":10367191.750258,"FRA":22198183002.418457,"GAB":68629307.080651,"GBR":28360159219.72495,"GHA":120610364.850902,"GIN":60309243.024108,"GRC":2275580288.965115,"GTM":103760000.0,"GUY":21882352.941176,"HND":57000000,"HUN":740802218.103239,"IDN":2114454045.812241,"IND":5420809519.085736,"IRL":362511166.638615,"IRN":4874889400.106175,"IRQ":2976492817.814259,"ISL":0,"ISR":4120814786.048409,"ITA":7915696625.504728,"JOR":416212133.926324,"JPN":9711741590.625427,"KEN":271691156.156379,"KOR":3980692489.03581,"KWT":950805965.290033,"LBN":503476314.786197,"LBR":12750000.0,"LBY":1074139253.034106,"LKA":30811520.224502,"LSO":11639193.974583,"LUX":52422325.288806,"MAR":1117955622.166055,"MDG":90402004.936612,"MEX":810422203.825541,"MLI":38337750.85195,"MMR":202083467.163444,"MOZ":92283380.966784,"MUS":5537271.498082,"MWI":53134112.223185,"MYS":1035886222.483554,"NER":17039000.378644,"NGA":3029915084.832868,"NIC":47159888.987657,"NLD":5269306825.336301,"NOR":1668684529.136179,"NPL":20083333.333333,"NZL":676939260.529084,"OMN":883757961.78344,"PAK":1429292929.292929,"PER":948572813.349258,"PHL":879326572.969461,"PNG":38795968.677062,"POL":1506218238.810223,"PRT":655377981.586798,"PRY":89326190.47619,"QAT":616740088.105727,"ROU":755555555.555556,"RWA":23552267.559337,"SAU":20724493047.247456,"SDN":228000000,"SEN":96502271.866717,"SGP":560080515.222701,"SLE":15907791.960373,"SLV":62055971.530249,"SOM":95500000.0,"SWE":3791756608.827848,"SWZ":13135761.88703,"SYR":2253248407.643312,"TGO":24763347.216963,"THA":1373227227.442324,"TTO":36927083.333333,"TUN":194096119.559259,"TUR":2671976285.572628,"TZA":232291721.313375,"UGA":398813536.470271,"URY":477266464.590796,"USA":143688354872.67603,"VEN":1002325581.395349,"ZAF":2661671164.843856,"ZWE":442750000.0}}