{"schemaVersion":1,"dataKind":"ranking-year","indicatorId":"MILITARY_SPENDING_USD","year":1981,"valuesByCountry":{"AGO":618891637.14152,"ARG":5882767126.461322,"AUS":4323644156.903754,"AUT":969372327.098363,"BDI":29995555.555556,"BEL":3385176171.488793,"BEN":17186114.208537,"BFA":33915894.763571,"BGD":174106138.716989,"BHR":239361702.12766,"BLZ":2079250.0,"BOL":238715537.624444,"BRA":2517859757.171819,"BWA":31162681.747453,"CAN":5141128191.440558,"CHE":1810878507.717998,"CHL":2292307692.307693,"CIV":92002752.722361,"CMR":120247597.808126,"COD":71671583.962542,"COG":63535260.975008,"COL":638643433.259009,"CRI":0,"DEU":21638004993.81955,"DJI":5351084.002453,"DNK":1446085209.669019,"DOM":125000000,"DZA":806569334.609262,"ECU":234000000,"EGY":1817140261.228198,"ESP":4977748533.427051,"ETH":366980676.328502,"FIN":790880895.266151,"FJI":11361681.762921,"FRA":20047753849.349968,"GAB":88322642.613467,"GBR":26948261220.556164,"GHA":195559792.179064,"GIN":52510728.896654,"GRC":2578400683.857399,"GTM":162640000.0,"GUY":22400000.0,"HND":60500000.0,"HUN":757701599.624646,"IDN":2654105929.96991,"IND":5879007035.844463,"IRL":327043451.145032,"IRN":8121567621.447014,"IRQ":4086497761.704491,"ISL":0,"ISR":4700103231.676377,"ITA":7387713297.790799,"JAM":44922028.494123,"JOR":438818156.782162,"JPN":10851176225.196793,"KEN":241171594.363084,"KOR":4463839959.590501,"KWT":1042021629.571175,"LBN":373214770.032477,"LBR":26350000.0,"LBY":557334522.313648,"LKA":27684625.65664,"LSO":12392766.954445,"LUX":46185938.875067,"MAR":975581462.792181,"MDG":86482746.692035,"MEX":1284948561.265532,"MLI":31648946.936492,"MMR":205288116.626087,"MOZ":99294190.8655,"MUS":5332041.259816,"MWI":38506688.826861,"MYS":1446539242.747773,"NER":13984418.413799,"NGA":2135475014.084325,"NIC":71927312.700599,"NLD":4527100426.576699,"NOR":1649618172.979923,"NPL":21959582.694973,"NZL":660354444.434806,"OMN":1133468442.38564,"PAK":1737373737.373737,"PER":994511245.080721,"PHL":982322001.607666,"PNG":38248532.246009,"POL":1567860808.367137,"PRT":637048883.404744,"PRY":131942063.492063,"QAT":1059505494.505494,"ROU":915333333.333333,"RWA":28682783.331402,"SAU":24399927864.219173,"SDN":203987417.197213,"SEN":86843238.349691,"SGP":681003838.707998,"SLE":15788111.465792,"SLV":78352569.395018,"SOM":134000000,"SWE":3490216137.645553,"SWZ":12379584.296982,"SYR":2437707006.369427,"TGO":22525953.976543,"THA":1415853971.512896,"TTO":35166666.666667,"TUN":228835732.395849,"TUR":2814869761.461621,"TZA":331019096.977006,"UGA":108146878.36523,"URY":709699535.82315,"USA":176558875270.82098,"VEN":1009302325.581395,"ZAF":3011979548.279984,"ZWE":389700000.0}}