{"schemaVersion":1,"dataKind":"ranking-year","indicatorId":"MILITARY_SPENDING_USD","year":1982,"valuesByCountry":{"AGO":668493883.280968,"ARG":2279872697.463593,"AUS":4459544581.752231,"AUT":995369996.934841,"BDI":36665555.555556,"BEL":2891774968.215849,"BEN":16554779.888377,"BFA":32866107.131337,"BGD":184674562.508557,"BHR":311170212.765957,"BLZ":2576875.0,"BOL":123726843.539984,"BRA":3031328924.09642,"BWA":23551463.589923,"CAN":6017321456.072236,"CHE":1928314953.183567,"CHL":2160747854.475596,"CIV":86425689.123144,"CMR":131616586.428732,"COD":147162426.614481,"COG":72427162.011649,"COL":667866120.930581,"CRI":0,"DEU":20940094018.362846,"DJI":29608206.12083,"DNK":1400430126.109519,"DOM":126000000,"DZA":932452707.749462,"ECU":229000000,"EGY":2307139561.229198,"ESP":4956242441.315407,"ETH":387367149.758454,"FIN":844911290.481735,"FJI":14939154.84922,"FRA":18918492343.80244,"GAB":88555899.770546,"GBR":27714188335.47423,"GHA":170273456.260096,"GIN":52266833.586694,"GNB":9407751.857093,"GRC":2638652976.072064,"GTM":176590000.0,"GUY":24710000.0,"HND":67000000,"HUN":750740503.132635,"IDN":2741068094.299999,"IND":6302107956.210014,"IRL":342048872.747759,"IRN":9703525315.259945,"ISL":0,"ISR":4518481888.985042,"ITA":8062597403.341097,"JAM":53608918.727757,"JOR":465258786.015002,"JPN":10193936011.755402,"KEN":243721560.477189,"KOR":4646524886.333171,"KWT":1285119359.802161,"LBN":246651755.127511,"LBR":43350000.0,"LBY":709332450.608506,"LKA":25974668.703933,"LSO":14965648.081634,"LUX":41434171.493149,"MAR":959485440.858573,"MEX":858130162.743322,"MLI":29518633.256849,"MMR":195419415.596713,"MOZ":102992610.47877,"MUS":2828236.376178,"MWI":26977480.080719,"MYS":1438303666.625275,"NER":12781263.884409,"NGA":1651914513.238332,"NLD":4829535607.292295,"NOR":1697544015.13473,"NPL":25491173.228228,"NZL":608767756.507905,"OMN":1261580775.911986,"PAK":1852711542.519519,"PER":1268695336.792021,"PHL":964637002.34192,"POL":2122035928.426086,"PRT":606436537.693007,"PRY":208026190.47619,"QAT":1467252747.252747,"ROU":989333333.333333,"RWA":28175370.728562,"SAU":27095797466.28668,"SDN":172214638.244251,"SEN":73072311.522005,"SGP":738310856.907879,"SLE":14128284.826222,"SLV":94372953.736655,"SOM":83900000.0,"SWE":2980130869.176982,"SWZ":11074579.580409,"SYR":2726878980.89172,"TGO":18541962.106596,"THA":1507634749.414133,"TUN":328600426.283294,"TUR":2754732302.695121,"TZA":366761862.799068,"UGA":87488449.887131,"URY":599135224.098229,"USA":221673542584.01978,"VEN":1523255813.953488,"ZAF":2744699858.171704,"ZWE":437450000.0}}