{"schemaVersion":1,"dataKind":"ranking-year","indicatorId":"MILITARY_SPENDING_USD","year":1983,"valuesByCountry":{"AGO":778628250.551507,"ARG":2848053181.386515,"AUS":4511671066.026432,"AUT":991995097.475966,"BDI":34369644.200055,"BEL":2671831608.179753,"BEN":17765951.305023,"BFA":29317755.979279,"BGD":231804492.459502,"BHR":183510638.297872,"BLZ":2899750.0,"BOL":89973482.598675,"BRA":2082669250.915033,"BWA":24454614.241565,"CAN":6947104071.66388,"CHE":1946035042.92234,"CHL":1497684300.841622,"CIV":76251882.875932,"CMR":129898757.695517,"COD":78919799.790478,"COL":859813605.599187,"CRI":0,"DEU":20731705900.151722,"DJI":30902369.444241,"DNK":1374960497.496444,"DOM":126000000,"DZA":952430671.56699,"ECU":200000000,"EGY":3004281422.455111,"ESP":4770965313.312399,"ETH":408405797.101449,"FIN":905188931.503457,"FJI":15102947.827968,"FRA":18188520274.961414,"GAB":86599171.797012,"GBR":26423122398.885452,"GHA":71148287.353417,"GMB":727666.880166,"GNB":18064755.199407,"GRC":2195463585.640105,"GTM":184250000.0,"GUY":22100000.0,"HND":70000000,"HUN":700708442.013447,"IDN":2047257950.102555,"IND":6830768697.580924,"IRL":310258091.668053,"IRN":10550357292.931585,"ISL":0,"ISR":4265358581.860551,"ITA":8409527115.575838,"JAM":50162507.374937,"JOR":484742989.817643,"JPN":11429317255.549192,"KEN":208691732.712316,"KOR":4714159752.90945,"KWT":1425498409.823074,"LBN":492472676.600039,"LBR":38750000.0,"LKA":45952585.364195,"LSO":14069652.634413,"LUX":41151224.438273,"MAR":628153422.9932,"MEX":778556797.175546,"MLI":26767016.737258,"MMR":192169991.457716,"MOZ":116316977.450832,"MUS":2934342.485179,"MWI":22217303.959958,"MYS":1342380183.091007,"NER":12354815.176374,"NGA":1627393326.983338,"NLD":4256634366.675675,"NOR":1698789946.233538,"NPL":29081758.930781,"NZL":567555469.444203,"OMN":1457006369.426752,"PAK":1985972402.226119,"PER":927159637.241117,"PHL":800165576.322586,"POL":2195521572.910978,"PRT":523320264.536747,"PRY":221221334.920635,"QAT":905192307.692308,"ROU":888319701.953023,"RWA":28024671.701325,"SAU":21872720536.303535,"SDN":230769230.769231,"SEN":70617688.274472,"SGP":732945268.687442,"SLE":10236934.648046,"SLV":124526263.345196,"SOM":83900000.0,"SWE":2629021886.99523,"SWZ":11735930.347366,"SYR":2733503184.713376,"TCD":39363259.907733,"TGO":16398734.077561,"THA":1583036595.493063,"TUN":383489474.296776,"TUR":2469375535.024417,"TZA":332950425.386797,"UGA":93723596.469564,"URY":274611790.852867,"USA":223427165005.73026,"VEN":2006976744.186047,"ZAF":3052688268.55758,"ZWE":431750000.0}}