{"schemaVersion":1,"dataKind":"ranking-year","indicatorId":"MILITARY_SPENDING_USD","year":1984,"valuesByCountry":{"AGO":1066247743.833144,"ARG":2527749814.853413,"AUS":4925319432.743611,"AUT":949715291.722829,"BDI":29938434.03587,"BEL":2407447484.344785,"BEN":21237787.699934,"BFA":26968328.691382,"BGD":244337571.539817,"BHR":164893617.021277,"BLZ":3256125.0,"BOL":144680785.749052,"BRA":2013151757.881614,"BRN":97366249.742157,"BWA":26109660.574413,"CAN":7349795763.93554,"CHE":1807905757.379728,"CHL":1462262953.466528,"CIV":70164798.824598,"CMR":127243641.82288,"COD":53403541.410584,"COG":49423627.496527,"COL":889730898.558775,"CPV":3687650.142145,"CRI":0,"DEU":18855835234.19352,"DJI":31133068.123632,"DNK":1259583260.915745,"DOM":139000000,"DZA":929290821.271549,"ECU":193000000,"EGY":3742137511.232127,"ESP":4851949869.229026,"ETH":423019323.671498,"FIN":826070181.339718,"FJI":15601330.131166,"FRA":16977866454.84102,"GAB":80328270.287465,"GBR":25418839536.393753,"GHA":44624487.026925,"GMB":846805.020005,"GNB":6465128.71201,"GRC":1994286405.272227,"GTM":207480000.0,"GUY":20740845.136589,"HND":81000000,"HUN":641103030.25257,"IDN":2002310076.612667,"IND":6956682449.439388,"IRL":284275226.22503,"IRN":9926303621.971003,"ISL":0,"ISR":4214300330.820913,"ITA":8296144788.102205,"JAM":25153444.252815,"JOR":457778991.58571,"JPN":12225078098.028814,"KEN":175004682.979624,"KOR":4759446931.422276,"KWT":1465909167.674339,"LBN":474574917.563726,"LBR":24950000.0,"LKA":55750799.977986,"LSO":12285803.372919,"LUX":38661575.085694,"MAR":512454401.205828,"MDG":55059872.19173,"MEX":1155945372.643421,"MLI":25402957.270395,"MMR":188720829.263652,"MOZ":136654509.127579,"MUS":2623131.381202,"MWI":18839590.20221,"MYS":1273659777.098872,"NER":10632625.178221,"NGA":1210916249.525457,"NLD":3977294579.819236,"NOR":1554623805.054488,"NPL":29211271.370767,"NZL":530331804.602067,"OMN":1580789642.064059,"PAK":2114435830.076248,"PER":666310916.249621,"PHL":513453143.059041,"POL":2313670081.243377,"PRT":474622276.255585,"PRY":172997512.437811,"QAT":874862637.362637,"ROU":731196135.374668,"RWA":25460676.623467,"SAU":22672050990.26338,"SDN":355384615.384615,"SEN":65136844.128827,"SGP":918624711.684512,"SLE":9920516.344947,"SLV":235932384.341637,"SOM":89200000.0,"SWE":2668524384.051838,"SWZ":9116913.39949,"SYR":3394904458.598726,"TCD":40049707.40828,"TGO":15692619.639919,"THA":1698837533.947562,"TUN":249474468.772568,"TUR":2190052307.474133,"TZA":293025202.390761,"UGA":75215039.115712,"URY":221851277.344512,"USA":245149168288.53702,"VEN":1325415047.308766,"ZAF":2770152106.718725,"ZMB":81624098.963705,"ZWE":360650000.0}}