{"schemaVersion":1,"dataKind":"ranking-year","indicatorId":"MILITARY_SPENDING_USD","year":1985,"valuesByCountry":{"AGO":1146467009.82686,"ARG":2027221261.230723,"AUS":4386859325.786199,"AUT":1036872489.29208,"BDI":32220298.116678,"BEL":2428223976.520782,"BEN":19810222.519994,"BFA":27106616.836908,"BGD":224948007.05318,"BHR":167553191.489362,"BLZ":3263000.0,"BOL":131208000.213663,"BRA":2687049984.347282,"BRN":101752153.262278,"BWA":20997913.348786,"CAN":7460563318.393532,"CHE":1966928896.720971,"CHL":1137635210.74226,"CIV":69565043.192963,"CMR":116190293.881312,"COD":40371344.167213,"COG":55646692.471893,"COL":716735060.992748,"CPV":3394021.937823,"CRI":0,"CYP":30737332.912928,"DEU":18665574264.491615,"DJI":31391900.788314,"DNK":1259295609.829754,"DOM":61042019.398511,"DZA":953299653.924182,"ECU":284000000,"EGY":4203565423.477967,"ESP":5077574144.561102,"ETH":429444444.444444,"FIN":911349660.881995,"FJI":14008928.958433,"FRA":17455151457.831406,"GAB":95489724.281768,"GBR":26031881546.001072,"GHA":63162776.659219,"GMB":1244263.419169,"GNB":4652567.482634,"GRC":1927083076.346161,"GTM":224420000.0,"GUY":38971271.328951,"HND":94000000,"HUN":1025550984.249612,"IDN":1923319346.647698,"IND":7567024020.309329,"IRL":301495819.03588,"IRN":10706415944.506477,"ISL":0,"ISR":4004517114.136659,"ITA":8253390532.610381,"JAM":18714379.263694,"JOR":501742160.278746,"JPN":13087751953.583527,"KEN":145781732.097541,"KOR":4883795774.809774,"KWT":1379869859.984771,"LBN":227203508.558202,"LBR":25150000.0,"LKA":188947302.540994,"LSO":10667797.385885,"LUX":38112966.561137,"MAR":692472049.689441,"MDG":50869844.145062,"MEX":1241863651.935594,"MLI":29826627.164935,"MLT":12948712.083086,"MMR":196758644.695776,"MOZ":148214364.287749,"MRT":41058571.706558,"MUS":2363606.92893,"MWI":19811238.438718,"MYS":1076905728.461885,"NER":10877815.444406,"NGA":1091662993.10564,"NLD":3884181821.800835,"NOR":1796625192.067678,"NPL":30532050.157839,"NZL":529191398.508429,"OMN":1617713053.171007,"PAK":2143969262.449461,"PER":666976464.478036,"PHL":609330746.534962,"PNG":34289370.295208,"POL":2140789169.645649,"PRT":493594816.168755,"PRY":158363306.126841,"QAT":1528873626.373626,"ROU":2050007583.977972,"RWA":27250728.431034,"SAU":17656965219.455902,"SDN":205293356.8285,"SEN":64966400.527085,"SGP":1049587528.123083,"SLE":6281702.969675,"SLV":250433594.30605,"SOM":44300000.0,"SWE":2795295632.688356,"SWZ":6646662.947834,"SYC":7246651.052026,"SYR":3510318471.33758,"TCD":37839750.880887,"TGO":18879809.821864,"THA":1629594718.490072,"TUN":215938722.294654,"TUR":2365977436.046768,"TZA":345976202.331691,"UGA":104818308.978899,"URY":203645853.928586,"USA":272163229313.05737,"VEN":820000000,"ZAF":2117406345.488564,"ZMB":53190811.685416,"ZWE":309300000.0}}