{"schemaVersion":1,"dataKind":"ranking-year","indicatorId":"MILITARY_SPENDING_USD","year":1986,"valuesByCountry":{"AGO":1156494418.076075,"ARG":2449545720.611814,"AUS":4606710027.607506,"AUT":1475426088.994241,"BDI":34607737.516532,"BEL":3404311037.66514,"BEN":26277338.538749,"BFA":51180170.138548,"BGD":248796417.166614,"BHR":178191489.361702,"BOL":92869207.221906,"BRA":2758186568.477481,"BRN":110162485.877782,"BWA":34310908.181402,"CAN":7780136739.834473,"CHE":2565428145.776355,"CHL":1114393821.593324,"CIV":96559112.461234,"CMR":145411861.18635,"COD":67436312.944753,"COL":679498200.874082,"CPV":4454431.910203,"CRI":0,"CYP":48729244.323958,"DEU":25944594045.765087,"DJI":30604149.200151,"DNK":1647882397.580519,"DOM":82290924.240703,"DZA":1127103217.135371,"ECU":207000000,"EGY":4727136104.09128,"ESP":6270618789.413907,"ETH":439202898.550725,"FIN":1223271000.853827,"FJI":14591259.3678,"FRA":23901440137.080254,"GAB":136006884.085173,"GBR":30432577939.642494,"GHA":51650922.762522,"GMB":1046935.943405,"GNB":6128820.138282,"GRC":1998816951.190717,"GTM":140853333.333333,"GUY":27829660.941574,"HND":105500000.0,"HUN":765838789.843799,"IDN":1734616704.091816,"IND":9539363085.609161,"IRL":409081178.238577,"IRN":11741433342.091335,"ISL":0,"ISR":4386224325.196258,"ITA":11941809156.309786,"JAM":23522088.126138,"JOR":625775075.293028,"JPN":19457334441.015903,"KEN":181255662.31349,"KOR":5325292074.231894,"KWT":1295617612.140608,"LBN":148293323.672983,"LBR":24350000.0,"LKA":172743269.33716,"LSO":13369627.532242,"LUX":53459034.30589,"MAR":728545632.680319,"MDG":50566283.230328,"MEX":817296611.651707,"MLI":37539055.055356,"MLT":16531995.101793,"MMR":231843369.647958,"MOZ":170669991.021274,"MRT":42460504.201681,"MUS":2896096.952415,"MWI":24743830.162219,"MYS":894074625.015495,"NER":14412109.521637,"NGA":516893509.335887,"NLD":5351016847.009724,"NOR":2168162775.161804,"NPL":31053048.073934,"NZL":691134040.017563,"OMN":1305689796.901425,"PAK":2282625018.771587,"PER":867538985.481269,"PHL":593798594.11254,"PNG":37450561.758426,"POL":2173578188.91304,"PRT":706690056.391344,"PRY":191435349.311696,"ROU":2307873265.07113,"RWA":34889469.111517,"SDN":260000000,"SEN":85476428.361045,"SGP":1021162660.396249,"SLE":7227148.725151,"SLV":163311245.551601,"SOM":34900000.0,"SWE":3577484916.292089,"SWZ":7341260.289799,"SYC":9762352.289782,"SYR":3678980891.719745,"TCD":48800771.571962,"TGO":30011030.706947,"THA":1635667271.254691,"TUN":206793454.647122,"TUR":2769409587.968783,"TZA":260704018.594409,"UGA":131071428.571429,"URY":242349802.554248,"USA":295546223803.59863,"VEN":1004536496.716081,"ZAF":2497888430.348836,"ZMB":61629720.93292,"ZWE":342200000.0}}