{"schemaVersion":1,"dataKind":"ranking-year","indicatorId":"MILITARY_SPENDING_USD","year":1987,"valuesByCountry":{"AGO":1487398890.300154,"ARG":2485659655.83174,"AUS":5057135655.169517,"AUT":1737112605.38592,"BDI":30784856.430676,"BEL":4162992929.135764,"BEN":35602937.408705,"BFA":50712557.854773,"BGD":288311839.747867,"BHR":178191489.361702,"BOL":103362387.152732,"BRA":4323674770.120698,"BRN":104464429.861632,"BWA":73826342.811536,"CAN":8694447167.77653,"CHE":3020406520.966476,"CHL":1166781369.783097,"CIV":122780223.400114,"CMR":163128000.878428,"COD":28297227.672553,"COG":100513414.321698,"COL":721331206.436748,"CPV":4967860.701186,"CRI":0,"CYP":199500731.141773,"DEU":31982616436.13454,"DJI":30817967.488367,"DNK":2141274092.44012,"DOM":59327500.286104,"DZA":1196971384.032959,"ECU":207000000,"EGY":4805707420.417971,"ESP":7921508650.892039,"ETH":476618357.487923,"FIN":1462231546.597302,"FJI":25131445.661087,"FRA":29280470206.47168,"GBR":34921759890.19179,"GHA":43338474.855354,"GMB":1392344.227072,"GNB":3883662.223711,"GRC":2399225050.006919,"GTM":124028000.0,"GUY":10619291.234062,"HND":122500000.0,"HUN":823921397.472882,"IDN":1347598625.178696,"IND":10877406164.409985,"IRL":435378990.388892,"IRN":15263376569.599571,"ISL":0,"ISR":5995553855.415642,"ITA":15653065895.387264,"JAM":25325014.990878,"JOR":647050307.42276,"JPN":23642290700.166622,"KEN":249810082.348294,"KOR":6040845305.00251,"KWT":1336740076.723498,"LBN":36999768.47317,"LBR":22250000.0,"LKA":226699541.853033,"LSO":18111226.258945,"LUX":73150597.306502,"MAR":815386106.13657,"MDG":36662411.208223,"MEX":813391574.395217,"MLI":44254118.461288,"MLT":23148953.513223,"MMR":203653743.546581,"MOZ":83582418.111588,"MRT":43720551.230876,"MUS":3649578.357224,"MWI":21643561.487545,"MYS":1334714483.021384,"NER":13662211.308425,"NGA":201691218.214958,"NLD":6542917224.656041,"NOR":2753415609.763338,"NPL":33928833.321112,"NZL":925756538.570484,"OMN":1139141742.522757,"PAK":2500172425.68453,"PAN":103800000.0,"PER":1455232302.593283,"PHL":652382133.150522,"PNG":42383569.097444,"POL":1765484772.693835,"PRT":853845582.968332,"PRY":116922830.909091,"QAT":865412087.912088,"ROU":2272446245.792402,"RWA":36093359.476269,"SAU":14460266666.666666,"SDN":310333333.333333,"SEN":99871230.49741,"SGP":1052360421.276555,"SLE":4585444.664757,"SLV":176891743.772242,"SOM":28500000.0,"SWE":4469563626.499107,"SWZ":8349582.27531,"SYC":11321408.354628,"SYR":3650191082.802548,"TCD":34271986.477539,"TGO":43412291.997325,"THA":1698687545.67932,"TUN":194409783.482288,"TUR":2889593497.073076,"TZA":161608082.115891,"UGA":130971749.223296,"URY":223924938.586923,"USA":304086648682.90784,"VEN":765517241.37931,"VNM":1315597881.759682,"ZAF":3595968625.216721,"ZMB":66915490.043038,"ZWE":392600000.0}}