{"schemaVersion":1,"dataKind":"ranking-year","indicatorId":"MILITARY_SPENDING_USD","year":1988,"valuesByCountry":{"AGO":1469382980.145731,"ARG":2696341658.478623,"AUS":5836347868.209483,"AUT":1713954576.860499,"BDI":34255493.429253,"BEL":4097149308.309827,"BEN":36931702.929216,"BFA":57186887.27136,"BGD":331995586.627989,"BHR":207446808.510638,"BOL":92916951.667494,"BRA":5874167752.844612,"BRN":178392184.534044,"BWA":93747094.756069,"CAN":9897335684.279806,"CHE":3276156632.269528,"CHL":999951022.807046,"CIV":128102253.498429,"CMR":154370685.71889,"COD":214939929.101904,"COL":862374404.192878,"CPV":5078572.171922,"CRI":0,"CYP":243815864.399297,"DEU":32883592699.41861,"DJI":31059919.761874,"DNK":2320423440.139166,"DOM":47296368.764438,"DZA":1028611425.296335,"ECU":198000000,"EGY":4453565066.33562,"ESP":8900414226.539066,"ETH":614855072.463768,"FIN":1704330620.239886,"FJI":24673835.526408,"FRA":30327270741.09373,"GBR":38357236513.95783,"GHA":22760419.557601,"GMB":2161461.715513,"GRC":2749556829.154636,"GTM":146588384.397499,"GUY":11020000.0,"HND":132000000,"HTI":1930800.0,"HUN":1027508668.364635,"IDN":1356706412.76621,"IND":11346419153.415583,"IRL":453486446.993673,"IRN":18889008562.658195,"ISL":0,"ISR":6999574985.304344,"ITA":17403664789.84284,"JAM":30932577.8211,"JOR":587776388.488132,"JPN":28216102752.98084,"KEN":250942407.491928,"KOR":7732395675.545615,"KWT":1704123944.106168,"LBN":39317743.078464,"LBR":25000000,"LKA":165486625.501465,"LSO":16956458.62932,"LUX":86015559.600335,"MAR":917269144.795746,"MDG":32904438.545809,"MEX":981914645.573685,"MLI":48011066.047111,"MLT":22383605.510849,"MMR":255256828.481799,"MOZ":63852700.397412,"MRT":42983864.109869,"MUS":4688302.31364,"MWI":20167493.069925,"MYS":855741986.726644,"NGA":271106046.546484,"NLD":6728811707.438897,"NOR":2894745725.78096,"NPL":35789121.137695,"NZL":961838312.368973,"OMN":1148894668.40052,"PAK":2721723239.628291,"PAN":102900000.0,"PER":736618231.495281,"PHL":931561008.215334,"PNG":46294747.841251,"POL":1783781523.925434,"PRT":1017899063.983864,"PRY":178435818.181818,"QAT":982554945.054945,"ROU":2524357528.595143,"RWA":36626347.162832,"SAU":13354666666.666666,"SDN":369333333.333333,"SEN":105288603.583036,"SGP":1205886445.17546,"SLE":9011475.021606,"SLV":178963345.195729,"SOM":49500000.0,"SWE":4917620753.531413,"SWZ":8720150.254897,"SYC":12148072.747266,"SYR":3722802547.770701,"TCD":77892079.181327,"TGO":43089092.422981,"THA":1809003356.54051,"TUN":232920340.777147,"TUR":2663901290.118466,"TWN":7110091743.119266,"TZA":124833697.746346,"UGA":140904123.011985,"URY":259967029.93247,"USA":309661269300.95374,"VEN":1096551724.137931,"VNM":1305814501.795495,"ZAF":4263086823.226169,"ZMB":86740656.325535,"ZWE":407050000.0}}