{"schemaVersion":1,"dataKind":"ranking-year","indicatorId":"MILITARY_SPENDING_USD","year":1989,"valuesByCountry":{"AGO":1948559395.68153,"ARG":1440922190.201729,"AUS":6300015815.277558,"AUT":1623488055.246435,"BDI":37903281.715795,"BEL":3880733005.733006,"BEN":28526012.353435,"BFA":66816506.169124,"BGD":378796135.246148,"BGR":2071428571.428571,"BHR":218085106.382979,"BLZ":4355375.0,"BOL":101690872.434517,"BRA":8761486965.810225,"BRN":186129028.949986,"BWA":102798415.794411,"CAN":10747134688.637571,"CHE":3082038962.547297,"CHL":988934423.159046,"CHN":11251332630.387957,"CIV":129676998.695957,"CMR":146869357.508276,"COD":67494749.097317,"COL":865205662.784132,"CRI":0,"CYP":244995663.322357,"DEU":31485040895.241695,"DJI":31088053.747166,"DNK":2183667160.042571,"DOM":53517350.157729,"DZA":854300945.251138,"ECU":189000000,"EGY":3516344801.405846,"ESP":9302930295.84069,"ETH":781521739.130435,"FIN":1766586165.759819,"FJI":29083211.422947,"FRA":29665454335.40305,"GBR":37456646813.31078,"GHA":22626979.857749,"GMB":2722987.295486,"GNB":4434725.154767,"GRC":2560254613.506097,"GTM":151627061.346818,"GUY":6023830.213411,"HND":138000000,"HTI":2072650.0,"HUN":812646128.164453,"IDN":1409556738.189666,"IND":10589796924.594004,"IRL":434222056.024692,"IRN":16301812932.063633,"ISL":0,"ISR":5550710260.442565,"ITA":17675486539.462933,"JAM":40933809.603387,"JOR":382891036.17276,"JPN":27966353541.503582,"KEN":228606148.985296,"KOR":9468974884.430252,"KWT":2076390756.316823,"LKA":125682787.242247,"LSO":22610459.529946,"LUX":75962325.962326,"MAR":990555090.202011,"MDG":30247467.943921,"MEX":1153375828.265224,"MLI":46080349.082155,"MLT":21308781.464883,"MMR":550194633.775299,"MOZ":79069105.59283,"MRT":38879724.506628,"MUS":6327951.841991,"MWI":22781135.849713,"MYS":1019255474.668124,"NGA":170705511.267894,"NLD":6399237698.589597,"NOR":2932580201.317981,"NPL":36331136.350262,"NZL":959602906.43782,"OMN":1171521456.436931,"PAK":2580142638.074142,"PAN":101900000.0,"PER":862654199.43815,"PHL":954928761.035484,"PNG":53074242.22488,"POL":1493906252.171376,"PRT":1099988585.913498,"PRY":98142356.705989,"QAT":848461538.461538,"ROU":2572110229.466009,"RWA":41622478.134475,"SAU":12749866666.666666,"SEN":99602517.805196,"SGP":1410452965.24566,"SLE":14394912.125833,"SLV":213029679.715302,"SOM":8560000.0,"SWE":5032977192.068101,"SWZ":8731526.530114,"SYC":13036424.052202,"SYR":1483652561.247216,"TCD":56424917.243455,"TGO":41861019.159394,"THA":1939693409.073224,"TUN":234062029.597997,"TUR":3373741563.289469,"TWN":8142201834.862386,"TZA":105316752.338241,"UGA":139821239.66794,"URY":297821236.424986,"USA":321866558808.32025,"VEN":1196251552.965118,"VNM":458562483.898789,"ZAF":4181886467.277746,"ZMB":167587250.338432,"ZWE":408600000.0}}