{"schemaVersion":1,"dataKind":"ranking-year","indicatorId":"MILITARY_SPENDING_USD","year":1990,"valuesByCountry":{"AGO":1751153151.94866,"ARG":2050907629.171289,"AUS":6704213698.031318,"AUT":1972701681.516391,"BDI":39602347.376719,"BEL":4644324240.803758,"BEN":32817442.645229,"BFA":84465502.359833,"BGD":373023438.959292,"BGR":794520547.945205,"BHR":239361702.12766,"BLZ":4768750.0,"BOL":137065127.51571,"BRA":9236296955.405264,"BRN":231168587.554413,"BWA":156250839.841545,"CAN":11414631846.89356,"CHE":4056408189.121484,"CHL":1031475584.038202,"CHN":9926349250.81692,"CIV":143973702.091712,"CMR":180577745.946045,"COD":45933813.550475,"COL":889979074.541223,"CRI":0,"CYP":411409063.265004,"DEU":39650093949.63615,"DJI":31116187.732457,"DNK":2649889473.480099,"DOM":47798904.437381,"DZA":904269155.155841,"ECU":202000000,"EGY":2260645161.290322,"ESP":11695038644.543652,"ETH":785048309.178744,"FIN":2141300984.189828,"FJI":30542031.588685,"FRA":35774430324.98408,"GBR":43545094840.13433,"GHA":27612534.916139,"GMB":3464910.152643,"GRC":3193376484.067834,"GTM":132196105.007847,"GUY":3589328.490159,"HND":67120949.031853,"HTI":2430800.0,"HUN":847389246.889926,"IDN":1613975396.269827,"IND":10537035450.052847,"IRL":594006010.402921,"IRN":16474401698.234528,"ISL":0,"ISR":6528767331.236562,"ITA":20734625578.569027,"JAM":38609944.557581,"JOR":322429005.351719,"JPN":28800451682.41339,"KEN":246456438.633547,"KHM":29090909.090909,"KOR":10110714871.058714,"KWT":8961536461.493126,"LBN":214361038.658359,"LKA":187023405.694545,"LSO":24165932.316064,"LUX":96691368.635541,"MAR":1069720491.996205,"MDG":37948124.178042,"MEX":1210872502.311029,"MLI":52155069.509485,"MLT":21152027.665955,"MMR":814025583.097738,"MOZ":84598999.665263,"MRT":40181617.437259,"MUS":9183570.491472,"MWI":24312172.026619,"MYS":1125007856.200113,"NAM":156919128.673686,"NGA":277297783.483801,"NIC":1142475979.619932,"NLD":7420849635.78912,"NOR":3394869435.471761,"NPL":37929191.125397,"NZL":1057749671.876864,"OMN":1447919375.812743,"PAK":2810101624.330873,"PAN":73100000.0,"PER":777066944.849536,"PHL":951481869.97388,"PNG":68691099.47644,"POL":1540736842.105263,"PRT":1416083169.933316,"PRY":112234255.698035,"QAT":790796703.296703,"ROU":1739025771.104801,"RWA":95132735.433509,"SAU":16355466666.666666,"SDN":1177777777.777778,"SEN":118215708.960021,"SGP":1801901209.911008,"SLE":12387253.542517,"SLV":163886690.391459,"SWE":6169504239.886868,"SWZ":14223211.663034,"SYC":14840075.699376,"SYR":1641781737.193764,"TCD":34341542.247443,"TGO":50748351.789617,"THA":2214017705.340916,"TUN":247855881.539234,"TUR":5315413395.48577,"TWN":8701148997.88049,"TZA":87154458.206874,"UGA":107006214.22159,"URY":328351062.010466,"USA":325129313986.03143,"VEN":737870454.68601,"VNM":511970136.360832,"YEM":807070715.481137,"ZAF":4364458203.855727,"ZMB":139324047.264527,"ZWE":416300000.0}}