{"schemaVersion":1,"dataKind":"ranking-year","indicatorId":"MILITARY_SPENDING_USD","year":1991,"valuesByCountry":{"AGO":1031247788.044277,"ARG":2858778842.100185,"AUS":7023509067.115349,"AUT":1994055545.99645,"BDI":42751758.827191,"BEL":4624500746.001538,"BFA":69505542.223341,"BGD":381720110.052258,"BGR":232176386.59336,"BHR":263297872.340425,"BLZ":4732875.0,"BOL":143643960.107356,"BRA":6694665295.15063,"BRN":245434285.548899,"BWA":172269188.151724,"CAF":21598187.921604,"CAN":11338503299.235415,"CHE":4016764412.583072,"CHL":1038039494.181252,"CHN":9802375366.073124,"CIV":144168701.946425,"CMR":178198343.181842,"COD":43891987.209721,"COL":911467589.191922,"CRI":0,"CYP":418387368.734114,"DEU":37024379615.74757,"DJI":31774522.988279,"DNK":2671946670.502121,"DOM":33894298.950553,"DZA":565098062.567328,"ECU":209000000,"EGY":1345757343.0295,"ESP":11680263754.141172,"ETH":529033816.425121,"FIN":2200991548.898181,"FJI":32482582.883786,"FRA":35869120915.214424,"GBR":47045457327.36835,"GHA":41427175.744251,"GIN":71764178.399646,"GMB":3996271.288864,"GRC":3146899034.956197,"GTM":119310860.469926,"GUY":2031374.372826,"HND":47398089.405587,"HTI":2415742.347332,"HUN":722549153.413242,"IDN":1697029205.463719,"IND":8622473881.38455,"IRL":624932658.118737,"IRN":17549594829.9352,"ISL":0,"ISR":9337649894.624155,"ITA":21585706771.881138,"JAM":31891976.658771,"JOR":433271745.101092,"JPN":32785415754.192436,"KEN":191908506.283649,"KHM":43294683.663426,"KOR":10956524347.756128,"KWT":12924377965.940712,"LBN":229469731.0033,"LBR":25000000,"LKA":277389023.844917,"LSO":22308171.454232,"LUX":107736089.109086,"MAR":1148445710.413424,"MDG":34707087.437887,"MEX":1459136040.921936,"MLT":21744818.12471,"MMR":942677085.156834,"MNG":110838314.608565,"MOZ":71803523.25249,"MRT":39440703.48938,"MUS":10496859.886406,"MWI":23704121.199582,"MYS":1571959986.473072,"NAM":144767719.786189,"NGA":243705781.024049,"NIC":67668345.497245,"NLD":7246192325.009606,"NOR":3287551635.523389,"NPL":35431485.706617,"NZL":989033810.015518,"OMN":1254811443.43303,"PAK":3067123794.15818,"PAN":78600000.0,"PER":697734627.831715,"PHL":913219741.908249,"PNG":52642141.66305,"POL":1721995820.765689,"PRT":1597556798.8274,"PRY":197613496.807981,"QAT":895631868.131868,"ROU":1377194084.872858,"RWA":105333802.051708,"SAU":16355466666.666666,"SDN":1365798114.911065,"SEN":110014994.310669,"SGP":2022806865.213742,"SLE":23179749.715586,"SLV":145127188.6121,"SWE":6219460369.377608,"SWZ":16006837.309692,"SYC":16561706.536391,"SYR":2893808463.25167,"TGO":45904568.12486,"THA":2598337173.940306,"TUN":260431030.66013,"TUR":5670666519.648499,"TWN":9304493753.496178,"TZA":108141651.87514,"UGA":73561599.978202,"URY":268628014.63081,"USA":299372779114.59143,"VEN":983721953.365596,"VNM":427617814.087875,"YEM":1028217916.586873,"ZAF":3874415134.790607,"ZMB":86247306.222028,"ZWE":376050000.0}}