{"schemaVersion":1,"dataKind":"ranking-year","indicatorId":"MILITARY_SPENDING_USD","year":1992,"valuesByCountry":{"AGO":794138821.161656,"ALB":31559657.481758,"ARG":3254455191.683777,"AUS":6882091580.068299,"AUT":2139925321.740089,"AZE":11070110.701107,"BDI":38986476.430968,"BEL":4131298112.213209,"BFA":71116618.56044,"BGD":427723624.979361,"BGR":255770911.521259,"BHR":279255319.148936,"BLZ":5292125.0,"BOL":141441910.309395,"BRA":4993804466.928143,"BRN":251692787.466927,"BWA":177986045.607732,"CAF":23185438.169646,"CAN":10788803123.940002,"CHE":4138043833.82401,"CHL":1168858391.068355,"CHN":12244267842.214926,"CIV":156797334.260197,"CMR":183796639.112629,"COD":85527294.362636,"COG":125617699.061551,"COL":1102357226.959153,"CPV":3557902.660488,"CRI":0,"CYP":630127106.011074,"DEU":39319418649.19605,"DJI":33625739.220464,"DNK":2837745376.59063,"DOM":63127240.844828,"DZA":1053301642.692606,"ECU":211000000,"EGY":1415819974.411078,"ESP":12250195429.628267,"ETH":255343443.354148,"FIN":2075955550.128221,"FJI":30539125.343482,"FRA":37902269820.780495,"GBR":45592591817.976524,"GHA":41664027.151855,"GIN":55654040.294856,"GMB":3501685.958291,"GRC":3623052914.952112,"GTM":153753024.292978,"GUY":3625349.9944,"HRV":36272977.871391,"HTI":1700399.013637,"HUN":812017967.195183,"IDN":1887635965.949397,"IND":8083231409.709817,"IRL":674035044.462192,"IRN":19732558015.40571,"ISL":0,"ISR":7313388389.728497,"ITA":22177090390.331882,"JAM":47192327.626381,"JOR":367745484.820937,"JPN":35999123575.81069,"KEN":156036602.021306,"KHM":62293735.887192,"KOR":11614665196.099154,"KWT":6316012045.439818,"LAO":102292611.331368,"LBN":442786331.073862,"LBR":22650000.0,"LKA":326765473.561246,"LSO":24237292.295609,"LUX":123217456.224552,"MAR":1228526552.8756,"MDG":23102633.364897,"MEX":1824550066.238004,"MLT":26692690.8063,"MMR":1370457676.512361,"MNG":33041891.201759,"MOZ":59605412.171425,"MRT":39378674.155547,"MUS":11427598.437339,"MWI":25238116.382851,"MYS":1766520895.979398,"NAM":124561274.329333,"NGA":173657679.322943,"NIC":47200000.0,"NLD":7904561273.351822,"NOR":3803684930.404698,"NPL":37607537.894306,"NZL":870398917.171109,"OMN":1517165149.544863,"PAK":3388776372.653771,"PAN":78800000.0,"PER":904617804.997472,"PHL":1078843704.066634,"PNG":58569676.664286,"POL":1881935067.22245,"PRT":1912679509.687539,"PRY":169556285.205336,"ROU":831620409.60796,"RWA":88570170.002762,"SAU":15360266666.666666,"SDN":183718440.712828,"SEN":109772868.088193,"SGP":2332148535.577696,"SLE":26661754.518042,"SLV":134193736.654804,"SVN":281422738.461992,"SWE":6418628291.004374,"SWZ":20976434.163976,"SYC":20499884.810171,"SYR":2976570155.902005,"TCD":35324074.773699,"TGO":49113686.851133,"THA":2961769835.551829,"TJK":1037058.642425,"TUN":289677115.168701,"TUR":6157947273.304018,"TWN":10071090047.393364,"TZA":96907036.424953,"UGA":52331345.968972,"URY":366965197.814078,"USA":325033735954.804,"VEN":992932484.978058,"VNM":332970309.40351,"YEM":1306900025.811609,"ZAF":3677406460.70666,"ZMB":97756279.977238,"ZWE":296350000.0}}