{"schemaVersion":1,"dataKind":"ranking-year","indicatorId":"MILITARY_SPENDING_USD","year":1993,"valuesByCountry":{"AGO":1774397876.827421,"ALB":39289843.428504,"ARG":3368550452.176594,"ARM":9829763.866008,"AUS":6733829289.522359,"AUT":2115115266.684332,"AZE":77519379.844961,"BDI":36267402.586704,"BEL":3746042850.896371,"BFA":60526975.628878,"BGD":471044672.335061,"BGR":282674243.302795,"BHR":279255319.148936,"BLZ":6130375.0,"BOL":109897117.990753,"BRA":7099899155.09737,"BRN":233941291.875801,"BWA":185671482.870903,"CAF":19144450.369575,"CAN":10268822622.028261,"CHE":3611212625.70891,"CHL":1291053675.964826,"CHN":12360225860.644642,"CIV":148635238.360944,"CMR":168175220.632639,"COD":469173805.489934,"COG":109477580.051066,"COL":1529432893.235156,"CPV":2735413.408002,"CRI":0,"CYP":268277271.620148,"CZE":815584534.379164,"DEU":34868224471.84661,"DJI":31065546.558932,"DNK":2682011246.248423,"DOM":95993941.210811,"DZA":1276911083.125584,"ECU":276000000,"EGY":1526165392.003627,"ERI":107737649.233228,"ESP":10041511353.191668,"EST":13146559.884888,"ETH":163850000.0,"FIN":1615424808.844867,"FJI":32041095.623861,"FRA":35775273292.887344,"GBR":38113206791.460304,"GHA":41004336.421709,"GIN":43956503.992716,"GMB":2556388.815841,"GRC":3364413329.766045,"GTM":144445075.381165,"GUY":4436526.473605,"HND":40592869.129332,"HRV":577978268.627984,"HTI":1449444.336128,"HUN":735860385.584316,"IDN":1933304585.30976,"IND":8253542581.485113,"IRL":597723765.566692,"IRN":1448177703.480578,"ISL":0,"ISR":7752806699.973687,"ITA":18242013901.278526,"JAM":44542579.543542,"JOR":391137488.435465,"JPN":41353936221.8745,"KEN":105704527.312319,"KHM":44626255.113425,"KOR":12377424872.706251,"KWT":2980065531.624475,"LAO":107643979.057592,"LBN":452979280.562319,"LBR":30450000.0,"LKA":354785171.204953,"LSO":22140684.387375,"LTU":20769763.769377,"LUX":108089199.825098,"LVA":17691507.972106,"MAR":1251786538.132709,"MDG":37830790.81506,"MEX":2122980337.781886,"MLI":44497338.988498,"MLT":24637705.571558,"MMR":2061809623.889673,"MNG":14057102.955483,"MOZ":59366482.20038,"MRT":30155786.964224,"MUS":10777425.203989,"MWI":25728062.724006,"MYS":1923398171.781096,"NAM":70155520.329035,"NGA":289231103.900224,"NIC":40210589.618907,"NLD":7054868961.851335,"NOR":3175583193.428934,"NPL":37041837.423262,"NZL":866788074.638883,"OMN":1439921976.592978,"PAK":3308760744.577902,"PAN":95200000.0,"PER":956586464.955339,"PHL":1173017500.129057,"PNG":68596992.159906,"POL":2123378415.677615,"PRT":1655575218.565631,"PRY":157930499.273865,"ROU":722451519.700652,"RUS":7766720078.41342,"RWA":89436136.358909,"SAU":16451200000.0,"SDN":257981093.940269,"SEN":119937986.248203,"SGP":2481448703.111172,"SLE":23339131.109032,"SLV":116470035.587189,"SVK":266899036.578679,"SVN":230303671.569146,"SWE":5011158319.661126,"SWZ":23724347.714322,"SYC":12949843.000041,"SYR":1426095238.095238,"TCD":39200036.727962,"TGO":50147794.733069,"THA":3156299862.55707,"TJK":23498175.217719,"TTO":22644876.754312,"TUN":276167134.915416,"TUR":7075086939.897675,"TWN":11653465721.756926,"TZA":58725701.624086,"UGA":62636650.432629,"UKR":152233866.519581,"URY":418919638.983124,"USA":316719443747.4234,"VEN":1287954760.864229,"VNM":297716380.03947,"YEM":1535457656.472469,"ZAF":3254313378.665378,"ZMB":51128294.494029,"ZWE":249800000.0}}