{"schemaVersion":1,"dataKind":"ranking-year","indicatorId":"MILITARY_SPENDING_USD","year":1994,"valuesByCountry":{"AGO":594991178.694447,"ALB":49649504.931661,"ARG":3754724686.889394,"AUS":7459696581.9777,"AUT":2227560550.131557,"AZE":43942747.058543,"BDI":41909745.034869,"BEL":3944101812.832709,"BFA":30259093.487991,"BGD":547417522.185003,"BGR":241993434.773533,"BHR":284574468.085106,"BLR":176978876.648277,"BLZ":7899375.0,"BOL":134595240.362557,"BRA":10591499118.378056,"BRN":261876080.238831,"BWA":170433762.315386,"CAF":10689745.22924,"CAN":9577377639.78794,"CHE":3899275420.599697,"CHL":1466048831.801836,"CHN":9867120066.274185,"CIV":84071649.210652,"CMR":94517340.441819,"COL":2005122887.75573,"CPV":3431398.887299,"CRI":0,"CYP":298469126.876729,"CZE":938253319.861851,"DEU":34039251428.097958,"DJI":30711058.344259,"DNK":2718790041.741673,"DOM":100956679.660489,"DZA":1334911647.674601,"ECU":291000000,"EGY":1714409786.330215,"ERI":80198311.210397,"ESP":10092671257.377928,"EST":25135735.379842,"ETH":148691674.290942,"FIN":1756338983.66821,"FJI":33665273.338251,"FRA":37288606059.733986,"GBR":38569013504.85739,"GHA":37823235.45276,"GIN":45871747.508795,"GMB":2316899.463827,"GNB":2016728.765107,"GNQ":2379301.339145,"GRC":3587244914.441259,"GTM":153011545.416609,"GUY":5485552.100658,"HRV":1472678523.612818,"HTI":1527825.797872,"HUN":757131989.349563,"IDN":2239731574.684716,"IND":8880551226.026896,"IRL":633699379.139512,"IRN":1703171536.205704,"ISL":0,"ISR":7772187267.595126,"ITA":18062459081.750042,"JAM":34218503.954857,"JOR":407863026.715744,"JPN":45285594082.654976,"KAZ":106926892.957739,"KEN":117331482.624628,"KGZ":28672625.141814,"KHM":107258618.996169,"KOR":13519265762.727053,"KWT":3296055512.513895,"LAO":116105380.350497,"LBN":637473438.606725,"LBR":39300000.0,"LKA":437032405.074562,"LSO":25853328.827307,"LTU":21062271.384577,"LUX":126000012.057417,"LVA":33900348.043573,"MAR":1365250018.744478,"MDG":27580945.674339,"MEX":2635284078.78831,"MLI":29898866.184562,"MLT":27870262.140632,"MMR":2801966891.551504,"MNG":16393641.224944,"MOZ":72864691.923114,"MRT":29488165.081934,"MUS":11853856.261553,"MWI":17060803.076782,"MYS":2120597806.619771,"NAM":56958995.156021,"NER":17471024.21628,"NGA":319694489.907256,"NIC":35401494.597553,"NLD":7137373800.973025,"NOR":3403291213.135381,"NPL":39252998.633534,"NZL":979531816.995944,"OMN":1520091027.308192,"PAK":3320617929.373892,"PAN":101000000,"PER":1111161731.207289,"PHL":1392199021.849401,"PNG":83255878.339629,"POL":2251923178.481525,"PRT":1641548411.428827,"PRY":161100272.278829,"ROU":936686222.501495,"RUS":13547871733.424627,"RWA":40510575.392313,"SAU":14279733333.333334,"SDN":226167004.478452,"SEN":66146738.592052,"SGP":2797163882.051013,"SLE":26495551.692402,"SLV":109334519.572954,"SVK":299993419.135274,"SVN":237949504.101327,"SWE":5154504229.539514,"SWZ":25804044.159063,"SYC":11887196.243567,"SYR":1636299776.089915,"TCD":22153979.16085,"TGO":25396024.891707,"THA":3611133200.795229,"TJK":14182891.529866,"TKM":79583333.333333,"TTO":24202817.586031,"TUN":297068854.727893,"TUR":5293173965.760063,"TWN":11953358279.472351,"TZA":58375569.774994,"UGA":104127847.91387,"UKR":919044682.059393,"URY":450443306.000095,"USA":308084000000,"UZB":86929824.561404,"VEN":939683231.420828,"VNM":431345012.174325,"YEM":2353269331.645865,"ZAF":3478582291.314633,"ZMB":62869469.994965,"ZWE":247900000.0}}