{"schemaVersion":1,"dataKind":"ranking-year","indicatorId":"MILITARY_SPENDING_USD","year":1995,"valuesByCountry":{"AGO":233843714.8893,"ALB":50907521.777826,"ARG":3801950487.621905,"ARM":52228583.817023,"AUS":7665878445.99453,"AUT":2557834494.186181,"AZE":66159968.913878,"BDI":42108929.879843,"BEL":4449014834.610717,"BFA":36862814.235457,"BGD":620095155.928424,"BGR":311147105.587547,"BHR":303191489.361702,"BLR":179082195.070438,"BLZ":8052875.0,"BOL":140760862.77222,"BRA":14318919608.093132,"BRN":285738475.214833,"BWA":165873977.801105,"CAF":13014176.15617,"CAN":9176903908.367579,"CHE":4645360981.673954,"CHL":1827997368.772573,"CHN":12385129474.987488,"CMR":113575532.707734,"COL":2619338187.124381,"CPV":6206630.034104,"CRI":0,"CYP":298833385.510591,"CZE":1065353796.68936,"DEU":38563185777.735374,"DJI":29608206.12083,"DNK":3117966146.470155,"DOM":84449968.376307,"DZA":1234655191.585873,"ECU":475000000,"EGY":1948876985.799818,"ERI":124996349.879465,"ESP":11439906271.183727,"EST":36343487.582755,"ETH":122460081.190798,"FIN":1908986807.294454,"FJI":34700248.16366,"FRA":40124024138.36955,"GBR":38294283079.83485,"GHA":49054374.233706,"GMB":2886550.249974,"GNB":2211919.910516,"GNQ":3447875.179306,"GRC":4179913246.972543,"GTM":158348657.492683,"GUY":5691560.61385,"HRV":1947665978.243801,"HTI":1911950.601269,"HUN":612184817.11635,"IDN":2478753541.076487,"IND":9754464629.892897,"IRL":702039703.123067,"IRN":2501544189.557847,"ISL":0,"ISR":7831352335.524693,"ITA":17185853003.896473,"JAM":35298829.608931,"JOR":299838515.542344,"JPN":49961673236.9689,"KAZ":177686628.383921,"KEN":149096438.251753,"KGZ":51598795.035992,"KHM":123101153.486778,"KOR":16085095679.480547,"KWT":3692435533.158205,"LAO":103704532.180094,"LBN":746264054.12573,"LKA":763663963.661622,"LSO":34373285.471273,"LTU":30453612.5,"LUX":142256814.875936,"LVA":43560331.058516,"MAR":1437898700.739089,"MDA":13345789.403443,"MDG":27170664.122298,"MEX":1562615372.392876,"MLI":40468959.106317,"MLT":31144859.955132,"MMR":3932079180.665744,"MNG":21281148.785256,"MOZ":33465088.266941,"MRT":31987855.249368,"MUS":13447369.480568,"MWI":11047717.502961,"MYS":2444098386.839163,"NAM":68236520.185603,"NER":18431407.117729,"NGA":639406630.64676,"NIC":35119851.462907,"NLD":8011539559.498451,"NOR":3508040838.747561,"NPL":39766584.50616,"NZL":1146415728.272568,"OMN":1513849154.746424,"PAK":3665932426.752458,"PAN":96600000.0,"PER":1413463629.384067,"PHL":1700402496.645861,"PNG":56405488.186023,"POL":2719362633.91863,"PRT":2016499720.179301,"PRY":206926409.311294,"ROU":983140541.39125,"RUS":12741629470.405668,"RWA":56449336.720294,"SAU":13200266666.666666,"SDN":138756425.66202,"SEN":80915880.660646,"SGP":3672797697.159548,"SLE":25023304.591004,"SLV":111636298.932384,"SVK":629622682.638738,"SVN":334655022.858287,"SWE":5729770497.962365,"SWZ":28769619.722698,"SYC":11591841.191776,"SYR":957899818.94991,"TCD":20034138.171444,"TGO":30852572.784024,"THA":3849025895.838685,"TJK":5803400.646269,"TKM":135612612.612613,"TUN":342902458.366376,"TUR":6606245814.710841,"TWN":11470210677.338972,"TZA":85513656.087215,"UGA":127002622.515654,"UKR":1046793431.405161,"URY":523862025.515829,"USA":295853097724.6614,"UZB":112678421.494542,"VEN":1198810237.387046,"YEM":805892377.911418,"ZAF":3292446561.844344,"ZMB":55265536.343953,"ZWE":262900000.0}}