{"schemaVersion":1,"dataKind":"ranking-year","indicatorId":"MILITARY_SPENDING_USD","year":1996,"valuesByCountry":{"AGO":159741933.468199,"ALB":45713356.108671,"ARG":3379138769.765411,"ARM":52410268.548284,"AUS":8202776516.989341,"AUT":2457903048.657642,"AZE":71606841.243216,"BDI":50893980.782634,"BEL":4241865967.615007,"BFA":37141874.139872,"BGD":638958844.832812,"BGR":213616356.26711,"BHR":321808510.638298,"BLR":182805936.966407,"BLZ":7965875.0,"BOL":146963017.847677,"BRA":14073226544.622425,"BRN":328359479.163712,"BWA":140560134.769268,"CAF":12196218.566245,"CAN":8615884471.238825,"CHE":4239447900.90695,"CHL":1904105834.325813,"CHN":14275400819.973162,"CIV":102660140.122607,"CMR":116936303.640686,"COD":89269879.98382,"COL":4318552315.542737,"CPV":4261939.787993,"CRI":0,"CYP":448075909.330522,"CZE":1123923140.919573,"DEU":36531135729.47855,"DJI":24527208.377175,"DNK":3086224944.685592,"DOM":107001292.233531,"DZA":1452431007.746274,"ECU":419000000,"EGY":2115742979.466192,"ERI":152271808.56,"ESP":11294316854.756184,"EST":41436607.709185,"ETH":126454832.78033,"FIN":2021797095.446426,"FJI":32851136.60657,"FRA":38977734095.775406,"GBR":38566134645.39206,"GEO":67706683.560342,"GHA":44417767.10477,"GMB":3929704.839852,"GNB":1897743.65673,"GRC":4613167576.65798,"GTM":141370462.942145,"GUY":5558340.160285,"HRV":1809859601.866174,"HUN":585271901.838883,"IDN":2874845237.586987,"IND":9904672736.303806,"IRL":750987245.817278,"IRN":3550986964.192928,"ISL":0,"ISR":8376838856.745882,"ITA":20793128832.200146,"JAM":41791263.914482,"JOR":417489421.720733,"JPN":44047104680.13128,"KAZ":241771205.869549,"KEN":170804816.256353,"KGZ":54586794.279291,"KHM":113563610.865522,"KOR":16408665266.957796,"KWT":3241385529.493102,"LAO":78445466.014927,"LBN":735631013.592628,"LKA":767105591.680327,"LSO":28347308.314047,"LTU":42260000.0,"LUX":141495421.593817,"LVA":38154934.555993,"MAR":1447128689.243083,"MDA":15354611.161304,"MDG":49442905.509388,"MEX":1882873102.658745,"MKD":130636725.852966,"MLI":39683160.265232,"MLT":33296174.81653,"MMR":4675441101.668421,"MNG":21608196.891702,"MOZ":36037790.980812,"MRT":37887510.749005,"MUS":12973518.088266,"MWI":20152203.024464,"MYS":2420963933.957089,"NAM":66463535.185551,"NER":17398035.781309,"NGA":701412878.580176,"NIC":31533400.50975,"NLD":7829004727.937707,"NOR":3537003415.604491,"NPL":39547026.035419,"NZL":1238271986.802763,"OMN":1437191157.347204,"PAK":3547799671.274187,"PAN":101200000.0,"PER":1396469288.681099,"PHL":1879303176.292431,"PNG":78744873.281933,"POL":3083416787.211157,"PRT":1964184856.090519,"PRY":202012224.837222,"ROU":874451238.88698,"RUS":15826340651.8084,"RWA":73658822.762532,"SAU":13340000000,"SDN":106332797.671871,"SEN":79774881.146003,"SGP":4100238291.112309,"SLE":18592815.281754,"SLV":110830676.156584,"SVK":641559871.059046,"SVN":329972648.331902,"SWE":6203436942.659962,"SWZ":26486561.922151,"SYC":10543301.985119,"SYR":995089040.932605,"TCD":24826410.609283,"THA":3938047248.320029,"TJK":13458544.839256,"TKM":48549386.503067,"TUN":397469509.188336,"TUR":7512090795.517223,"TWN":11765241459.683882,"TZA":101038489.457341,"UGA":135393564.545733,"UKR":1464905136.460286,"URY":575652014.65661,"USA":287960668678.9397,"UZB":172211545.661018,"VEN":733197556.008147,"YEM":416008632.418086,"ZAF":2591787130.612767,"ZMB":37835913.569004,"ZWE":291650000.0}}