{"schemaVersion":1,"dataKind":"ranking-year","indicatorId":"MILITARY_SPENDING_USD","year":1997,"valuesByCountry":{"AGO":456780475.026196,"ALB":29825491.999758,"ARE":3335766741.484887,"ARG":3340670335.167583,"ARM":64062121.190514,"AUS":7936884917.395241,"AUT":2164802343.398537,"AZE":92086691.967506,"BDI":61870123.82539,"BEL":3684095388.876109,"BFA":38549246.233739,"BGD":681915123.987305,"BGR":244369396.151925,"BHR":321808510.638298,"BLR":249383664.215778,"BLZ":9395000.0,"BOL":180200446.875488,"BRA":13934266551.63777,"BRN":369070790.202113,"BWA":160507675.114223,"CAN":7945140182.866057,"CHE":3498218850.555705,"CHL":2120702607.949057,"CHN":15699586768.575462,"CIV":93525611.262548,"CMR":118711118.801924,"COD":83825040.922761,"COL":2988711260.69275,"CPV":4099737.380697,"CRI":0,"CYP":534141188.663451,"CZE":988323812.177792,"DEU":31122832250.94427,"DJI":26552855.318167,"DNK":2804317082.698661,"DOM":150664189.828607,"DZA":1752395277.547208,"ECU":499000000,"EGY":2267650313.53744,"ERI":92756319.408185,"ESP":9865892241.046227,"EST":53031652.175481,"ETH":225417049.114357,"FIN":1947002589.513444,"FJI":30962540.175108,"FRA":34697904099.17958,"GBR":39889947448.983,"GEO":44007707.129094,"GHA":45483248.502346,"GIN":44370189.805812,"GMB":4176402.346367,"GNB":1817811.1224,"GRC":4573516492.292948,"GTM":132112832.569696,"HRV":1682974284.590179,"HUN":695972460.905085,"IDN":3231358571.241983,"IND":11464883389.832376,"IRL":765305513.303899,"IRN":4642384615.823301,"ISL":0,"ISR":8456922539.611862,"ITA":20156102258.36085,"JAM":54854608.877403,"JOR":444287729.196051,"JPN":40634840607.9791,"KAZ":236752278.376139,"KEN":175834896.938286,"KGZ":55004809.215263,"KHM":103419601.187951,"KOR":14848484529.9378,"KWT":2454268845.455235,"LAO":67064556.580263,"LBN":678164279.450453,"LBY":1251990817.287455,"LKA":698792770.863774,"LSO":28700335.940416,"LTU":75611000.0,"LUX":134075768.032007,"LVA":37988313.149522,"MAR":1400949500.950446,"MDA":17410750.976516,"MDG":52544736.68703,"MEX":2184061042.172342,"MKD":83254172.207945,"MLI":40262546.066349,"MLT":31142214.891182,"MMR":4780529107.649519,"MNG":18692594.355386,"MOZ":42014622.821304,"MRT":41599441.565198,"MUS":9801826.444986,"MWI":26407487.138322,"MYS":2089087477.205592,"NAM":83659580.378302,"NER":17304328.309367,"NGA":818784525.338,"NIC":30270700.502113,"NLD":6839136798.547176,"NOR":3253032487.912461,"NPL":42587851.98976,"NZL":1180888906.520675,"OMN":1482054616.384915,"PAK":3320238862.605354,"PAN":118000000,"PER":1178753608.065552,"PHL":1576447115.270421,"PNG":79556597.147367,"POL":3192276376.898658,"PRT":1803958424.174718,"PRY":167982106.865488,"ROU":1074785782.247061,"RUS":17577353180.64662,"RWA":77272576.526382,"SAU":18126666666.666668,"SDN":97731859.316892,"SEN":70800402.282801,"SGP":4457304301.560469,"SLE":9490749.703,"SLV":112211743.772242,"SRB":914364967.948176,"SVK":499529506.65412,"SVN":290785271.801767,"SWE":5203218382.976048,"SWZ":25662115.122527,"SYC":11398353.473899,"SYR":1046927961.044541,"TCD":16619008.376323,"THA":3264802657.798835,"TJK":19050989.360397,"TKM":106190591.073583,"TUN":358166577.75045,"TUR":7791986303.62493,"TWN":11325099434.79171,"TZA":118603807.737673,"UGA":139615977.691803,"UKR":2068583951.956855,"URY":575206289.458717,"USA":293167825790.9711,"UZB":217747190.74336,"VEN":1541033863.861017,"YEM":397073042.442432,"ZAF":2414137709.528728,"ZMB":43362495.24534,"ZWE":311400000.0}}