{"schemaVersion":1,"dataKind":"ranking-year","indicatorId":"MILITARY_SPENDING_USD","year":1998,"valuesByCountry":{"AGO":170278292.568682,"ALB":33638047.439804,"ARE":4010347174.948945,"ARG":3398699349.674837,"ARM":66757573.056851,"AUS":7107542890.886589,"AUT":2159796003.210237,"AZE":107262858.619798,"BDI":58736036.233211,"BEL":3664288413.238204,"BFA":39494738.555001,"BGD":701585600.35317,"BGR":320389011.33859,"BHR":329787234.042553,"BLR":227585988.611595,"BOL":228677000.361153,"BRA":14357357046.841072,"BRN":293977055.449331,"BWA":181051047.355817,"CAN":7748607984.037318,"CHE":3494250970.816865,"CHL":2112373122.914349,"CHN":17031780199.691813,"CMR":137245911.531786,"COD":26629667.191379,"COL":3389806737.538919,"CPV":4513154.878639,"CRI":0,"CYP":483748645.108205,"CZE":1166100977.350057,"DEU":31056200101.471363,"DJI":26704778.838742,"DNK":2846065338.174525,"DOM":159053096.301731,"DZA":1910962052.469398,"ECU":549000000,"EGY":2372048406.139315,"ERI":263001685.699266,"ESP":10333417234.297525,"EST":59919847.476752,"ETH":458550032.848934,"FIN":1959708814.016802,"FJI":22598926.928459,"FRA":33633561283.229443,"GBR":41222125832.6215,"GEO":41084456.980041,"GHA":57453110.37027,"GIN":45034483.31622,"GMB":4049572.023189,"GNB":2900235.951399,"GRC":4824257168.88238,"GTM":139804367.713636,"HRV":1341113073.554695,"HUN":618464379.996455,"IDN":972702125.109851,"IND":11920610818.383205,"IRL":742402153.190535,"IRN":5479362941.74375,"ISL":0,"ISR":7978869615.476495,"ITA":20825125351.855072,"JAM":47640218.878249,"JOR":496473906.911142,"JPN":37849012642.756195,"KAZ":242646223.083829,"KEN":171964013.272218,"KGZ":43757918.378316,"KHM":83323986.091304,"KOR":10457957529.398333,"KWT":2282153591.72584,"LAO":33350210.561102,"LBN":693871897.528576,"LBY":1443621758.267141,"LKA":733435634.700334,"LSO":27807021.35203,"LTU":138175000.0,"LUX":143139739.058923,"LVA":42180166.50442,"MAR":1444959716.463878,"MDA":10613141.676132,"MDG":50446576.24876,"MEX":2263223453.487507,"MKD":78991291.127526,"MLI":41020286.396181,"MLT":29081268.414085,"MMR":5873097951.178907,"MNG":19920839.93397,"MOZ":49264817.341216,"MRT":25610687.832934,"MUS":8456738.924756,"MWI":14474120.369327,"MYS":1158657313.148352,"NAM":78912428.458761,"NER":22035691.039271,"NGA":1149684729.964361,"NIC":26271274.534819,"NLD":6836084823.129622,"NOR":3324939364.620748,"NPL":42273075.8854,"NZL":969356349.524957,"OMN":1318205461.638491,"PAK":3218881738.284935,"PAN":104000000,"PER":1141808873.720136,"PHL":1225561280.509426,"PNG":49720532.988681,"POL":3491022616.101744,"PRT":1763863840.302281,"PRY":139262988.039667,"ROU":1254227892.712364,"RUS":7955730400.985875,"RWA":87091837.061419,"SAU":20861600000.0,"SDN":259957570.143724,"SEN":75090854.849208,"SGP":4466270315.487572,"SLE":10054233.125696,"SLV":110830676.156584,"SRB":642122263.42864,"SVK":397592215.742942,"SVN":301139822.232736,"SWE":5132285182.021845,"SWZ":25731330.540421,"SYC":10542378.743451,"SYR":1096039533.051636,"TCD":16103004.990236,"THA":2110239752.02735,"TJK":22613230.323515,"TKM":87510040.160643,"TUN":365849374.736546,"TUR":8781048158.205612,"TWN":9231574226.341755,"TZA":134276958.073994,"UGA":154712531.544533,"UKR":1405161785.47809,"URY":573248407.643312,"USA":290996055088.37775,"VEN":1450963991.621117,"YEM":384502730.310122,"ZAF":1905656008.740513,"ZWE":306000000}}