{"schemaVersion":1,"dataKind":"ranking-year","indicatorId":"MILITARY_SPENDING_USD","year":1999,"valuesByCountry":{"AGO":1066588789.232848,"ALB":42784205.213122,"ARE":4233083730.428864,"ARG":3461730865.432716,"ARM":68234148.565961,"AUS":7770250653.24688,"AUT":2124379545.868593,"AZE":120262173.966334,"BDI":50571188.263226,"BEL":3599766530.34733,"BEN":17849676.207999,"BFA":41741175.476978,"BGD":737412573.607247,"BGR":357224539.583311,"BHR":364361702.12766,"BLR":165903629.796247,"BOL":176744242.061382,"BRA":9866973918.508432,"BRN":258413177.892104,"BWA":169578756.162962,"CAN":8210778539.842367,"CHE":3146822887.19502,"CHL":2043134811.518603,"CHN":20473915094.766674,"CMR":144704636.518818,"COD":149277860.267765,"COL":3247296766.36887,"CPV":5004734.208035,"CRI":0,"CYP":286588815.365422,"CZE":1205930125.762058,"DEU":30559153697.66816,"DJI":26779052.559911,"DNK":2784881254.085295,"DOM":175000467.782275,"DZA":1826496569.977123,"ECU":296000000,"EGY":2447978793.903247,"ERI":272856734.575223,"ESP":11113722490.403536,"EST":73783703.486483,"ETH":703704869.526897,"FIN":1654511357.683324,"FJI":23811699.718727,"FRA":32684690466.338364,"GBR":40760400666.56556,"GEO":25882678.363266,"GHA":59277767.035475,"GIN":55211186.391812,"GMB":3519059.010056,"GRC":5012285642.298285,"GTM":123754165.194209,"HRV":1041757821.492367,"HUN":702942491.123612,"IDN":1135147005.467751,"IND":13895562461.386957,"IRL":741508607.785627,"IRN":6650285143.997719,"ISL":0,"ISR":7542216625.254336,"ITA":21016456909.93334,"JAM":45131071.753301,"JOR":511988716.502116,"JPN":43122898504.920685,"KAZ":143905357.127917,"KEN":151917777.442831,"KGZ":33554323.889899,"KHM":88172003.477046,"KOR":12095186823.909424,"KWT":2286352512.195523,"LAO":15382947.3868,"LBN":829663624.787776,"LBY":1153487088.490786,"LKA":631014150.108657,"LSO":34078186.686919,"LTU":106450000.0,"LUX":140630942.855895,"LVA":56568626.391246,"MAR":1207516609.855555,"MDA":5990984.994009,"MDG":45036442.916706,"MEX":2652912012.049705,"MKD":66236920.448914,"MLI":43852596.804607,"MLT":27986620.662639,"MMR":6950081055.841826,"MNG":18021861.88067,"MOZ":56516191.654077,"MRT":31959678.112203,"MUS":9040808.70967,"MWI":14402979.488796,"MYS":1663289473.684211,"NAM":105765957.168204,"NER":23550468.654326,"NGA":491671368.589997,"NIC":26927929.682538,"NLD":7026433290.327254,"NOR":3309198286.484331,"NPL":47484957.370669,"NZL":970306041.9875,"OMN":1340442132.639792,"PAK":3080764514.44121,"PAN":111600000.0,"PER":992217726.322883,"PHL":1341016654.301722,"PNG":35678026.42788,"POL":3226555351.376695,"PRT":1817405621.2408,"PRY":116553254.85737,"ROU":955337576.959199,"RUS":6469035211.353417,"RWA":80852363.584095,"SAU":18320000000,"SDN":429617897.44605,"SEN":78285006.147484,"SGP":4493173880.209562,"SLE":17000426.784319,"SLV":114743701.067616,"SRB":737469450.756764,"SVK":327169170.93351,"SVN":274841827.849109,"SWE":5148727432.486568,"SWZ":25853264.107584,"SYC":11090147.456847,"SYR":1127632857.10901,"TCD":20951796.25109,"THA":2056847121.545895,"TJK":15126152.255229,"TKM":111923076.923077,"TUN":357013395.378637,"TUR":9951788873.951427,"TWN":9568896051.571314,"TZA":128497943.630087,"UGA":159704570.293436,"UKR":941788284.056904,"URY":574285890.663445,"USA":298094891322.4043,"UZB":250071736.011478,"VEN":1408064715.836395,"YEM":395252957.268909,"ZAF":1738036625.048286,"ZMB":56113432.885822,"ZWE":263400000.0}}