{"schemaVersion":1,"dataKind":"ranking-year","indicatorId":"MILITARY_SPENDING_USD","year":2000,"valuesByCountry":{"AGO":583621333.598924,"ALB":45362503.392272,"ARE":5875833900.612662,"ARG":3266633316.658329,"ARM":68052142.065443,"AUS":7273760312.610518,"AUT":1925557398.194214,"AZE":119575651.71524,"BDI":42321552.215776,"BEL":3198747341.019585,"BEN":14532362.820172,"BFA":36658539.051878,"BGD":740798160.005685,"BGR":351343204.852869,"BHR":359042553.191489,"BLR":140326204.73339,"BLZ":7116125.0,"BOL":173245422.524961,"BRA":11344032534.901772,"BRN":244205201.976844,"BWA":184718394.612119,"CAN":8299385230.72365,"CHE":2800146846.356079,"CHL":2103460609.688521,"CHN":22237140151.214497,"CMR":123034343.854287,"COD":132883821.703899,"COL":3027922793.237224,"CPV":6801072.798215,"CRI":0,"CYP":275474479.454579,"CZE":1157293585.013204,"DEU":26440465752.0856,"DJI":26025061.754098,"DNK":2392510831.18689,"DOM":246810843.740481,"DZA":1881163649.11945,"ECU":266000000,"EGY":2627698333.837358,"ERI":230670129.87013,"ESP":10273779251.888706,"EST":78442413.788235,"ETH":617541738.880872,"FIN":1562013542.90195,"FJI":32039537.352839,"FRA":28473836085.78663,"GAB":91295212.198164,"GBR":39343711272.57817,"GEO":18824291.432417,"GHA":50882591.81886,"GIN":45967931.214114,"GMB":3323525.649521,"GNB":9531360.607661,"GRC":4564522446.239066,"GTM":157848092.786958,"GUY":12585649.290139,"HND":52462396.894711,"HRV":667820477.128836,"HUN":715857664.815596,"IDN":1129542168.960819,"IND":14287514240.703491,"IRL":694674774.276764,"IRN":8327053824.362605,"ISL":0,"ISR":8207420459.420303,"ITA":19878720932.37516,"JAM":43566232.49127,"JOR":529337094.499295,"JPN":45509673827.309425,"KAZ":143527541.105866,"KEN":165584735.249522,"KGZ":39443105.161434,"KHM":81025841.307036,"KOR":13801107024.1211,"KWT":2697075596.355796,"LAO":13717664.599297,"LBN":930016583.747927,"LBY":1085534664.870458,"LKA":822127365.590071,"LSO":30555503.52098,"LTU":140400000.0,"LUX":128063386.769854,"LVA":69990683.359367,"MAR":859151483.21036,"MDA":5090797.960464,"MDG":47210934.613964,"MEX":3031454509.304578,"MKD":69828947.907483,"MLI":43681247.682506,"MLT":25353948.051694,"MMR":9030564408.836948,"MNG":24265559.549351,"MOZ":55361458.442787,"MRT":37878312.259598,"MUS":9360142.630745,"MWI":11727501.435918,"MYS":1533157894.736842,"NAM":92397796.48781,"NER":20084946.683596,"NGA":368644109.462423,"NIC":30825265.680679,"NLD":5971807628.524047,"NOR":2922343509.993365,"NPL":51358135.308564,"NZL":858414919.473911,"OMN":1577243172.951885,"PAK":2973072721.917976,"PAN":0,"PER":912005730.659026,"PHL":1303077685.479145,"PNG":33606981.625787,"POL":3146106712.501179,"PRT":1664674242.89918,"PRY":110248167.1987,"ROU":935569610.340555,"RUS":9228204143.736757,"RWA":61329857.119396,"SAU":19964266666.666668,"SDN":587267572.329197,"SEN":62361652.639977,"SGP":4330726931.019281,"SLE":23310804.351567,"SLV":110370320.284698,"SRB":337080608.366223,"SVK":342322768.946855,"SVN":222391556.805474,"SWE":4789440136.909751,"SWZ":24471060.530301,"SYC":10325841.556087,"SYR":897044908.654196,"TCD":21349034.237109,"THA":1880858625.142726,"TJK":10353281.15593,"TUN":332389762.745499,"TUR":9993730196.938993,"TWN":8800640512.409927,"TZA":135055952.644211,"UGA":141303025.880522,"UKR":1136716646.17121,"URY":555968792.356772,"USA":320086324211.19556,"UZB":115375384.615385,"VEN":1788322080.336252,"YEM":473664032.451551,"ZAF":1891725013.436929,"ZWE":346300000.0}}