{"schemaVersion":1,"dataKind":"ranking-year","indicatorId":"MILITARY_SPENDING_USD","year":2001,"valuesByCountry":{"AGO":404299139.990661,"ALB":53232045.161515,"ARE":5797957794.417972,"ARG":3183591795.897949,"ARM":66247626.459705,"AUS":7043145895.398874,"AUT":1788798310.52966,"AZE":131963660.064189,"BDI":53230373.106378,"BEL":3038691861.102529,"BEN":13124017.304332,"BFA":36832965.231045,"BGD":705481695.212977,"BGR":406003542.804308,"BHR":372340425.531915,"BLR":177697841.726619,"BLZ":7454662.5,"BOL":188919478.55279,"BRA":10930231568.374596,"BRN":217667939.186927,"BWA":210322093.556759,"CAN":8375571424.881843,"CHE":2763655325.250945,"CHL":1893098223.76358,"CHN":26561462998.292423,"CMR":124301708.367495,"COG":54445943.530972,"COL":3264438192.230924,"CPV":4638556.172299,"CRI":0,"CYP":322144768.279478,"CZE":1182519041.398224,"DEU":25718269556.24885,"DJI":26048131.622037,"DNK":2525225824.900695,"DOM":305900327.992638,"DZA":2091627274.493298,"ECU":384000000,"EGY":2834256229.549459,"ERI":166550245.368938,"ESP":10222074075.399773,"EST":93861974.488194,"ETH":349808207.516216,"FIN":1480565172.007955,"FJI":32811655.824618,"FRA":27976022700.854275,"GAB":90036137.231443,"GBR":39512579943.64973,"GEO":23829967.872958,"GHA":32352133.371319,"GIN":87718398.818801,"GMB":2454236.7191,"GNB":6183163.515174,"GRC":4431977935.64985,"GTM":196765577.539991,"GUY":14371052.8985,"HND":62951976.579616,"HRV":623607529.366786,"HUN":845055673.845509,"IDN":919027176.111141,"IND":14600642346.099724,"IRL":767778364.399424,"IRN":10378791765.718618,"ISL":0,"ISR":8381601417.141226,"ITA":19519381482.044903,"JAM":46374382.287271,"JOR":528926645.631842,"JPN":40757967234.158104,"KAZ":221486206.520554,"KEN":195365005.498758,"KGZ":35813607.424863,"KHM":70846940.885983,"KOR":12941850827.659393,"KWT":2685735278.453468,"LAO":12574570.778306,"LBN":958540630.182421,"LBY":819747993.600677,"LKA":675016502.0194,"LSO":23390729.430677,"LTU":166875000.0,"LUX":160177537.561185,"LVA":86966741.097661,"MAR":1470317614.792533,"MDA":5961865.823041,"MDG":65037565.454959,"MEX":3229469276.433956,"MKD":226303002.332551,"MLI":44881650.225977,"MLT":27119323.113905,"MMR":9464417217.002449,"MNG":23124715.313838,"MOZ":50619215.981762,"MRT":51852489.3498,"MUS":8977215.381077,"MWI":12681914.697641,"MYS":1934473684.210526,"NAM":96757182.449432,"NER":24828146.933519,"NGA":570632287.761505,"NIC":28193450.444589,"NLD":6200391942.801407,"NOR":2965973986.976806,"NPL":64701738.375142,"NZL":796636889.122438,"OMN":1819895968.790637,"PAK":2842046790.424886,"PAN":0,"PER":904235449.10931,"PHL":1122103991.55956,"PNG":25230765.59881,"POL":3630645594.665234,"PRT":1755718394.786886,"PRY":91298893.925082,"ROU":985657655.673622,"RUS":11683151344.772614,"RWA":56885903.131434,"SAU":21026666666.666668,"SDN":388091317.423136,"SEN":68891286.821029,"SGP":4309127542.249906,"SLE":29911134.607155,"SLV":150651459.074733,"SRB":494069226.481274,"SVK":393996598.321589,"SVN":271488790.388659,"SWE":4128046005.94437,"SWZ":19665055.20851,"SYC":11065396.053633,"SYR":1022526577.913993,"TCD":26192330.830965,"THA":1720105374.742021,"TJK":12468225.56372,"TTO":13945440.719243,"TUN":335647906.805402,"TUR":7216051044.802912,"TWN":7982248520.71006,"TZA":150728196.327755,"UGA":136157342.537849,"UKR":1088575172.742435,"URY":523008311.37239,"USA":331805610572.1368,"UZB":59760610.465116,"VEN":1911400136.528581,"YEM":540101498.766837,"ZAF":1802262236.357005,"ZWE":286700000.0}}