{"schemaVersion":1,"dataKind":"ranking-year","indicatorId":"MILITARY_SPENDING_USD","year":2002,"valuesByCountry":{"AGO":438686245.411232,"ALB":58649352.502586,"ARE":5354118447.923758,"ARG":1114172482.910363,"ARM":64106405.652364,"AUS":7946766201.59082,"AUT":1881746741.32982,"AZE":139894091.943335,"BDI":44910067.053524,"BEL":3161998538.039252,"BEN":26123186.509685,"BFA":42468449.958966,"BGD":681816161.719721,"BGR":455950466.542769,"BHR":444148936.170213,"BIH":241025517.642926,"BLR":204364617.746965,"BLZ":7829937.5,"BOL":157345536.246862,"BRA":9664561903.326986,"BRN":226182431.489062,"BWA":223549258.826132,"CAF":10681962.960625,"CAN":8495399281.217342,"CHE":2882696761.858323,"CHL":1779553137.659902,"CHN":30284127409.997204,"CMR":145626610.501185,"COG":70704230.201955,"COL":3347522601.667572,"CPV":4520858.937594,"CRI":0,"CYP":238106442.049786,"CZE":1494389559.780018,"DEU":27613123352.785442,"DJI":33250994.53638,"DNK":2694082493.21381,"DOM":271663317.176971,"DZA":2100602520.773225,"ECU":505000000,"EGY":2902768425.240073,"ERI":150764425.21242,"ESP":10270839019.340263,"EST":122546354.823531,"ETH":288932333.459777,"FIN":1619011332.784332,"FJI":30914304.268095,"FRA":30722709467.365986,"GAB":94693165.449046,"GBR":44245265998.30941,"GEO":33975807.039277,"GHA":36975477.409597,"GIN":98084865.171269,"GMB":2259282.828321,"GNB":6363093.76919,"GRC":4756519511.333387,"GTM":158368119.258724,"GUY":16652243.463667,"HND":63602176.056081,"HRV":721391026.71591,"HUN":1079154823.6243,"IDN":1369856883.696413,"IND":14749667251.590712,"IRL":811255940.896899,"IRN":3243891033.232663,"ISL":0,"ISR":7918078124.538289,"ITA":21610059761.893555,"JAM":56898147.096305,"JOR":521861777.150917,"JPN":39333708169.84081,"KAZ":245956719.446239,"KEN":213894508.000726,"KGZ":43782464.191439,"KHM":65182716.099875,"KOR":14101703314.709574,"KWT":2821521877.899669,"LAO":11435617.473624,"LBN":907462686.567164,"LBY":452513614.757453,"LKA":571657950.222711,"LSO":19559896.401567,"LTU":181481441.190549,"LUX":153404545.668439,"LVA":147224840.18431,"MAR":1474874326.261728,"MDA":6978372.204414,"MDG":57743396.833993,"MEX":3172268733.507595,"MKD":106309576.719741,"MLI":49355225.627988,"MLT":28403690.796769,"MMR":11000356815.937176,"MNG":25282128.414587,"MOZ":53509586.958358,"MRT":36281137.414946,"MUS":9502035.912155,"MWI":14815169.794984,"MYS":2237894736.842105,"NAM":87992258.578652,"NER":20660327.007065,"NGA":896913201.413193,"NIC":34831910.071362,"NLD":6728153969.224977,"NOR":4065868548.482047,"NPL":85405885.72177,"NZL":865788852.968518,"OMN":1868465539.661899,"PAK":3273401893.382538,"PAN":0,"PER":839613251.812882,"PHL":1199121766.698447,"PNG":17020861.466105,"POL":3776173214.412639,"PRT":1965227762.205994,"PRY":69892741.293343,"QAT":760989010.989011,"ROU":1056136062.489034,"RUS":13943825063.400162,"RWA":51118614.117573,"SAU":18501866666.666668,"SDN":484607263.032365,"SEN":74361395.031191,"SGP":4528116430.897079,"SLE":27133961.877629,"SLV":161700000.0,"SRB":678511699.843008,"SVK":440059286.041859,"SVN":326959522.812057,"SWE":4354573015.429613,"SWZ":18338440.521028,"SYC":11699935.949256,"SYR":1102912156.909646,"TCD":34290403.852003,"THA":1783890749.788758,"TJK":25577668.199397,"TTO":19492116.735054,"TUN":345424236.66941,"TUR":9050377181.982841,"TWN":7531453362.255963,"TZA":140753561.773795,"UGA":142191594.114211,"UKR":1176355737.784937,"URY":344263066.284048,"USA":378463138753.8414,"UZB":45914432.989691,"VEN":1071363969.163185,"YEM":737366548.042705,"ZAF":1766082897.720265,"ZWE":677000000}}