{"schemaVersion":1,"dataKind":"ranking-year","indicatorId":"MILITARY_SPENDING_USD","year":2003,"valuesByCountry":{"AGO":670021164.432494,"ALB":76142881.760666,"ARE":5834717494.894486,"ARG":1374873734.326681,"ARM":76587998.887282,"AUS":9926649415.335526,"AUT":2381962768.923089,"AZE":176552162.305808,"BDI":43413201.307938,"BEL":3884404786.666795,"BEN":34621640.127833,"BFA":50757054.370268,"BGD":719442956.940887,"BGR":569054077.451376,"BHR":515957446.808511,"BIH":202282838.891357,"BLR":231563766.364348,"BLZ":8552225.0,"BOL":173406474.535753,"BRA":8392905884.03499,"BRN":243373245.014866,"BWA":301014357.778797,"CAF":15018926.359257,"CAN":9958245601.513151,"CHE":3270337504.177032,"CHL":2067983997.639565,"CHN":33144000481.4458,"CIV":213007570.543703,"CMR":188499655.884377,"COD":78708031.879861,"COG":93776668.960771,"COL":3278369502.892985,"CPV":5782831.642836,"CRI":0,"CUB":296933962.264151,"CYP":287799339.528731,"CZE":1885706689.354461,"DEU":32918257863.559776,"DJI":41763775.805898,"DNK":3199158427.790099,"DOM":155802495.564486,"DZA":2206395762.000129,"ECU":739000000,"EGY":2383914898.271713,"ERI":181583668.998912,"ESP":12880532801.22433,"EST":171710147.529417,"ETH":278673051.914702,"FIN":2480620130.413033,"FJI":37296898.079764,"FRA":38655763912.05133,"GAB":108396421.197522,"GBR":52343122277.06736,"GEO":42647402.884907,"GHA":53244000.228995,"GIN":84133949.308036,"GMB":1997861.35368,"GNB":7505161.734343,"GRC":5046898321.68644,"GTM":178771793.951529,"GUY":16345330.568708,"HND":82195176.791407,"HRV":712496403.325571,"HUN":1401561253.104005,"IDN":2134745874.690068,"IND":16333986643.282034,"IRL":965199981.039102,"IRN":3717068449.783925,"ISL":0,"ISR":8134269311.591896,"ITA":26824213292.04071,"JAM":54845871.817031,"JOR":611847672.778561,"JPN":42486177361.06199,"KAZ":317564315.13077,"KEN":245938663.815128,"KGZ":55068479.027868,"KHM":67525224.433913,"KOR":15847047272.177979,"KWT":3130746412.896125,"LAO":11013340.90264,"LBN":923383084.577114,"LBY":541401766.516621,"LKA":541695589.560821,"LSO":27363759.542615,"LTU":210822413.235453,"LUX":198637975.51787,"LVA":189144251.392141,"MAR":1819230070.24998,"MDA":8246742.536698,"MDG":72517018.888342,"MEX":2960496802.298637,"MKD":115827201.720104,"MLI":66758430.83276,"MLT":34125502.004604,"MMR":24189109502.79609,"MNG":24333211.226822,"MOZ":59771342.553075,"MRT":62449150.287039,"MUS":10882927.441177,"MWI":13118825.853796,"MYS":2881578947.368421,"NAM":129449089.527083,"NER":24604267.033723,"NGA":587461887.294733,"NIC":35307124.981794,"NLD":8356338470.081284,"NOR":4517514992.471986,"NPL":102934146.206926,"NZL":1091067206.438729,"OMN":1969310793.237971,"PAK":3722814794.292838,"PAN":0,"PER":891253913.358459,"PHL":1301286084.057613,"PNG":19307132.133186,"POL":4150261758.565008,"PRT":2363340458.718288,"PRY":63511880.056918,"QAT":784615384.615385,"ROU":1250327559.25434,"RUS":16973739085.103611,"RWA":45196268.982898,"SAU":18747466666.666668,"SDN":398110221.738581,"SEN":96856503.785272,"SGP":4723679527.947743,"SLE":28467933.592852,"SLV":126600000.0,"SRB":730567122.916573,"SVK":624508454.581203,"SVN":416906753.676513,"SWE":5305640404.140336,"SWZ":31927690.934928,"SYC":12239108.859559,"SYR":1436210733.544466,"TCD":40949759.119064,"TGO":28831211.286992,"THA":1877476822.724577,"TJK":34788346.393935,"TTO":33736557.004654,"TUN":407385561.057386,"TUR":10277901778.278221,"TWN":7472833982.218607,"TZA":125254713.892259,"UGA":152379921.781109,"UKR":1427984750.660548,"URY":269526777.199942,"USA":440532069586.19165,"UZB":54133695.463503,"VEN":987890177.726888,"VNM":841930159.385155,"YEM":807313244.080066,"ZAF":2574176278.132126,"ZWE":194800000.0}}