{"schemaVersion":1,"dataKind":"ranking-year","indicatorId":"MILITARY_SPENDING_USD","year":2004,"valuesByCountry":{"AFG":125111557.457054,"AGO":817533582.152083,"ALB":100922358.435493,"ARE":6816882232.811437,"ARG":1465809188.24616,"ARM":98070488.198541,"AUS":11995219709.505424,"AUT":2679282064.653915,"AZE":228249631.62565,"BDI":44872377.145971,"BEL":4270316652.895701,"BEN":41855505.668887,"BFA":65684242.407034,"BGD":770641160.288967,"BGR":620909015.878256,"BHR":531914893.617021,"BIH":200100307.270373,"BLR":314314381.503131,"BLZ":9486150.0,"BOL":166383141.75173,"BRA":9780111585.165737,"BRN":199381149.311041,"BWA":314038897.140142,"CAF":15103589.918321,"CAN":11336489831.055634,"CHE":3503819863.289103,"CHL":2687320865.783252,"CHN":37904571826.99605,"CIV":250811588.441845,"CMR":221107924.699736,"COD":137637805.525238,"COG":124298437.396481,"COL":4056896991.185455,"CPV":6452150.491625,"CRI":0,"CUB":62047619.047619,"CYP":336493391.195297,"CZE":2042089903.598284,"DEU":35674739289.41148,"DJI":37355742.990418,"DNK":3578832460.365945,"DOM":152878466.844661,"DZA":2802224794.131606,"ECU":710000000,"EGY":2369743586.433063,"ESP":15262458636.76718,"EST":205243882.23938,"ETH":311038628.928754,"FIN":2898132073.886702,"FJI":46798811.275571,"FRA":44604518562.43448,"GAB":125121856.57363,"GBR":60250782544.70321,"GEO":70419742.780372,"GHA":56353852.136215,"GIN":81018570.097998,"GMB":1931396.571771,"GRC":6278721333.281776,"GTM":114893349.273265,"GUY":22132238.739738,"HND":60561786.64411,"HRV":726810082.324195,"HUN":1532612234.026812,"IDN":2428947795.298053,"IND":20238566526.541107,"IRL":1101860647.035816,"IRN":5243621132.599411,"IRQ":613724869.617867,"ISL":0,"ISR":8568349948.014048,"ITA":30261076654.68452,"JAM":54533132.234808,"JOR":586741889.985896,"JPN":45339809414.65714,"KAZ":426441724.55618,"KEN":259807840.715185,"KGZ":63015184.091874,"KHM":69218798.630563,"KOR":17829864142.772327,"KWT":3450118764.845605,"LAO":11496967.521303,"LBN":954560530.679934,"LBR":3182000.0,"LBY":685073220.074025,"LKA":619305492.420499,"LSO":31386955.101561,"LTU":270841799.761921,"LUX":234676202.715539,"LVA":229353322.500953,"MAR":1937523821.552049,"MDA":9378005.953105,"MDG":54471710.026433,"MEX":2854385964.912281,"MKD":135256294.791125,"MLI":77420331.828464,"MLT":40526469.188823,"MMR":29853914082.913208,"MNG":27749093.05661,"MOZ":77630605.855287,"MUS":10935141.916832,"MWI":21965738.581058,"MYS":2823157894.736842,"NAM":166997177.883149,"NER":31611724.731916,"NGA":639990066.823189,"NIC":32628065.155736,"NLD":9377114724.37963,"NOR":4887380337.436192,"NPL":130650327.932937,"NZL":1193495610.748766,"OMN":2230689206.762028,"PAK":4128195489.367107,"PAN":0,"PER":922046074.47036,"PHL":1243221347.646944,"PNG":24421729.443234,"POL":4778627749.040365,"PRT":2847156258.342491,"PRY":84466986.26038,"QAT":772362637.362637,"ROU":1530183903.960584,"RUS":20955413570.62786,"RWA":41215761.045564,"SAU":20910400000.0,"SDN":1240766949.070394,"SEN":107553687.876809,"SGP":5043396460.836691,"SLE":22961537.037723,"SLV":128000000,"SRB":739172065.075521,"SVK":711290428.025739,"SVN":493153892.913731,"SWE":5514710384.833628,"SWZ":42695547.309546,"SYC":15927272.727273,"SYR":1388544983.485948,"TCD":50540901.218093,"TGO":31719621.037887,"THA":1950877496.121564,"TJK":45110098.939239,"TTO":75889150.482855,"TUN":444651416.734245,"TUR":10920773882.177982,"TWN":7833163784.333673,"TZA":127567862.814758,"UGA":196015853.725902,"UKR":1685034159.400509,"URY":279301971.522835,"USA":492999376159.3967,"VEN":1448715982.932645,"VNM":915089546.551505,"YEM":735485127.938693,"ZAF":3099065125.416235,"ZMB":98349404.044462,"ZWE":256100000.0}}