{"schemaVersion":1,"dataKind":"ranking-year","indicatorId":"MILITARY_SPENDING_USD","year":2005,"valuesByCountry":{"AFG":122727193.134874,"AGO":1365055398.690441,"ALB":110140852.685934,"ARE":6604220558.202859,"ARG":1699579151.829071,"ARM":140738102.677157,"AUS":13237798498.629217,"AUT":2686166243.844203,"AZE":304521477.7332,"BDI":49557129.384789,"BEL":4229906926.0699,"BEN":44723804.628719,"BFA":73843342.155354,"BGD":773677668.179153,"BGR":667670395.710647,"BHR":513297872.340426,"BIH":173304847.652475,"BLR":452684068.306544,"BLZ":10710962.5,"BOL":163958866.22217,"BRA":13588619736.36106,"BRN":248588079.788512,"BWA":283835745.105521,"CAF":15396194.650671,"CAN":12988132963.62316,"CHE":3484636759.344031,"CHL":3100391590.801903,"CHN":42789953650.90244,"CIV":249872978.076395,"CMR":223084623.143015,"COD":165205060.897896,"COG":100916074.52964,"COL":4914190181.960764,"CPV":7082416.547593,"CRI":0,"CUB":78557142.857143,"CYP":375565835.944884,"CZE":2439536817.060833,"DEU":35668473439.76993,"DJI":44847260.593852,"DNK":3468452919.920426,"DOM":272200481.144258,"DZA":2924820166.957119,"ECU":954000000,"EGY":2659439713.575239,"ESP":15997724220.26563,"EST":204631723.504176,"ETH":342066572.882181,"FIN":3000584415.982224,"FJI":43111350.29007,"FRA":44459732673.82473,"GAB":118111430.456445,"GBR":61653635038.46197,"GEO":214071430.147627,"GHA":64272415.29229,"GMB":2985081.591064,"GNB":12116374.832217,"GRC":7031224992.373309,"GTM":104467679.861251,"GUY":18506566.604128,"HND":62589274.809768,"HRV":784727318.454891,"HUN":1596087843.152974,"IDN":2146270422.79161,"IND":23072312925.170067,"IRL":1144978361.438591,"IRN":6796744965.394759,"IRQ":1120278532.608696,"ISL":0,"ISR":8812766695.634735,"ITA":29737642391.682835,"JAM":59329776.319149,"JOR":603667136.812412,"JPN":44300613329.946106,"KAZ":591985249.849488,"KEN":316799485.401851,"KGZ":75718866.27751,"KHM":70959071.472205,"KOR":22159512557.122215,"KWT":3509417808.219178,"LAO":11965988.43757,"LBN":962520729.684909,"LBR":8025000.0,"LBY":690930769.348354,"LKA":644211825.110947,"LSO":33619893.919642,"LTU":303819006.351793,"LUX":243744714.719196,"LVA":272551115.779465,"MAR":2031131380.562459,"MDA":11960379.694593,"MDG":54018162.483837,"MEX":3123454977.564485,"MKD":127003654.35225,"MLI":86450742.035536,"MLT":52498963.317582,"MMR":32954262250.845196,"MNE":60811819.131473,"MNG":29797967.226716,"MOZ":62247951.08625,"MRT":66659636.648489,"MUS":10886148.046189,"MWI":38213561.898328,"MYS":3120337779.139128,"NAM":192072120.805179,"NER":32798198.184534,"NGA":674208144.79638,"NIC":34123573.951343,"NLD":9566980052.728449,"NOR":4884904928.211099,"NPL":159326023.750306,"NZL":1290641961.84914,"OMN":2739011703.511054,"PAK":4587117425.165296,"PAN":0,"PER":1203039421.377445,"PHL":1372702435.305116,"PNG":30464707.683876,"POL":5896404861.102526,"PRT":3142565786.201065,"PRY":77468937.966578,"QAT":887500000.0,"ROU":1975975151.442349,"RUS":27336977273.6915,"RWA":44996351.889399,"SAU":25392038600.723763,"SDN":1164995936.060688,"SEN":124403755.2989,"SGP":5463830809.901465,"SLE":23552130.233009,"SLV":132900000.0,"SRB":629500942.833417,"SVK":823313455.449583,"SVN":514172799.466764,"SWE":5518466925.997145,"SWZ":59471673.902754,"SYC":14727272.727273,"SYR":1450324656.668391,"TCD":55491517.968863,"TGO":33238035.293136,"THA":1867044089.895351,"TLS":8230000.0,"TTO":97752858.92983,"TUN":468464579.97734,"TUR":12081156313.728992,"TWN":8011315944.912488,"TZA":139493591.276696,"UGA":216667041.057579,"UKR":2405492582.048225,"URY":347323784.856977,"USA":533203000000,"VEN":2665390596.961359,"VNM":1026426801.354445,"YEM":815627463.983416,"ZAF":3566963815.370487,"ZMB":139509353.646242,"ZWE":131400000.0}}