{"schemaVersion":1,"dataKind":"ranking-year","indicatorId":"MILITARY_SPENDING_USD","year":2006,"valuesByCountry":{"AFG":131346231.269517,"AGO":1970309115.183761,"ALB":140983900.659916,"ARE":7165418652.144316,"ARG":1847553129.839473,"ARM":188189116.431112,"AUS":14239779513.09141,"AUT":2640185362.439016,"AZE":717111853.555619,"BDI":44717502.041451,"BEL":4311726359.999961,"BEN":46827718.30901,"BFA":72632867.333474,"BGD":829682794.837739,"BGR":715719535.423628,"BHR":574202127.659575,"BIH":178375570.051377,"BLR":631830010.526616,"BLZ":12283037.5,"BOL":167909985.854297,"BRA":16404867307.488977,"BRN":293436463.532062,"BWA":272934274.753837,"CAN":14809892802.990232,"CHE":3328973393.734447,"CHL":3855358068.926501,"CHN":51453373233.84863,"CIV":267360247.853277,"CMR":256927843.33225,"COD":205102086.576592,"COG":126569641.798466,"COL":5326664238.461082,"CPV":6985154.839495,"CRI":0,"CUB":76587443.946188,"CYP":381362895.648323,"CZE":2449965516.859862,"DEU":35915569373.84085,"DJI":49515814.113132,"DNK":3896730667.689068,"DOM":259240325.136752,"DZA":3093978245.368675,"ECU":950000000,"EGY":2952520159.004529,"ESP":17252217612.693363,"EST":236400788.301309,"ETH":345687182.606352,"FIN":3131299670.626471,"FJI":54067168.058781,"FRA":45832871454.94313,"GAB":130237717.301918,"GBR":64217619528.32726,"GEO":404172025.858922,"GHA":75843934.350836,"GMB":2786316.761815,"GRC":7613951265.882284,"GTM":130546929.154779,"GUY":19176973.644774,"HND":75595918.540158,"HRV":825641092.082906,"HUN":1410071771.472028,"IDN":2611876067.90172,"IND":23951927958.15216,"IRL":1190379117.370703,"IRN":8751474767.035875,"IRQ":1236081012.934266,"ISL":0,"ISR":9227826164.042004,"ITA":29633022263.31352,"JAM":72645523.006697,"JOR":701551480.959097,"JPN":41552592885.57941,"KAZ":793027147.491058,"KEN":375807203.248785,"KGZ":89811926.411293,"KHM":75881313.592884,"KOR":25177237741.034424,"KWT":3597816497.573886,"LAO":13418854.094642,"LBN":1008955223.880597,"LBR":3925000.0,"LBY":614356296.200431,"LKA":791491040.668245,"LSO":35224579.306067,"LTU":351605788.760387,"LUX":247133192.245788,"LVA":367825490.444438,"MAR":2134594876.06275,"MDA":16449497.757233,"MDG":53914017.644588,"MEX":3035131018.79037,"MKD":126008876.72176,"MLI":96004895.8672,"MLT":44434425.83726,"MNE":62347815.505663,"MNG":39189624.4808,"MOZ":57439135.775251,"MRT":81906180.193596,"MUS":10814271.432221,"MWI":31090549.502257,"MYS":3266197405.797971,"NAM":199559185.120098,"NGA":776148058.327892,"NIC":37285145.133751,"NLD":10217765740.31445,"NOR":5011748966.605492,"NPL":157247689.52493,"NZL":1359530752.052935,"OMN":3022626788.03641,"PAK":4969197611.466818,"PAN":0,"PER":1291060139.523189,"PHL":1607271267.463455,"PNG":31307966.356204,"POL":6619413758.878047,"PRT":3153770788.354883,"PRY":106557406.138984,"QAT":1065741758.241758,"ROU":2251493424.659485,"RUS":34517781618.91802,"RWA":54557648.039731,"SAU":29580507343.124165,"SDN":1647839194.37107,"SEN":148555145.44168,"SGP":5830527461.876861,"SLE":28022458.481183,"SLV":142100000.0,"SRB":705062714.272523,"SSD":551454504.427754,"SVK":911370626.760049,"SVN":608833753.372966,"SWE":5577203266.357198,"SWZ":58520575.052979,"SYC":14366386.518083,"SYR":1435215692.284116,"TCD":222991451.356882,"THA":2106976928.356476,"TLS":17105000.0,"TTO":115560463.097328,"TUN":497212663.971991,"TUR":13036508103.18877,"TWN":7645015523.654361,"TZA":147417924.754373,"UGA":218533948.510743,"UKR":2986475247.524753,"URY":392798690.671031,"USA":558335000000,"VEN":3630088495.575222,"VNM":1286528866.714184,"YEM":822130536.059559,"ZAF":3506139657.83314,"ZMB":205852231.56919,"ZWE":161700000.0}}