{"schemaVersion":1,"dataKind":"ranking-year","indicatorId":"MILITARY_SPENDING_USD","year":2007,"valuesByCountry":{"AFG":219580214.296198,"AGO":2032432883.434303,"ALB":194840309.240843,"ARE":8460993873.383253,"ARG":2296448241.88781,"ARM":280108688.343921,"AUS":17186440961.61731,"AUT":3499817967.310761,"AZE":946599792.104638,"BDI":46308706.221635,"BEL":5170813641.960836,"BFA":107816728.462423,"BGD":953464223.599622,"BGR":990168293.621637,"BHR":642553191.489362,"BIH":195049685.094472,"BLR":746943844.081492,"BLZ":13759075.0,"BOL":195364180.930425,"BRA":20485758014.647724,"BRN":323137150.819455,"BWA":306451402.712573,"CAF":19112519.743692,"CAN":17417139931.10511,"CHE":3524746536.484584,"CHL":4022478103.754517,"CHN":62136590754.58873,"CIV":323619193.476705,"CMR":296698917.304968,"COD":205217223.028544,"COG":168079588.204487,"COL":6775762766.505156,"CPV":7943659.594327,"CRI":0,"CUB":83365638.76652,"CYP":403756716.7325,"CZE":2707682199.701065,"DEU":40163939324.879616,"DJI":34518711.913617,"DNK":4175652589.231588,"DOM":274775680.76273,"DZA":3945815125.468306,"ECU":1310000000,"EGY":3306908257.222608,"ESP":20065668634.809578,"EST":372526948.256381,"ETH":362761335.943207,"FIN":3300920195.828051,"FJI":75576918.299923,"FRA":50751539843.94615,"GBR":73448032014.16646,"GEO":931750564.205712,"GHA":126433168.684674,"GMB":4547020.046824,"GNQ":196314371.738509,"GRC":8544382383.294204,"GTM":135925872.831767,"GUY":24971954.11842,"HND":95924340.172849,"HRV":953886579.582177,"HUN":1776464117.281866,"IDN":3348758341.538125,"IND":28254773450.064693,"IRL":1372225370.155946,"IRN":9330901881.771116,"IRQ":1989948747.37958,"ISL":0,"ISR":11229603853.868473,"ITA":31982431792.48821,"JAM":83511942.09752,"JOR":1032440056.41749,"JPN":40530045688.46918,"KAZ":1359776098.699349,"KEN":494684896.668925,"KGZ":116263490.753371,"KHM":79015425.882051,"KOR":27726129585.24929,"KWT":4115736733.588071,"LAO":14839531.834938,"LBN":1152238805.970149,"LBR":3486000.0,"LBY":639137046.188937,"LKA":1054816810.247417,"LSO":39834671.564446,"LTU":442004493.34913,"LUX":286051368.803703,"LVA":481492627.144147,"MAR":2408350249.562701,"MDA":22718473.79303,"MDG":81936943.667684,"MEX":4223037645.723907,"MKD":162567237.054492,"MLI":110376888.039444,"MLT":49263377.115656,"MNE":64190474.626286,"MNG":56561859.193438,"MOZ":68625364.256607,"MUS":11632288.742627,"MWI":33599605.593146,"MYS":3970537327.239882,"NAM":228174673.579954,"NGA":971321378.608673,"NIC":39472043.797599,"NLD":11480377423.566801,"NOR":5875288100.490133,"NPL":169575397.124144,"NZL":1591740762.99788,"OMN":3244603381.014305,"PAK":5342575137.680384,"PAN":0,"PER":1332655375.707312,"PHL":2014371029.114769,"PNG":39287099.330602,"POL":8589136364.45745,"PRT":3309436410.370115,"PRY":132393616.175746,"QAT":1562225274.725275,"ROU":2607689941.556444,"RUS":43534994996.247185,"RWA":55580440.804088,"SAU":35469513008.67245,"SDN":2427072594.748015,"SEN":192807975.512606,"SGP":6518528962.908897,"SLE":29076876.178736,"SLV":165600000.0,"SRB":971570564.636848,"SSD":587966866.722881,"SVK":1139194487.752866,"SVN":692654912.555876,"SWE":6386221161.542706,"SWZ":61877516.723749,"SYC":15176703.387225,"SYR":1599033723.065031,"TCD":389135909.628662,"THA":2679881917.365332,"TLS":23735000.0,"TTO":124750514.77316,"TUN":490650558.781295,"TUR":14987758360.003992,"TWN":8157237683.454113,"TZA":166215543.275718,"UGA":252119246.412802,"UKR":4096039603.960397,"URY":416045332.538026,"USA":589586000000,"VEN":4351560316.721006,"VNM":1784217421.810482,"YEM":1050499364.171438,"ZAF":3525684243.694795,"ZMB":232278664.441402}}