{"schemaVersion":1,"dataKind":"ranking-year","indicatorId":"MILITARY_SPENDING_USD","year":2008,"valuesByCountry":{"AFG":240532594.620985,"AGO":3163591147.40902,"ALB":255677957.818501,"ARE":11571681415.929203,"ARG":2788980204.569742,"ARM":395994365.442251,"AUS":18633092318.274086,"AUT":3746731607.280184,"AZE":1607799225.919525,"BDI":43856319.948722,"BEL":6321307004.687508,"BEN":64986541.048041,"BFA":116999586.873751,"BGD":1030020018.238762,"BGR":1161451477.803039,"BHR":719946808.510638,"BIH":233292390.653086,"BLR":883028556.249481,"BLZ":18717737.5,"BOL":365826318.090386,"BRA":24452903035.82238,"BRN":361989034.484219,"BWA":332400254.289673,"CAF":31511483.793169,"CAN":19342058404.558403,"CHE":4098459038.491723,"CHL":4641877575.551094,"CHN":78840802819.86285,"CIV":368910574.915421,"CMR":346586125.657373,"COD":159998426.584992,"COG":207724344.301649,"COL":9051130501.954048,"CPV":10758715.968039,"CRI":0,"CUB":89057268.722467,"CYP":453803054.161936,"CZE":2918701552.279617,"DEU":45281516418.99224,"DJI":36274835.275516,"DNK":4788030120.848232,"DOM":333538881.607062,"DZA":5172336907.040264,"ECU":1646000000,"EGY":3779880349.746893,"ESP":22227721829.567513,"EST":431922678.339464,"ETH":390635511.893115,"FIN":3974140756.071164,"FJI":53585658.620452,"FRA":55590086700.365326,"GBR":72915407669.74039,"GEO":1090160250.605384,"GHA":114271459.456891,"GMB":17163572.131838,"GNQ":292754658.835877,"GRC":10616942502.265638,"GTM":166494048.304041,"GUY":30520593.420516,"HND":132428400.639025,"HRV":1243402599.965793,"HUN":1867877499.084903,"IDN":3232201382.364351,"IND":33002376727.37971,"IRL":1582890833.852126,"IRN":11081950208.569098,"IRQ":3116304019.847789,"ISL":0,"ISR":13643372417.099123,"ITA":36839989746.21891,"JAM":130699170.654872,"JOR":1358383579.904378,"JPN":46361468280.45937,"KAZ":1540810813.057465,"KEN":580011940.678248,"KGZ":149309214.591547,"KHM":82630723.427977,"KOR":26072410507.690216,"KOS":927234.774966,"KWT":4430342077.462169,"LAO":16275405.90299,"LBN":1169485903.814262,"LBR":3907000.0,"LBY":1100068652.129851,"LKA":1511363006.99688,"LSO":27350681.860548,"LTU":541390194.647615,"LUX":175683890.577508,"LVA":581752272.926594,"MAR":2944958472.736,"MDA":36845650.500385,"MDG":103271539.537688,"MEX":4334654123.651132,"MKD":172658158.914868,"MLI":142919351.056822,"MLT":56032519.134288,"MNE":85106382.978723,"MNG":66749871.33299,"MOZ":83709455.733603,"MRT":123323383.836476,"MUS":15580188.944498,"MWI":44464251.403685,"MYS":4411795565.121724,"NAM":266555848.310811,"NER":53630486.484072,"NGA":1615533210.73676,"NIC":42659728.782412,"NLD":12374848939.832277,"NOR":6370921985.815603,"NPL":187069695.835967,"NZL":1534982791.093768,"OMN":3462483745.123537,"PAK":5226678786.501534,"PAN":0,"PER":1503663891.380508,"PHL":2270904919.083191,"PNG":39332022.265924,"POL":9349421394.298616,"PRT":3714798403.339803,"PRY":168154857.399547,"QAT":2317500000.0,"ROU":3000404945.094209,"RUS":56183785393.2539,"RWA":67660359.623955,"SAU":38222933333.333336,"SDN":3228000000.0,"SEN":216870289.523342,"SGP":7454324102.73808,"SLE":23645736.556309,"SLV":173000000,"SRB":1111631537.861046,"SSD":896390706.931527,"SVK":1411710284.8947,"SVN":829384406.928626,"SWE":6024791006.053617,"SWZ":66657830.199414,"SYC":11124810.198324,"SYR":1732416847.901993,"TCD":611426848.739965,"TGO":57009189.26765,"THA":3650043676.249426,"TJK":52467120.604421,"TLS":23651000.0,"TTO":139098455.662914,"TUN":578911487.330985,"TUR":16809576495.174871,"TWN":8960243678.01504,"TZA":194000300.925345,"UGA":311856269.326451,"UKR":4811038840.223116,"URY":567703932.828305,"USA":656756000000,"VEN":5660456450.861668,"VNM":2052177006.78436,"YEM":1196411765.883743,"ZAF":3285925081.283394,"ZMB":278055135.810511}}