{"schemaVersion":1,"dataKind":"ranking-year","indicatorId":"MILITARY_SPENDING_USD","year":2009,"valuesByCountry":{"AFG":251869514.820334,"AGO":3311193245.277215,"ALB":182736862.497776,"ARE":13836351259.36011,"ARG":2981852290.093825,"ARM":359499343.487033,"AUS":18960138513.012894,"AUT":3334754939.618778,"AZE":1472909976.946514,"BEL":5643289678.906254,"BFA":127333296.624635,"BGD":1258791156.602384,"BGR":904961292.111268,"BHR":828191489.361702,"BIH":242471357.847559,"BLR":675426694.209398,"BLZ":17267537.5,"BOL":305420456.957265,"BRA":25648809910.824585,"BRN":349759722.804678,"BWA":330147278.73948,"CAF":35992384.357012,"CAN":18936226051.96396,"CHE":4055544323.340746,"CHL":3902221588.275149,"CHN":96601666752.95418,"CIV":420059044.529063,"CMR":343265153.985929,"COD":122378010.980679,"COL":9033202672.523235,"CPV":8402927.292632,"CRI":0,"CUB":92462555.066079,"CYP":471352781.092544,"CZE":2718559513.193097,"DEU":44708128401.24651,"DNK":4337355690.400998,"DOM":320855289.20837,"DZA":5280588155.942264,"ECU":1949000000,"EGY":4017404478.271456,"ESP":20178274984.961998,"EST":354610233.163675,"ETH":339627777.410347,"FIN":3956443178.812126,"FJI":51285722.320794,"FRA":56668596297.8687,"GBR":64010506669.80102,"GEO":603655214.936935,"GHA":118613490.237017,"GMB":7095309.906322,"GNB":13744583.702185,"GNQ":371927587.857327,"GRC":10684172829.804695,"GTM":147410544.062655,"GUY":31055650.894827,"HND":156802557.276754,"HRV":1100010547.892154,"HUN":1475818169.23822,"IDN":3304447211.544824,"IND":38722154392.184326,"IRL":1415725373.449488,"IRN":12584623338.706245,"IRQ":3237179487.179487,"ISL":0,"ISR":12608369825.600025,"ITA":34054481324.399902,"JAM":114808331.8448,"JOR":1568309859.15493,"JPN":51465158207.58982,"KAZ":1271890275.734421,"KEN":578071672.354949,"KGZ":148961094.62732,"KHM":136589737.95276,"KOR":24575661939.182255,"KOS":27227085.628394,"KWT":4208871205.934987,"LAO":13981328.900694,"LBN":1426202321.72471,"LBR":7193000.0,"LKA":1522232372.004002,"LSO":47399768.93129,"LTU":404826028.671151,"LUX":184524958.914652,"LVA":363809251.070089,"MAR":3055069441.858733,"MDA":24906387.268669,"MDG":70985221.423058,"MEX":4514233914.233914,"MKD":158716661.451318,"MLI":144434608.395844,"MLT":59110111.510427,"MNE":76683387.905418,"MNG":37633746.000835,"MOZ":84302809.403197,"MRT":114824329.371946,"MUS":15316115.870562,"MWI":58797381.824364,"MYS":3964817704.638956,"NAM":297788765.881652,"NER":53000300.72895,"NGA":1504486172.113202,"NIC":41721772.904939,"NLD":12131812075.688726,"NOR":6195603602.228254,"NPL":209703501.957568,"NZL":1462024510.986748,"OMN":3367490247.074123,"PAK":5274564970.769608,"PAN":0,"PER":1848562930.064188,"PHL":2115785124.486941,"PNG":52048171.780744,"POL":7903812008.435518,"PRT":3772767117.274183,"PRY":168486261.904906,"QAT":1948351648.351648,"ROU":2225144539.94812,"RUS":51532116797.519875,"RWA":75278486.054141,"SAU":41267200000.0,"SDN":3180483009.730661,"SEN":214824242.988992,"SGP":7537761857.945288,"SLE":26405564.66262,"SLV":189900000.0,"SRB":974288479.238124,"SSD":609898632.648716,"SVK":1350294439.204104,"SVN":798868642.190033,"SWE":5062962024.191842,"SWZ":75911617.988428,"SYC":8651202.433523,"SYR":2181974581.191803,"TCD":738903737.086657,"TGO":55130817.093264,"THA":4339318318.370871,"TJK":47529274.315605,"TLS":36481000.0,"TTO":138523710.218802,"TUN":564775933.702148,"TUR":16047510903.507187,"TWN":9122817634.421616,"TZA":219476865.281638,"UGA":293527670.660776,"UKR":3452511294.73614,"URY":577056008.507621,"USA":705917000000,"VEN":4055379599.441081,"VNM":2892628815.535801,"YEM":1420775264.115318,"ZAF":3592687702.022854,"ZMB":220962285.800349}}