{"schemaVersion":1,"dataKind":"ranking-year","indicatorId":"MILITARY_SPENDING_USD","year":2010,"valuesByCountry":{"AFG":298147102.825701,"AGO":3500794836.446488,"ALB":185893241.995074,"ARE":17504697072.838665,"ARG":3475348407.463491,"ARM":395011507.787829,"AUS":23217692815.73347,"AUT":3218351224.099226,"AZE":1476608733.570049,"BEL":5249838000.000135,"BFA":123700474.683864,"BGD":1624625085.966406,"BGR":832549293.00997,"BHR":842819148.93617,"BIH":219915489.524222,"BLR":767699285.884553,"BLZ":15337250.0,"BOL":547246000.161045,"BRA":34002944470.023815,"BRN":390719540.010708,"BWA":348672725.29226,"CAF":51585274.502955,"CAN":19315688825.03689,"CHE":4115407849.191205,"CHL":4894081125.097746,"CHN":105522648101.83836,"CIV":387692139.954006,"CMR":354054397.842016,"COD":183682097.50826,"COG":218390920.636331,"COL":10422054493.645218,"CPV":8239369.291895,"CRI":0,"CUB":94277533.039648,"CYP":477587428.56386,"CZE":2497909494.325396,"DEU":43067897143.10111,"DNK":4503492126.71228,"DOM":354856781.373805,"DZA":5671309117.30702,"ECU":2094000000,"EGY":4407286452.719168,"ESP":19710785449.873848,"EST":332306109.101453,"ETH":291472557.925717,"FIN":3720807508.634634,"FJI":50408953.714467,"FRA":52094842067.06854,"GAB":268738503.907914,"GBR":63979111970.26943,"GEO":454178215.155358,"GHA":122569260.713995,"GNB":17129808.167954,"GRC":8171584961.666877,"GTM":169798840.125742,"GUY":31075055.491171,"HND":170186979.693148,"HRV":981799328.999714,"HUN":1350820413.188166,"IDN":4663364049.385253,"IND":46090445656.50027,"IRL":1274228688.356323,"IRN":13561272454.213882,"IRQ":3752905982.905982,"ISL":0,"ISR":13671572358.16281,"ITA":32020819951.128742,"JAM":115571334.561632,"JOR":1557887323.943662,"JPN":54655450735.30501,"KAZ":1501815343.897391,"KEN":622049847.791077,"KGZ":184399359.938039,"KHM":167857927.989065,"KOR":28175181218.967876,"KOS":38578120.509374,"KWT":4335204653.061509,"LAO":15364973.958371,"LBN":1585406301.824212,"LBR":8458000.0,"LKA":1532026109.106347,"LSO":70661037.368089,"LTU":326320918.686429,"LUX":179394605.619533,"LVA":259672124.197467,"MAR":3160804832.033607,"MDA":18335718.270234,"MDG":56922892.892174,"MEX":4789031339.03134,"MKD":130021469.106429,"MLI":146786545.710784,"MLT":58728949.930137,"MNE":75094861.895649,"MNG":54855717.506964,"MOZ":99189931.713982,"MUS":14874416.912462,"MWI":49984217.905866,"MYS":3854285350.611129,"NAM":396050612.189216,"NER":66889841.442264,"NGA":1990099668.658266,"NIC":44272442.921092,"NLD":11220523280.0694,"NOR":6498659038.379132,"NPL":254950072.106677,"NZL":1756916553.180145,"OMN":3671391417.425228,"PAK":5974613176.076194,"PAN":0,"PER":2178945723.333631,"PHL":2438189568.984055,"PNG":46335624.372538,"POL":8790170132.325142,"PRT":3806130760.418253,"PRY":204605254.822129,"QAT":1876758241.758242,"ROU":2086220460.052235,"RUS":58720227608.757935,"RWA":74514417.286453,"SAU":45244533333.333336,"SEN":195732892.906394,"SGP":8108851420.231608,"SLE":25062278.631202,"SLV":201000000,"SRB":872339631.719991,"SSD":650910667.82307,"SVK":1137680535.597216,"SVN":772085107.510148,"SWE":5885935800.386264,"SWZ":102032174.965375,"SYC":7157559.787202,"SYR":2346021283.012365,"TCD":615817007.452395,"TGO":56832843.035312,"THA":5193510006.091076,"TJK":53756933.708155,"TLS":26389000.0,"TTO":143063064.758741,"TUN":571189045.689535,"TUR":17650464118.175465,"TWN":9092345616.58555,"TZA":282725098.810022,"UGA":608685868.586859,"UKR":3729457233.443049,"URY":755659469.672421,"USA":738005000000,"VEN":3991194834.744352,"VNM":2707530798.5322,"YEM":1448153376.747575,"ZAF":4188168092.203212,"ZMB":280187778.551387,"ZWE":98293000.0}}