{"schemaVersion":1,"dataKind":"ranking-year","indicatorId":"MILITARY_SPENDING_USD","year":2011,"valuesByCountry":{"AFG":325806949.72333,"AGO":3639496373.5446,"ALB":197006789.236335,"ARE":19181756296.800545,"ARG":4051930104.570647,"ARM":390871433.902191,"AUS":26597198655.33806,"AUT":3409721208.582689,"AZE":3080084995.808461,"BEL":5506574980.544796,"BFA":138850860.201837,"BGD":1801539801.813562,"BGR":757931260.042945,"BHR":1033510638.297872,"BIH":211878260.622344,"BLR":756276844.524555,"BLZ":15416250.0,"BOL":403569202.360977,"BRA":36936209895.80531,"BRN":415371528.964711,"BWA":363324481.153045,"CAF":49874328.728919,"CAN":21393720863.72231,"CHE":4973863848.781927,"CHL":5686752069.601462,"CHN":125286373164.01086,"CIV":357330259.014212,"CMR":347477885.670932,"COD":238787546.588275,"COL":10306578505.95734,"CPV":9757536.562397,"CRI":0,"CUB":93744493.39207,"CYP":479735318.444996,"CZE":2474310928.604065,"DEU":45222375375.67161,"DNK":4518590126.86474,"DOM":348559830.088199,"DZA":8652237040.002523,"ECU":2453700000.0,"EGY":4463974191.069017,"ESP":19695435494.296974,"EST":389747470.817124,"ETH":322499981.807,"FIN":4104876040.856068,"FJI":60785527.467809,"FRA":54191767779.01866,"GAB":265965337.617035,"GBR":66569552573.13492,"GEO":468779626.836253,"GHA":232975256.884505,"GNB":17519804.351235,"GRC":7137946536.965044,"GTM":197433150.684228,"GUY":32416747.541884,"HND":200358405.886737,"HRV":1090923901.932541,"HUN":1472069831.638109,"IDN":5838023966.888753,"IND":49633815793.70266,"IRL":1300331547.010864,"IRN":14277667360.568184,"IRQ":4278632478.632479,"ISL":0,"ISR":14547215137.515966,"ITA":33828804971.119965,"JAM":133637061.215804,"JOR":1594788732.394366,"JPN":60762213840.89115,"KAZ":1803970781.81161,"KEN":646678106.716751,"KGZ":210651901.984878,"KHM":192159418.504374,"KOR":30991707946.47611,"KOS":50968863.773797,"KWT":5393526319.031521,"LAO":19011708.60377,"LBN":1626533996.68325,"LBR":13271000.0,"LKA":1753321575.543798,"LSO":58169320.753106,"LTU":344605215.42864,"LUX":195911615.266454,"LVA":296834929.212511,"MAR":3342698955.607445,"MDA":22966963.692434,"MDG":71989808.011377,"MEX":5498458541.611327,"MKD":132461994.809047,"MLI":161062674.572866,"MLT":55893126.481362,"MNE":79376663.816892,"MNG":87157848.157279,"MOZ":118871183.035407,"MUS":17512018.393367,"MWI":52804842.986295,"MYS":4692483660.130719,"NAM":441227941.000202,"NER":83947561.383952,"NGA":2384936021.713842,"NIC":51453111.133904,"NLD":11647934608.08641,"NOR":7232260585.482308,"NPL":284518851.062622,"NZL":1937686540.63406,"OMN":5000715214.564368,"PAK":6954787511.263165,"PAN":0,"PER":2355167833.849367,"PHL":2701492158.261589,"PNG":64193136.142591,"POL":9455422988.001417,"PRT":3842609003.899327,"PRY":285106240.844392,"ROU":2379871482.413297,"RUS":70237523951.4946,"RWA":75383928.556555,"SAU":48530933333.333336,"SEN":230190350.650397,"SGP":8922267805.180557,"SLE":25476183.906777,"SLV":220700000.0,"SRB":986958193.674369,"SSD":1066621468.926554,"SVK":1064842810.573361,"SVN":665679671.372271,"SWE":6324747364.3036,"SWZ":106629408.921201,"SYC":8712704.951135,"SYR":2494887483.148397,"TCD":609706993.087021,"TGO":59018874.002365,"THA":5156739374.977452,"TJK":71342116.793704,"TLS":20530000.0,"TTO":146080695.23973,"TUN":715239597.096137,"TUR":17006477805.307623,"TWN":9998235134.401304,"TZA":307473984.174236,"UGA":607135070.855218,"UKR":3684633313.084558,"URY":824833542.16069,"USA":752288000000,"VEN":3577531587.43851,"VNM":3029527347.901978,"YEM":1612254443.405051,"ZAF":4594154077.946546,"ZMB":309113764.151856,"ZWE":198438000.0}}