{"schemaVersion":1,"dataKind":"ranking-year","indicatorId":"MILITARY_SPENDING_USD","year":2012,"valuesByCountry":{"AFG":238583385.374322,"AGO":4144634851.468555,"ALB":183204695.660212,"ARE":19024098025.86794,"ARG":4563217858.772342,"ARM":380571678.896068,"AUS":26216580848.43565,"AUT":3187227448.753299,"AZE":3246122612.630386,"BDI":58966662.276171,"BEL":5168704826.953126,"BEN":78218596.05329,"BFA":147729698.91896,"BGD":1823425076.377886,"BGR":722052494.990309,"BHR":1182180851.06383,"BIH":197344650.21252,"BLR":807423424.259102,"BLZ":15219125.0,"BOL":499873229.567294,"BRA":33987005074.062885,"BRN":411261473.947038,"BWA":326874161.65079,"CAF":42746025.185739,"CAN":20452107110.974113,"CHE":4592165377.675208,"CHL":5466101782.017838,"CHN":145127609596.20715,"CIV":407596534.123237,"CMR":354447463.111647,"COD":332493979.374942,"COL":11706271912.738605,"CPV":9736385.838662,"CRI":0,"CUB":126872246.696035,"CYP":414496321.441512,"CZE":2220610394.585621,"DEU":43795742628.853134,"DNK":4422458083.584233,"DOM":396187178.568069,"DZA":9326287144.036318,"ECU":2589776000.0,"EGY":4557748767.350389,"ESP":18860623363.407658,"EST":436828148.4375,"ETH":367132878.050463,"FIN":3943016433.984376,"FJI":59221516.406036,"FRA":50213660859.7692,"GAB":278143957.126655,"GBR":65452487554.24162,"GEO":491982529.358533,"GHA":331892741.022176,"GIN":168913357.467903,"GMB":11173068.056655,"GNB":24491750.681159,"GRC":5914653129.843751,"GTM":224366543.649735,"GUY":33542606.602139,"HND":209705674.231625,"HRV":953070002.010722,"HUN":1322277702.750728,"IDN":6531098535.106013,"IND":47216920048.20612,"IRL":1157531729.65486,"IRN":16493963286.928669,"IRQ":4141066053.834346,"ISL":0,"ISR":13982349581.941534,"ITA":29781008205.12557,"JAM":137637207.873947,"JOR":1472816901.408451,"JPN":60011530194.697365,"KAZ":2177543205.488455,"KEN":840072589.956654,"KGZ":211843946.856152,"KHM":217305727.746095,"KOR":31951760810.318962,"KOS":43390403.883365,"KWT":5941536636.945587,"LAO":20330148.289478,"LBN":1757213930.348259,"LBR":15179000.0,"LBY":2987413407.73267,"LKA":1474902627.681167,"LSO":53240145.822701,"LTU":328631681.612931,"LUX":183091479.569417,"LVA":255740342.589249,"MAR":3402700835.840546,"MDA":23870072.823951,"MDG":68636017.804344,"MEX":5717035574.623182,"MKD":119410402.524102,"MLI":148865779.870604,"MLT":49922008.90666,"MMR":2969236076.315884,"MNE":67712201.301822,"MNG":113622769.928844,"MOZ":139100553.342967,"MRT":142299912.345762,"MUS":16662229.617304,"MWI":46155953.690397,"MYS":4507252007.252007,"NAM":412978355.000369,"NER":148865779.870604,"NGA":2316478199.861587,"NIC":70132969.800439,"NLD":10364720786.746395,"NOR":7143962183.068329,"NPL":256686839.473598,"NZL":1953081553.618304,"OMN":9250650195.058517,"PAK":7478831888.576715,"PAN":0,"PER":2857983382.19855,"PHL":2898685257.454628,"PNG":110623185.275838,"POL":8986838792.09222,"PRT":3946580598.077333,"PRY":320909756.560571,"ROU":2102886223.401188,"RUS":81469399931.25766,"RWA":79793910.092057,"SAU":56497866666.666664,"SEN":196661489.010376,"SGP":9171948018.692785,"SLE":29758934.079797,"SLV":224300000.0,"SRB":865072419.745536,"SSD":988225988.700565,"SVK":1020180034.79405,"SVN":543496416.521263,"SWE":6243671605.397475,"SWZ":90639795.273308,"SYC":9924109.748978,"TGO":62931049.680037,"THA":5408091535.271578,"TJK":76260471.831328,"TLS":33388000.0,"TTO":168762442.453652,"TUN":681225950.611119,"TUR":17694320712.694878,"TWN":10496825825.623016,"TZA":359739418.825016,"UGA":351838247.037404,"UKR":4136914809.35499,"URY":924640335.588313,"USA":725205000000,"VEN":5114847099.993006,"VNM":4739053197.61859,"YEM":1618840126.708063,"ZAF":4489590095.944322,"ZMB":346301423.09,"ZWE":318272000.0}}