{"schemaVersion":1,"dataKind":"ranking-year","indicatorId":"MILITARY_SPENDING_USD","year":2013,"valuesByCountry":{"AFG":217194107.113298,"AGO":6090751702.008842,"ALB":180015508.820867,"ARE":23561061946.902657,"ARG":5137974300.969896,"ARM":444551859.501106,"AUS":24825262588.816803,"AUT":3229065841.34293,"AZE":3367574161.197439,"BDI":60859500.093242,"BEL":5264659907.451037,"BEN":86027601.455942,"BFA":166136345.235204,"BGD":2047989070.870336,"BGR":811634330.232022,"BHR":1347606382.978723,"BIH":197617188.825905,"BLR":959801420.092955,"BLZ":17778875.0,"BOL":564512107.577424,"BRA":32874787230.588707,"BRN":412094279.75415,"BWA":306438573.576809,"CAF":47923241.448909,"CAN":18515731209.943676,"CHE":5032883664.327698,"CHL":5529879480.609684,"CHN":164070469321.7442,"CIV":430003610.836489,"CMR":392840630.898917,"COD":374475653.351818,"COG":367057295.47164,"COL":12503812627.422022,"CPV":9815671.634547,"CRI":0,"CUB":119383259.911894,"CYP":384925361.045941,"CZE":2148786231.035529,"DEU":44255214616.999695,"DNK":4216647585.336279,"DOM":383380254.0656,"DZA":10161588239.148075,"ECU":2735825000.0,"EGY":4359834243.76995,"ESP":17242959322.002388,"EST":479450612.156868,"ETH":375510781.684719,"FIN":4162321934.902006,"FJI":58108276.899516,"FRA":52016233686.55652,"GAB":282163387.579953,"GBR":63837724855.43124,"GEO":441878926.976772,"GHA":251483584.424761,"GIN":196818705.594191,"GMB":10378894.493704,"GNB":21710792.648369,"GRC":5656789414.765552,"GTM":249757853.378152,"GUY":35163485.78829,"HND":254071606.749817,"HRV":962051495.613846,"HTI":4480843.387909,"HUN":1280050962.247703,"IDN":8383996543.430798,"IND":47403528801.42258,"IRL":1195763444.372304,"IRN":11997186984.0994,"IRQ":7780188679.245283,"ISL":0,"ISR":15737015503.66128,"ITA":29957445904.51684,"JAM":128230634.344101,"JOR":1444929577.464789,"JPN":49023932406.85809,"KAZ":2551124374.708307,"KEN":860560896.114738,"KGZ":234442449.229016,"KHM":243470109.876467,"KOR":34311220715.166462,"KOS":48597681.233312,"KWT":5697937802.280067,"LAO":22755619.358991,"LBN":1935718241.372324,"LBR":15111500.0,"LBY":3964690154.136521,"LKA":1600841410.408386,"LSO":47941183.172347,"LTU":354862149.703384,"LUX":196854847.382824,"LVA":283568932.739998,"MAR":4065552316.93534,"MDA":26710522.134299,"MDG":71877874.494202,"MEX":6473144378.327592,"MKD":126506348.703425,"MLI":153833697.676302,"MLT":53789438.883423,"MMR":2366989084.910612,"MNE":64836243.077491,"MNG":103464069.871976,"MOZ":157892114.36316,"MRT":144215483.467584,"MUS":23200896.376061,"MWI":62925520.091546,"MYS":4915722759.456792,"NAM":386158568.011015,"NER":106064286.292608,"NGA":2418760170.870626,"NIC":74532010.937272,"NLD":10226260324.845085,"NOR":7391829787.234042,"NPL":281038425.693598,"NZL":1952413462.248136,"OMN":8766319895.96879,"PAK":7655678989.264874,"PAN":0,"PER":3305451871.317915,"PHL":3377027861.151293,"PNG":105100890.617551,"POL":9275711727.44588,"PRT":3806367579.754076,"PRY":371215575.362154,"ROU":2452512981.081276,"RUS":88352896463.55981,"RWA":82480715.580326,"SAU":67020000000,"SEN":236737915.958222,"SGP":9345680492.28802,"SLE":31684939.411425,"SLV":237500000.0,"SOM":26050000.0,"SRB":932203595.302429,"SSD":981983050.847458,"SVK":967923107.869653,"SVN":506742932.103314,"SWE":6528737467.320237,"SWZ":86040376.755815,"SYC":13766451.323984,"TCD":726459396.000324,"TGO":72419237.30872,"THA":5555742693.484345,"TLS":31683000.0,"TTO":211176025.939717,"TUN":759358881.242845,"TUR":18427646196.75696,"TWN":9964304956.896551,"TZA":443379945.514983,"UGA":300075573.371887,"UKR":4386419892.405856,"URY":1045084368.408718,"USA":679229000000,"VEN":6199698500.155424,"VNM":5522036554.023713,"YEM":1648750523.523663,"ZAF":4118208483.427343,"ZMB":381345802.082696,"ZWE":356700000.0}}