{"schemaVersion":1,"dataKind":"ranking-year","indicatorId":"MILITARY_SPENDING_USD","year":2014,"valuesByCountry":{"AFG":268238787.719988,"AGO":6846249313.340522,"ALB":178120368.027763,"ARE":22755071477.195374,"ARG":4979442724.458205,"ARM":457807021.791353,"AUS":25783708714.00419,"AUT":3305159256.482455,"AZE":3427179917.064822,"BDI":62177428.740145,"BEL":5198423569.019514,"BEN":93114567.051815,"BFA":177166971.776294,"BGD":2355991524.711524,"BGR":747532532.136439,"BHR":1475265957.446809,"BIH":190380454.641275,"BLR":821490199.261989,"BLZ":19916875.0,"BOL":625909654.613603,"BRA":32660239369.45255,"BRN":527785180.451652,"BWA":346281321.660338,"CAF":38407009.921456,"CAN":19686094098.901646,"CHE":4612776476.684807,"CHL":5102777422.117337,"CHN":182109204619.07953,"CIV":521260529.25103,"CMR":401529118.101393,"COD":341224634.406213,"COG":704893729.407907,"COL":11845950895.382397,"CPV":10048862.069901,"CRI":0,"CUB":125638766.519824,"CYP":357806840.029204,"CZE":2022883295.194508,"DEU":44722314292.43802,"DNK":4056861510.684545,"DOM":437572465.844162,"DZA":11863212527.827234,"ECU":2786519000.0,"EGY":5085121576.27973,"ESP":17178549314.76189,"EST":512801302.745089,"ETH":395414228.198033,"FIN":3990816356.078359,"FJI":74787941.127216,"FRA":53205517147.467705,"GAB":208124773.338136,"GBR":66995468654.289474,"GEO":415643210.857482,"GHA":265693103.061374,"GIN":196945589.753241,"GMB":14599970.284939,"GNB":21470831.208659,"GNQ":166540270.521497,"GRC":5538652619.882254,"GTM":245672875.883208,"GUY":39280967.469797,"HND":241887992.174126,"HRV":1076424945.724792,"HTI":5313386.887964,"HUN":1209801890.21288,"IDN":6929248704.206714,"IND":50914096277.08299,"IRL":1192733691.2242,"IRN":9901118855.302649,"IRQ":6923644082.332762,"ISL":0,"ISR":17153824605.043425,"ITA":27146433069.530006,"JAM":121310245.020422,"JOR":1548873239.43662,"JPN":46903466612.51874,"KAZ":2306468864.809557,"KEN":819042626.799535,"KGZ":252115132.114057,"KHM":277974068.111455,"KOR":37552298953.82319,"KOS":53575787.74488,"KWT":5832103419.529836,"LBN":2270065959.793791,"LBR":14531000.0,"LBY":3755652496.350929,"LKA":1914591220.290785,"LSO":47693396.028235,"LTU":426913695.365894,"LUX":164114318.283705,"LVA":295728965.265711,"MAR":4048612524.350179,"MDA":27565559.83763,"MDG":69676655.253308,"MEX":6758693845.002238,"MKD":124185105.67971,"MLI":218118403.124955,"MLT":56514879.91666,"MMR":2372895911.614142,"MNE":67544018.042518,"MNG":105114434.894888,"MOZ":173752248.992546,"MRT":144844330.663143,"MUS":19744222.082766,"MWI":49454535.910886,"MYS":4919245322.858517,"NAM":537940193.513951,"NER":145600369.857069,"NGA":2357671219.290623,"NIC":81391929.941178,"NLD":10332602877.924437,"NOR":7336785328.333601,"NPL":328115662.238927,"NZL":1994775497.224386,"OMN":8213524057.217166,"PAK":8676510710.112492,"PAN":0,"PER":3217574656.897161,"PHL":3103131460.158857,"PNG":112375755.926034,"POL":10345153574.872198,"PRT":3435842536.332937,"PRY":398370830.477549,"ROU":2691470287.458852,"RUS":84696504653.4978,"RWA":90861028.534903,"SAU":80762400000.0,"SEN":239893634.512306,"SGP":9596602344.027466,"SLE":48810630.787716,"SLV":233900000.0,"SOM":60258000.0,"SRB":918557178.284071,"SSD":1301525423.728813,"SVK":997703821.802668,"SVN":486194870.396018,"SWE":6555518063.89502,"SWZ":81355664.003534,"SYC":30909152.717887,"TCD":392382954.592792,"TGO":83080011.561101,"THA":5582641023.404271,"TJK":104280689.192818,"TLS":29624000.0,"TTO":188885806.75642,"TUN":908359962.890424,"TUR":17576538470.505898,"TWN":9802436615.080671,"TZA":507285798.994075,"UGA":325663027.213463,"UKR":3961551378.680373,"URY":1034499446.679594,"USA":647789000000,"VEN":1554727108.239325,"VNM":5629704936.637034,"YEM":1714830843.687468,"ZAF":3892485091.069445,"ZMB":443604666.534936,"ZWE":368100000.0}}