{"schemaVersion":1,"dataKind":"ranking-year","indicatorId":"MILITARY_SPENDING_USD","year":2015,"valuesByCountry":{"AFG":199517108.764826,"AGO":3608299114.616736,"ALB":132350667.590834,"ARG":5482616700.963933,"ARM":447379807.506819,"AUS":24046205860.255447,"AUT":2665409781.523788,"AZE":2900551382.152151,"BDI":66164584.435592,"BEL":4203944342.578127,"BEN":90932723.732373,"BFA":147934736.664131,"BGD":2815281640.954544,"BGR":632509635.003401,"BHR":1442021276.595745,"BIH":162215681.880471,"BLR":642492621.860309,"BLZ":19717625.0,"BOL":580617340.150506,"BRA":24617701683.065468,"BRN":424022039.167265,"BWA":383739877.542959,"CAF":26703885.622839,"CAN":18221578234.752533,"CHE":4521076909.31875,"CHL":4630772773.721745,"CHN":196538827230.79034,"CIV":569671621.544538,"CMR":353815494.553489,"COD":491276877.079054,"COL":9127165374.889576,"CPV":8922219.455087,"CRI":0,"CUB":118370044.052863,"CYP":327891760.008872,"CZE":1779887189.389705,"DEU":38187112594.34534,"DNK":3364047774.074063,"DOM":458007157.526361,"DZA":10407345244.361462,"ECU":2597510000.0,"EGY":5475490833.441686,"ESP":15187168681.379618,"EST":463776388.28125,"ETH":425235180.872873,"FIN":3400657009.765627,"FJI":42617557.603512,"FRA":45667911367.57406,"GAB":170374503.339251,"GBR":59990205719.32446,"GEO":299514176.284605,"GHA":194123704.170658,"GIN":221414232.310207,"GMB":13903851.378972,"GNB":17036957.29255,"GNQ":137262659.565475,"GRC":4820278753.320315,"GTM":252455480.635391,"GUY":46430508.474576,"HND":288148902.676174,"HRV":891540479.724288,"HTI":5679753.413742,"HUN":1132476291.737818,"IDN":7595030527.643328,"IND":51295483753.9436,"IRL":997005655.983143,"IRN":10588769670.868437,"IRQ":9604231010.85097,"ISL":0,"ISR":15975541957.892042,"ITA":21748364200.953754,"JAM":123777700.660327,"JOR":1614929577.464789,"JPN":42106103305.79276,"KAZ":2046197674.331204,"KEN":843667802.797011,"KGZ":230507508.956734,"KHM":325192059.492348,"KOR":36570769322.57444,"KOS":49984164.356216,"KWT":5735132890.365449,"LBN":2239416093.739447,"LBR":14799000.0,"LKA":2057866406.971604,"LSO":44025926.249766,"LTU":471221026.949096,"LUX":159371187.75646,"LVA":282688255.517356,"MAR":3268363375.665711,"MDA":23051814.594478,"MDG":58932847.756242,"MEX":5468837811.916328,"MKD":99983659.564354,"MLI":309170682.221659,"MLT":51796606.410114,"MMR":2552370441.828022,"MNE":56891427.303981,"MNG":101733069.81011,"MOZ":134033726.386182,"MRT":132931217.691719,"MUS":17086605.413516,"MWI":40638536.713109,"MYS":4532069852.244317,"NAM":513256142.895358,"NGA":2065557663.350914,"NIC":98932947.151032,"NLD":8667849617.389376,"NOR":5815228174.603174,"NPL":323797729.640271,"NZL":1734778849.003644,"OMN":7533550065.019505,"PAK":9506441631.231207,"PAN":0,"PER":3312214570.18629,"PHL":3335550049.029568,"PNG":99840642.678985,"POL":10212785780.607508,"PRK":869629629.62963,"PRT":3133459021.847621,"PRY":386538864.264704,"ROU":2580594158.275774,"RUS":66421822179.92056,"RWA":103723704.755351,"SAU":87185866666.66667,"SDN":2279621639.561899,"SEN":214827965.170344,"SGP":9383830669.357918,"SLE":39226514.26584,"SLV":247700000.0,"SOM":46614000.0,"SRB":700189351.439888,"SSD":283404828.801945,"SVK":985915492.957747,"SVN":400771875.346568,"SWE":5386942195.807096,"SWZ":73527455.742424,"SYC":18101348.775812,"TCD":220982331.558035,"TGO":69977174.740046,"THA":5434004602.739935,"TJK":100679580.407099,"TLS":36959000.0,"TTO":202106905.459739,"TUN":979306829.765545,"TUR":15668749999.999998,"TWN":9803312169.782001,"TZA":517075761.799188,"UGA":306144695.426773,"UKR":3502733744.238736,"URY":969906845.518716,"USA":633829639000.0,"VEN":320539157.963524,"VNM":6111853627.062402,"ZAF":3488867947.839965,"ZMB":372447569.820527,"ZWE":376677000.0}}