{"schemaVersion":1,"dataKind":"ranking-year","indicatorId":"MILITARY_SPENDING_USD","year":2016,"valuesByCountry":{"AFG":185878310.062383,"AGO":2764054937.159764,"ALB":130897960.005639,"ARG":4509647660.052341,"ARM":431396218.601658,"AUS":26382947050.01829,"AUT":2885947386.103568,"AZE":1396969107.658322,"BDI":66462843.077987,"BEL":4259363178.210245,"BEN":79626312.678427,"BFA":149467363.227452,"BGD":3243037960.971612,"BGR":670592858.359724,"BHR":1505534574.468085,"BIH":157912010.578703,"BLR":726963720.757082,"BLZ":21712887.5,"BOL":519458023.968162,"BRA":24224746901.4667,"BRN":403366488.712977,"BWA":514463449.229697,"CAF":26832998.820194,"CAN":17461037063.332554,"CHE":4571348246.673114,"CHL":4796010962.08952,"CHN":198704569481.5859,"CIV":602538731.235354,"CMR":387437830.87299,"COD":395733745.247056,"COG":501812144.937836,"COL":8675980822.76398,"CPV":10171216.502214,"CRI":0,"CUB":123658947.448659,"CYP":295340706.979161,"CZE":1955121232.682877,"DEU":39946006981.53389,"DNK":3592727943.773809,"DOM":479722172.766986,"DZA":10217081699.569307,"ECU":2513200000.0,"EGY":4513022526.816316,"ESP":14014439635.18389,"EST":498106400.778225,"ETH":493292073.977962,"FIN":3418116812.451465,"FJI":54411608.00368,"FRA":45744984944.35935,"GAB":202815390.680402,"GBR":53327366087.71275,"GEO":315194446.322336,"GHA":163671612.905976,"GIN":161856744.453218,"GNB":15730078.467709,"GNQ":139200817.641802,"GRC":4968002551.050734,"GTM":290912704.00085,"GUY":51562130.823215,"HND":334217134.297924,"HRV":836045683.380154,"HTI":6564216.12131,"HUN":1288696022.828186,"IDN":7382520842.878277,"IND":56637622640.874084,"IRL":1001610418.299357,"IRN":12234378306.652773,"IRQ":5970184433.164128,"ISL":0,"ISR":16596402553.045307,"ITA":24444735217.0575,"JAM":134412609.208179,"JOR":1769436619.71831,"JPN":46510024990.80132,"KAZ":1281564180.500351,"KEN":933103002.549572,"KGZ":227832187.17759,"KHM":382296590.653658,"KOR":36885283430.02335,"KOS":51937624.419376,"KWT":6446742131.36237,"LBN":2606456908.322253,"LBR":14712000.0,"LKA":1742075800.951333,"LSO":41489543.364854,"LTU":635448102.412289,"LUX":165918750.875423,"LVA":404552452.166263,"MAR":3327237292.773768,"MDA":27469621.399805,"MDG":59407421.126819,"MEX":5336875740.46474,"MKD":101270865.023467,"MLI":362398902.198564,"MLT":59672922.989578,"MMR":2457670595.18341,"MNE":61714551.610021,"MNG":96366789.837129,"MOZ":110964447.080835,"MRT":137284347.692417,"MUS":22002210.537521,"MWI":34955163.961254,"MYS":4169374000.506931,"NAM":425776181.098349,"NER":166192292.328363,"NGA":1751921165.164976,"NIC":85014611.498052,"NLD":9115240931.644712,"NOR":5997385047.521712,"NPL":356888046.2821,"NZL":1921815616.691471,"OMN":7935955786.736021,"PAK":10007123565.494522,"PAN":0,"PER":2536717470.540576,"PHL":3331516626.961629,"PNG":79051319.309881,"POL":9161801941.944572,"PRK":912592592.592593,"PRT":3233420051.919685,"PRY":343194773.656801,"ROU":2645359698.789989,"RUS":69267531881.34486,"RWA":107891185.540284,"SAU":63672800000.0,"SDN":2728876597.743736,"SEN":304764264.245112,"SGP":9875709103.3039,"SLE":43105275.015372,"SLV":247600000.0,"SOM":47706000.0,"SRB":784304704.970486,"SSD":78633014.08491,"SVK":1003048083.68943,"SVN":449177539.095701,"SWE":5429928200.116994,"SWZ":80527779.902858,"SYC":21923375.799446,"TCD":309567431.726812,"TGO":82019690.412316,"THA":5562517500.612674,"TJK":84472620.41879,"TLS":26217000.0,"TTO":215989233.714369,"TUN":987005167.517576,"TUR":17831323597.143627,"TWN":9663668976.088232,"TZA":544374286.125497,"UGA":318353450.015987,"UKR":3424870090.948365,"URY":987083341.621743,"USA":639856443000.0,"VEN":218154892.929075,"VNM":6326965795.647537,"ZAF":3141993378.320769,"ZMB":299655590.589377,"ZWE":358065000.0}}