{"schemaVersion":1,"dataKind":"ranking-year","indicatorId":"MILITARY_SPENDING_USD","year":2017,"valuesByCountry":{"AFG":191407113.244397,"AGO":3062872913.9838,"ALB":144408060.453401,"ARG":5459643672.454014,"ARM":443610413.340995,"AUS":27691112416.851543,"AUT":3153118623.814945,"AZE":1528859592.293852,"BDI":63908678.432009,"BEL":4442245290.235342,"BEN":116933110.737442,"BFA":191065838.764304,"BGD":3258236074.46979,"BGR":720037970.85424,"BHR":1532712765.957447,"BIH":156258302.093929,"BLR":750835126.638235,"BLZ":23055950.0,"BOL":576293037.868307,"BRA":29261833096.66932,"BRN":346706804.421549,"BWA":522430455.515621,"CAF":27516264.177935,"CAN":21371611227.442154,"CHE":4628401508.544773,"CHL":5370018134.870679,"CHN":210662387712.33734,"CIV":501578732.245649,"CMR":408157575.13556,"COD":295236074.31758,"COG":371937055.076808,"COL":10018029817.582357,"CPV":9354384.166282,"CRI":0,"CUB":122552919.006641,"CYP":357380920.83194,"CZE":2091525617.077104,"DEU":42570391449.18281,"DNK":3764033343.563551,"DOM":533073157.821471,"DZA":10073364021.301344,"ECU":2462700000.0,"EGY":2765588434.012066,"ESP":16043533257.461725,"EST":541117283.529418,"ETH":518601601.785744,"FIN":3454565037.647096,"FJI":75276555.011566,"FRA":47953836260.00052,"GAB":267430770.80282,"GBR":52075008432.0543,"GEO":321136644.607665,"GHA":188890082.442,"GIN":181637775.870545,"GNB":19166184.134337,"GNQ":136210361.388331,"GRC":5122991167.176526,"GTM":275014798.544949,"GUY":59510895.883777,"HND":367928596.43675,"HRV":911363521.468404,"HTI":6650488.28564,"HUN":1708119761.933684,"IDN":8787045789.836943,"IND":64639567006.4827,"IRL":1025063447.419505,"IRN":13931196489.797546,"IRQ":7416385135.135135,"ISL":0,"ISR":18736105777.247696,"ITA":25146368195.672016,"JAM":144155555.887166,"JOR":1939718309.859155,"JPN":45029861072.90042,"KAZ":1387649020.900314,"KEN":1015384781.975898,"KGZ":239397613.944919,"KHM":458481626.447531,"KOR":39170682135.62155,"KOS":57262629.271565,"KWT":6764636913.878053,"LBN":2441074857.018222,"LBR":13335500.0,"LKA":1865750676.795769,"LSO":52594810.372597,"LTU":812106965.019963,"LUX":214898009.5595,"LVA":482461999.113821,"MAR":3492074842.382118,"MDA":30877286.489714,"MDG":66701432.23442,"MEX":5062076645.821287,"MKD":102038840.797548,"MLI":460196191.968391,"MLT":64235888.165733,"MMR":2214042872.965238,"MNE":65734886.376934,"MNG":87511743.496201,"MOZ":130599802.270602,"MRT":144237578.952025,"MUS":22678888.067459,"MWI":47409737.461016,"MYS":3494832256.87397,"NAM":453947862.599434,"NER":200183929.970367,"NGA":1618227618.150583,"NIC":86370006.525382,"NLD":9580685498.216303,"NOR":6853260032.985157,"NPL":437222043.156292,"NZL":2145345647.770004,"OMN":6802665799.739922,"PAK":11342797036.360804,"PAN":0,"PER":2669756320.242348,"PHL":3836526367.327798,"PNG":80720314.142082,"POL":9976891868.054338,"PRK":961481481.481482,"PRT":3201528065.747391,"PRY":348113039.03735,"ROU":3643437473.653046,"RUS":66887635161.950645,"RWA":115554685.252306,"SAU":70400000000,"SDN":4357538723.037514,"SEN":305441261.623352,"SGP":10201640204.935099,"SLE":39411154.606276,"SLV":260900000.0,"SOM":61813000.0,"SRB":806474241.512414,"SSD":63984071.950172,"SVK":1049074346.910286,"SVN":473796757.208807,"SWE":5535591340.48367,"SWZ":87762823.128235,"SYC":22237948.491245,"TCD":219081031.370278,"TGO":88414114.92217,"THA":6135862089.867966,"TJK":78166104.433955,"TLS":25442000.0,"TTO":201603357.167353,"TUN":856691155.956477,"TUR":17609831226.300236,"TWN":10479976346.134893,"TZA":562485698.945799,"UGA":346657806.664794,"UKR":3635469103.981135,"URY":1164957944.511863,"USA":646752927000.0,"VEN":2127936596.435706,"VNM":6404624270.566099,"ZAF":3596285960.243616,"ZMB":336710270.554242,"ZWE":340522000.0}}