{"schemaVersion":1,"dataKind":"ranking-year","indicatorId":"MILITARY_SPENDING_USD","year":2018,"valuesByCountry":{"AFG":198074728.574408,"AGO":1982252744.883764,"ALB":175897273.646277,"ARG":3842852365.317602,"ARM":513252026.482368,"AUS":26839820914.401794,"AUT":3387982011.968415,"AZE":1672176470.588235,"BDI":65436595.262796,"BEL":4842740158.352857,"BEN":90260724.939317,"BFA":305781079.057984,"BGD":3648878144.761797,"BGR":961297274.594496,"BHR":1527659574.468086,"BIH":172073317.814949,"BLR":923273609.174156,"BLZ":23341162.5,"BOL":603066852.13314,"BRA":28177406872.26366,"BRN":357708767.503726,"BWA":498087432.354654,"CAF":30517648.413658,"CAN":21586500490.54538,"CHE":4736844967.476971,"CHL":5545831932.778563,"CHN":232542136545.42355,"CIV":607848217.884494,"CMR":429892180.57235,"COD":295348364.63547,"COG":292260465.250187,"COL":10134719590.550531,"CPV":10714071.127336,"CRI":0,"CUB":128609126.95598,"CYP":450408979.851988,"CZE":2751920355.577381,"DEU":46522788854.9341,"DNK":4558690186.911819,"DOM":593678722.089905,"DZA":9583724288.3703,"ECU":2549400000.0,"EGY":3119587363.842486,"ESP":17823271130.625687,"EST":615277299.607832,"ETH":507010973.51399,"FIN":3756616295.686209,"FJI":81378313.570935,"FRA":51349083040.783424,"GAB":261217395.059596,"GBR":55832916405.24925,"GEO":333912381.840905,"GHA":219311172.054325,"GIN":197079526.352476,"GMB":11477457.171437,"GNB":10630254.217769,"GNQ":149498690.044337,"GRC":5760223717.019507,"GTM":273114976.844026,"GUY":61799566.717484,"HND":358497584.489476,"HRV":950582488.179067,"HTI":9682978.336576,"HUN":1615400272.625785,"IDN":7493183871.711699,"IND":66228148024.67873,"IRL":1107137377.099489,"IRN":11795842412.294844,"IRQ":6330162756.288311,"ISL":0,"ISR":19262765541.054035,"ITA":27705227624.139843,"JAM":209667350.832135,"JOR":1957746478.87324,"JPN":48518345803.57746,"KAZ":1498611134.614782,"KEN":1113648361.645197,"KGZ":250494252.349231,"KHM":542653031.61101,"KOR":43069973342.87524,"KOS":63344074.218335,"KWT":7165279059.536449,"LBN":2775557816.206579,"LBR":13229000.0,"LKA":1639179094.301667,"LSO":51064347.754823,"LTU":1056383744.673819,"LUX":291063819.741983,"LVA":709370536.926218,"MAR":3696571637.943004,"MDA":37394242.702171,"MDG":73217433.061509,"MEX":5839521271.019866,"MKD":117392812.528937,"MLI":481728184.477863,"MLT":66869091.037853,"MMR":1531411936.412006,"MNE":75365603.20102,"MNG":88155189.474042,"MOZ":196518237.481747,"MRT":159282460.934763,"MUS":23044428.302212,"MWI":58246665.908056,"MYS":3445043719.600085,"NAM":455979605.471539,"NER":229639906.143836,"NGA":2137974106.858305,"NIC":81690573.141192,"NLD":11114927469.518312,"NOR":7541055169.17745,"NPL":428299298.274974,"NZL":2302338733.474578,"OMN":7565344603.381014,"PAK":11538963629.868963,"PAN":0,"PER":2648439810.154994,"PHL":4107465372.45711,"PNG":79612248.120426,"POL":12039371859.180557,"PRK":1604444444.444444,"PRT":3361542910.42574,"PRY":386629374.683153,"ROU":4358871359.890408,"RUS":61649658199.48898,"RWA":119025994.801319,"SAU":74612266666.66667,"SDN":995839891.797045,"SEN":385132363.102436,"SGP":10582246495.449852,"SLE":29759324.114842,"SLV":294610000.0,"SOM":76562000.0,"SRB":1064842242.364181,"SSD":136984353.697332,"SVK":1285365249.10591,"SVN":529496122.658546,"SWE":5733666365.577603,"SWZ":95863380.323096,"SYC":21507978.630999,"TCD":253174123.337364,"TGO":104378994.645016,"THA":6662163295.026326,"TJK":81420867.534918,"TLS":20610000.0,"TTO":165967559.121263,"TUN":843676800.241798,"TUR":19646381099.18412,"TWN":10504775809.96834,"TZA":603017517.148667,"UGA":408436536.083725,"UKR":4758108384.986713,"URY":1271768639.862264,"USA":682491400000.0,"UZB":1440466815.758342,"VNM":6893976431.341405,"ZAF":3626098807.715288,"ZMB":378227569.721117,"ZWE":420364000.0}}