{"schemaVersion":1,"dataKind":"ranking-year","indicatorId":"MILITARY_SPENDING_USD","year":2019,"valuesByCountry":{"AFG":226306243.729258,"AGO":1469786382.101161,"ALB":197267506.694685,"ARG":3132654926.067453,"ARM":652000174.824083,"AUS":26079346314.325455,"AUT":3336542767.57725,"AZE":1854235294.117647,"BDI":84689413.918202,"BEL":4760789247.84305,"BEN":68117852.544468,"BFA":357921557.517774,"BGD":4347805622.909334,"BGR":2158557527.189467,"BHR":1557712765.957447,"BIH":165369204.350315,"BLR":899438278.343042,"BLZ":24424950.0,"BOL":593501931.004341,"BRA":25906871196.754562,"BRN":414728739.002933,"BWA":514720930.232558,"CAF":40777666.658703,"CAN":21276665648.078373,"CHE":5021931589.537224,"CHL":5182156528.660157,"CHN":240319161528.89267,"CIV":535951382.180975,"CMR":422294771.980244,"COD":352709565.59682,"COG":299953238.969346,"COL":10167547855.570395,"CPV":9728061.089787,"CRI":0,"CYP":463613972.234662,"CZE":2979254107.207099,"DEU":49075254886.90106,"DNK":4487779277.252962,"DOM":613299023.334698,"DZA":10303600575.21065,"ECU":2346000000,"EGY":3743671451.545655,"ESP":17189319301.388268,"EST":636980996.07842,"ETH":516000309.600186,"FIN":3634933733.333267,"FJI":79022198.97722,"FRA":50450238258.8226,"GAB":266879196.119858,"GBR":56567602040.81632,"GEO":310614128.505502,"GHA":234958376.192332,"GIN":197754330.707634,"GMB":14460355.727867,"GNB":22442512.944614,"GNQ":148636933.022503,"GRC":5382657338.039117,"GTM":331882551.643497,"GUY":67238848.920863,"HND":392630140.339426,"HRV":985762551.525559,"HTI":12036259.720806,"HUN":2190070873.185164,"IDN":8153355917.051296,"IND":71426944427.11256,"IRL":1112740707.568294,"IRN":4921057693.827597,"IRQ":7661844331.641286,"ISL":0,"ISR":19796980078.56341,"ITA":25206448723.6901,"JAM":266198417.986545,"JOR":2032112676.056338,"JPN":50782354521.06064,"KAZ":1854670118.716076,"KEN":1116872419.913123,"KGZ":254030778.930475,"KHM":595013387.08232,"KOR":44102240752.178986,"KOS":65705329.153605,"KWT":7373519736.842106,"LBN":2326058336.524859,"LBR":12901000.0,"LKA":1559719807.029439,"LSO":44845967.46279,"LTU":1093819973.130318,"LUX":324303627.407076,"LVA":691894312.583968,"MAR":3694594867.74986,"MDA":40020556.291034,"MDG":76918806.814349,"MEX":6650808254.06726,"MKD":151254295.032322,"MLI":475638185.672011,"MLT":80267577.250336,"MMR":1518116075.946707,"MNE":73962158.531124,"MNG":93980480.336822,"MOZ":215329478.536599,"MRT":161026596.107111,"MUS":21480813.621053,"MWI":83878891.782046,"MYS":3265281468.953854,"NAM":413552531.591893,"NER":247632082.845528,"NGA":2178841153.535295,"NIC":76300327.164488,"NLD":12000671742.051052,"NOR":7542135789.832822,"NPL":423490978.128567,"NZL":2726151285.431774,"OMN":6551040312.093628,"PAK":10234206471.44966,"PAN":0,"PER":2753361958.126308,"PHL":4263121217.507293,"PNG":89770219.137298,"POL":11772723425.036627,"PRT":3302060008.956561,"PRY":369332261.72046,"ROU":4607679465.776294,"RUS":65141250217.70561,"RWA":123942221.508211,"SAU":65362666666.666664,"SDN":722965611.421477,"SEN":356820796.02975,"SGP":10401376917.39109,"SLE":24549896.885392,"SLV":317200000.0,"SOM":71720000.0,"SRB":1175450079.257945,"SSD":150806071.140356,"SVK":1798365427.675772,"SVN":572884012.539185,"SWE":5837488025.350447,"SWZ":86532285.971347,"SYC":21684214.276807,"TCD":234709654.958205,"TGO":170566832.435089,"THA":7155938257.216098,"TJK":82756522.13451,"TLS":34400000.0,"TTO":172926193.067238,"TUN":998727749.821091,"TUR":20469985680.954014,"TWN":10993171742.014822,"TZA":623916545.999635,"UGA":647807832.335437,"UKR":6259866346.453859,"URY":1154445244.164897,"USA":734344100000.0,"VNM":7256106136.269742,"ZAF":3435566017.782876,"ZMB":292684251.357642,"ZWE":546939000.0}}