{"schemaVersion":1,"dataKind":"ranking-year","indicatorId":"MILITARY_SPENDING_USD","year":2020,"valuesByCountry":{"AFG":279576954.925193,"AGO":992496819.022777,"ALB":196484123.331799,"ARG":2830929705.215419,"ARM":633960400.11526,"AUS":27300894700.619408,"AUT":3840077510.543714,"AZE":2237764705.882353,"BDI":67474092.716297,"BEL":5328344848.248951,"BEN":71803344.202429,"BFA":382464677.360491,"BGD":4649682210.348269,"BGR":1118663818.217132,"BHR":1404787234.042553,"BIH":167521865.889213,"BLR":861203283.358782,"BLZ":26025325.0,"BOL":509904804.681621,"BRA":19591209004.46342,"BRN":436548223.350254,"BWA":499027479.519605,"CAF":44348098.076355,"CAN":23457917015.287098,"CHE":5731630039.45834,"CHL":5246204733.451836,"CHN":258019513365.4136,"CIV":607155889.9682,"CMR":393299390.063774,"COD":362091615.539271,"COG":298382191.947452,"COL":9554131505.351017,"CPV":11279268.103582,"CRI":0,"CYP":483415023.367149,"CZE":3201645824.581812,"DEU":53427936290.27161,"DNK":4887155963.302752,"DOM":599052525.398083,"DZA":9708277440.227255,"ECU":2356300000.0,"EGY":4505374644.325008,"ESP":17450336258.976406,"EST":719583548.638122,"ETH":450938397.599767,"FIN":3876613593.774263,"FJI":71181003.99754,"FRA":53532447234.24048,"GAB":263471597.129303,"GBR":58332371794.871796,"GEO":287864077.669903,"GHA":245815706.977818,"GIN":206992890.786064,"GMB":14797639.427186,"GNB":24103254.730916,"GNQ":162373364.380419,"GRC":5785109072.217815,"GTM":342766481.025774,"GUY":76738609.11271,"HND":342530751.220579,"HRV":981389328.833557,"HTI":15984954.354416,"HUN":2767305923.224283,"IDN":9386167207.313246,"IND":72815435729.54128,"IRL":1144420380.713553,"IRN":3349702008.045815,"IRQ":5676426174.496644,"ISL":0,"ISR":21049888662.7907,"ITA":31645047304.228886,"JAM":235704931.920202,"JOR":2055915492.957747,"JPN":51388072739.20181,"KAZ":1552039778.506047,"KEN":1115321770.323695,"KGZ":256978654.843115,"KHM":619798280.10885,"KOR":46117096574.58189,"KOS":78965006.269235,"KWT":6941042345.276873,"LBN":431991051.454139,"LBR":12901000.0,"LKA":1484978726.023381,"LSO":38618836.531455,"LTU":1174056765.074661,"LUX":363232645.617235,"LVA":742049469.964664,"MAR":4829507987.633946,"MDA":43245995.066555,"MDG":87856284.988121,"MEX":8044880863.737901,"MKD":146682039.161076,"MLI":593865883.538673,"MLT":86287472.928303,"MMR":2491431852.602906,"MNE":82920323.720506,"MNG":95594594.137791,"MOZ":287943568.703664,"MRT":200829990.812737,"MUS":18425832.424043,"MWI":98121450.647624,"MYS":3374583531.651595,"NAM":368330606.724467,"NER":238269588.33649,"NGA":2717058704.613596,"NIC":79511685.110264,"NLD":13085717542.45982,"NOR":7225183140.460771,"NPL":434850805.381614,"NZL":2810182349.123946,"OMN":6095708712.613784,"PAK":10242196437.022766,"PAN":0,"PER":2652119013.081883,"PHL":4692780700.481574,"PNG":93786821.449029,"POL":13712164694.669968,"PRT":3291804399.863217,"PRY":364091645.000729,"ROU":5051140926.682631,"RUS":61883789926.92248,"RWA":149937232.478679,"SAU":64558400000.0,"SDN":936698808.223271,"SEN":345637478.930266,"SGP":9796380965.035772,"SLE":32512958.40702,"SLV":343900000.0,"SOM":98156600.0,"SRB":1282513274.668525,"SSD":94723120.200766,"SVK":1969337740.795623,"SVN":574489912.230708,"SWE":6269713624.353907,"SWZ":76795299.97571,"SYC":18901180.455856,"TCD":322866526.49139,"TGO":163926877.161277,"THA":7294813186.218118,"TJK":77107585.539866,"TLS":38456000.0,"TTO":170577101.582673,"TUN":1152698061.828301,"TUR":15815406712.034832,"TWN":12029571535.275345,"TZA":682599057.45553,"UGA":984288592.850135,"UKR":6842438693.147984,"URY":1090410611.15778,"USA":778397200000.0,"VNM":7160003564.806125,"ZAF":3232763794.759475,"ZMB":211435914.274329,"ZWE":242179591.836735}}