{"schemaVersion":1,"dataKind":"ranking-year","indicatorId":"MILITARY_SPENDING_USD","year":2021,"valuesByCountry":{"AFG":278250788.014927,"AGO":973942251.756897,"ALB":222874806.800618,"ARG":3073433322.808125,"ARM":619435471.710093,"AUS":32718066816.816814,"AUT":4196428571.428572,"AZE":2703176470.588235,"BDI":68376397.135783,"BEL":6240137875.968892,"BEN":97451777.571681,"BFA":458279098.444886,"BGD":4849144939.531103,"BGR":1275264168.342126,"BHR":1437500000.0,"BIH":209721886.336155,"BLR":951248190.493072,"BLZ":26703375.0,"BOL":535704001.573082,"BRA":19187122475.44932,"BRN":453337798.615762,"BWA":536630400.905482,"CAF":55515012.096934,"CAN":24698524102.87081,"CHE":5486155122.809739,"CHL":5194059174.297632,"CHN":286064630570.9759,"CIV":637656912.817499,"CMR":443336832.005677,"COD":306078782.560614,"COG":313056395.870817,"COL":10180134292.076586,"CPV":11213723.429356,"CRI":0,"CYP":541804635.761589,"CZE":3918412534.885343,"DEU":56520202567.82855,"DNK":5273695928.753181,"DOM":611467713.114467,"DZA":9112461105.348942,"ECU":2408810000.0,"EGY":5165445626.552845,"ESP":19970305108.798485,"EST":748674616.279058,"ETH":440163204.277901,"FIN":3832078604.651101,"FJI":68726851.851852,"FRA":58741980240.309135,"GAB":311454928.635429,"GBR":65148595797.79919,"GEO":300489434.431324,"GHA":304373288.320099,"GIN":244558590.415803,"GMB":15882447.947414,"GNB":25596417.439024,"GNQ":162807132.671218,"GRC":8300944592.247928,"GTM":337815983.293659,"GUY":76789448.441247,"HND":421666541.95878,"HRV":1360346003.464479,"HTI":29316357.785817,"HUN":2410401106.196517,"IDN":8798276063.573387,"IND":76253500470.49722,"IRL":1267738883.632923,"IRN":5699580109.499255,"IRQ":4765369655.172414,"ISL":0,"ISR":23596704277.743336,"ITA":35038552507.09555,"JAM":214992885.622411,"JOR":2176760563.380282,"JPN":53616495862.24865,"KAZ":1614904644.787894,"KEN":1191035199.161618,"KGZ":262700662.314988,"KHM":626024283.24581,"KOR":50873788105.29169,"KOS":79609744.560076,"KWT":9024335548.172758,"LBN":171587395.957194,"LBR":29723000.0,"LKA":1523905320.675489,"LSO":37044054.950261,"LTU":1306764427.625355,"LUX":353488647.114475,"LVA":823084200.567644,"MAR":5325480901.054676,"MDA":50739612.451586,"MDG":98807098.862523,"MEX":8680832593.469467,"MKD":196249067.736957,"MLI":652883353.286504,"MLT":87950567.644276,"MMR":2642725508.603255,"MNE":91137653.736991,"MNG":97194681.713412,"MOZ":309038417.474987,"MRT":229313245.216749,"MUS":19667978.931277,"MWI":90399282.32751,"MYS":3675489012.315866,"NAM":400154276.347507,"NER":202404477.202902,"NGA":4444998080.811497,"NIC":77037864.036724,"NLD":14395695364.23841,"NOR":8435121610.613291,"NPL":447957094.862491,"NZL":2905571074.96464,"OMN":5783615084.525357,"PAK":11616638136.7664,"PAN":0,"PER":2635892706.071547,"PHL":5544109841.345862,"PNG":86089950.0,"POL":15280029346.395384,"PRT":3880558183.538316,"PRY":366835001.94295,"QAT":11593406593.406593,"ROU":5294902353.530304,"RUS":65918129750.65288,"RWA":167381496.906971,"SAU":63194666666.666664,"SDN":369443039.163841,"SEN":483224913.09553,"SGP":11013608902.231789,"SLE":43010030.366622,"SLV":351578000.0,"SOM":111029000.0,"SRB":1805530300.118727,"SSD":64287301.462385,"SVK":1984626300.851466,"SVN":762771996.215705,"SWE":7582054935.587188,"SWZ":82792515.395547,"SYC":36587936.182448,"TCD":330998078.191986,"TGO":198773240.635232,"THA":7112638314.490867,"TJK":89611233.679817,"TLS":39222000.0,"TTO":207696790.543064,"TUN":1231004127.203763,"TUR":15240338328.718565,"TWN":13932664756.446991,"TZA":762842410.019532,"UGA":1060851727.398946,"UKR":6842963433.466808,"URY":1246341555.944468,"USA":806230200000.0,"VNM":7526365988.243411,"ZAF":3546873356.416921,"ZMB":217039384.138326,"ZWE":473945274.725275}}