{"schemaVersion":1,"dataKind":"ranking-year","indicatorId":"MILITARY_SPENDING_USD","year":2022,"valuesByCountry":{"AGO":1623340728.81429,"ALB":228659049.023223,"ARG":4338261310.308717,"ARM":795201580.049707,"AUS":32445330432.014027,"AUT":3612733177.951484,"AZE":2991035294.117647,"BDI":101434221.215165,"BEL":6898521628.404703,"BEN":109994281.290977,"BFA":562583349.170273,"BGD":4290027254.251657,"BGR":1436449732.771255,"BHR":1598069148.93617,"BIH":184484799.336616,"BLR":1201466052.320932,"BLZ":27805037.5,"BOL":428311004.11288,"BRA":20542063567.371616,"BRN":435857351.159602,"BWA":512727689.054822,"CAF":42001802.656466,"CAN":25122741481.581306,"CHE":5650938777.220089,"CHL":4649295736.329366,"CHN":291568533678.9456,"CIV":607245699.55657,"CMR":416638021.640202,"COD":371081599.85082,"COG":265847975.287255,"COL":9661013161.746454,"CPV":10250668.273219,"CRI":0,"CYP":532512389.879425,"CZE":3887785246.392944,"DEU":56126481485.75903,"DNK":5469774011.299435,"DOM":773360376.516256,"DZA":9145810174.207281,"ECU":2586480000.0,"EGY":4645922047.5088,"ESP":20722199550.68281,"EST":819271840.46693,"ETH":1024031605.977756,"FIN":4454922263.618699,"FJI":67772925.47472,"FRA":54743786501.94579,"GAB":277674768.990569,"GBR":64015768189.40256,"GEO":401381726.184684,"GHA":249289686.185388,"GIN":441260169.726193,"GMB":15563929.975828,"GNB":18698075.097193,"GNQ":156791634.919832,"GRC":8755994121.206268,"GTM":441493596.532763,"GUY":88515539.568345,"HND":460576131.559122,"HRV":1282110612.804698,"HTI":12889784.459733,"HUN":3255307471.232236,"IDN":10130672035.309675,"IND":79887011269.03249,"IRL":1164312098.748811,"IRN":7459331830.845906,"IRQ":4724206896.551724,"ISL":0,"ISR":22772600916.336258,"ITA":33664291063.299877,"JAM":220561019.105607,"JOR":2334573239.43662,"JPN":43144132919.70693,"KAZ":1166798865.624287,"KEN":1155179523.019398,"KGZ":352443311.100738,"KHM":616669100.422586,"KOR":46365420707.415726,"KOS":107601580.182924,"KWT":8244121401.265984,"LBN":218747731.996173,"LBR":52198000.0,"LBY":1212526035.309333,"LKA":1005425134.783883,"LSO":34668499.897552,"LTU":1815359243.396973,"LUX":461336844.850943,"LVA":856142771.799036,"MAR":4993737492.086391,"MDA":54362580.926995,"MDG":98947388.652782,"MEX":10057300141.349957,"MKD":207274879.935444,"MLI":582017552.543412,"MLT":79422526.441559,"MMR":2489905986.687779,"MNE":98011519.011839,"MNG":89801313.744534,"MOZ":417039192.91056,"MRT":225544876.133749,"MUS":17902904.468993,"MWI":115992333.367538,"MYS":3673788247.833662,"NAM":365821522.665427,"NER":242507046.323759,"NGA":3088672239.202606,"NIC":84174180.485033,"NLD":13632443393.606907,"NOR":8697821939.022533,"NPL":456108205.313419,"NZL":2828419756.739341,"OMN":5783485045.513654,"PAK":10336494224.143536,"PAN":0,"PER":2797976204.750041,"PHL":5322508900.535686,"PNG":133068892.697081,"POL":15335286233.177748,"PRT":3484311762.181629,"PRY":365463195.877513,"QAT":15412087912.087912,"ROU":5186547864.710807,"RUS":104402512815.16519,"RWA":177569665.357255,"SAU":70920000000,"SEN":421013743.846819,"SGP":11995013297.872396,"SLE":41451773.679593,"SLV":458494000.0,"SOM":118661000.0,"SRB":1451293371.868218,"SSD":101385636.980549,"SVK":2066522503.723274,"SVN":775156293.385613,"SWE":7721175892.371102,"SWZ":83200580.480677,"SYC":23445303.538944,"TCD":331746766.049468,"TGO":336608323.297713,"THA":6026999779.168331,"TJK":202591315.89623,"TLS":44311000.0,"TTO":218284994.040573,"TUN":1146732826.395154,"TUR":15047270052.334324,"TWN":15261446437.325108,"TZA":883638837.372797,"UGA":924627059.661863,"UKR":41538018337.94044,"URY":1299092604.874377,"USA":860692200000.0,"VNM":7093141365.10936,"ZAF":3461428965.088991,"ZMB":325748739.403857,"ZWE":332717337.278107}}