{"schemaVersion":1,"dataKind":"ranking-year","indicatorId":"MILITARY_SPENDING_USD","year":2023,"valuesByCountry":{"AGO":1247846345.085174,"ALB":399980128.173282,"ARG":4882352998.999768,"ARM":1326245679.386689,"AUS":32387989797.745953,"AUT":4452227950.61387,"AZE":3561670588.235294,"BDI":145168021.651148,"BEL":7635702793.333476,"BEN":149056229.683839,"BFA":827153018.861823,"BGD":3687662512.810081,"BGR":1991192024.912941,"BHR":1622393617.021276,"BIH":216813173.14719,"BLR":1397442931.48453,"BLZ":32490300.0,"BOL":588704775.68741,"BRA":21788291072.488297,"BRN":449232494.845193,"BWA":349640590.696301,"CAF":62527021.813445,"CAN":28878130615.24938,"CHE":6311589444.51246,"CHL":5470078568.904183,"CHN":296256209139.08484,"CIV":682177111.349214,"CMR":456569091.888027,"COD":794244598.072275,"COG":284994429.664049,"COL":10779238341.591625,"CPV":14353938.320532,"CRI":0,"CYP":558878310.811103,"CZE":4536247498.845628,"DEU":68584873364.29147,"DNK":8142235123.367199,"DOM":946425773.18119,"DZA":18263967968.26213,"ECU":2692000000,"EGY":3167150125.913561,"ESP":24837317038.38791,"EST":1236971309.803945,"ETH":1227084920.155219,"FIN":5926831253.913836,"FJI":73051026.794808,"FRA":59541138239.216805,"GAB":265385802.631879,"GBR":73609224258.37167,"GEO":506476827.702114,"GHA":301979736.080561,"GIN":504667180.286275,"GMB":14420505.399032,"GNB":18266819.268467,"GNQ":162192394.152675,"GRC":7020677198.039348,"GTM":437629124.798144,"GUY":110598561.151079,"HND":524224662.374448,"HRV":1408809814.996478,"HTI":11786377.442107,"HUN":4358422113.446591,"IDN":11258797569.510035,"IND":82262171563.15779,"IRL":1269225284.246827,"IRN":7390861136.377818,"IRQ":5726552380.952381,"ISL":0,"ISR":27102928006.16771,"ITA":35508165478.97373,"JAM":230360218.360918,"JOR":2462070422.535212,"JPN":48096463028.63076,"KAZ":1164938125.45899,"KEN":1053795572.242429,"KGZ":483259416.650528,"KHM":667917036.386488,"KOR":47801863038.87874,"KOS":133185465.922792,"KWT":7755031935.627666,"LBN":286217317.801811,"LBR":62518000.0,"LBY":1572965616.59158,"LKA":1107556531.187776,"LSO":34422816.78527,"LTU":2261226183.119347,"LUX":583524919.944166,"LVA":1253796439.94624,"MAR":5189111532.393438,"MDA":92204676.221718,"MDG":102379927.769935,"MEX":11845743357.956654,"MKD":280294770.169381,"MLI":785265008.467223,"MLT":85237917.07901,"MMR":2493486451.342482,"MNE":114260526.099714,"MNG":111467041.986021,"MOZ":404045758.710199,"MRT":275956082.006075,"MUS":23681593.028952,"MWI":146475712.812433,"MYS":3925419274.890087,"NAM":338933671.010054,"NER":331917310.325695,"NGA":3061714448.927024,"NIC":98890831.413052,"NLD":16625360305.270937,"NOR":8799400441.779768,"NPL":455134849.166056,"NZL":3034580169.078671,"OMN":5851755526.657997,"PAK":8626157588.370106,"PAN":0,"PER":3307201195.767447,"PHL":5142164484.030149,"PNG":101055995.388012,"POL":26459281579.573433,"PRT":3528938941.491178,"PRY":397579485.36256,"ROU":5624980188.189436,"RUS":109203624738.37859,"RWA":179433009.477331,"SAU":77765333333.33333,"SEN":448993705.877196,"SGP":13973388277.93369,"SLE":38681287.533031,"SLV":454766666.666667,"SOM":138896000.0,"SRB":1796105480.578868,"SSD":148535600.405234,"SVK":2304765320.806738,"SVN":909676276.247726,"SWE":8785446082.735712,"SWZ":83071859.893176,"SYC":29281406.660639,"TCD":372751855.723359,"TGO":276349076.678811,"THA":5743151742.763099,"TJK":285028620.432891,"TLS":55111000.0,"TTO":244542346.242869,"TUN":1207275849.11735,"TUR":19233041584.17685,"TWN":16344564791.689405,"TZA":961327764.775222,"UGA":975151108.508783,"UKR":65296673144.75592,"URY":1510483625.2997,"USA":916014700000.0,"VNM":7956802474.203452,"ZAF":3059543518.983894,"ZMB":369211033.22797,"ZWE":870433537.886873}}