{"schemaVersion":1,"dataKind":"ranking-year","indicatorId":"MILITARY_SPENDING_USD","year":2024,"valuesByCountry":{"AGO":924256506.059926,"ALB":535225686.365752,"ARG":4179838656.990005,"ARM":1418264456.49683,"AUS":34231448067.172024,"AUT":5294393827.606575,"AZE":3777088235.294118,"BDI":171829784.578258,"BEL":8566824934.062508,"BEN":167317204.239969,"BFA":1023776390.198433,"BGD":3747468058.077603,"BGR":2192669896.42346,"BHR":1383973404.255319,"BIH":216037769.450908,"BLR":1503722053.79124,"BLZ":35184762.5,"BOL":570911722.141823,"BRA":20963641605.747772,"BRN":560266733.742499,"BWA":519369295.197276,"CAF":71181660.756989,"CAN":30617562312.508774,"CHE":6536271129.330101,"CHL":5506745657.449898,"CHN":311900350600.8155,"CIV":658420212.994546,"CMR":534906432.488102,"COD":899187778.403836,"COG":182061515.626288,"COL":13876037183.895292,"CPV":16829866.562009,"CRI":0,"CYP":596022335.15277,"CZE":6511697690.612424,"DEU":86148285078.5157,"DNK":9637155297.532656,"DOM":1012070260.34246,"DZA":21811242555.03127,"ECU":2882200000.0,"EGY":2398424389.272584,"ESP":25199837644.766747,"EST":1424412696.875001,"ETH":700351865.429189,"FIN":6502950515.293756,"FJI":77454073.535247,"FRA":63574699212.50005,"GAB":319128392.292339,"GBR":89814565861.93602,"GEO":538084625.421934,"GHA":274377098.105397,"GIN":562455950.499682,"GMB":14674916.178744,"GNB":23221751.789816,"GNQ":114534738.331188,"GRC":7391576221.093757,"GTM":453461751.006552,"GUY":206620652.278177,"HND":547330352.480573,"HRV":1730736363.420022,"HTI":19781061.31865,"HUN":4732680839.23351,"IDN":12012394513.002398,"IND":85597083119.10968,"IRL":1333276261.406251,"IRN":7891903306.818182,"IRQ":6335846153.846154,"ISL":0,"ISR":45921467209.91868,"ITA":37849546135.62503,"JAM":276169950.181127,"JOR":2533239436.619719,"JPN":54245069554.999214,"KAZ":1167683983.260922,"KEN":1256429906.049416,"KGZ":511262078.700206,"KHM":720582946.020424,"KOR":47604584211.97396,"KOS":165657248.361719,"KWT":7798626273.546721,"LBN":635471571.906355,"LBR":33825000.0,"LKA":1263856682.876413,"LSO":36702087.872314,"LTU":2688633084.375002,"LUX":618785007.799219,"LVA":1440648403.906251,"MAR":5516970248.606503,"MDA":109201330.967541,"MDG":121981920.821578,"MEX":20594947698.31146,"MKD":299528947.431659,"MLI":932976642.567675,"MLT":93626992.927344,"MMR":5011272415.126733,"MNE":150126171.015625,"MNG":179446877.917005,"MOZ":483865112.276035,"MRT":275398669.541092,"MUS":19011371.872777,"MWI":117589994.544906,"MYS":4377622927.886969,"NAM":367985199.862329,"NER":435924878.18784,"NGA":1134847529.171304,"NIC":108627332.126484,"NLD":23577493750.78127,"NOR":10792089957.347843,"NPL":436038010.962534,"NZL":3000998602.964546,"OMN":5988296488.946684,"PAK":10303476993.983778,"PAN":0,"PER":2543287408.394404,"PHL":5493422960.788397,"PNG":91516962.028004,"POL":34459549418.665535,"PRT":4524133883.281254,"PRY":413826923.447551,"ROU":8315372278.25047,"RUS":149401873965.45108,"RWA":175324351.922397,"SAU":80330666666.66667,"SEN":638824014.514267,"SGP":15325841295.183014,"SLE":51318582.859968,"SLV":490600000.0,"SOM":201854000.0,"SRB":2403556797.527364,"SSD":168803668.081232,"SVK":2786518021.430891,"SVN":980625608.832125,"SWE":12046970085.44414,"SWZ":83157552.263368,"SYC":27628250.282361,"TCD":557767993.114709,"TGO":212949035.131123,"THA":5519714389.471606,"TJK":184082738.462228,"TLS":43423000.0,"TTO":238062319.870689,"TUN":1315226310.962365,"TUR":25012152848.36619,"TWN":15232751881.853544,"TZA":929494827.634049,"UGA":1116609489.075628,"UKR":64768188591.11081,"URY":1583089131.659923,"USA":1004901000000,"VNM":8590398540.747652,"ZAF":3033251335.883209,"ZMB":348993115.04378,"ZWE":98394292.716268}}