{"schemaVersion":1,"dataKind":"ranking-year","indicatorId":"MILITARY_SPENDING_USD","year":2025,"valuesByCountry":{"AGO":1459150446.303329,"ALB":623614024.57297,"ARG":3875750072.354246,"ARM":1725213042.680863,"AUS":35326559811.29522,"AUT":6353360557.723981,"AZE":4939000000,"BDI":226615473.530873,"BEL":14531958576.811136,"BEN":216913737.35984,"BFA":891556029.442113,"BGD":3826632299.58464,"BGR":2589155424.306569,"BHR":1468151595.744681,"BIH":231395167.755815,"BLR":1938589500.490075,"BLZ":33317350.0,"BOL":688306801.736614,"BRA":23949869705.559586,"BWA":614353516.229317,"CAF":74185526.587329,"CAN":37494244642.3716,"CHE":7591405901.069386,"CHL":5327885653.379976,"CHN":335524155624.44,"CIV":759441425.328472,"CMR":627467840.682397,"COD":1225252134.151963,"COG":204916764.119144,"COL":14502706852.6697,"CPV":20076627.568533,"CRI":0,"CYP":663312501.410103,"CZE":7051481133.023376,"DEU":113585948604.56197,"DNK":14948790190.933384,"DOM":1037253440.08817,"DZA":25438789692.334564,"ECU":2735600000.0,"EGY":2501747815.230961,"ESP":40211754089.114494,"EST":1575931232.091691,"ETH":528111206.319261,"FIN":8081582925.343501,"FJI":81159432.223574,"FRA":68007580714.301834,"GAB":356111990.094242,"GBR":88977496940.39256,"GEO":657878727.017108,"GHA":506651717.200633,"GIN":600539642.430641,"GMB":14738181.340451,"GNB":22360184.357158,"GNQ":120731065.556855,"GRC":8388421361.369943,"GTM":632872273.981159,"GUY":247643803.406549,"HND":580246011.635374,"HRV":2101617670.284051,"HTI":39144696.976504,"HUN":5001983632.200585,"IDN":15025416115.28609,"IND":92057013588.1601,"IRL":1551113417.413081,"IRN":7396057109.81132,"IRQ":6447958100.793245,"ISL":0,"ISR":48281256782.26126,"ITA":48143627462.04002,"JAM":286646045.669905,"JOR":2555352112.676056,"JPN":62158093812.44194,"KAZ":1308552096.598493,"KEN":1469684195.871265,"KGZ":601125601.97899,"KHM":738950217.718036,"KOR":47770908937.46307,"KOS":234500146.650723,"KWT":8088284947.007522,"LBN":828299104.155617,"LBR":44210000.0,"LKA":1390730987.151863,"LSO":39909364.883226,"LTU":2952191864.269115,"LUX":855409155.517451,"LVA":1731606615.075694,"MAR":6330727244.328332,"MDA":113287334.343161,"MDG":119676668.151526,"MEX":13647711360.169912,"MKD":374751246.971901,"MLI":952899497.833115,"MLT":124657626.965684,"MNE":176544908.963743,"MNG":221316703.291124,"MOZ":468062039.793201,"MRT":321759024.993279,"MUS":23839838.912924,"MWI":162819193.404249,"MYS":4933177367.160248,"NAM":410522284.161499,"NER":488890417.555204,"NGA":2101677527.964279,"NIC":116367344.164231,"NLD":28944340410.17079,"NOR":17033643852.490572,"NPL":428290814.130341,"NZL":2855732604.460469,"OMN":5988296488.946684,"PAK":11871380866.105368,"PAN":0,"PER":2596241408.393085,"PHL":6378758229.620545,"PNG":106480682.765567,"POL":46760133894.597916,"PRT":5861290977.596282,"PRY":421095331.469374,"ROU":9725350362.953861,"RUS":190416640325.2106,"RWA":191192499.021855,"SAU":83181333333.33333,"SEN":566873602.751505,"SGP":17438486492.276382,"SLE":32182766.108967,"SLV":490000000,"SOM":199468000.0,"SRB":2781295696.285387,"SSD":178422465.694743,"SVK":3118330513.254371,"SVN":1221658206.42978,"SWE":16473477206.496712,"SWZ":93361425.000978,"SYC":28380338.884223,"TCD":648809933.273715,"TGO":204947549.441101,"THA":5983978404.684055,"TJK":246931888.321537,"TLS":47916000.0,"TTO":229899160.506055,"TUN":1484859113.761253,"TUR":29986711540.60079,"TWN":18187723316.285767,"TZA":1030461758.320708,"UGA":1296994464.2173,"UKR":84109045741.85442,"URY":1954316864.68679,"USA":954387000000,"VNM":10487302148.867115,"ZAF":3173874329.741849,"ZMB":405858785.205616,"ZWE":159639292.706335}}