{"schemaVersion":1,"dataKind":"ranking-year","indicatorId":"EN.POP.DNST","year":1961,"valuesByCountry":{"ABW":308.766666666667,"AFG":14.127045674072,"AGO":4.25249298147108,"ALB":60.5766423357664,"AND":21.8787234042553,"ARE":1.94295972965362,"ARG":7.57348329551392,"ASM":103.33,"ATG":128.5,"AUS":1.36456529945459,"AUT":85.8737154629181,"BDI":110.401830218069,"BEN":22.6961954593828,"BFA":17.7201169590643,"BGD":409.544042406084,"BGR":71.798951459821,"BHR":249.776811594203,"BHS":12.2074925074925,"BLZ":4.10486628671635,"BMU":798.574074074074,"BOL":3.48816671282193,"BRA":8.92608247768044,"BRB":542.204651162791,"BRN":17.5554079696395,"BTN":4.93551355863279,"BWA":0.931558237608738,"CAF":2.78432694468522,"CAN":2.03790269240507,"CHE":137.479609390812,"CHL":11.1962928293604,"CHN":70.3357920805262,"CIV":11.981606918239,"CMR":11.0834824733981,"COD":6.90870249884211,"COG":3.17537042459736,"COL":14.5067174402884,"COM":108.114454594304,"CPV":53.3714640198511,"CRI":26.9862906384646,"CUB":68.7813500931099,"CYM":35.8375,"CYP":64.4495670995671,"DEU":210.172806690917,"DJI":3.85634167385677,"DMA":80.2786666666667,"DNK":115.292175,"DOM":69.8247360794867,"DZA":4.88251572379857,"ECU":17.0579793382459,"EGY":27.727056105279,"ESP":61.5055624474769,"FIN":14.6459338783282,"FJI":22.8465243568692,"FRA":88.8876185174877,"FRO":24.7542979942693,"G001":29.3858723719794,"GAB":2.01135560988862,"GBR":218.244946885463,"GHA":31.4787158301837,"GIB":2187.2,"GIN":14.730388246785,"GMB":40.4081027667984,"GNB":20.7159317211949,"GNQ":9.80021390374332,"GRC":65.1516679596587,"GRD":280.397058823529,"GRL":0.0986245244366403,"GTM":39.064958939903,"GUM":132.057407407407,"GUY":2.96155762289665,"HKG":3105.98039215686,"HND":18.9582804540173,"HTI":142.562772133527,"HUN":111.372256774767,"IDN":50.1174390169853,"IMN":85.0017543859649,"IND":150.197171724646,"IRL":40.9986935694586,"IRN":13.5843991748324,"IRQ":16.4495804467613,"ISL":1.78582543640898,"ISR":100.970425138632,"ITA":171.828057529496,"JAM":154.502400738689,"JOR":10.1721554850408,"JPN":256.490319061903,"KEN":14.0348069016411,"KHM":31.5611148878314,"KIR":59.658024691358,"KNA":158.097142857143,"KOR":267.112512958739,"KWT":19.4132996632997,"LAO":9.40119584055459,"LBN":180.848875855327,"LBR":12.1233077242525,"LBY":0.884150971276584,"LCA":153.262295081967,"LIE":105.48125,"LKA":157.859543932387,"LSO":24.9942028985507,"MAC":8666.15,"MAR":26.7309338172693,"MCO":10804.6373951653,"MDG":9.02114729855212,"MDV":311.5,"MEX":19.4913027598446,"MLI":4.49297486457027,"MLT":1016.40625,"MMR":33.9850368760902,"MNG":0.652228726479694,"MOZ":8.69164526056105,"MRT":0.820963422916465,"MUS":335.348275862069,"MWI":39.4095672464998,"MYS":24.8499254299193,"NAM":0.732508593569702,"NCL":4.51427789934355,"NER":2.84847398752664,"NGA":50.4949767778912,"NIC":15.2605201927871,"NLD":344.748578199052,"NOR":9.88325612467282,"NPL":72.1566153846154,"NRU":238.7,"NZL":9.1895484410011,"OMN":1.74427786752827,"PAK":60.8671609070154,"PAN":15.6022329835889,"PER":8.18368984375,"PHL":96.5353081204318,"PNG":4.51823300799364,"POL":97.828855006693,"PRI":270.543630214205,"PRK":99.5823685740387,"PRT":97.5881530054645,"PRY":4.85123080795369,"PYF":23.3426229508197,"QAT":3.41774332472007,"ROU":80.555917339585,"RWA":125.933481961897,"SAU":1.17521456582112,"SEN":17.848517114216,"SGP":2540.89552238806,"SLB":5.10582350839586,"SLE":31.9233444167359,"SLV":137.650647482014,"SMR":263.316666666667,"SOM":4.70566837759429,"STP":71.5697916666667,"SUR":1.69955181564288,"SWE":18.4612450001804,"SWZ":20.5386046511628,"SYC":93.2369565217391,"SYR":26.2023397540538,"TCA":5.91789473684211,"TCD":2.46979920634921,"TGO":31.3056995771281,"THA":54.1218931668265,"TLS":31.9630800268998,"TON":94.4958333333333,"TTO":168.254191033138,"TUN":27.7824279093718,"TUR":37.8353728414953,"TUV":188.266666666667,"TZA":11.5013389026868,"UGA":39.3484660427406,"URY":14.6385784481774,"USA":20.0558797068663,"VCT":220.179487179487,"VEN":9.58666175386883,"VGB":53.56,"VIR":98,"VNM":102.642351531537,"VUT":5.43593109105824,"WSM":40.8113074204947,"YEM":10.711275261852,"ZAF":13.9379889373418,"ZMB":4.37736047027805,"ZWE":10.1600129249063}}