{"schemaVersion":1,"dataKind":"ranking-year","indicatorId":"EN.POP.DNST","year":1962,"valuesByCountry":{"ABW":312.888888888889,"AFG":14.4188491789706,"AGO":4.29478623566215,"ALB":62.456897810219,"AND":23.5872340425532,"ARE":2.04091805125317,"ARG":7.70000913512309,"ASM":106.49,"ATG":130.309090909091,"AUS":1.39827916118871,"AUT":86.4016480853127,"BDI":113.23765576324,"BEN":23.0991397658744,"BFA":17.9812573099415,"BGD":421.611323653684,"BGR":72.4301364910061,"BHR":259.926086956522,"BHS":12.8364635364635,"BLZ":4.21052170100833,"BMU":819.240740740741,"BOL":3.56087233453337,"BRA":9.19646272974609,"BRB":547.032558139535,"BRN":18.3527514231499,"BTN":5.08606039851893,"BWA":0.953162881795564,"CAF":2.8381569231757,"CAN":2.0761600742394,"CHE":141.009284557782,"CHL":11.4279667855587,"CHN":70.9152397944239,"CIV":12.4432044025157,"CMR":11.2936472678809,"COD":7.09103195783066,"COG":3.25966325036603,"COL":14.9608192879676,"COM":109.995701235895,"CPV":55.0667493796526,"CRI":27.9953975714845,"CUB":70.2150651769088,"CYM":36.5875,"CYP":65.0937229437229,"DEU":212.029284220777,"DJI":4.02428817946506,"DMA":81.264,"DNK":116.193175,"DOM":72.0334506313393,"DZA":4.95468481026476,"ECU":17.5526260655975,"EGY":28.4665357376061,"ESP":62.074044579615,"FIN":14.7458649331889,"FJI":23.5651888341544,"FRA":89.784796363299,"FRO":25.0451289398281,"G001":29.9097794322342,"GAB":2.03612760507626,"GBR":220.104989046418,"GHA":32.2465280829744,"GIB":2219.7,"GIN":14.993785609637,"GMB":41.5180830039526,"GNB":20.9628022759602,"GNQ":9.99237076648841,"GRC":65.5409852598914,"GRD":283.455882352941,"GRL":0.102429031314018,"GTM":40.2393057110862,"GUM":135.540740740741,"GUY":3.02710080829648,"HKG":3240.39215686275,"HND":19.5018679059791,"HTI":145.195029027576,"HUN":111.762108420351,"IDN":51.5441578299486,"IMN":85.4175438596491,"IND":153.802175441193,"IRL":41.1678037451009,"IRN":14.003233748373,"IRQ":16.9510368795299,"ISL":1.8192319201995,"ISR":105.961182994455,"ITA":172.994627860324,"JAM":156.688088642659,"JOR":10.6590435176791,"JPN":258.884646850286,"KEN":14.582190673648,"KHM":32.2771244051666,"KIR":61.158024691358,"KNA":155.602857142857,"KOR":274.860356624508,"KWT":21.604657687991,"LAO":9.61832755632582,"LBN":186.664516129032,"LBR":12.4277304817276,"LBY":0.921809109198995,"LCA":154.926229508197,"LIE":109.01875,"LKA":161.756561951842,"LSO":25.7514492753623,"MAC":8890.5,"MAR":27.4523726307299,"MCO":10891.9585594475,"MDG":9.25843450149603,"MDV":319.34,"MEX":20.1287070140693,"MLI":4.55987756005212,"MLT":1012.1875,"MMR":34.7411313768094,"MNG":0.67301145546736,"MOZ":8.86259060505099,"MRT":0.843294848161444,"MUS":344.999507389163,"MWI":40.3723695375477,"MYS":25.506534774007,"NAM":0.747924789563823,"NCL":4.66816192560175,"NER":2.93243862003631,"NGA":51.566577730931,"NIC":15.7247797905933,"NLD":349.694579383886,"NOR":9.96297817349498,"NPL":73.5742377622378,"NRU":248.95,"NZL":9.42615168432646,"OMN":1.77686914378029,"PAK":62.4690327936903,"PAN":16.0788404627388,"PER":8.425478125,"PHL":99.6564608060082,"PNG":4.6237667270238,"POL":98.9536060596167,"PRI":276.24825253664,"PRK":101.84272070426,"PRT":98.2949180327869,"PRY":4.96634784797382,"PYF":23.8418032786885,"QAT":3.84409991386736,"ROU":81.0825301727881,"RWA":129.145723550872,"SAU":1.21920369913802,"SEN":18.3591440295019,"SGP":2612.23880597015,"SLB":5.2233297606288,"SLE":32.4500138542533,"SLV":141.448633093525,"SMR":269.716666666667,"SOM":4.83006184843944,"STP":72.2947916666667,"SUR":1.76883825009917,"SWE":18.5633465139784,"SWZ":21.0095930232558,"SYC":95.7434782608696,"SYR":26.9851996952878,"TCA":5.93263157894737,"TCD":2.52031587301587,"TGO":31.861720904578,"THA":55.7478909354264,"TLS":32.46630800269,"TON":97.1388888888889,"TTO":171.577777777778,"TUN":28.1226570545829,"TUR":38.8708171459013,"TUV":189.966666666667,"TZA":11.8398690449311,"UGA":40.4996296481658,"URY":14.8171523254485,"USA":20.3667228593639,"VCT":223.682051282051,"VEN":9.92786123235644,"VGB":53.8,"VIR":100,"VNM":105.34443454484,"VUT":5.59261689909762,"WSM":41.9070671378092,"YEM":10.9517983976362,"ZAF":14.3588043756028,"ZMB":4.51727760663985,"ZWE":10.4845780018095}}