{"schemaVersion":1,"dataKind":"ranking-year","indicatorId":"EN.POP.DNST","year":1963,"valuesByCountry":{"ABW":316.677777777778,"AFG":14.7256136638916,"AGO":4.33810860672175,"ALB":64.3292335766423,"AND":25.3510638297872,"ARE":2.14321317938609,"ARG":7.82759647603492,"ASM":109.83,"ATG":132.131818181818,"AUS":1.42535438605626,"AUT":86.9584464372273,"BDI":115.648014018692,"BEN":23.5270308620078,"BFA":18.2515460526316,"BGD":434.08160098333,"BGR":73.0194793455663,"BHR":270.291304347826,"BHS":13.4952047952048,"BLZ":4.32722490135905,"BMU":839.62962962963,"BOL":3.63603157020216,"BRA":9.47151339891411,"BRB":552.458139534884,"BRN":19.1952561669829,"BTN":5.24700896774608,"BWA":0.975713302630882,"CAF":2.89425503226428,"CAN":2.1151982189683,"CHE":144.056036227484,"CHL":11.6607543454754,"CHN":72.6796793864671,"CIV":12.9310094339623,"CMR":11.5432781197775,"COD":7.28153282900686,"COG":3.34776866764275,"COL":15.424806669671,"COM":111.867275658248,"CPV":56.9163771712159,"CRI":29.0169212690952,"CUB":71.7100558659218,"CYM":37.375,"CYP":65.7199134199134,"DEU":214.001526651963,"DJI":4.22226056945643,"DMA":82.3186666666667,"DNK":117.112075,"DOM":74.2762782032706,"DZA":5.03082536296993,"ECU":18.0671723739344,"EGY":29.2248420312422,"ESP":62.6208551762776,"FIN":14.8504842575265,"FJI":24.3172413793103,"FRA":90.6903553205307,"FRO":25.3517191977077,"G001":30.5496452280324,"GAB":2.06252959211394,"GBR":221.758359856157,"GHA":33.0259031379098,"GIB":2275.3,"GIN":15.2651554615009,"GMB":42.6637351778656,"GNB":21.1386201991465,"GNQ":10.1948306595365,"GRC":65.7845228859581,"GRD":285.867647058824,"GRL":0.106526192566579,"GTM":41.4358342665174,"GUM":139.064814814815,"GUY":3.09357429718876,"HKG":3353.82352941176,"HND":20.0632585575118,"HTI":147.789114658926,"HUN":112.050949683439,"IDN":53.0210944098213,"IMN":86.2298245614035,"IND":157.453299318241,"IRL":41.4087676005226,"IRN":14.4398223188192,"IRQ":17.5319020508951,"ISL":1.85190024937656,"ISR":109.935304990758,"ITA":174.261330794601,"JAM":158.919575253924,"JOR":11.1594968268359,"JPN":261.521679847287,"KEN":15.159663703131,"KHM":32.9878200770451,"KIR":62.7049382716049,"KNA":152.688571428571,"KOR":282.622299398715,"KWT":24.000785634119,"LAO":9.83995233968804,"LBN":192.601759530792,"LBR":12.7430855481728,"LBY":0.96073803380429,"LCA":156.588524590164,"LIE":113.08125,"LKA":165.763674055175,"LSO":26.5274374176548,"MAC":9106.75,"MAR":28.1791952323341,"MCO":11043.4139121855,"MDG":9.5009543625546,"MDV":327.406666666667,"MEX":20.7948069651997,"MLI":4.62764405543399,"MLT":1007.96875,"MMR":35.5194907733268,"MNG":0.692345338733932,"MOZ":9.04121162796612,"MRT":0.866811875424469,"MUS":354.118719211823,"MWI":41.3715103945694,"MYS":26.1821944909451,"NAM":0.764723244543235,"NCL":4.81673960612691,"NER":3.01876766400884,"NGA":52.6736442790167,"NIC":16.2054096725943,"NLD":354.442120853081,"NOR":10.0385961165686,"NPL":75.0336923076923,"NRU":261.3,"NZL":9.61528236679199,"OMN":1.81204200323102,"PAK":64.1445828144458,"PAN":16.5741727199354,"PER":8.67351484375,"PHL":102.845607858915,"PNG":4.72856070308705,"POL":100.270985014202,"PRI":282.359639233371,"PRK":104.368881322149,"PRT":98.6924043715847,"PRY":5.08912408759124,"PYF":24.518306010929,"QAT":4.33936261843239,"ROU":81.6091430059911,"RWA":132.099310903932,"SAU":1.26499216166052,"SEN":18.8847244585259,"SGP":2679.10447761194,"SLB":5.3443729903537,"SLE":33.0044056525353,"SLV":145.260383693046,"SMR":276.333333333333,"SOM":4.95801479261644,"STP":73.0333333333333,"SUR":1.85059138317492,"SWE":18.6682712242386,"SWZ":21.4976162790698,"SYC":98.2086956521739,"SYR":27.8075253019915,"TCA":5.94421052631579,"TCD":2.57214682539683,"TGO":32.4521419378562,"THA":57.4337372037033,"TLS":32.9901815736382,"TON":99.8402777777778,"TTO":174.81559454191,"TUN":28.495951338826,"TUR":39.9241726543924,"TUV":191.7,"TZA":12.1918356288101,"UGA":41.7079375406636,"URY":14.9912352873957,"USA":20.6619528854804,"VCT":226.982051282051,"VEN":10.2760852559379,"VGB":54.0933333333333,"VIR":113.714285714286,"VNM":108.295496021383,"VUT":5.75545529122231,"WSM":43.026148409894,"YEM":11.1959675739152,"ZAF":14.8006858518329,"ZMB":4.66229973499778,"ZWE":10.8204135970014}}