{"schemaVersion":1,"dataKind":"ranking-year","indicatorId":"EN.POP.DNST","year":1964,"valuesByCountry":{"ABW":320.105555555556,"AFG":15.0473268632231,"AGO":4.38292051014679,"ALB":66.2093065693431,"AND":27.1574468085106,"ARE":2.24854970430865,"ARG":7.95466530736035,"ASM":113.365,"ATG":134.136363636364,"AUS":1.45360113507673,"AUT":87.5400024236549,"BDI":118.989485981308,"BEN":23.9801614047535,"BFA":18.534480994152,"BGD":446.941491895214,"BGR":73.6178251830426,"BHR":280.892753623188,"BHS":14.1386613386613,"BLZ":4.4543182814555,"BMU":859.444444444444,"BOL":3.71364903535493,"BRA":9.74960876462945,"BRB":558.041860465116,"BRN":20.0990512333966,"BTN":5.41461378764206,"BWA":0.999181267975932,"CAF":2.95287649683778,"CAN":2.15546327681725,"CHE":146.458915199352,"CHL":11.892595073245,"CHN":74.3860676909967,"CIV":13.4401006289308,"CMR":11.8005902138732,"COD":7.47902648816744,"COG":3.44016398243045,"COL":15.8967201442091,"COM":113.725953788286,"CPV":58.8104218362283,"CRI":30.042303172738,"CUB":73.2404096834264,"CYM":38.1916666666667,"CYP":66.2901515151515,"DEU":215.731495431501,"DJI":4.45202761000863,"DMA":83.4493333333333,"DNK":118.0518,"DOM":76.5588697992134,"DZA":5.11382980510047,"ECU":18.6025068631701,"EGY":29.9954010748908,"ESP":63.2462183360679,"FIN":14.9333300502315,"FJI":25.0861521620142,"FRA":91.6624770386863,"FRO":25.6783667621776,"G001":31.194304345732,"GAB":2.0904917142081,"GBR":223.205059314678,"GHA":33.8214775424101,"GIB":2331.5,"GIN":15.5450187204949,"GMB":43.8425889328063,"GNB":20.9296941678521,"GNQ":10.4079144385027,"GRC":66.0234988363072,"GRD":287.529411764706,"GRL":0.110038045068774,"GTM":42.6568589025756,"GUM":142.607407407407,"GUY":3.16081541355295,"HKG":3435.88235294118,"HND":20.6439806953258,"HTI":150.444267053701,"HUN":112.405142730201,"IDN":54.5569583289633,"IMN":87.0614035087719,"IND":161.183643830364,"IRL":41.610538539701,"IRN":14.8965218939561,"IRQ":18.1301095182569,"ISL":1.88511720698254,"ISR":114.371534195933,"ITA":175.700758219714,"JAM":161.178947368421,"JOR":11.7366273798731,"JPN":264.25688573766,"KEN":15.7668324138173,"KHM":33.6855767051892,"KIR":64.3061728395062,"KNA":149.502857142857,"KOR":290.111496993572,"KWT":26.5496632996633,"LAO":10.0642374350087,"LBN":198.489051808407,"LBR":13.0683658637874,"LBY":0.996675835729793,"LCA":158.204918032787,"LIE":117.21875,"LKA":169.88354329453,"LSO":27.3200592885375,"MAC":11282.75,"MAR":28.8992382488686,"MCO":11191.9092254563,"MDG":9.74973862503009,"MDV":335.54,"MEX":21.4882322076185,"MLI":4.6960924118375,"MLT":1003.90625,"MMR":36.3211356611684,"MNG":0.711003266325098,"MOZ":9.22589714896106,"MRT":0.891583389929174,"MUS":362.749261083744,"MWI":42.3982286805261,"MYS":26.8708141835337,"NAM":0.782871163259605,"NCL":4.95634573304158,"NER":3.10713981211021,"NGA":53.8138234680545,"NIC":16.7041382748878,"NLD":359.215639810427,"NOR":10.1147150945669,"NPL":76.5481958041958,"NRU":275.75,"NZL":9.81884470775891,"OMN":1.85000646203554,"PAK":65.8987118617684,"PAN":17.0845439870864,"PER":8.9281078125,"PHL":106.092107557165,"PNG":4.83223291966612,"POL":101.666557837344,"PRI":287.944306651635,"PRK":107.048999252554,"PRT":98.7471584699454,"PRY":5.21801912912157,"PYF":25.3614754098361,"QAT":4.89810508182601,"ROU":82.1356516453938,"RWA":135.177705715444,"SAU":1.31273253352809,"SEN":19.4283228587753,"SGP":2748.65671641791,"SLB":5.46927474097892,"SLE":33.5881130507066,"SLV":149.250983213429,"SMR":282.95,"SOM":5.08941881595307,"STP":73.8177083333333,"SUR":1.92539780512588,"SWE":18.8082673994212,"SWZ":22.0148837209302,"SYC":100.7,"SYR":28.6706224834041,"TCA":5.95473684210526,"TCD":2.62498333333333,"TGO":33.1575657289943,"THA":59.1754408972577,"TLS":33.5345662407532,"TON":102.609722222222,"TTO":177.965497076023,"TUN":28.8997747167868,"TUR":40.9847225290074,"TUV":191.733333333333,"TZA":12.5624587943102,"UGA":42.9726390070567,"URY":15.1592960804479,"USA":20.9509594975849,"VCT":230.125641025641,"VEN":10.63172382518,"VGB":54.4533333333333,"VIR":116.571428571429,"VNM":111.221736458877,"VUT":5.92444626743232,"WSM":44.1321554770318,"YEM":11.4552076822547,"ZAF":15.2596765285346,"ZMB":4.81176367720846,"ZWE":11.1671345482745}}