{"schemaVersion":1,"dataKind":"ranking-year","indicatorId":"EN.POP.DNST","year":1965,"valuesByCountry":{"ABW":323.277777777778,"AFG":15.3872222988823,"AGO":4.42927809416861,"ALB":68.0580656934307,"AND":29.0085106382979,"ARE":2.35290059138271,"ARG":8.0800635073757,"ASM":117.03,"ATG":136.295454545455,"AUS":1.48236856149851,"AUT":88.1106277266117,"BDI":122.327375389408,"BEN":24.458460446967,"BFA":18.8334539473684,"BGD":460.186824921257,"BGR":74.1586188194884,"BHR":291.110144927536,"BHS":14.7804195804196,"BLZ":4.58899605436212,"BMU":878.907407407407,"BOL":3.79377457767931,"BRA":10.0282578420558,"BRB":563.760465116279,"BRN":21.0318785578748,"BTN":5.59039445241102,"BWA":1.01399961180809,"CAF":3.01430864554239,"CAN":2.19483603421526,"CHE":148.160089050799,"CHL":12.1217889747852,"CHN":76.1787340558677,"CIV":13.9697389937107,"CMR":12.0680459478327,"COD":7.68743609536623,"COG":3.53698389458272,"COL":16.3758900405588,"COM":115.511552928533,"CPV":60.7583126550868,"CRI":31.0655699177438,"CUB":74.7746461824953,"CYM":39.0041666666667,"CYP":66.8545454545455,"DEU":217.579970211669,"DJI":4.70629853321829,"DMA":84.6733333333333,"DNK":118.9753,"DOM":78.8441937487063,"DZA":5.19199240891113,"ECU":19.1589474064442,"EGY":30.7691737405194,"ESP":63.9367161551083,"FIN":14.9831970846055,"FJI":25.8661740558292,"FRA":92.5461081732999,"FRO":26.0365329512894,"G001":31.8442835389138,"GAB":2.12018473240967,"GBR":224.643698590501,"GHA":34.642726553573,"GIB":2387.8,"GIN":15.8339410711379,"GMB":45.0545454545455,"GNB":20.4482574679943,"GNQ":10.6323707664884,"GRC":66.3330721489527,"GRD":288.432352941176,"GRL":0.1147205150717,"GTM":43.9059817095931,"GUM":146.17037037037,"GUY":3.22875298663006,"HKG":3527.35294117647,"HND":21.2454821699884,"HTI":153.259071117562,"HUN":112.729782270607,"IDN":55.9542993094388,"IMN":87.8771929824561,"IND":164.853287546373,"IRL":41.7665844099289,"IRN":15.3718030894668,"IRQ":18.7533209868075,"ISL":1.91806483790524,"ISR":118.438077634011,"ITA":177.186596851518,"JAM":163.360295475531,"JOR":12.4596554850408,"JPN":267.117534769566,"KEN":16.4073479284535,"KHM":34.4000056650804,"KIR":65.9740740740741,"KNA":146.111428571429,"KOR":297.581111341489,"KWT":29.2465768799102,"LAO":10.2954939341421,"LBN":204.186803519062,"LBR":13.4048588039867,"LBY":1.02527649271969,"LCA":159.824590163934,"LIE":119.96875,"LKA":174.086509328656,"LSO":28.1320816864295,"MAC":13281.55,"MAR":29.6616279069767,"MCO":11317.710902812,"MDG":10.0063899301854,"MDV":347.006666666667,"MEX":22.2096643432187,"MLI":4.7660503692048,"MLT":996.25,"MMR":37.1506426538544,"MNG":0.730999534455239,"MOZ":9.41837406851649,"MRT":0.917665664111769,"MUS":370.935960591133,"MWI":43.4467225286381,"MYS":27.5647785725156,"NAM":0.802339394381081,"NCL":5.09622538293217,"NER":3.19704349885529,"NGA":54.9938667281531,"NIC":17.2235416320425,"NLD":364.180450236967,"NOR":10.1936458915136,"NPL":78.1357412587413,"NRU":291.6,"NZL":9.98215031711671,"OMN":1.89090791599354,"PAK":67.7265073682026,"PAN":17.6060667204735,"PER":9.18834765625,"PHL":109.385489170522,"PNG":4.93711080687188,"POL":102.663978582389,"PRI":292.446448703495,"PRK":109.786305124159,"PRT":98.3453005464481,"PRY":5.34904857790083,"PYF":26.2341530054645,"QAT":5.51808785529716,"ROU":82.623843014674,"RWA":138.76003242805,"SAU":1.36241551107369,"SEN":19.9957824754584,"SGP":2816.26865671642,"SLB":5.59792783136835,"SLE":34.2015239678581,"SLV":153.451606714628,"SMR":288.416666666667,"SOM":5.22503586571875,"STP":74.6666666666667,"SUR":1.99367494164295,"SWE":18.9862490692658,"SWZ":22.5776744186047,"SYC":103.260869565217,"SYR":29.5748558058548,"TCA":5.95578947368421,"TCD":2.67795238095238,"TGO":34.0829380400809,"THA":60.9707314686136,"TLS":34.0977807666442,"TON":105.45,"TTO":180.979532163743,"TUN":29.3600991246138,"TUR":42.0269740004937,"TUV":190.5,"TZA":12.9495687514112,"UGA":44.28808868425,"URY":15.3192149468632,"USA":21.2145265401312,"VCT":233.146153846154,"VEN":10.9946034805283,"VGB":55.0466666666667,"VIR":124.285714285714,"VNM":114.073108236812,"VUT":6.09991796554553,"WSM":45.2219081272085,"YEM":11.734744398356,"ZAF":15.7361613730226,"ZMB":4.96655322240009,"ZWE":11.5250407134548}}