{"schemaVersion":1,"dataKind":"ranking-year","indicatorId":"EN.POP.DNST","year":1966,"valuesByCountry":{"ABW":326.077777777778,"AFG":15.7404519877957,"AGO":4.47692788962862,"ALB":69.8749270072993,"AND":31.1191489361702,"ARE":2.44967614756407,"ARG":8.20476305317738,"ASM":120.68,"ATG":138.409090909091,"AUS":1.51660310063392,"AUT":88.7308046534174,"BDI":125.309968847352,"BEN":24.9584693153601,"BFA":19.1444919590643,"BGD":473.763586079742,"BGR":74.6457290065986,"BHR":300.786956521739,"BHS":15.4719280719281,"BLZ":4.73064445418676,"BMU":898.777777777778,"BOL":3.87662697313763,"BRA":10.3060440480777,"BRB":569.758139534884,"BRN":21.9874762808349,"BTN":5.77488603043469,"BWA":1.01964956857763,"CAF":3.07888214709943,"CAN":2.23610493007153,"CHE":149.716707144303,"CHL":12.3487919820532,"CHN":78.3319575000666,"CIV":14.5205,"CMR":12.3485752364029,"COD":7.90980745903266,"COG":3.63845973645681,"COL":16.8568616493916,"COM":117.497581945191,"CPV":62.7732009925558,"CRI":32.0821778300039,"CUB":76.2891061452514,"CYM":39.8333333333333,"CYP":67.4664502164502,"DEU":219.403405608226,"DJI":4.97277825711821,"DMA":86.0093333333333,"DNK":119.934525,"DOM":81.180852825502,"DZA":5.286080344622,"ECU":19.7361219476954,"EGY":31.5500939273695,"ESP":64.5948097162752,"FIN":15.0394596014314,"FJI":26.627640941434,"FRA":93.3512143983672,"FRO":26.3724928366762,"G001":32.5167653859271,"GAB":2.1518337408313,"GBR":225.885586739966,"GHA":35.4861606750461,"GIB":2444.4,"GIN":16.1328137717727,"GMB":46.29604743083,"GNB":20.1603129445235,"GNQ":10.8684135472371,"GRC":66.8242901474011,"GRD":288.591176470588,"GRL":0.118525021949078,"GTM":45.1750466592012,"GUM":149.711111111111,"GUY":3.29747343805602,"HKG":3558.72549019608,"HND":21.8674680489767,"HTI":156.118976777939,"HUN":113.083579602266,"IDN":57.2943656607252,"IMN":89.0333333333333,"IND":168.418515802892,"IRL":41.9335172013355,"IRN":15.8582418526978,"IRQ":19.4002880856026,"ISL":1.95082294264339,"ISR":121.487985212569,"ITA":178.569242800313,"JAM":165.417820867959,"JOR":13.3540344514959,"JPN":269.569130079084,"KEN":17.0745616192852,"KHM":35.1304781327895,"KIR":67.1913580246914,"KNA":142.565714285714,"KOR":305.158314327182,"KWT":32.131874298541,"LAO":10.5332928942808,"LBN":209.996089931574,"LBR":13.7498235049834,"LBY":1.05087863873512,"LCA":161.414754098361,"LIE":122.5625,"LKA":178.343613458778,"LSO":29.0471014492754,"MAC":13147.1,"MAR":30.4634695523592,"MCO":11411.4454859398,"MDG":10.273203906868,"MDV":361.69,"MEX":22.9579495357391,"MLI":4.83711880936575,"MLT":985,"MMR":38.0030235333721,"MNG":0.752051740992278,"MOZ":9.61747501208067,"MRT":0.94514116619773,"MUS":378.725615763547,"MWI":44.5261561306746,"MYS":28.2595891036372,"NAM":0.823106074408775,"NCL":5.2417943107221,"NER":3.28850082892555,"NGA":56.2032499972551,"NIC":17.7648329732425,"NLD":368.964780805687,"NOR":10.2753556526596,"NPL":79.7811888111888,"NRU":302.15,"NZL":10.162546048384,"OMN":1.93474636510501,"PAK":69.632974003736,"PAN":18.138122141512,"PER":9.45413828125,"PHL":112.710956883256,"PNG":5.04741862827364,"POL":103.434653433021,"PRI":295.940811724915,"PRK":112.690756581679,"PRT":97.6064480874317,"PRY":5.48095645607853,"PYF":27.1366120218579,"QAT":6.21808785529716,"ROU":83.4221151341495,"RWA":142.749331171463,"SAU":1.41410482441654,"SEN":20.5905521217473,"SGP":2887.16417910448,"SLB":5.73036798856735,"SLE":34.8384316985315,"SLV":157.839856115108,"SMR":292.05,"SOM":5.36408646029266,"STP":75.6,"SUR":2.06304859937794,"SWE":19.1677781468391,"SWZ":23.1840697674419,"SYC":105.867391304348,"SYR":30.5204429208837,"TCA":5.95157894736842,"TCD":2.7308753968254,"TGO":35.2732671446957,"THA":62.8042651059915,"TLS":34.6802958977808,"TON":108.336111111111,"TTO":183.808382066277,"TUN":29.9452046858908,"TUR":43.1086002364773,"TUV":189.533333333333,"TZA":13.3522905847821,"UGA":45.6576948100696,"URY":15.4704948005942,"USA":21.4609518984688,"VCT":236.030769230769,"VEN":11.3654033218072,"VGB":56.0866666666667,"VIR":132,"VNM":116.82336170082,"VUT":6.28301886792453,"WSM":46.3155477031802,"YEM":12.0300282213005,"ZAF":16.2313488694161,"ZMB":5.127864243533,"ZWE":11.8940597130671}}