{"schemaVersion":1,"dataKind":"ranking-year","indicatorId":"EN.POP.DNST","year":1967,"valuesByCountry":{"ABW":327.722222222222,"AFG":16.1077518666728,"AGO":4.52539263656052,"ALB":71.7371532846715,"AND":33.6957446808511,"ARE":2.53027316248944,"ARG":8.33088840899042,"ASM":124.315,"ATG":140.538636363636,"AUS":1.53586816448199,"AUT":89.3964857004363,"BDI":128.531542056075,"BEN":25.4788666193686,"BFA":19.4676461988304,"BGD":487.907574709995,"BGR":75.1172918738136,"BHR":310.41884057971,"BHS":16.2104895104895,"BLZ":4.87821131082858,"BMU":916.925925925926,"BOL":3.96249607680236,"BRA":10.5820342803542,"BRB":574.630232558139,"BRN":22.9633776091082,"BTN":5.96819553538942,"BWA":1.02506131667637,"CAF":3.14688111977913,"CAN":2.27670460058959,"CHE":151.583308034811,"CHL":12.5736874808347,"CHN":80.3717412723351,"CIV":15.093534591195,"CMR":12.644788559582,"COD":8.14396771134293,"COG":3.74433674963397,"COL":17.3371951329428,"COM":120.289629231596,"CPV":64.8645161290323,"CRI":33.0889737563651,"CUB":77.7711824953445,"CYM":40.7041666666667,"CYP":68.1007575757576,"DEU":220.408833385845,"DJI":5.24801553062985,"DMA":87.4466666666667,"DNK":120.88385,"DOM":83.6043883253985,"DZA":5.40618119526061,"ECU":20.3332502528536,"EGY":32.3435230297855,"ESP":65.3946676537677,"FIN":15.1211267605634,"FJI":27.3055829228243,"FRA":94.1140940718063,"FRO":26.6489971346705,"G001":33.1876978420625,"GAB":2.1853844064113,"GBR":227.105361054851,"GHA":36.3536652896194,"GIB":2501.5,"GIN":16.4421007650985,"GMB":47.5877470355731,"GNB":20.2350995732575,"GNQ":11.1160427807487,"GRC":67.3707370054306,"GRD":288.429411764706,"GRL":0.122622183201639,"GTM":46.4619447555058,"GUM":153.183333333333,"GUY":3.36694118245132,"HKG":3649.80392156863,"HND":22.5100366431316,"HTI":159.034796806967,"HUN":113.517822222222,"IDN":58.8033545488168,"IMN":90.7736842105263,"IND":172.073218327789,"IRL":42.1316591667876,"IRN":16.3488985485891,"IRQ":20.071950522441,"ISL":1.9825536159601,"ISR":126.84842883549,"ITA":179.86637652579,"JAM":167.392890120037,"JOR":14.4059723481414,"JPN":272.372511589855,"KEN":17.7655005798222,"KHM":35.8766372082484,"KIR":67.8962962962963,"KNA":138.871428571429,"KOR":312.367644619531,"KWT":35.2462962962963,"LAO":10.7786611785095,"LBN":215.711730205279,"LBR":14.1033534053156,"LBY":1.07880411925844,"LCA":163.12131147541,"LIE":126.09375,"LKA":182.703364694626,"LSO":30.1048089591568,"MAC":13021.15,"MAR":31.294920912309,"MCO":11460.2861371485,"MDG":10.5521305499192,"MDV":375.093333333333,"MEX":23.7298325574217,"MLI":4.90981404535359,"MLT":973.59375,"MMR":38.8750941028858,"MNG":0.773533689904217,"MOZ":9.82292275998881,"MRT":0.973942951392258,"MUS":386.166009852217,"MWI":45.6407721680102,"MYS":28.9365362958454,"NAM":0.845443282439966,"NCL":5.39316192560175,"NER":3.38169258703718,"NGA":57.4163235504024,"NIC":18.3277962439754,"NLD":373.169460900474,"NOR":10.3616732923744,"NPL":81.4875244755245,"NRU":306.75,"NZL":10.3456002430595,"OMN":1.98164135702746,"PAK":71.6256330427563,"PAN":18.6794188861985,"PER":9.7256359375,"PHL":116.077650372159,"PNG":5.16171002075697,"POL":104.434212674263,"PRI":298.272153325817,"PRK":115.923511336268,"PRT":96.9892896174863,"PRY":5.61287188522527,"PYF":28.0748633879781,"QAT":7.014556416882,"ROU":84.8061213857775,"RWA":147.125131738954,"SAU":1.46869641669264,"SEN":21.2116033864852,"SGP":2951.64179104478,"SLB":5.86798856734548,"SLE":35.4999168744805,"SLV":162.358944844125,"SMR":294.8,"SOM":5.50664233111232,"STP":76.6625,"SUR":2.13497042289771,"SWE":19.3154043173302,"SWZ":23.7808720930233,"SYC":108.502173913043,"SYR":31.5061377734247,"TCA":5.95473684210526,"TCD":2.78453333333333,"TGO":36.6958999816143,"THA":64.6671514416019,"TLS":35.2823133826496,"TON":110.852777777778,"TTO":186.436257309942,"TUN":30.6447605561277,"TUR":44.2425853981783,"TUV":188.4,"TZA":13.7729837435087,"UGA":47.0893548871428,"URY":15.6112272883099,"USA":21.6959130731,"VCT":238.779487179487,"VEN":11.7436800634885,"VGB":57.64,"VIR":140.285714285714,"VNM":119.497004516268,"VUT":6.47424118129614,"WSM":47.2664310954064,"YEM":12.3424512756407,"ZAF":16.745720432944,"ZMB":5.29512503531121,"ZWE":12.2742846064366}}