{"schemaVersion":1,"dataKind":"ranking-year","indicatorId":"EN.POP.DNST","year":1968,"valuesByCountry":{"ABW":328.161111111111,"AFG":16.4925287091977,"AGO":4.57423518087752,"ALB":73.8055474452555,"AND":36.5446808510638,"ARE":2.80788510278795,"ARG":8.45933700930686,"ASM":128.07,"ATG":142.747727272727,"AUS":1.56320372805019,"AUT":89.8618880271449,"BDI":131.635007788162,"BEN":26.0221443774388,"BFA":19.804985380117,"BGD":502.483490819697,"BGR":75.6540088583567,"BHR":317.879710144928,"BHS":16.9919080919081,"BLZ":5.02906619903551,"BMU":933.407407407407,"BOL":4.05145758331026,"BRA":10.8566307814897,"BRB":578,"BRN":23.9510436432638,"BTN":6.17064400830426,"BWA":1.03041307148025,"CAF":3.2185623936563,"CAN":2.31373506930386,"CHE":153.504199554746,"CHL":12.7966462774971,"CHN":82.497803104945,"CIV":15.6918899371069,"CMR":12.9590298491676,"COD":8.38631216779515,"COG":3.85510688140556,"COL":17.8159495268139,"COM":123.720580333154,"CPV":67.0382133995037,"CRI":34.0722875048962,"CUB":79.2320484171322,"CYM":41.5458333333333,"CYP":68.7399350649351,"DEU":221.391212442357,"DJI":5.5327868852459,"DMA":88.976,"DNK":121.622075,"DOM":86.05234941006,"DZA":5.53066833491481,"ECU":20.9495737610172,"EGY":33.1491476216786,"ESP":66.2554203849694,"FIN":15.1891690469155,"FJI":27.9147235905857,"FRA":94.8380740328416,"FRO":26.9054441260745,"G001":33.8755172022042,"GAB":2.22089106221136,"GBR":228.213532840078,"GHA":37.2494023028918,"GIB":2557.8,"GIN":16.7611509034674,"GMB":48.9396245059289,"GNB":20.5608108108108,"GNQ":11.3671657754011,"GRC":67.8104344453064,"GRD":288.464705882353,"GRL":0.127011998829382,"GTM":47.7613941769317,"GUM":156.598148148148,"GUY":3.43734431396472,"HKG":3728.13725490196,"HND":23.1750558584324,"HTI":162.02206095791,"HUN":113.96616290699,"IDN":60.4172104859321,"IMN":92.7912280701754,"IND":175.810119434009,"IRL":42.3218173900421,"IRN":16.8455702497606,"IRQ":20.7719230857169,"ISL":2.00985536159601,"ISR":129.52865064695,"ITA":181.00625616266,"JAM":169.32271468144,"JOR":15.5537171350861,"JPN":275.459503681484,"KEN":18.4819605018097,"KHM":36.6379107183322,"KIR":68.5543209876543,"KNA":134.985714285714,"KOR":319.70041467966,"KWT":38.5923681257015,"LAO":11.0328292894281,"LBN":221.541348973607,"LBR":14.4677117940199,"LBY":1.10982472691726,"LCA":165.040983606557,"LIE":130.21875,"LKA":187.148588741827,"LSO":31.2287549407115,"MAC":12896.65,"MAR":32.1456714612179,"MCO":11562.4074987667,"MDG":10.8444698558999,"MDV":386.916666666667,"MEX":24.5213626893696,"MLI":4.98527196584139,"MLT":962.1875,"MMR":39.7675153777887,"MNG":0.794816600242519,"MOZ":10.0366400467967,"MRT":1.00391869603182,"MUS":393.306896551724,"MWI":46.7867416207043,"MYS":29.6006117790291,"NAM":0.869125095652808,"NCL":5.54928884026258,"NER":3.47646404041999,"NGA":58.6677020543057,"NIC":18.9117168023932,"NLD":377.06519549763,"NOR":10.4491408483096,"NPL":83.2606013986014,"NRU":316.4,"NZL":10.4367475599104,"OMN":2.03165751211632,"PAK":73.6956556143628,"PAN":19.2285041700296,"PER":10.00311953125,"PHL":119.487500838195,"PNG":5.27934240162523,"POL":105.438163178687,"PRI":300.119954904171,"PRK":119.305672286355,"PRT":96.5754098360656,"PRY":5.74475459350617,"PYF":29.0581967213115,"QAT":7.90258397932817,"ROU":85.9591516888079,"RWA":151.763680583705,"SAU":1.52706250668701,"SEN":21.8541889575651,"SGP":3002.98507462687,"SLB":6.01221864951768,"SLE":36.180825713494,"SLV":166.943549160671,"SMR":297.683333333333,"SOM":5.65337775369018,"STP":77.8802083333333,"SUR":2.20934072845518,"SWE":19.4242618630102,"SWZ":24.369011627907,"SYC":111.160869565217,"SYR":32.532060071825,"TCA":5.95368421052632,"TCD":2.83986587301587,"TGO":38.2464791321934,"THA":66.5555403315782,"TLS":35.9028244788164,"TON":112.990277777778,"TTO":188.890058479532,"TUN":31.4102664778579,"TUR":45.3746397619635,"TUV":187.466666666667,"TZA":14.2267735380447,"UGA":48.5893198538612,"URY":15.7388069934865,"USA":21.9136233808205,"VCT":241.341025641026,"VEN":12.1280312907432,"VGB":60,"VIR":159.142857142857,"VNM":122.076281913423,"VUT":6.67054963084496,"WSM":48.0636042402827,"YEM":12.6721669791844,"ZAF":17.2759539687904,"ZMB":5.46899070474448,"ZWE":12.6675455602947}}