{"schemaVersion":1,"dataKind":"ranking-year","indicatorId":"EN.POP.DNST","year":1969,"valuesByCountry":{"ABW":328.066666666667,"AFG":16.8919077625991,"AGO":4.62315312424801,"ALB":75.9742700729927,"AND":39.4787234042553,"ARE":3.37454238242749,"ARG":8.59019874373787,"ASM":131.875,"ATG":145.043181818182,"AUS":1.59626674303269,"AUT":90.1727460009695,"BDI":134.52453271028,"BEN":26.5894111387017,"BFA":20.1505007309942,"BGD":516.971137742952,"BGR":76.2376570550484,"BHR":322.41884057971,"BHS":17.7803196803197,"BLZ":5.17492327926348,"BMU":950.111111111111,"BOL":4.14311086494969,"BRA":11.1323544472813,"BRB":580.102325581395,"BRN":24.9423149905123,"BTN":6.38259529567879,"BWA":1.03588304836518,"CAF":3.29306719316832,"CAN":2.34541173531246,"CHE":155.24152499494,"CHL":13.0193212935018,"CHN":84.7894975101856,"CIV":16.3277389937107,"CMR":13.2924245308963,"COD":8.63255993471692,"COG":3.97125036603221,"COL":18.2892672374944,"COM":127.35142396561,"CPV":69.2923076923077,"CRI":35.0426165295731,"CUB":80.6949720670391,"CYM":42.3541666666667,"CYP":69.3927489177489,"DEU":223.153787987283,"DJI":5.87049180327869,"DMA":90.5786666666667,"DNK":122.2965,"DOM":88.5331194369696,"DZA":5.65803152317213,"ECU":21.5837162259789,"EGY":33.9661610326988,"ESP":66.9115490815959,"FIN":15.180357201484,"FJI":28.5055829228243,"FRA":95.6229965673996,"FRO":27.1540114613181,"G001":34.5865885177748,"GAB":2.26365506267707,"GBR":229.164427727028,"GHA":38.1927705018898,"GIB":2612,"GIN":17.0857073091323,"GMB":50.3399209486166,"GNB":20.6831436699858,"GNQ":11.4979322638146,"GRC":68.0586811481769,"GRD":288.835294117647,"GRL":0.131401814457126,"GTM":49.0582400149309,"GUM":160.007407407407,"GUY":3.50883534136546,"HKG":3788.13725490196,"HND":23.8653052104746,"HTI":165.070174165457,"HUN":114.442971441271,"IDN":62.1105665251688,"IMN":94.8666666666667,"IND":179.564892926453,"IRL":42.5700391929162,"IRN":17.3589000221027,"IRQ":21.4997736470265,"ISL":2.02861845386534,"ISR":132.948243992606,"ITA":182.033762877835,"JAM":171.295198522622,"JOR":16.6942429737081,"JPN":278.753749659122,"KEN":19.2214481498401,"KHM":37.4162984364378,"KIR":69.5802469135803,"KNA":130.66,"KOR":327.019137466307,"KWT":42.0567901234568,"LAO":11.2953162911612,"LBN":227.581524926686,"LBR":14.8422446013289,"LBY":1.14478386396445,"LCA":167.014754098361,"LIE":131.775,"LKA":191.5780258332,"LSO":32.3847826086957,"MAC":12765.3,"MAR":33.0112806380786,"MCO":11756.783423779,"MDG":11.1509371668329,"MDV":398.546666666667,"MEX":25.3263684765555,"MLI":5.06290331833567,"MLT":950.9375,"MMR":40.6786302292132,"MNG":0.815724697682411,"MOZ":10.2583369363412,"MRT":1.03498011060444,"MUS":400.199507389163,"MWI":47.954857870174,"MYS":30.2772698219449,"NAM":0.894119933437792,"NCL":5.73572210065645,"NER":3.57284676719034,"NGA":59.9843143713561,"NIC":19.5146917068306,"NLD":381.456872037915,"NOR":10.534620691921,"NPL":85.0841678321678,"NRU":329.05,"NZL":10.5305533401694,"OMN":2.08483037156704,"PAK":75.8366269717725,"PAN":19.7859295130482,"PER":10.28653671875,"PHL":122.915573660565,"PNG":5.4032747427461,"POL":106.26628358745,"PRI":302.6099210823,"PRK":122.644423220663,"PRT":95.7126229508197,"PRY":5.87715076768185,"PYF":30.0849726775956,"QAT":8.87381567614126,"ROU":86.867851871147,"RWA":156.516862586137,"SAU":1.58958454474831,"SEN":22.5158364930141,"SGP":3048.50746268657,"SLB":6.1620578778135,"SLE":36.8712247159878,"SLV":171.534052757794,"SMR":300.433333333333,"SOM":5.80389422004017,"STP":79.253125,"SUR":2.28591030668266,"SWE":19.5612458103151,"SWZ":24.9927325581395,"SYC":113.836956521739,"SYR":33.6008597235825,"TCA":5.94947368421053,"TCD":2.89770873015873,"TGO":39.8016914874058,"THA":68.456579694259,"TLS":36.5404169468729,"TON":115.118055555556,"TTO":191.170760233918,"TUN":32.2135491761071,"TUR":46.4999727141614,"TUV":187.7,"TZA":14.717430571235,"UGA":50.12190581052,"URY":15.8494686321563,"USA":22.1288224863958,"VCT":243.738461538462,"VEN":12.5166147043818,"VGB":63.5533333333333,"VIR":172.285714285714,"VNM":124.680008602415,"VUT":6.87079573420837,"WSM":48.8455830388693,"YEM":13.0232001818285,"ZAF":17.8178667699841,"ZMB":5.6459139886197,"ZWE":13.0753030890526}}