{"schemaVersion":1,"dataKind":"ranking-year","indicatorId":"EN.POP.DNST","year":1970,"valuesByCountry":{"ABW":327.5,"AFG":17.3100409364795,"AGO":4.69462420790888,"ALB":77.9371897810219,"AND":42.5042553191489,"ARE":4.03458180794143,"ARG":8.72525824992966,"ASM":135.13,"ATG":146.654545454545,"AUS":1.62802806451193,"AUT":90.4881968007756,"BDI":137.477881619938,"BEN":27.1821301880099,"BFA":20.5054970760234,"BGD":530.528493508489,"BGR":76.7384434601826,"BHR":325.810144927536,"BHS":18.4797202797203,"BLZ":5.29311705392372,"BMU":965.259259259259,"BOL":4.23706267885166,"BRA":11.4111095291536,"BRB":579.96976744186,"BRN":25.6428842504744,"BTN":6.60334310724911,"BWA":1.04164946270711,"CAF":3.36688978779415,"CAN":2.37842685199747,"CHE":156.367056263914,"CHL":13.2413184637648,"CHN":87.1637419114318,"CIV":17.0175062893082,"CMR":13.6442914260329,"COD":8.88266072649478,"COG":4.09264421669107,"COL":18.75780261379,"COM":131.211714132187,"CPV":71.4354838709677,"CRI":36.0154524089307,"CUB":82.1637057728119,"CYM":43.8208333333333,"CYP":70.0699134199134,"DEU":223.897370606937,"DJI":6.26294219154444,"DMA":91.8773333333333,"DNK":123.218925,"DOM":91.0637549161664,"DZA":5.78724755850765,"ECU":22.2344567259067,"EGY":34.7822492340148,"ESP":67.6588318860299,"FIN":15.1229751469188,"FJI":29.0743295019157,"FRA":96.4972056777066,"FRO":27.413323782235,"G001":35.3136045880596,"GAB":2.312438390189,"GBR":230.079981812921,"GHA":39.2274457238288,"GIB":2663.4,"GIN":17.4081678333062,"GMB":51.7890316205534,"GNB":20.7824679943101,"GNQ":11.4368270944742,"GRC":68.2141660201707,"GRD":289.452941176471,"GRL":0.13579163008487,"GTM":50.3636244867488,"GUM":163.638888888889,"GUY":3.57228915662651,"HKG":3881.37254901961,"HND":24.5841004558048,"HTI":168.183018867925,"HUN":114.89119804401,"IDN":63.843790193037,"IMN":97.0175438596491,"IND":183.595487674854,"IRL":42.9271302075773,"IRN":17.8940420933716,"IRQ":22.2594393762718,"ISL":2.03928179551122,"ISR":137.430683918669,"ITA":182.999047975247,"JAM":173.425300092336,"JOR":17.7375679963735,"JPN":281.982547041178,"KEN":19.9753856696068,"KHM":37.6115001133016,"KIR":71,"KNA":127.445714285714,"KOR":334.240379431889,"KWT":45.4048260381594,"LAO":11.5671663778163,"LBN":233.246725317693,"LBR":15.2271179401993,"LBY":1.18359855416757,"LCA":169.122950819672,"LIE":132.125,"LKA":195.935416998884,"LSO":33.5728919631094,"MAC":12869.8,"MAR":33.8966908634673,"MCO":11953.1327084361,"MDG":11.4729906799188,"MDV":410.73,"MEX":26.1400514416523,"MLI":5.14384808923201,"MLT":945.78125,"MMR":41.6088012975487,"MNG":0.837042504394013,"MOZ":10.4917546224472,"MRT":1.06704763752789,"MUS":406.896551724138,"MWI":49.1508697496818,"MYS":30.980983107594,"NAM":0.920535898650536,"NCL":5.98129102844639,"NER":3.67117312702297,"NGA":61.3698716470679,"NIC":20.1351587169686,"NLD":386.212263033175,"NOR":10.611435095443,"NPL":86.9663636363636,"NRU":335.5,"NZL":10.6744901446964,"OMN":2.14113085621971,"PAK":78.0493967932752,"PAN":20.3533763788001,"PER":10.54784140625,"PHL":126.138952591699,"PNG":5.53289758424237,"POL":106.645009631395,"PRI":306.426155580609,"PRK":126.009260028237,"PRT":94.8680983606557,"PRY":6.01064183236849,"PYF":31.1502732240437,"QAT":10.021533161068,"ROU":87.9152470261353,"RWA":161.356668017835,"SAU":1.65720173606427,"SEN":23.1980886095673,"SGP":3096.27910447761,"SLB":6.30864594498035,"SLE":37.5766971460238,"SLV":175.961438848921,"SMR":302.8,"SOM":5.95920553447891,"STP":80.8604166666667,"SUR":2.36401252252152,"SWE":19.7447020263431,"SWZ":25.6520930232558,"SYC":116.521739130435,"SYR":34.7187343562956,"TCA":5.96526315789474,"TCD":2.95859365079365,"TGO":41.271796286082,"THA":70.3760261504433,"TLS":37.1936112979153,"TON":117.223611111111,"TTO":193.269200779727,"TUN":33.0290679711637,"TUR":47.605297350675,"TUV":188.766666666667,"TZA":15.2321934974035,"UGA":51.657089234773,"URY":15.9456462118615,"USA":22.3881314035655,"VCT":246.061538461538,"VEN":12.9105946374922,"VGB":66.22,"VIR":181.36,"VNM":127.423976159022,"VUT":7.07678424938474,"WSM":49.6113074204947,"YEM":13.3819705665095,"ZAF":18.3663075287077,"ZMB":5.81352721989803,"ZWE":13.4830502778855}}