{"schemaVersion":1,"dataKind":"ranking-year","indicatorId":"EN.POP.DNST","year":1971,"valuesByCountry":{"ABW":326.561111111111,"AFG":17.7355641414838,"AGO":4.80556830031283,"ALB":79.8486496350365,"AND":45.6212765957447,"ARE":4.71736130667418,"ARG":8.86370323273736,"ASM":137.665,"ATG":147.111363636364,"AUS":1.68400088515158,"AUT":90.8928986912264,"BDI":140.860163551402,"BEN":27.8003458673288,"BFA":20.8625694444444,"BGD":539.884443420143,"BGR":77.1616650094911,"BHR":334.395652173913,"BHS":19.0666333666334,"BLZ":5.38382288469969,"BMU":974.203703703704,"BOL":4.33337210375704,"BRA":11.6939023514801,"BRB":579.460465116279,"BRN":26.1709677419355,"BTN":6.8319885281339,"BWA":1.05955393220758,"CAF":3.43742977302642,"CAN":2.44959138216224,"CHE":157.189814814815,"CHL":13.4623674569487,"CHN":89.5912443746172,"CIV":17.7700251572327,"CMR":14.013682807641,"COD":9.12885423788624,"COG":4.21973352855051,"COL":19.2150482199189,"COM":135.338527673294,"CPV":72.9642679900744,"CRI":36.9866627497062,"CUB":83.6041433891993,"CYM":46.2416666666667,"CYP":70.784632034632,"DEU":224.308544095323,"DJI":6.69266609145815,"DMA":92.7093333333333,"DNK":124.07815,"DOM":93.6500517491203,"DZA":5.91959491800112,"ECU":22.9015026730241,"EGY":35.5953267366518,"ESP":68.4791108087558,"FIN":15.1420729505237,"FJI":29.6180076628353,"FRA":97.4108043417757,"FRO":27.724212034384,"G001":36.0622182142146,"GAB":2.36095781425855,"GBR":231.042958707064,"GHA":40.3281357124022,"GIB":2702,"GIN":17.7242389711867,"GMB":53.299209486166,"GNB":20.847119487909,"GNQ":11.2634581105169,"GRC":68.5107525213344,"GRD":290.141176470588,"GRL":0.138132865086333,"GTM":51.6830440462859,"GUM":167.52962962963,"GUY":3.62290681714199,"HKG":3965.98039215686,"HND":25.3339529895433,"HTI":171.380406386067,"HUN":115.233266644437,"IDN":65.5970798809872,"IMN":98.9947368421053,"IND":187.709627369929,"IRL":43.4322833502685,"IRN":18.4367684618974,"IRQ":23.0418387177904,"ISL":2.05584039900249,"ISR":141.820702402957,"ITA":183.854646220802,"JAM":175.782825484765,"JOR":18.6439823209429,"JPN":288.238341968912,"KEN":20.7135397266051,"KHM":37.5078178110129,"KIR":72.4098765432099,"KNA":126.302857142857,"KOR":340.894712834335,"KWT":48.5452300785634,"LAO":11.8484748700173,"LBN":239.13137829912,"LBR":15.615417358804,"LBY":1.22391875149187,"LCA":171.416393442623,"LIE":135,"LKA":200.158029022484,"LSO":34.7907114624506,"MAC":12370,"MAR":34.7878859165658,"MCO":12124.3216576221,"MDG":11.8115142552533,"MDV":423.45,"MEX":26.9618858509735,"MLI":5.22700890844868,"MLT":945.9375,"MMR":42.5486106435719,"MNG":0.859530632069441,"MOZ":10.7534741473588,"MRT":1.09993402541962,"MUS":413.413793103448,"MWI":50.3970513364446,"MYS":31.7256216709785,"NAM":0.948127634247956,"NCL":6.2644420131291,"NER":3.7706047209284,"NGA":62.8201236316523,"NIC":20.7730181153399,"NLD":390.832257109005,"NOR":10.6861139402701,"NPL":88.8815454545455,"NRU":338.1,"NZL":10.835137290646,"OMN":2.20070759289176,"PAK":80.2302550332088,"PAN":20.9319478073715,"PER":10.81098984375,"PHL":129.144568497284,"PNG":5.66713995495297,"POL":107.034183290346,"PRI":311.408117249154,"PRK":129.328602275558,"PRT":94.4672786885246,"PRY":6.14784042285427,"PYF":32.2254098360656,"QAT":11.3131782945736,"ROU":88.8320178866024,"RWA":166.195541143089,"SAU":1.73235722359968,"SEN":23.9020620163091,"SGP":3153.58208955224,"SLB":6.4536262951054,"SLE":38.2823773898587,"SLV":180.216930455635,"SMR":306.983333333333,"SOM":6.11740204673702,"STP":82.6354166666667,"SUR":2.44182814758752,"SWE":19.8810329560315,"SWZ":26.3478488372093,"SYC":118.902173913043,"SYR":35.9021329850909,"TCA":6.05684210526316,"TCD":3.02167936507937,"TGO":42.6176870748299,"THA":72.3000782947405,"TLS":37.8591795561533,"TON":119.3,"TTO":195.43567251462,"TUN":33.8675205973223,"TUR":48.748893624209,"TUV":189.5,"TZA":15.7726924813728,"UGA":53.1415144387168,"URY":16.0350931322135,"USA":22.6729890729952,"VCT":248.389743589744,"VEN":13.3110458590783,"VGB":67.3,"VIR":202.677142857143,"VNM":130.41652892562,"VUT":7.28974569319114,"WSM":50.3544169611307,"YEM":13.7459742030797,"ZAF":18.9121524371646,"ZMB":5.97603545918024,"ZWE":13.893529791909}}