{"schemaVersion":1,"dataKind":"ranking-year","indicatorId":"EN.POP.DNST","year":1972,"valuesByCountry":{"ABW":322.483333333333,"AFG":18.1741042270365,"AGO":4.95248415817759,"ALB":81.8659124087591,"AND":48.8446808510638,"ARE":5.4212052942833,"ARG":9.00515878670949,"ASM":139.975,"ATG":146.852272727273,"AUS":1.71524152922953,"AUT":91.422697527872,"BDI":140.853894080997,"BEN":28.4457520397304,"BFA":21.2252704678363,"BGD":550.368894522547,"BGR":77.5214679562506,"BHR":350.888405797101,"BHS":19.5859140859141,"BLZ":5.4658483121438,"BMU":977.833333333333,"BOL":4.43180836333426,"BRA":11.9819477778549,"BRB":580.6,"BRN":26.980834914611,"BTN":7.06855296106842,"BWA":1.09824254936213,"CAF":3.50535972262352,"CAN":2.47819306927932,"CHE":158.392936652499,"CHL":13.6842503079894,"CHN":91.8200942667696,"CIV":18.5840125786164,"CMR":14.3996784497895,"COD":9.37392646831786,"COG":4.35276134699854,"COL":19.6661225777377,"COM":139.751209027405,"CPV":73.7930521091811,"CRI":37.9602036819428,"CUB":84.9524301675978,"CYM":49.0166666666667,"CYP":71.5436147186147,"DEU":225.384389768854,"DJI":7.17238999137187,"DMA":93.4133333333333,"DNK":124.7899,"DOM":96.2923411302008,"DZA":6.05736646317398,"ECU":23.5841424649617,"EGY":36.4240574614496,"ESP":69.2394033374685,"FIN":15.2324665944384,"FJI":30.1313081554461,"FRA":98.2695166527507,"FRO":28.0601719197708,"G001":36.7898351279349,"GAB":2.40990414095549,"GBR":231.82765676022,"GHA":41.4792432099851,"GIB":2729,"GIN":18.0339085137555,"GMB":54.8784584980237,"GNB":20.8613086770982,"GNQ":11.0327272727273,"GRC":68.9575484871994,"GRD":290.520588235294,"GRL":0.141352063213345,"GTM":53.031289660321,"GUM":171.516666666667,"GUY":3.66843068476437,"HKG":4042.74509803922,"HND":26.1155063008312,"HTI":174.668650217707,"HUN":115.57729243081,"IDN":67.3668922536805,"IMN":100.643859649123,"IND":191.875440856454,"IRL":44.082595442009,"IRN":18.984490655468,"IRQ":23.8474609598281,"ISL":2.08615461346633,"ISR":145.47134935305,"ITA":184.901380435891,"JAM":178.351061865189,"JOR":19.4305870353581,"JPN":292.384069830878,"KEN":21.4464982253927,"KHM":37.8081010650351,"KIR":73.8,"KNA":125.808571428571,"KOR":347.350259174787,"KWT":51.647138047138,"LAO":12.1389081455806,"LBN":245.330303030303,"LBR":16.016092192691,"LBY":1.26515509735499,"LCA":173.773770491803,"LIE":138.325,"LKA":204.26096316377,"LSO":36.0363306982872,"MAC":12252.5,"MAR":35.6783886723126,"MCO":12265.416872225,"MDG":12.1649379234446,"MDV":436.56,"MEX":27.7940111628386,"MLI":5.31370196444816,"MLT":945.15625,"MMR":43.4989809346023,"MNG":0.883279552787622,"MOZ":11.0543693888451,"MRT":1.1335548656253,"MUS":419.730541871921,"MWI":51.7021107339839,"MYS":32.496834576168,"NAM":0.977054257916409,"NCL":6.56077680525164,"NER":3.87214415410121,"NGA":64.3430811291545,"NIC":21.3858899783945,"NLD":394.804295023697,"NOR":10.7681549868033,"NPL":90.8328601398601,"NRU":340.6,"NZL":11.0284455584672,"OMN":2.26362843295638,"PAK":82.4813122665006,"PAN":21.5190072639225,"PER":11.10167734375,"PHL":132.128210286327,"PNG":5.80407189860001,"POL":107.922720297757,"PRI":317.616234498309,"PRK":132.672278049996,"PRT":94.3216393442623,"PRY":6.29217467908382,"PYF":33.3021857923497,"QAT":12.6189491817399,"ROU":89.6846270730225,"RWA":171.071544385894,"SAU":1.81687685201122,"SEN":24.6280112190308,"SGP":3212.53731343284,"SLB":6.60928903179707,"SLE":38.9912441119424,"SLV":184.500239808153,"SMR":313.116666666667,"SOM":6.27958682692001,"STP":84.4177083333333,"SUR":2.47597606119735,"SWE":19.9398683703062,"SWZ":27.0806976744186,"SYC":121.802173913043,"SYR":37.1423658722385,"TCA":6.22631578947368,"TCD":3.08988253968254,"TGO":43.849862107005,"THA":74.25067822819,"TLS":38.5314055144586,"TON":121.327777777778,"TTO":197.840350877193,"TUN":34.735820030896,"TUR":49.9333718799943,"TUV":189.733333333333,"TZA":16.3460239331678,"UGA":54.4807366998649,"URY":16.1218375042852,"USA":22.9170124118896,"VCT":250.74358974359,"VEN":13.7171135423162,"VGB":68.2333333333333,"VIR":218.054285714286,"VNM":133.427042305447,"VUT":7.51123872026251,"WSM":51.0734982332155,"YEM":14.1297194916378,"ZAF":19.4622459998846,"ZMB":6.14658389270773,"ZWE":14.3271164534057}}