{"schemaVersion":1,"dataKind":"ranking-year","indicatorId":"EN.POP.DNST","year":1973,"valuesByCountry":{"ABW":323.883333333333,"AFG":18.6406620363982,"AGO":5.12435068581054,"ALB":83.8230656934307,"AND":52.1765957446809,"ARE":6.14473387778091,"ARG":9.15193354015252,"ASM":142.18,"ATG":146.231818181818,"AUS":1.74166590734546,"AUT":91.930622879302,"BDI":140.653855140187,"BEN":29.1193330968429,"BFA":21.6079203216374,"BGD":566.353952523623,"BGR":77.9261231130796,"BHR":370.028985507246,"BHS":20.059040959041,"BLZ":5.54340201665936,"BMU":980.481481481482,"BOL":4.53263177328533,"BRA":12.275575187781,"BRB":582.144186046512,"BRN":27.9637571157495,"BTN":7.31342165528755,"BWA":1.15117957404761,"CAF":3.57316125718322,"CAN":2.50867784496057,"CHE":159.566560412872,"CHL":13.9070840259733,"CHN":93.9408302931856,"CIV":19.4495094339623,"CMR":14.8011677349749,"COD":9.62822390331047,"COG":4.4910102489019,"COL":20.1220135196034,"COM":144.449220849006,"CPV":74.412158808933,"CRI":38.9413043478261,"CUB":86.1762383612663,"CYM":51.825,"CYP":72.0711038961039,"DEU":226.095339844757,"DJI":7.69840379637619,"DMA":94.1133333333333,"DNK":125.546525,"DOM":98.9904160629269,"DZA":6.20183017457825,"ECU":24.2812924432885,"EGY":37.2716289115475,"ESP":70.0086978270439,"FIN":15.3192192783742,"FJI":30.6087575259989,"FRA":99.0670025048706,"FRO":28.3925501432665,"G001":37.5250162079665,"GAB":2.46049210230139,"GBR":232.275976522134,"GHA":42.6941065307199,"GIB":2753.7,"GIN":18.3392642031581,"GMB":56.5208498023715,"GNB":21.0813655761024,"GNQ":10.7765062388592,"GRC":69.2714197051978,"GRD":290.320588235294,"GRL":0.143400643839625,"GTM":54.4198488241881,"GUM":175.52037037037,"GUY":3.71174825885822,"HKG":4158.43137254902,"HND":26.9144606309769,"HTI":178.038570391872,"HUN":115.950372346338,"IDN":69.1601842600617,"IMN":102.20350877193,"IND":196.242284549592,"IRL":44.7953258818406,"IRN":19.5485142071269,"IRQ":24.6836065573771,"ISL":2.1178753117207,"ISR":151.478743068392,"ITA":186.159620550134,"JAM":181.091320406279,"JOR":20.1506572982774,"JPN":296.527550463721,"KEN":22.1998717363039,"KHM":38.1810899614775,"KIR":75.0913580246914,"KNA":125.371428571429,"KOR":353.547055774414,"KWT":54.8627384960718,"LAO":12.4374913344887,"LBN":251.508797653959,"LBR":16.4409053156146,"LBY":1.31522613864987,"LCA":176.226229508197,"LIE":142.40625,"LKA":208.274852495615,"LSO":37.308860342556,"MAC":12140,"MAR":36.5813779968631,"MCO":12369.0182535767,"MDG":12.53232451766,"MDV":449.84,"MEX":28.6361706834024,"MLI":5.40662191953712,"MLT":944.375,"MMR":44.4140955412064,"MNG":0.908276341965852,"MOZ":11.3866603931941,"MRT":1.16798098379742,"MUS":426.01921182266,"MWI":53.0752863809928,"MYS":33.2844955105768,"NAM":1.00684813370744,"NCL":6.87007658643326,"NER":3.97715718007421,"NGA":65.9685090637592,"NIC":22.0149410004986,"NLD":398.084182464455,"NOR":10.8437428130236,"NPL":92.8338391608392,"NRU":343.3,"NZL":11.2464395579355,"OMN":2.33014216478191,"PAK":84.9184205064342,"PAN":22.1104385256928,"PER":11.39286484375,"PHL":135.110921101164,"PNG":5.94141456520779,"POL":108.90724476803,"PRI":324.553100338219,"PRK":135.789112199983,"PRT":94.3508196721312,"PRY":6.44626730430405,"PYF":34.398087431694,"QAT":13.9397932816537,"ROU":90.4561995311279,"RWA":176.126753141467,"SAU":1.91020286645982,"SEN":25.3736093076404,"SGP":3273.13432835821,"SLB":6.78006430868167,"SLE":39.7195206428374,"SLV":188.876163069544,"SMR":316.533333333333,"SOM":6.44880288200976,"STP":86.2479166666667,"SUR":2.46575224688723,"SWE":19.9742671779844,"SWZ":27.8510465116279,"SYC":123.678260869565,"SYR":38.4172434432474,"TCA":6.41052631578947,"TCD":3.16341984126984,"TGO":45.0220444934731,"THA":76.2351719548239,"TLS":39.1967047747142,"TON":123.340277777778,"TTO":200.36081871345,"TUN":35.6413619979403,"TUR":51.101871028936,"TUV":189.366666666667,"TZA":16.9452483630616,"UGA":55.7741654571843,"URY":16.2103359616044,"USA":23.1367971909474,"VCT":253.053846153846,"VEN":14.1301932996996,"VGB":69.1133333333333,"VIR":240.345714285714,"VNM":136.440016590371,"VUT":7.74093519278097,"WSM":51.7724381625442,"YEM":14.5326363240336,"ZAF":20.0267605866012,"ZMB":6.326010573185,"ZWE":14.7871371332558}}