{"schemaVersion":1,"dataKind":"ranking-year","indicatorId":"EN.POP.DNST","year":1974,"valuesByCountry":{"ABW":324.161111111111,"AFG":19.1176839458473,"AGO":5.3046980027272,"ALB":85.7709489051095,"AND":55.5957446808511,"ARE":6.88660940580118,"ARG":9.3037030134944,"ASM":144.375,"ATG":145.586363636364,"AUS":1.78631399450685,"AUT":92.0872273388269,"BDI":144.220794392523,"BEN":29.8211511174175,"BFA":22.0208479532164,"BGD":582.617715295383,"BGR":78.4483865136039,"BHR":389.910144927536,"BHS":20.5136863136863,"BLZ":5.61968434896975,"BMU":982.518518518518,"BOL":4.63627342379766,"BRA":12.5733327032091,"BRB":583.202325581395,"BRN":28.9669829222011,"BTN":7.56668022173234,"BWA":1.20947894058899,"CAF":3.64271405181547,"CAN":2.54394512798377,"CHE":160.428177494434,"CHL":14.129609754523,"CHN":95.9017921337843,"CIV":20.3586698113208,"CMR":15.2177508408961,"COD":9.88900906464348,"COG":4.6333850658858,"COL":20.5799630464173,"COM":149.422353573348,"CPV":75.0794044665012,"CRI":39.9460047003525,"CUB":87.282895716946,"CYM":54.6416666666667,"CYP":71.7807359307359,"DEU":226.183464612036,"DJI":8.30944779982744,"DMA":94.788,"DNK":126.132425,"DOM":101.722148623473,"DZA":6.35396894707231,"ECU":24.9912332032943,"EGY":38.143218644834,"ESP":70.7820610305153,"FIN":15.39963229259,"FJI":31.0612479474548,"FRA":99.7245959736525,"FRO":28.7292263610315,"G001":38.2565422492778,"GAB":2.51364536034463,"GBR":232.422494109866,"GHA":43.9506152764349,"GIB":2775.5,"GIN":18.6411769493733,"GMB":58.2099802371541,"GNB":21.8114509246088,"GNQ":10.5152584670232,"GRC":69.5269356089992,"GRD":289.664705882353,"GRL":0.14486391571554,"GTM":55.8155748413587,"GUM":179.516666666667,"GUY":3.75200549031569,"HKG":4291.96078431373,"HND":27.704316739655,"HTI":181.487518142235,"HUN":116.469045237301,"IDN":70.9633329101277,"IMN":103.752631578947,"IND":200.808354326498,"IRL":45.5436202641893,"IRN":20.1358475159017,"IRQ":25.5338980725701,"ISL":2.14672319201995,"ISR":156.053604436229,"ITA":187.381823127401,"JAM":183.832502308403,"JOR":20.8429510426111,"JPN":300.496453900709,"KEN":22.9646097620972,"KHM":38.4276002719239,"KIR":75.579012345679,"KNA":124.965714285714,"KOR":359.65442670537,"KWT":58.2685746352413,"LAO":12.7372660311958,"LBN":257.593841642229,"LBR":16.8849875415282,"LBY":1.38229935096673,"LCA":178.813114754098,"LIE":146.56875,"LKA":212.178169350981,"LSO":38.6172595520422,"MAC":12027.5,"MAR":37.4946045261035,"MCO":12449.4326591021,"MDG":12.9135158372597,"MDV":463.26,"MEX":29.4864317497878,"MLI":5.50359861988707,"MLT":943.7375,"MMR":45.288990727423,"MNG":0.93447964093948,"MOZ":11.7450761718253,"MRT":1.20324827786941,"MUS":432.533004926108,"MWI":54.5326368264743,"MYS":34.0919373002587,"NAM":1.0376902428063,"NCL":7.1910284463895,"NER":4.08538170048157,"NGA":67.7219759104933,"NIC":22.7029665946485,"NLD":401.216113744076,"NOR":10.9112209919944,"NPL":94.8841608391608,"NRU":346.15,"NZL":11.4834225817477,"OMN":2.41353150242326,"PAK":87.4526346513076,"PAN":22.7054882970137,"PER":11.68480625,"PHL":138.08089137798,"PNG":6.07841496268162,"POL":109.957553299161,"PRI":331.375310033822,"PRK":138.469570633668,"PRT":95.6761202185792,"PRY":6.60866096149006,"PYF":35.5081967213115,"QAT":15.2766580534022,"ROU":91.2973387166797,"RWA":181.363113092825,"SAU":2.01128162665315,"SEN":26.122874357243,"SGP":3328.05970149254,"SLB":6.96823865666309,"SLE":40.460778609033,"SLV":193.269592326139,"SMR":317.166666666667,"SOM":6.61816877610227,"STP":88.2,"SUR":2.45269367601947,"SWE":20.0323096422961,"SWZ":28.6620930232558,"SYC":125.95,"SYR":39.7331592121014,"TCA":6.60315789473684,"TCD":3.23781835503334,"TGO":46.1805478948336,"THA":78.2025308774883,"TLS":39.7328177538668,"TON":125.948611111111,"TTO":202.87738791423,"TUN":36.5903321318229,"TUR":52.2461884282058,"TUV":194.066666666667,"TZA":17.567882140438,"UGA":57.178549622141,"URY":16.3063878413896,"USA":23.3491575462716,"VCT":255.271794871795,"VEN":14.5517272263477,"VGB":69.96,"VIR":256.974285714286,"VNM":139.523601339519,"VUT":7.97867104183757,"WSM":52.8024734982332,"YEM":14.9568782317177,"ZAF":20.5995499097346,"ZMB":6.51440831864835,"ZWE":15.2729171513507}}