{"schemaVersion":1,"dataKind":"ranking-year","indicatorId":"EN.POP.DNST","year":1975,"valuesByCountry":{"ABW":323.861111111111,"AFG":19.5850451527835,"AGO":5.48884815914013,"ALB":87.7675547445255,"AND":59.0914893617021,"ARE":7.64370599831034,"ARG":9.45452608808451,"ASM":146.95,"ATG":145.088636363636,"AUS":1.80844278406206,"AUT":91.843225884634,"BDI":147.843146417445,"BEN":30.5552234835048,"BFA":22.4691849415205,"BGD":598.0974955827,"BGR":78.8280032540902,"BHR":410.497101449275,"BHS":20.9676323676324,"BLZ":5.71622095572117,"BMU":983.87037037037,"BOL":4.74248961506508,"BRA":12.8760184682238,"BRB":584.127906976744,"BRN":29.9943074003795,"BTN":7.82892793699035,"BWA":1.27111675753886,"CAF":3.71427012103117,"CAN":2.5813443398594,"CHE":160.358024691358,"CHL":14.3525214785645,"CHN":97.6108433414108,"CIV":21.3091100628931,"CMR":15.6483256118974,"COD":10.1546507575925,"COG":4.76436896046852,"COL":21.0406885984678,"COM":154.590005373455,"CPV":75.8925558312655,"CRI":40.9854876615746,"CUB":88.2656052141527,"CYM":57.45,"CYP":71.3641774891775,"DEU":225.341717984705,"DJI":9.05556514236411,"DMA":95.4266666666667,"DNK":126.49655,"DOM":104.466487269716,"DZA":6.58283271893658,"ECU":25.7125090304869,"EGY":39.05301823296,"ESP":71.5687608830535,"FIN":15.4681374963065,"FJI":31.5219485495348,"FRA":100.20011689396,"FRO":29.0601719197708,"G001":38.974184781825,"GAB":2.56994217409865,"GBR":232.405241185467,"GHA":45.2417509009405,"GIB":2795.1,"GIN":18.9397525638939,"GMB":59.9625494071146,"GNB":23.149573257468,"GNQ":10.2638502673797,"GRC":70.1826299456943,"GRD":288.605882352941,"GRL":0.145156570090723,"GTM":57.1923385591639,"GUM":183.438888888889,"GUY":3.78660401320803,"HKG":4417.42574257426,"HND":28.5390472785772,"HTI":185.01763425254,"HUN":117.155996443259,"IDN":72.778776420453,"IMN":105.191228070175,"IND":205.607288804281,"IRL":46.2991725939904,"IRN":20.7538084186743,"IRQ":26.3933031529369,"ISL":2.17435411471322,"ISR":159.658040665434,"ITA":188.504304511917,"JAM":186.424838411819,"JOR":21.5214755213055,"JPN":304.428376534789,"KEN":23.7405049724145,"KHM":37.2839961477453,"KIR":75.2925925925926,"KNA":124.588571428571,"KOR":365.75497615592,"KWT":62.001290684624,"LAO":13.0221880415945,"LBN":263.264027370479,"LBR":17.3475186877076,"LBY":1.4614933448515,"LCA":181.516393442623,"LIE":149.0375,"LKA":216.057789826184,"LSO":39.9750658761528,"MAC":11910,"MAR":38.428828142505,"MCO":12580.1677355698,"MDG":13.3083468033153,"MDV":477.193333333333,"MEX":30.3415211296587,"MLI":5.60343962825462,"MLT":950.69375,"MMR":46.1740138323592,"MNG":0.961780236984657,"MOZ":12.1325783972125,"MRT":1.23928398175997,"MUS":439.408866995074,"MWI":56.0815337293169,"MYS":34.9167980520469,"NAM":1.07013567515699,"NCL":7.51980306345733,"NER":4.19753611747059,"NGA":69.6233022607244,"NIC":23.4082017616753,"NLD":404.808501184834,"NOR":10.9716052830437,"NPL":96.9978671328671,"NRU":349.35,"NZL":11.7090121909536,"OMN":2.51652342487884,"PAK":90.1063395080946,"PAN":23.303591606134,"PER":11.97965390625,"PHL":141.264466579468,"PNG":6.21565163626728,"POL":111.055532338633,"PRI":337.542277339346,"PRK":140.943900008305,"PRT":99.3821857923497,"PRY":6.77485023911402,"PYF":36.6243169398907,"QAT":16.6310938845823,"ROU":92.4441390987236,"RWA":186.774543980543,"SAU":2.11950885941694,"SEN":26.8571651171246,"SGP":3377.01492537313,"SLB":7.1719899964273,"SLE":41.2116514269881,"SLV":197.62345323741,"SMR":317.433333333333,"SOM":6.78664679440176,"STP":90.3208333333333,"SUR":2.43708070913273,"SWE":20.1120514401125,"SWZ":29.5158720930233,"SYC":128.895652173913,"SYR":41.1054739362281,"TCA":6.80315789473684,"TCD":3.30942979669632,"TGO":47.3363118220261,"THA":80.13467674059,"TLS":40.2258238063215,"TON":129.190277777778,"TTO":205.354580896686,"TUN":37.5853630278064,"TUR":53.3413796239752,"TUV":203.9,"TZA":18.2189670354482,"UGA":58.6819478504579,"URY":16.4113815563936,"USA":23.5805156917379,"VCT":257.402564102564,"VEN":14.9831551499348,"VGB":70.7066666666667,"VIR":269.954285714286,"VNM":142.809004884943,"VUT":8.22551271534044,"WSM":54.1851590106007,"YEM":15.4054169744493,"ZAF":21.1780989044506,"ZMB":6.71260845585762,"ZWE":15.7649166343544}}