{"schemaVersion":1,"dataKind":"ranking-year","indicatorId":"EN.POP.DNST","year":1976,"valuesByCountry":{"ABW":324.266666666667,"AFG":20.0233828557411,"AGO":5.67471244084383,"ALB":89.7272262773723,"AND":62.6297872340426,"ARE":8.67172627428893,"ARG":9.60367560812514,"ASM":149.795,"ATG":144.913636363636,"AUS":1.82666649310753,"AUT":91.6811076102763,"BDI":151.192601246106,"BEN":31.3249024476765,"BFA":22.9555372807018,"BGD":613.469447645387,"BGR":79.1701979571545,"BHR":431.685507246377,"BHS":21.4286713286713,"BLZ":5.8351161771153,"BMU":985.37037037037,"BOL":4.85229945536786,"BRA":13.1863487570201,"BRB":584.748837209302,"BRN":31.0449715370019,"BTN":8.10072127217858,"BWA":1.33839394420624,"CAF":3.76988988410543,"CAN":2.61553428162564,"CHE":159.444039668083,"CHL":14.5767108880317,"CHN":99.132958751631,"CIV":22.1948364779874,"CMR":16.0731992130482,"COD":10.4206043095653,"COG":4.88206442166911,"COL":21.5041099594412,"COM":159.880709296077,"CPV":76.787841191067,"CRI":42.0637289463376,"CUB":89.1177094972067,"CYM":60.225,"CYP":71.6484848484849,"DEU":224.377595737977,"DJI":9.95414150129422,"DMA":96.0226666666667,"DNK":126.8149,"DOM":107.232539846823,"DZA":6.88957232947341,"ECU":26.4445600346771,"EGY":39.9774544176001,"ESP":72.3378345377024,"FIN":15.5148363373715,"FJI":32.0489326765189,"FRA":100.626000556638,"FRO":29.3839541547278,"G001":39.6812737575292,"GAB":2.62982885085575,"GBR":232.348067622866,"GHA":46.5628592774897,"GIB":2813.4,"GIN":19.2374328503988,"GMB":61.8248023715415,"GNB":24.6867354196302,"GNQ":10.0189304812834,"GRC":71.2812257564003,"GRD":287.152941176471,"GRL":0.145449224465906,"GTM":58.4397536394177,"GUM":187.344444444444,"GUY":3.82145288290577,"HKG":4473.26732673267,"HND":29.4437125748503,"HTI":188.619629898403,"HUN":117.828538076709,"IDN":74.6168544411753,"IMN":106.578947368421,"IND":210.501812194983,"IRL":47.0031934968791,"IRN":21.3888301529998,"IRQ":27.2713057594257,"ISL":2.19604987531172,"ISR":163.26247689464,"ITA":189.44700962225,"JAM":188.880701754386,"JOR":22.1914891205802,"JPN":307.708049113233,"KEN":24.5240591067224,"KHM":34.7552175390891,"KIR":74.8901234567901,"KNA":124.234285714286,"KOR":371.641333195107,"KWT":66.1453984287318,"LAO":13.2793587521664,"LBN":266.517008797654,"LBR":17.8266196013289,"LBY":1.54656160132762,"LCA":184.303278688525,"LIE":150.3625,"LKA":220.009089459416,"LSO":41.2784584980237,"MAC":11780,"MAR":39.3775084024199,"MCO":12775.0370004933,"MDG":13.7167365959349,"MDV":491.75,"MEX":31.1970534221559,"MLI":5.7048320343553,"MLT":955.54375,"MMR":47.0649248707042,"MNG":0.989987492506505,"MOZ":12.5476347313004,"MRT":1.27615795090715,"MUS":446.555172413793,"MWI":57.7363597793806,"MYS":35.763497184599,"NAM":1.10115026296931,"NCL":7.7730306345733,"NER":4.3143301492066,"NGA":71.6514696355831,"NIC":24.130388898122,"NLD":407.998726303318,"NOR":11.0231845013197,"NPL":99.1443986013986,"NRU":353.2,"NZL":11.8130720443584,"OMN":2.63231340872375,"PAK":92.9071372976339,"PAN":23.9028114070487,"PER":12.27875703125,"PHL":144.888781567562,"PNG":6.35367884114296,"POL":112.169186065493,"PRI":343.162795941375,"PRK":143.206129059048,"PRT":102.249289617486,"PRY":6.94396174175686,"PYF":37.7360655737705,"QAT":18.0062015503876,"ROU":93.56444386559,"RWA":192.377543575193,"SAU":2.23657038921891,"SEN":27.5726588064198,"SGP":3422.83582089552,"SLB":7.40242943908539,"SLE":41.9620393460792,"SLV":203.20028957529,"SMR":318.5,"SOM":6.95924379124558,"STP":92.6270833333333,"SUR":2.41913140442375,"SWE":20.185329345507,"SWZ":30.4261627906977,"SYC":131.530434782609,"SYR":42.5362933942758,"TCA":7.01052631578947,"TCD":3.37618885006353,"TGO":48.4978120978121,"THA":82.0068977666425,"TLS":40.862138533961,"TON":132.395833333333,"TTO":207.857894736842,"TUN":38.6006307929969,"TUR":54.4417239452724,"TUV":213.466666666667,"TZA":18.8938936554527,"UGA":60.2437015164406,"URY":16.520351959776,"USA":23.8056504231922,"VCT":259.479487179487,"VEN":15.4257513746386,"VGB":71.3933333333333,"VIR":274.76,"VNM":146.501984699991,"VUT":8.48137817883511,"WSM":55.516961130742,"YEM":15.8799041612213,"ZAF":21.7588554847538,"ZMB":6.91943932525323,"ZWE":16.2520485976477}}