{"schemaVersion":1,"dataKind":"ranking-year","indicatorId":"EN.POP.DNST","year":1977,"valuesByCountry":{"ABW":325.444444444444,"AFG":20.4540668169204,"AGO":5.86975936472287,"ALB":91.7352554744526,"AND":66.163829787234,"ARE":10.0001267248662,"ARG":9.75697101242742,"ASM":152.605,"ATG":145.140909090909,"AUS":1.84736341980917,"AUT":91.7163111972855,"BDI":155.123909657321,"BEN":32.1319794253281,"BFA":23.4968347953216,"BGD":628.925743258815,"BGR":79.5822380909337,"BHR":453.366666666667,"BHS":21.8938061938062,"BLZ":5.9573432704954,"BMU":987.444444444444,"BOL":4.96553678574725,"BRA":13.5048338505936,"BRB":585.176744186047,"BRN":32.1208728652751,"BTN":8.38214583823813,"BWA":1.41085525735359,"CAF":3.80899868374587,"CAN":2.64632255099776,"CHE":158.904422181745,"CHL":14.8016749783466,"CHN":100.493169653556,"CIV":23.025,"CMR":16.4932009054177,"COD":10.6874841754703,"COG":5.00019912152269,"COL":21.9860243352862,"COM":165.276195593767,"CPV":77.6263027295285,"CRI":43.1849784567176,"CUB":89.8364990689013,"CYM":62.9375,"CYP":72.1970779220779,"DEU":223.870231718844,"DJI":10.9841673856773,"DMA":96.5413333333333,"DNK":127.210475,"DOM":110.027799627406,"DZA":7.14435412765457,"ECU":27.1883362230891,"EGY":40.9351248179215,"ESP":73.0905192777355,"FIN":15.5582980399882,"FJI":32.7205801860974,"FRA":101.097443176547,"FRO":29.7048710601719,"G001":40.3836571411189,"GAB":2.6933053906159,"GBR":232.271698425164,"GHA":47.9558363364683,"GIB":2830,"GIN":19.5390200227902,"GMB":63.8112648221344,"GNB":26.3794096728307,"GNQ":9.8673440285205,"GRC":72.2147323506594,"GRD":285.344117647059,"GRL":0.144571261340357,"GTM":59.7379152668906,"GUM":191.292592592593,"GUY":3.85397002794006,"HKG":4583.7,"HND":30.3749664849406,"HTI":192.288679245283,"HUN":118.364061805247,"IDN":76.4715362917249,"IMN":108.010526315789,"IND":215.526455759639,"IRL":47.6440702569313,"IRN":22.0616794371178,"IRQ":28.1936255344445,"ISL":2.21245885286783,"ISR":166.959334565619,"ITA":190.253343986944,"JAM":191.196398891967,"JOR":22.8808023572076,"JPN":310.786026200873,"KEN":25.3519678813649,"KHM":32.1127974167233,"KIR":74.4037037037037,"KNA":123.88,"KOR":377.480769230769,"KWT":70.596127946128,"LAO":13.5135311958406,"LBN":270.005376344086,"LBR":18.3349148671096,"LBY":1.63766268456528,"LCA":187.106557377049,"LIE":152.7625,"LKA":224.037171105087,"LSO":42.4890316205534,"MAC":11647.5,"MAR":40.3646784673986,"MCO":12961.5194869265,"MDG":14.1387350827114,"MDV":506.433333333333,"MEX":32.0525183260886,"MLI":5.81137281898721,"MLT":959.28125,"MMR":47.9786485907519,"MNG":1.01861544319536,"MOZ":13.0025878074213,"MRT":1.31344523139614,"MUS":453.881280788177,"MWI":59.5564594823929,"MYS":36.6328199665196,"NAM":1.13095507050978,"NCL":7.91022975929978,"NER":4.43650114470672,"NGA":73.8217003195099,"NIC":24.8673259099219,"NLD":410.43202014218,"NOR":11.0698738377632,"NPL":101.392832167832,"NRU":358.15,"NZL":11.8499107515856,"OMN":2.76353473344103,"PAK":95.8668366023246,"PAN":24.5028652138822,"PER":12.5857859375,"PHL":148.800892108529,"PNG":6.49279468268339,"POL":113.255574782069,"PRI":348.217587373168,"PRK":145.276953741384,"PRT":103.340710382514,"PRY":7.11772967530833,"PYF":38.8833333333333,"QAT":19.4043927648579,"ROU":94.4520969002344,"RWA":198.145115524929,"SAU":2.3645493071094,"SEN":28.2529943385446,"SGP":3470.59701492537,"SLB":7.66052161486245,"SLE":42.7452756996398,"SLV":207.589575289575,"SMR":333.616666666667,"SOM":7.14771894028756,"STP":95.1052083333333,"SUR":2.39905758985509,"SWE":20.2571465536013,"SWZ":31.4155813953488,"SYC":134.317391304348,"SYR":44.0227500272064,"TCA":7.22526315789474,"TCD":3.44001508894536,"TGO":49.6763007905865,"THA":83.8614457123843,"TLS":41.5813718897108,"TON":134.340277777778,"TTO":210.439376218324,"TUN":39.6236547373841,"TUR":55.5764432259657,"TUV":222.866666666667,"TZA":19.5901207947618,"UGA":61.8571092537911,"URY":16.6235915895326,"USA":24.0462890983256,"VCT":261.535897435897,"VEN":15.8798390113939,"VGB":72,"VIR":266.294285714286,"VNM":150.403613014225,"VUT":8.74634946677605,"WSM":56.4498233215548,"YEM":16.3801390230506,"ZAF":22.3552679520893,"ZMB":7.13283740701381,"ZWE":16.6718676489595}}