{"schemaVersion":1,"dataKind":"ranking-year","indicatorId":"EN.POP.DNST","year":1978,"valuesByCountry":{"ABW":326.533333333333,"AFG":20.8690814589945,"AGO":6.07743161947541,"ALB":93.6593430656934,"AND":69.6489361702128,"ARE":11.3950154885948,"ARG":9.91422411745576,"ASM":155.38,"ATG":145.540909090909,"AUS":1.86897153196308,"AUT":91.6420867668444,"BDI":159.670482866044,"BEN":32.9753902092941,"BFA":24.0898538011696,"BGD":644.46228009526,"BGR":79.6712645756124,"BHR":475.428985507246,"BHS":22.3537462537463,"BLZ":6.08123629986848,"BMU":989.462962962963,"BOL":5.08088525800794,"BRA":13.8309410945497,"BRB":585.002325581395,"BRN":33.1848197343454,"BTN":8.67330864884532,"BWA":1.49848958057629,"CAF":3.84917814376063,"CAN":2.67279710537734,"CHE":158.918690548472,"CHL":15.026515334915,"CHN":101.846989588049,"CIV":23.909213836478,"CMR":16.9489137103086,"COD":11.0243219161465,"COG":5.11885505124451,"COL":22.4879107706174,"COM":170.708221386351,"CPV":78.4483870967742,"CRI":44.3499804151978,"CUB":90.4281191806331,"CYM":65.5291666666667,"CYP":72.7542207792208,"DEU":223.675479047919,"DJI":12.0807161345988,"DMA":96.9653333333333,"DNK":127.6062,"DOM":112.852038915338,"DZA":7.35049753541528,"ECU":27.9445419737032,"EGY":41.9523140288312,"ESP":73.7991672171841,"FIN":15.6030335861322,"FJI":33.5025177887247,"FRA":101.556786343817,"FRO":30.0630372492837,"G001":41.0981952267493,"GAB":2.7602941747196,"GBR":232.284148307362,"GHA":49.4350443877999,"GIB":2844.6,"GIN":19.8512697379131,"GMB":65.9192687747036,"GNB":28.1541251778094,"GNQ":9.85850267379679,"GRC":73.1571683475563,"GRD":283.25,"GRL":0.143985952589991,"GTM":61.2311870100784,"GUM":195.22962962963,"GUY":3.8841046482093,"HKG":4667.5,"HND":31.3295468763965,"HTI":196.029753265602,"HUN":118.759831054796,"IDN":78.3591928548165,"IMN":109.470175438596,"IND":220.547031639418,"IRL":48.3248657279721,"IRN":22.7943558289742,"IRQ":29.1591901593616,"ISL":2.22979551122194,"ISR":170.517560073937,"ITA":190.932450443712,"JAM":193.428993536473,"JOR":23.6128173164098,"JPN":313.627183406114,"KEN":26.239810942826,"KHM":29.5244334919556,"KIR":73.9061728395062,"KNA":123.477142857143,"KOR":383.259226622434,"KWT":75.2143097643098,"LAO":13.7423743500867,"LBN":275.921994134897,"LBR":18.8771490863787,"LBY":1.73484319765393,"LCA":189.891803278689,"LIE":156.425,"LKA":228.195311752512,"LSO":43.7167325428195,"MAC":11620,"MAR":41.4012659645978,"MCO":13125.3083374445,"MDG":14.5748598548681,"MDV":520.53,"MEX":32.9118783919339,"MLI":5.92502069349855,"MLT":969.31875,"MMR":48.922753006702,"MNG":1.04654740510562,"MOZ":13.5026958976576,"MRT":1.35123023188125,"MUS":459.851724137931,"MWI":61.6263470513364,"MYS":37.5229249733678,"NAM":1.15058970715058,"NCL":8.00831509846827,"NER":4.56535249072393,"NGA":76.1185941565928,"NIC":25.5967591823168,"NLD":412.965047393365,"NOR":11.1122181336312,"NPL":103.774090909091,"NRU":364.9,"NZL":11.8537085564544,"OMN":2.90889822294023,"PAK":98.9873637920299,"PAN":25.1050712940543,"PER":12.90317109375,"PHL":152.84998826173,"PNG":6.63276509296471,"POL":114.158477260113,"PRI":352.809582863585,"PRK":147.296694626692,"PRT":104.46174863388,"PRY":7.29743015353637,"PYF":40.1150273224044,"QAT":20.8275624461671,"ROU":95.3002691673179,"RWA":204.100972841508,"SAU":2.50357121259344,"SEN":28.9206669090531,"SGP":3512.83582089552,"SLB":7.932440157199,"SLE":43.5787891382654,"SLV":212.071138996139,"SMR":350.433333333333,"SOM":7.6750916568368,"STP":97.7020833333333,"SUR":2.37684680495834,"SWE":20.3162102785464,"SWZ":32.4677906976744,"SYC":135.108695652174,"SYR":45.5585972358254,"TCA":7.45578947368421,"TCD":3.5033084498094,"TGO":50.8944291230005,"THA":85.711162872634,"TLS":42.2848016139879,"TON":135.005555555556,"TTO":213.134502923977,"TUN":40.6114186405767,"TUR":56.7094655873602,"TUV":231.9,"TZA":20.2941589523594,"UGA":63.5209098643712,"URY":16.7164609758885,"USA":24.3024317171382,"VCT":263.525641025641,"VEN":16.3445201519188,"VGB":72.5733333333333,"VIR":274.082857142857,"VNM":154.381246735691,"VUT":9.02075471698113,"WSM":57.0229681978799,"YEM":16.9073735250109,"ZAF":22.9739813204296,"ZMB":7.35196061286808,"ZWE":16.9150187411141}}