{"schemaVersion":1,"dataKind":"ranking-year","indicatorId":"EN.POP.DNST","year":1979,"valuesByCountry":{"ABW":328.838888888889,"AFG":20.936735507413,"AGO":6.29438277051416,"ALB":95.5413138686131,"AND":72.9914893617021,"ARE":12.8415939172064,"ARG":10.0738099675155,"ASM":158.055,"ATG":146.077272727273,"AUS":1.88927795061375,"AUT":91.4860033931168,"BDI":163.688862928349,"BEN":33.8642071656616,"BFA":24.7218676900585,"BGD":660.175708688638,"BGR":79.7789026484679,"BHR":497.763768115942,"BHS":22.8001998001998,"BLZ":6.21122314774222,"BMU":991.055555555556,"BOL":5.19786670359088,"BRA":14.1635365045333,"BRB":584.346511627907,"BRN":34.2356736242884,"BTN":8.97202662500268,"BWA":1.59113157941171,"CAF":3.89064496452535,"CAN":2.69938107809971,"CHE":159.235274816709,"CHL":15.2512319577369,"CHN":103.214656618646,"CIV":24.8498962264151,"CMR":17.4306466967062,"COD":11.4187080126155,"COG":5.23725915080527,"COL":22.9974096439838,"COM":176.137023105857,"CPV":79.2754342431762,"CRI":45.5638464551508,"CUB":90.9064711359404,"CYM":68.1291666666667,"CYP":73.3278138528138,"DEU":223.774382035345,"DJI":13.1368852459016,"DMA":97.2786666666667,"DNK":127.920025,"DOM":115.704616021528,"DZA":7.57288998799197,"ECU":28.7128630255743,"EGY":43.0143432618414,"ESP":74.4511550626576,"FIN":15.6429626711317,"FJI":34.3110016420361,"FRA":102.012897300306,"FRO":30.4591690544413,"G001":41.8334075930054,"GAB":2.8306554895797,"GBR":232.492667300459,"GHA":50.9679836512262,"GIB":2857.5,"GIN":20.1826591242064,"GMB":68.1601778656127,"GNB":29.1560099573257,"GNQ":9.97668449197861,"GRC":74.0749262994569,"GRD":280.852941176471,"GRL":0.145156570090723,"GTM":62.7827267637178,"GUM":199.325925925926,"GUY":3.91192278384557,"HKG":4929.7,"HND":32.3083474841362,"HTI":199.839985486212,"HUN":119.040836298932,"IDN":80.2811009235083,"IMN":110.945614035088,"IND":225.735908905923,"IRL":48.9730004354768,"IRN":23.5915371202633,"IRQ":30.1126391842147,"ISL":2.25172069825436,"ISR":174.953789279113,"ITA":191.485325218456,"JAM":195.705078485688,"JOR":24.4093608340888,"JPN":316.293668122271,"KEN":27.1649611694838,"KHM":28.8285066847949,"KIR":74.2864197530864,"KNA":122.951428571429,"KOR":389.117105535973,"KWT":79.8829405162738,"LAO":13.9870103986135,"LBN":281.782502443793,"LBR":19.4426183554817,"LBY":1.83789285836071,"LCA":192.668852459016,"LIE":159.84375,"LKA":232.492648700367,"LSO":44.9989789196311,"MAC":11760,"MAR":42.4727515124356,"MCO":13266.8968919586,"MDG":15.0249011246002,"MDV":534.533333333333,"MEX":33.7708608760513,"MLI":6.04435866545374,"MLT":979.19375,"MMR":49.8769011843192,"MNG":1.07316622941317,"MOZ":14.0247831837025,"MRT":1.39008246822548,"MUS":467.925123152709,"MWI":63.9451527365295,"MYS":38.4351301171816,"NAM":1.16948462874564,"NCL":8.1035010940919,"NER":4.70163100971027,"NGA":78.5030710278116,"NIC":26.2965348180156,"NLD":415.825533175355,"NOR":11.1501270383634,"NPL":106.227902097902,"NRU":373.4,"NZL":11.8073753370552,"OMN":3.06661066235864,"PAK":102.476441210046,"PAN":25.7136400322841,"PER":13.22901484375,"PHL":156.981262367106,"PNG":6.77326546835667,"POL":115.077922883542,"PRI":357.168883878241,"PRK":149.351964122581,"PRT":105.587595628415,"PRY":7.48544676566826,"PYF":41.4122950819672,"QAT":22.2799310938846,"ROU":95.9038291221672,"RWA":210.358370490474,"SAU":2.65326535453949,"SEN":29.6208123409339,"SGP":3557.46268656716,"SLB":8.21554126473741,"SLE":44.4375034635633,"SLV":216.234942084942,"SMR":355.333333333333,"SOM":8.686066566774,"STP":100.2625,"SUR":2.35254889160707,"SWE":20.3605933818874,"SWZ":33.5580813953488,"SYC":136.273913043478,"SYR":47.1319458047666,"TCA":7.69052631578947,"TCD":3.57797331639136,"TGO":52.2127964699393,"THA":87.5304546967057,"TLS":42.9535305985205,"TON":135.477777777778,"TTO":215.914035087719,"TUN":41.5577947991761,"TUR":57.8335420916544,"TUV":239.466666666667,"TZA":20.9889794536013,"UGA":65.0726340023022,"URY":16.7975259970289,"USA":24.5721129909946,"VCT":265.328205128205,"VEN":16.8182665381781,"VGB":73.1,"VIR":274.808571428571,"VNM":157.848815631817,"VUT":9.27317473338802,"WSM":57.5554770318021,"YEM":17.4710570676364,"ZAF":23.6043178989193,"ZMB":7.57573817242632,"ZWE":17.1838076773943}}