{"schemaVersion":1,"dataKind":"ranking-year","indicatorId":"EN.POP.DNST","year":1980,"valuesByCountry":{"ABW":332.827777777778,"AFG":20.1912070895236,"AGO":6.52432180957728,"ALB":97.5181386861314,"AND":76.131914893617,"ARE":14.301605181639,"ARG":10.2355750925388,"ASM":162.015,"ATG":146.620454545455,"AUS":1.91244809497156,"AUT":91.4861003393117,"BDI":170.705062305296,"BEN":34.8106686768358,"BFA":25.3943713450292,"BGD":676.165260812783,"BGR":80.1006508180421,"BHR":520.257971014493,"BHS":23.2293706293706,"BLZ":6.35957913195967,"BMU":993.944444444444,"BOL":5.31607126373119,"BRA":14.5017265803157,"BRB":584.939534883721,"BRN":35.3151802656546,"BTN":9.27603107677161,"BWA":1.65420041289503,"CAF":3.93356929596456,"CAN":2.73441758991879,"CHE":159.868814337731,"CHL":15.4782174808885,"CHN":104.517348813677,"CIV":25.8513018867925,"CMR":18.0072750735123,"COD":11.7823157848305,"COG":5.35573938506589,"COL":23.5281640378549,"COM":181.472864051585,"CPV":80.2235732009926,"CRI":46.8200744222483,"CUB":91.2923277467412,"CYM":71.1625,"CYP":73.925974025974,"DEU":224.239039899178,"DJI":14.0558671268335,"DMA":97.444,"DNK":128.075675,"DOM":118.589049886152,"DZA":7.81242872857659,"ECU":29.4967381881231,"EGY":44.1513014214677,"ESP":75.0618956093459,"FIN":15.6917003184609,"FJI":35.1382047071702,"FRA":102.559020317284,"FRO":30.8538681948424,"G001":42.5775527556639,"GAB":2.90444754919083,"GBR":232.770702269251,"GHA":52.4806539509537,"GIB":2867.5,"GIN":20.541343805958,"GMB":70.5447628458498,"GNB":29.4915718349929,"GNQ":10.2903386809269,"GRC":74.8060899922421,"GRD":278.052941176471,"GRL":0.14691249634182,"GTM":64.3916759985069,"GUM":203.964814814815,"GUY":3.93379222758446,"HKG":5063.1,"HND":33.3110465635892,"HTI":203.718904208999,"HUN":119.131598264932,"IDN":82.2217965632021,"IMN":112.414035087719,"IND":231.184022884511,"IRL":49.539846131514,"IRN":24.4617524988335,"IRQ":31.0766444886481,"ISL":2.27569077306733,"ISR":179.205175600739,"ITA":191.880191084968,"JAM":198.121698984303,"JOR":25.3194242973708,"JPN":318.883428883429,"KEN":28.145024071406,"KHM":29.4576931792431,"KIR":75.4913580246914,"KNA":164.807692307692,"KOR":395.228851337342,"KWT":84.4434343434343,"LAO":14.2659142114385,"LBN":287.855620723363,"LBR":20.0296200166113,"LBY":1.94617797833525,"LCA":195.55737704918,"LIE":159.45,"LKA":236.77202997927,"LSO":46.3280961791831,"MAC":11982.5,"MAR":43.6028299350213,"MCO":13380.3650715343,"MDG":15.4865219933281,"MDV":549.45,"MEX":34.6204038169706,"MLI":6.17159212909465,"MLT":989.515625,"MMR":50.8418826697677,"MNG":1.0994522457161,"MOZ":14.4157036038556,"MRT":1.43013777044727,"MUS":475.881280788177,"MWI":66.456607976241,"MYS":39.5171602495815,"NAM":1.19208784267998,"NCL":8.19567833698031,"NER":4.84406015631168,"NGA":80.9915137740593,"NIC":27.0267824497258,"NLD":419.129146919431,"NOR":11.1860016865438,"NPL":108.762972027972,"NRU":382.45,"NZL":11.8221867760434,"OMN":3.23505008077544,"PAK":106.749442195932,"PAN":26.3321764864138,"PER":13.56324140625,"PHL":161.128684978368,"PNG":6.91496709799938,"POL":116.145319794966,"PRI":361.443066516347,"PRK":151.455742878498,"PRT":106.735650273224,"PRY":7.68496098665995,"PYF":42.7516393442623,"QAT":23.7651162790698,"ROU":96.4108795693323,"RWA":216.994689906769,"SAU":2.81342751745601,"SEN":30.3622188749805,"SGP":3602.90298507463,"SLB":8.50785994998214,"SLE":45.3323496813522,"SLV":219.130405405405,"SMR":359.75,"SOM":9.46241910287882,"STP":102.65,"SUR":2.33868662052846,"SWE":20.4019667123043,"SWZ":34.6886046511628,"SYC":137.523913043478,"SYR":48.7412286429427,"TCA":7.96210526315789,"TCD":3.58596966327827,"TGO":53.7027762456334,"THA":89.3539157157118,"TLS":43.7034969737727,"TON":135.790277777778,"TTO":218.663547758285,"TUN":42.5218524716787,"TUR":59.0008380650442,"TUV":245.533333333333,"TZA":21.6637717317679,"UGA":66.4418247334968,"URY":16.8663752713976,"USA":24.8090394542612,"VCT":267.21282051282,"VEN":17.2985862479451,"VGB":74.2,"VIR":284.674285714286,"VNM":161.264865280039,"VUT":9.48810500410172,"WSM":58.0643109540636,"YEM":18.0755686876148,"ZAF":24.3336083884955,"ZMB":7.80590672459947,"ZWE":18.2016362931369}}