{"schemaVersion":1,"dataKind":"ranking-year","indicatorId":"EN.POP.DNST","year":1981,"valuesByCountry":{"ABW":336.461111111111,"AFG":18.302716833019,"AGO":6.76634876072832,"ALB":99.491094890511,"AND":79.0829787234043,"ARE":15.4865530836384,"ARG":10.4008707599326,"ASM":167.92,"ATG":146.965909090909,"AUS":1.94255105892766,"AUT":91.7197043141057,"BDI":177.804283489097,"BEN":35.8132937211777,"BFA":26.0974817251462,"BGD":693.732081124683,"BGR":80.3680466419597,"BHR":541.339130434783,"BHS":23.6377622377622,"BLZ":6.52284085927225,"BMU":999.944444444444,"BOL":5.43534477983938,"BRA":14.8433872847308,"BRB":586.674418604651,"BRN":36.4282732447818,"BTN":9.58491535218201,"BWA":1.71156635434863,"CAF":3.97830106905519,"CAN":2.76835266836873,"CHE":160.745797168691,"CHL":15.7070805291501,"CHN":105.864777780737,"CIV":26.907534591195,"CMR":18.6507097374712,"COD":12.1305286605942,"COG":5.47513616398243,"COL":24.0768517350158,"COM":186.664159054272,"CPV":81.351364764268,"CRI":48.112749706228,"CUB":91.7068901303538,"CYM":74.6041666666667,"CYP":74.5555194805195,"DEU":224.580835218973,"DJI":14.7992666091458,"DMA":97.3146666666667,"DNK":128.0393,"DOM":121.474912026496,"DZA":8.07002611536104,"ECU":30.2951524346193,"EGY":45.353582801748,"ESP":75.5989088215272,"FIN":15.7587708066581,"FJI":35.9863711001642,"FRA":103.169780128027,"FRO":31.2507163323782,"G001":43.3386042439122,"GAB":2.98205068498467,"GBR":232.85177117348,"GHA":53.9760569570185,"GIB":2874,"GIN":20.9314992674589,"GMB":73.0360671936759,"GNB":29.9584637268848,"GNQ":10.8111229946524,"GRC":75.4798293250582,"GRD":276.623529411765,"GRL":0.149253731343284,"GTM":66.0288167226577,"GUM":209.077777777778,"GUY":3.94438912877826,"HKG":5183.4,"HND":34.335311466619,"HTI":207.68232946299,"HUN":119.152925472747,"IDN":84.1728638694613,"IMN":113.326315789474,"IND":236.680551865168,"IRL":50.1233851066918,"IRN":25.7799258331491,"IRQ":32.0241008756888,"ISL":2.30179551122195,"ISR":182.809611829945,"ITA":192.110689877937,"JAM":200.72188365651,"JOR":26.354453762466,"JPN":321.127183406114,"KEN":29.169460941069,"KHM":29.9370892816678,"KIR":76.6925925925926,"KNA":164.223076923077,"KOR":401.443582832262,"KWT":88.8566778900112,"LAO":14.5867894280763,"LBN":294.133040078201,"LBR":20.6277720099668,"LBY":2.05820043875104,"LCA":198.632786885246,"LIE":160.45625,"LKA":240.781597831287,"LSO":47.6966073781291,"MAC":12240,"MAR":44.7801949361416,"MCO":13464.7261963493,"MDG":15.9559290848437,"MDV":565.106666666667,"MEX":35.4392386635459,"MLI":6.30456404330473,"MLT":996.81875,"MMR":51.8082795238241,"MNG":1.1262849718674,"MOZ":14.7106068313029,"MRT":1.47169593480159,"MUS":482.986206896552,"MWI":69.1180950360628,"MYS":40.7828427940953,"NAM":1.20552903594116,"NCL":8.28451859956236,"NER":4.99092602826241,"NGA":83.5206506582342,"NIC":27.8018447731428,"NLD":422.014454976303,"NOR":11.224556734676,"NPL":111.345615384615,"NRU":391.95,"NZL":11.8677604344689,"OMN":3.4162197092084,"PAK":111.304027864259,"PAN":26.9628463814905,"PER":13.90531640625,"PHL":165.38124895194,"PNG":7.05961886675794,"POL":117.204567566685,"PRI":365.563923337091,"PRK":153.652479029981,"PRT":107.665158469945,"PRY":7.89731688900075,"PYF":44.1273224043716,"QAT":25.284496124031,"ROU":97.0438048102804,"RWA":224.046615322254,"SAU":2.98673343598379,"SEN":31.1492234976367,"SGP":3780.35074626866,"SLB":8.80868167202572,"SLE":46.2585203657523,"SLV":220.588754826255,"SMR":364,"SOM":9.53685242452259,"STP":104.807291666667,"SUR":2.33919749973226,"SWE":20.4264475080627,"SWZ":35.8609302325581,"SYC":139.20652173913,"SYR":50.3873598868212,"TCA":8.32421052631579,"TCD":3.59034228081321,"TGO":55.3970031255746,"THA":91.1661120789211,"TLS":44.4178211163416,"TON":135.984722222222,"TTO":221.273294346979,"TUN":43.500798146241,"TUR":60.1863103049517,"TUV":250.866666666667,"TZA":22.3354064122827,"UGA":67.8467143786597,"URY":16.9308993257913,"USA":25.0537178893674,"VCT":269.417948717949,"VEN":17.7850427980273,"VGB":76.5266666666667,"VIR":285.294285714286,"VNM":165.09920734892,"VUT":9.70049220672682,"WSM":58.5434628975265,"YEM":18.7176582002765,"ZAF":25.1762391908267,"ZMB":8.04865413847375,"ZWE":19.3838309422257}}