{"schemaVersion":1,"dataKind":"ranking-year","indicatorId":"EN.POP.DNST","year":1982,"valuesByCountry":{"ABW":340.422222222222,"AFG":16.8519969949251,"AGO":7.01985080612818,"ALB":101.61598540146,"AND":82.4765957446808,"ARE":16.4231202478175,"ARG":10.5690677424188,"ASM":174.545,"ATG":147.238636363636,"AUS":1.97652356716088,"AUT":91.7855065438682,"BDI":182.297118380062,"BEN":36.8623270663356,"BFA":26.8282054093567,"BGD":713.025328416686,"BGR":80.6061375757028,"BHR":560.844927536232,"BHS":24.0373626373626,"BLZ":6.68776852257782,"BMU":1007.16666666667,"BOL":5.55532908704883,"BRA":15.1855741827727,"BRB":588.593023255814,"BRN":37.6024667931689,"BTN":9.8984440211459,"BWA":1.78086390344609,"CAF":4.02480818003788,"CAN":2.80148233412413,"CHE":161.687770736763,"CHL":15.9377323370077,"CHN":107.435358027321,"CIV":28.0123773584906,"CMR":19.0998244166614,"COD":12.5000286716217,"COG":5.59423133235725,"COL":24.6402262280306,"COM":191.907039226222,"CPV":82.5617866004963,"CRI":49.4478260869565,"CUB":92.296843575419,"CYM":78.125,"CYP":75.3784632034632,"DEU":224.367330220835,"DJI":15.3960310612597,"DMA":96.9173333333333,"DNK":127.94525,"DOM":124.345145932519,"DZA":8.34362608848993,"ECU":31.1056855945673,"EGY":46.6197307750264,"ESP":76.0541624954951,"FIN":15.8473127811156,"FJI":36.8590038314176,"FRA":103.54724742555,"FRO":31.64111747851,"G001":44.1313457991324,"GAB":3.06316606512206,"GBR":232.768325548712,"GHA":55.5674562714248,"GIB":2876.5,"GIN":21.3563079928374,"GMB":75.6672924901186,"GNB":30.4370910384068,"GNQ":11.487201426025,"GRC":75.9465709852599,"GRD":277.597058823529,"GRL":0.150717003219198,"GTM":67.5647723030982,"GUM":214.27962962963,"GUY":3.9457048514097,"HKG":5317.67676767677,"HND":35.3805344534811,"HTI":211.753882438316,"HUN":119.095950606297,"IDN":86.1419387603018,"IMN":113.484210526316,"IND":242.26957342114,"IRL":50.5995064595732,"IRN":27.1815006508018,"IRQ":32.9379769988797,"ISL":2.3327680798005,"ISR":186.275415896488,"ITA":192.253061779606,"JAM":203.498522622345,"JOR":27.5037058023572,"JPN":323.539049699618,"KEN":30.2318849492216,"KHM":30.7978246091094,"KIR":77.9432098765432,"KNA":163.584615384615,"KOR":407.695956873315,"KWT":93.2929292929293,"LAO":14.9481195840555,"LBN":298.624731182796,"LBR":21.2320701827243,"LBY":2.11689702990554,"LCA":201.781967213115,"LIE":164.09375,"LKA":243.766018178919,"LSO":49.1018445322793,"MAC":12732.5,"MAR":45.9787542012099,"MCO":13596.9412925506,"MDG":16.4351050658596,"MDV":581.11,"MEX":36.2320327168909,"MLI":6.44177873937665,"MLT":1018.43125,"MMR":52.763358019402,"MNG":1.15375423371687,"MOZ":15.0364582008698,"MRT":1.51467546327738,"MUS":488.926600985222,"MWI":71.9015591854052,"MYS":42.10256581951,"NAM":1.22715932417496,"NCL":8.36985776805252,"NER":5.1414952238099,"NGA":86.0576226709268,"NIC":28.5752451387735,"NLD":423.954087677725,"NOR":11.2658578922583,"NPL":113.971937062937,"NRU":402,"NZL":11.986251946375,"OMN":3.61123747980614,"PAK":115.568241490245,"PAN":27.6065509819747,"PER":14.25508046875,"PHL":170.022829258477,"PNG":7.20816808726759,"POL":118.288161546247,"PRI":369.498647125141,"PRK":155.93685740387,"PRT":108.325366120219,"PRY":8.12028441983388,"PYF":45.531693989071,"QAT":26.8335055986219,"ROU":97.5763697143353,"RWA":231.517997567896,"SAU":3.17463727328126,"SEN":31.979229211032,"SGP":3949.94925373134,"SLB":9.11754197927831,"SLE":47.2178304239401,"SLV":223.092519305019,"SMR":367.583333333333,"SOM":9.57031274906749,"STP":106.779166666667,"SUR":2.34602583640738,"SWE":20.4381330864632,"SWZ":37.0727906976744,"SYC":140.028260869565,"SYR":52.0867939928175,"TCA":8.73368421052632,"TCD":3.76309005717916,"TGO":57.2723294723295,"THA":92.964389594629,"TLS":44.9999327505044,"TON":136.083333333333,"TTO":223.767446393762,"TUN":44.4686019567456,"TUR":61.4868131439783,"TUV":255.466666666667,"TZA":23.0284161210205,"UGA":69.434117411541,"URY":17.0008684721746,"USA":25.293701468289,"VCT":271.715384615385,"VEN":18.2777325548438,"VGB":79.4733333333333,"VIR":285.908571428571,"VNM":169.010688500415,"VUT":9.92904019688269,"WSM":58.8282685512367,"YEM":19.3969467962195,"ZAF":26.0618247615593,"ZMB":8.31143410592018,"ZWE":20.1537960449787}}