{"schemaVersion":1,"dataKind":"ranking-year","indicatorId":"EN.POP.DNST","year":1983,"valuesByCountry":{"ABW":345.711111111111,"AFG":16.7394661392454,"AGO":7.2856204379562,"ALB":103.794160583942,"AND":86.3085106382979,"ARE":17.3937623204731,"ARG":10.739737420022,"ASM":181.355,"ATG":147.577272727273,"AUS":2.00375824948258,"AUT":91.6373000484731,"BDI":187.247975077882,"BEN":37.9476587442355,"BFA":27.5991557017544,"BGD":732.389605899977,"BGR":80.8075386423212,"BHR":580.734782608696,"BHS":24.4453546453546,"BLZ":6.8521262604121,"BMU":1014.38888888889,"BOL":5.67623003784732,"BRA":15.5285837518874,"BRB":590.679069767442,"BRN":38.850284629981,"BTN":10.2189499818077,"BWA":1.84591780918603,"CAF":4.07300234357443,"CAN":2.82931195827603,"CHE":162.382556880809,"CHL":16.1743381589494,"CHN":108.999014725854,"CIV":29.159572327044,"CMR":19.4948213492416,"COD":12.9026545510686,"COG":5.71104245973646,"COL":25.2259333032898,"COM":197.33100483611,"CPV":83.785111662531,"CRI":50.8255581668625,"CUB":93.026312849162,"CYM":81.6583333333333,"CYP":76.5395021645022,"DEU":223.77991579068,"DJI":15.9427523727351,"DMA":96.4866666666667,"DNK":127.857425,"DOM":127.245870420203,"DZA":8.63155298227346,"ECU":31.9333080479699,"EGY":48.0048239489678,"ESP":76.4301804056625,"FIN":15.9420434026068,"FJI":37.7577996715928,"FRA":104.106744595974,"FRO":31.9985673352436,"G001":44.9314225917752,"GAB":3.14745604843404,"GBR":232.847716281569,"GHA":57.2639360112508,"GIB":2873.3,"GIN":21.8126892397851,"GMB":78.5103754940711,"GNB":30.9243243243243,"GNQ":12.2431729055258,"GRC":76.3896586501164,"GRD":279.258823529412,"GRL":0.152472929470296,"GTM":69.2389137737962,"GUM":219.459259259259,"GUY":3.94153416306833,"HKG":5399.09090909091,"HND":36.448065063902,"HTI":215.93236574746,"HUN":118.930384957721,"IDN":88.1287397119626,"IMN":113.385964912281,"IND":248.007251806982,"IRL":50.9595006532153,"IRN":28.2604772956114,"IRQ":33.9313510300204,"ISL":2.36386034912718,"ISR":189.695009242144,"ITA":192.322851994152,"JAM":206.35567867036,"JOR":28.7546124206709,"JPN":325.797378481704,"KEN":31.3567382366377,"KHM":31.9295433945162,"KIR":79.220987654321,"KNA":162.823076923077,"KOR":413.750808625337,"KWT":97.8841189674523,"LAO":15.3422920277296,"LBN":302.541153470186,"LBR":21.8761731727575,"LBY":2.11359844050149,"LCA":204.990163934426,"LIE":165.2875,"LKA":245.396172859193,"LSO":50.5406126482213,"MAC":13465,"MAR":47.1895496302935,"MCO":13793.7839171189,"MDG":16.9258245348557,"MDV":597.093333333333,"MEX":37.0231950410247,"MLI":6.58454830805039,"MLT":1032.8875,"MMR":53.8034626801726,"MNG":1.18201254134039,"MOZ":15.3536737963834,"MRT":1.55888813427768,"MUS":493.443842364532,"MWI":74.7953860840051,"MYS":43.4816831532491,"NAM":1.26020114418978,"NCL":8.47937636761488,"NER":5.29615852214415,"NGA":88.318960879256,"NIC":29.3358982881835,"NLD":425.564869668246,"NOR":11.3032164799422,"NPL":116.707125874126,"NRU":410.8,"NZL":12.1503171167065,"OMN":3.81731502423263,"PAK":119.639517175176,"PAN":28.2634651600753,"PER":14.61402890625,"PHL":175.049870879029,"PNG":7.36128825685642,"POL":119.402553135917,"PRI":373.296279594138,"PRK":158.242953243086,"PRT":108.82912568306,"PRY":8.35154291467405,"PYF":46.9262295081967,"QAT":28.3987080103359,"ROU":97.9442476339324,"RWA":239.372152411836,"SAU":3.37394740637022,"SEN":32.8494468394536,"SGP":4001.58358208955,"SLB":9.43436941764916,"SLE":48.2356054308673,"SLV":227.189527027027,"SMR":370.483333333333,"SOM":9.88049542512832,"STP":108.729166666667,"SUR":2.35967627952344,"SWE":20.4473882609527,"SWZ":38.3114534883721,"SYC":139.858695652174,"SYR":53.8949232778322,"TCA":9.15473684210526,"TCD":3.95420108005083,"TGO":59.2553594410737,"THA":94.7822603691597,"TLS":45.5754539340955,"TON":136.108333333333,"TTO":226.224951267057,"TUN":45.4029351184346,"TUR":62.9489624884685,"TUV":259.633333333333,"TZA":23.7975547527659,"UGA":71.1770231720134,"URY":17.0767797965947,"USA":25.526042258073,"VCT":273.94358974359,"VEN":18.7769457513746,"VGB":82.4666666666667,"VIR":286.708571428571,"VNM":173.086488064149,"VUT":10.1721082854799,"WSM":58.9095406360424,"YEM":20.1176184252893,"ZAF":26.9883553569809,"ZMB":8.58370169090249,"ZWE":20.9342225668864}}