{"schemaVersion":1,"dataKind":"ranking-year","indicatorId":"EN.POP.DNST","year":1984,"valuesByCountry":{"ABW":349.45,"AFG":17.1568633764163,"AGO":7.56069383171573,"ALB":106.001058394161,"AND":89.9425531914894,"ARE":18.3891298225852,"ARG":10.9121212121212,"ASM":188.335,"ATG":147.459090909091,"AUS":2.02795920492561,"AUT":91.6315317498788,"BDI":191.840537383178,"BEN":39.0732085846045,"BFA":28.4073684210526,"BGD":751.440162863947,"BGR":80.9968272620446,"BHR":601.672463768116,"BHS":24.8614385614386,"BLZ":7.01639631740465,"BMU":1021.64814814815,"BOL":5.79882581002492,"BRA":15.8718164567715,"BRB":592.837209302326,"BRN":40.1633776091082,"BTN":10.5469254970785,"BWA":1.91212746810651,"CAF":4.12310186522842,"CAN":2.85614811741335,"CHE":162.966410052015,"CHL":16.4185710904171,"CHN":110.438580140069,"CIV":30.347534591195,"CMR":20.0441666137801,"COD":13.3411618623321,"COG":5.85513323572474,"COL":25.815853988283,"COM":202.921547555078,"CPV":84.9888337468983,"CRI":52.2443204073639,"CUB":93.7923556797021,"CYM":85.225,"CYP":77.85,"DEU":223.007719187695,"DJI":16.5682916307161,"DMA":96.0746666666667,"DNK":127.790475,"DOM":130.180914924446,"DZA":8.93127251505202,"ECU":32.7798800751337,"EGY":49.472433572756,"ESP":76.7466842864008,"FIN":16.0274565809777,"FJI":38.6817733990148,"FRA":104.616541423138,"FRO":32.3359598853868,"G001":45.7295500902832,"GAB":3.23476151666861,"GBR":233.216517174389,"GHA":58.7614924848378,"GIB":2864.3,"GIN":22.3021976233111,"GMB":81.5840909090909,"GNB":31.4195945945946,"GNQ":13.0088770053476,"GRC":76.7711481768813,"GRD":280.876470588235,"GRL":0.154228855721393,"GTM":71.2083053378126,"GUM":224.633333333333,"GUY":3.93249174498349,"HKG":5452.42424242424,"HND":37.5355259629994,"HTI":220.218795355588,"HUN":118.692645749889,"IDN":90.1158243954139,"IMN":113.20701754386,"IND":253.894116756749,"IRL":51.2762810277254,"IRN":29.3437940519168,"IRQ":35.0063630335871,"ISL":2.38913715710723,"ISR":192.190388170055,"ITA":192.365842711911,"JAM":209.100831024931,"JOR":30.0848594741614,"JPN":329.265149437894,"KEN":32.5313736514742,"KHM":33.1130580104237,"KIR":80.5283950617284,"KNA":161.973076923077,"KOR":418.888202363674,"KWT":102.171043771044,"LAO":15.7618847487002,"LBN":308.186119257087,"LBR":22.5634551495017,"LBY":2.14467019789263,"LCA":208.306557377049,"LIE":166.225,"LKA":246.242385584436,"LSO":52.0087615283267,"MAC":14142.5,"MAR":48.3839973112256,"MCO":13989.1465219536,"MDG":17.4270901399732,"MDV":613.993333333333,"MEX":37.8131361403328,"MLI":6.72731213991264,"MLT":1033.103125,"MMR":54.9305520702635,"MNG":1.21125893331162,"MOZ":15.6615809150792,"MRT":1.60443679053071,"MUS":498.631034482759,"MWI":77.7769410267289,"MYS":44.9216527164815,"NAM":1.2947916287092,"NCL":8.62051422319475,"NER":5.45509670798137,"NGA":90.6117274394194,"NIC":30.0739903606448,"NLD":427.257434834123,"NOR":11.3351595098071,"NPL":119.477216783217,"NRU":418.85,"NZL":12.2558960920588,"OMN":4.03139256865913,"PAK":123.449740556247,"PAN":28.9316922249126,"PER":14.980246875,"PHL":180.186407083208,"PNG":7.51931722828247,"POL":120.487557543505,"PRI":377.022547914318,"PRK":160.576721202558,"PRT":109.24843715847,"PRY":8.59032469166876,"PYF":48.2155737704918,"QAT":29.9636520241171,"ROU":98.2918598593384,"RWA":247.573044183218,"SAU":3.58065907177314,"SEN":33.7576689347115,"SGP":4077.94179104478,"SLB":9.75930689531976,"SLE":49.3039346079246,"SLV":231.563851351351,"SMR":372.433333333333,"SOM":10.2470574170306,"STP":110.827083333333,"SUR":2.38115189678545,"SWE":20.465977168442,"SWZ":39.5804069767442,"SYC":140.689130434783,"SYR":55.818903036239,"TCA":9.58631578947368,"TCD":4.00662722363405,"TGO":61.2766501195073,"THA":96.5994793399753,"TLS":46.1854068594486,"TON":136.097222222222,"TTO":228.651851851852,"TUN":46.4729917610711,"TUR":64.4128594259579,"TUV":263.4,"TZA":24.5868886881915,"UGA":73.1078374455733,"URY":17.1551137012913,"USA":25.7480106911702,"VCT":276.120512820513,"VEN":19.2833070687603,"VGB":85.4666666666667,"VIR":287.428571428571,"VNM":177.289830716765,"VUT":10.4273174733388,"WSM":58.9385159010601,"YEM":20.882999034036,"ZAF":27.9392196786718,"ZMB":8.85200231372496,"ZWE":21.6918392141657}}