{"schemaVersion":1,"dataKind":"ranking-year","indicatorId":"EN.POP.DNST","year":1985,"valuesByCountry":{"ABW":342.933333333333,"AFG":17.5196663753584,"AGO":7.84400417101147,"ALB":108.20299270073,"AND":93.2446808510638,"ARE":19.4017319065052,"ARG":11.085084901834,"ASM":195.515,"ATG":146.797727272727,"AUS":2.05515431576481,"AUT":91.6745637421231,"BDI":196.029672897196,"BEN":40.2448740688187,"BFA":29.2395285087719,"BGD":770.176115848506,"BGR":80.9956340956341,"BHR":623.707246376812,"BHS":25.2901098901099,"BLZ":7.18088557650153,"BMU":1028.64814814815,"BOL":5.92281454813994,"BRA":16.2136067354699,"BRB":594.93023255814,"BRN":41.5406072106262,"BTN":10.8809793891659,"BWA":1.97968168263547,"CAF":4.17498475071431,"CAN":2.88236647002595,"CHE":163.687072258833,"CHL":16.6708009877181,"CHN":111.952706840998,"CIV":31.5738459119497,"CMR":20.6505680015231,"COD":13.7909688802629,"COG":6.03019326500732,"COL":26.3798738170347,"COM":208.679204728641,"CPV":86.1947890818859,"CRI":53.6994516255386,"CUB":94.5738175046555,"CYM":88.85,"CYP":79.1425324675325,"DEU":222.50987597743,"DJI":17.3721742881795,"DMA":95.6586666666667,"DNK":127.842275,"DOM":133.1070999793,"DZA":9.24053171210963,"ECU":33.6337017771998,"EGY":50.9668672459692,"ESP":77.0252923274067,"FIN":16.0944417085262,"FJI":39.6147235905857,"FRA":105.140771871231,"FRO":32.7414040114613,"G001":46.5422851135633,"GAB":3.32489618504288,"GBR":233.746405985202,"GHA":60.0388019688846,"GIB":2851.2,"GIN":22.8323823864561,"GMB":84.8689723320158,"GNB":31.9237908961593,"GNQ":13.744991087344,"GRC":77.0698215671063,"GRD":282.679411764706,"GRL":0.155692127597308,"GTM":73.2520810003733,"GUM":229.846296296296,"GUY":3.919110998222,"HKG":5511.31313131313,"HND":38.6392170882116,"HTI":224.632148040639,"HUN":118.477002670227,"IDN":92.0616840640991,"IMN":112.984210526316,"IND":259.871650651321,"IRL":51.3584264769923,"IRN":30.4417403423463,"IRQ":35.8584950956856,"ISL":2.40802992518703,"ISR":195.609981515712,"ITA":192.421444357553,"JAM":211.510249307479,"JOR":31.4915004533092,"JPN":331.423477783873,"KEN":33.7382155532909,"KHM":34.2385168819397,"KIR":82.0938271604938,"KNA":161.053846153846,"KOR":423.032801161103,"KWT":106.298653198653,"LAO":16.2044410745234,"LBN":314.504007820137,"LBR":23.2614098837209,"LBY":2.21577514577674,"LCA":211.736065573771,"LIE":167.9875,"LKA":247.873608674853,"LSO":53.5039196310935,"MAC":14485,"MAR":49.5495249831952,"MCO":14174.1489886532,"MDG":17.9405406334904,"MDV":633.896666666667,"MEX":38.6035721083361,"MLI":6.86340897729042,"MLT":1051.4125,"MMR":56.0376212626618,"MNG":1.24173833047279,"MOZ":15.9578689692006,"MRT":1.65140875133404,"MUS":502.72315270936,"MWI":80.8284683920238,"MYS":46.4229432354284,"NAM":1.3323251831068,"NCL":8.76553610503282,"NER":5.61968658719507,"NGA":93.2156010847964,"NIC":30.8000581685225,"NLD":429.254502369668,"NOR":11.3691559614942,"NPL":122.221622377622,"NRU":427.55,"NZL":12.3318521894345,"OMN":4.28264943457189,"PAK":127.424871575342,"PAN":29.6060667204735,"PER":15.350159375,"PHL":185.172908072576,"PNG":7.68214459214768,"POL":121.459678735839,"PRI":380.721533258174,"PRK":162.946499460178,"PRT":109.547683060109,"PRY":8.83632267807702,"PYF":49.4502732240437,"QAT":31.5193798449612,"ROU":98.6932317443779,"RWA":256.069233887313,"SAU":3.79207188013155,"SEN":34.7129642133693,"SGP":4083.51791044776,"SLB":10.0912826009289,"SLE":50.4078415073428,"SLV":236.230984555985,"SMR":374.75,"SOM":10.6693164791022,"STP":113.185416666667,"SUR":2.41092618599205,"SWE":20.4998088818743,"SWZ":41.0579069767442,"SYC":141.834782608696,"SYR":57.8173468277288,"TCA":10.0221052631579,"TCD":4.04722760482846,"TGO":63.2669792241221,"THA":98.3983890857132,"TLS":46.850369872226,"TON":136.088888888889,"TTO":231.455360623782,"TUN":47.6950502059732,"TUR":65.8590686433741,"TUV":268.2,"TZA":25.4026789342967,"UGA":75.1898353435764,"URY":17.2382413438464,"USA":25.9771851825972,"VCT":278.220512820513,"VEN":19.7964219715436,"VGB":88.46,"VIR":287.885714285714,"VNM":181.4514178623,"VUT":10.6936833470057,"WSM":58.9572438162544,"YEM":21.69408299714,"ZAF":28.8866390787163,"ZMB":9.12166292255747,"ZWE":22.4552488044462}}