{"schemaVersion":1,"dataKind":"ranking-year","indicatorId":"EN.POP.DNST","year":1986,"valuesByCountry":{"ABW":332.95,"AFG":17.5092743357405,"AGO":8.13303120237427,"ALB":110.315145985401,"AND":97.3063829787234,"ARE":20.6615460433681,"ARG":11.258849193734,"ASM":202.855,"ATG":146.081818181818,"AUS":2.08509821277482,"AUT":91.7328405235095,"BDI":199.743535825545,"BEN":41.4634622206456,"BFA":30.0761951754386,"BGD":788.473319505262,"BGR":80.9741571002441,"BHR":646.791304347826,"BHS":25.7278721278721,"BLZ":7.34563787812363,"BMU":1034.98148148148,"BOL":6.04862826548509,"BRA":16.551095100106,"BRB":596.786046511628,"BRN":42.9781783681214,"BTN":11.2219677674807,"BWA":2.04797699080691,"CAF":4.22847924491958,"CAN":2.91116122865311,"CHE":164.540773281355,"CHL":16.9312336254526,"CHN":113.630335792081,"CIV":32.833072327044,"CMR":21.282270313723,"COD":14.2322383714519,"COG":6.20966910688141,"COL":26.9302496620099,"COM":214.571735626008,"CPV":87.4223325062035,"CRI":55.1746180963572,"CUB":95.3840502793296,"CYM":92.4875,"CYP":80.4226190476191,"DEU":222.611737748117,"DJI":18.3926229508197,"DMA":95.208,"DNK":128.01335,"DOM":136.021693231215,"DZA":9.54995045638903,"ECU":34.4820040456581,"EGY":52.4449193831935,"ESP":77.2557744674035,"FIN":16.1468006172232,"FJI":40.4655719759168,"FRA":105.679565822433,"FRO":33.0451289398281,"G001":47.376713927326,"GAB":3.41795707688128,"GBR":234.288414004051,"GHA":61.3747780610003,"GIB":2832.8,"GIN":23.4033371316946,"GMB":88.3417984189723,"GNB":32.4369132290185,"GNQ":14.4288057040998,"GRC":77.325159038014,"GRD":284.676470588235,"GRL":0.156570090722856,"GTM":75.315584173199,"GUM":235.12037037037,"GUY":3.90194564389129,"HKG":5580.40404040404,"HND":39.7613638394852,"HTI":229.177140783745,"HUN":118.27507788162,"IDN":93.9378908902223,"IMN":113.5,"IND":265.939942620552,"IRL":51.3817680359994,"IRN":31.5860194258209,"IRQ":36.7518233989528,"ISL":2.42573566084788,"ISR":198.65988909427,"ITA":192.431930230186,"JAM":213.492613111727,"JOR":32.9769605621034,"JPN":333.101179051275,"KEN":34.9679270478265,"KHM":35.6089564921822,"KIR":84.0234567901235,"KNA":160.069230769231,"KOR":427.261808003317,"KWT":110.691358024691,"LAO":16.6668760831889,"LBN":322.616324535679,"LBR":23.9670992524917,"LBY":2.2832120895234,"LCA":215.145901639344,"LIE":170.2375,"LKA":250.857215755063,"LSO":54.8793807641634,"MAC":14802.5,"MAR":50.6403831503473,"MCO":14352.7380365072,"MDG":18.4628004952368,"MDV":656.45,"MEX":39.3969171017773,"MLI":6.99176111916996,"MLT":1069.128125,"MMR":57.096548030725,"MNG":1.27369500743701,"MOZ":16.2397034512577,"MRT":1.69965557388183,"MUS":506.581280788177,"MWI":83.8616885871871,"MYS":47.9696210622432,"NAM":1.37385489924571,"NCL":8.91126914660832,"NER":5.79127733480698,"NGA":95.7826377680424,"NIC":31.5286438424464,"NLD":431.643305687204,"NOR":11.4097808588231,"NPL":124.951916083916,"NRU":437.1,"NZL":12.3288139455395,"OMN":4.56678190630049,"PAK":131.806200705687,"PAN":30.2841673392521,"PER":15.7165015625,"PHL":189.975775564275,"PNG":7.84965110630217,"POL":122.289722158738,"PRI":384.391657271702,"PRK":165.358815712981,"PRT":109.647366120219,"PRY":9.09004278882457,"PYF":50.7292349726776,"QAT":32.9390180878553,"ROU":99.1440522705566,"RWA":264.77020672882,"SAU":4.01389921337495,"SEN":35.725299953254,"SGP":4079.66119402985,"SLB":10.4266523758485,"SLE":51.6539207536714,"SLV":240.963754826255,"SMR":377.266666666667,"SOM":11.1180348774189,"STP":115.78125,"SUR":2.44430778079619,"SWE":20.5475405417149,"SWZ":42.716976744186,"SYC":142.721739130435,"SYR":59.8696484927631,"TCA":10.4642105263158,"TCD":4.17016280177891,"TGO":65.2316970031256,"THA":100.173880874552,"TLS":47.5578345662408,"TON":136.125,"TTO":234.527095516569,"TUN":48.9205780123584,"TUR":67.2761872588127,"TUV":273.9,"TZA":26.257573944457,"UGA":77.4114358640709,"URY":17.3285624500057,"USA":26.2183697712404,"VCT":280.207692307692,"VEN":20.3203174423219,"VGB":91.5066666666667,"VIR":288.12,"VNM":185.403692893791,"VUT":10.9696472518458,"WSM":59.0321554770318,"YEM":22.5411292308275,"ZAF":29.8250871740761,"ZMB":9.39812346144016,"ZWE":23.2197957864805}}