{"schemaVersion":1,"dataKind":"ranking-year","indicatorId":"EN.POP.DNST","year":1987,"valuesByCountry":{"ABW":328.661111111111,"AFG":17.4598193888659,"AGO":8.42051656372824,"ALB":112.540328467153,"AND":101.389361702128,"ARE":22.1662067023374,"ARG":11.4341638987244,"ASM":210.36,"ATG":145.331818181818,"AUS":2.11705791234396,"AUT":91.7909112942317,"BDI":204.353076323988,"BEN":42.7322277403334,"BFA":30.9104861111111,"BGD":806.324736882538,"BGR":81.0933652716261,"BHR":670.802898550725,"BHS":26.1673326673327,"BLZ":7.51153003068829,"BMU":1041.94444444444,"BOL":6.17757038678113,"BRA":16.8823379364308,"BRB":598.323255813953,"BRN":44.3757115749526,"BTN":11.5693983691116,"BWA":2.11594057134791,"CAF":4.28449548942181,"CAN":2.94978924978724,"CHE":165.577197315492,"CHL":17.2018823668652,"CHN":115.467206348361,"CIV":34.1241352201258,"CMR":21.9389244991644,"COD":14.6882089058468,"COG":6.39377159590044,"COL":27.4893799008562,"COM":220.547555077915,"CPV":88.6605459057072,"CRI":56.652937720329,"CUB":96.2322346368715,"CYM":96.1375,"CYP":81.6866883116883,"DEU":222.953971300089,"DJI":19.6030629853322,"DMA":94.6973333333333,"DNK":128.1756,"DOM":138.946698406127,"DZA":9.84306599376926,"ECU":35.3247001878341,"EGY":53.9197699532875,"ESP":77.4563811468845,"FIN":16.1926622673102,"FJI":41.0804597701149,"FRA":106.255064477224,"FRO":33.4534383954155,"G001":48.2337618808267,"GAB":3.51410331043583,"GBR":234.787128508246,"GHA":62.7982244880021,"GIB":2809.6,"GIN":24.0118753052255,"GMB":92.0050395256917,"GNB":32.9609530583215,"GNQ":15.0631729055258,"GRC":77.5841349883631,"GRD":286.841176470588,"GRL":0.158326016973954,"GTM":77.4214725643897,"GUM":240.477777777778,"GUY":3.88173736347473,"HKG":5636.86868686869,"HND":40.905442845652,"HTI":233.857873730044,"HUN":118.076780151313,"IDN":95.7794366212733,"IMN":115.082456140351,"IND":272.075202055704,"IRL":51.3870953694295,"IRN":32.7387049043444,"IRQ":37.7736218762146,"ISL":2.45245885286783,"ISR":201.894639556377,"ITA":192.451569140798,"JAM":215.125854108957,"JOR":34.5380099728014,"JPN":334.80252331322,"KEN":36.2232420845486,"KHM":37.1514276002719,"KIR":86.0901234567901,"KNA":159.030769230769,"KOR":431.491706406801,"KWT":115.207295173962,"LAO":17.1473656845754,"LBN":330.943792766373,"LBR":24.6805336378738,"LBY":2.34705604874001,"LCA":218.404918032787,"LIE":172.23125,"LKA":253.812406314782,"LSO":56.1063899868248,"MAC":15342.5,"MAR":51.6567152139816,"MCO":14526.8870251603,"MDG":18.9966141623964,"MDV":679.813333333333,"MEX":40.1947843308727,"MLI":7.11460018521706,"MLT":1076.515625,"MMR":58.1014077179668,"MNG":1.30719229465951,"MOZ":16.3058241562603,"MRT":1.74931017754924,"MUS":510.385221674877,"MWI":87.9632371658888,"MYS":49.5411261604018,"NAM":1.41856332519525,"NCL":9.06181619256017,"NER":5.96917186389832,"NGA":98.3691996881759,"NIC":32.2599634369287,"NLD":434.390906398104,"NOR":11.4633094588823,"NPL":127.625909090909,"NRU":447.3,"NZL":12.4355322623524,"OMN":4.84974474959612,"PAK":136.377538657119,"PAN":30.9654291094969,"PER":16.0799375,"PHL":195.048113492303,"PNG":8.02133772026675,"POL":122.981635051748,"PRI":388.032694475761,"PRK":167.805688896271,"PRT":109.617825136612,"PRY":9.35033727661717,"PYF":52.0352459016393,"QAT":34.1950904392765,"ROU":99.6328470955978,"RWA":273.59112282124,"SAU":4.24721424949644,"SEN":36.7814366592219,"SGP":4141.47611940299,"SLB":10.7686316541622,"SLE":53.0578830701025,"SLV":245.77417953668,"SMR":378.1,"SOM":11.5221442917716,"STP":118.665625,"SUR":2.47284848363265,"SWE":20.6162178643525,"SWZ":44.4076162790698,"SYC":148.910869565217,"SYR":61.9704157144412,"TCA":10.9063157894737,"TCD":4.31886038754765,"TGO":67.2459643316786,"THA":101.928213509757,"TLS":48.3171486213853,"TON":136.633333333333,"TTO":237.302923976608,"TUN":50.1415229145211,"TUR":68.6611358704832,"TUV":279.033333333333,"TZA":27.1284466019417,"UGA":79.8467043691507,"URY":17.4259856016455,"USA":26.4537676766794,"VCT":282.053846153846,"VEN":20.8547848761408,"VGB":94.6266666666667,"VIR":288.288571428571,"VNM":189.205969461427,"VUT":11.2540607054963,"WSM":59.2441696113074,"YEM":23.4291948406159,"ZAF":30.7695142157631,"ZMB":9.67363295174807,"ZWE":24.0006307354272}}