{"schemaVersion":1,"dataKind":"ranking-year","indicatorId":"EN.POP.DNST","year":1988,"valuesByCountry":{"ABW":329.616666666667,"AFG":17.6675375251062,"AGO":8.71203256597417,"ALB":114.683795620438,"AND":105.140425531915,"ARE":23.6804843705998,"ARG":11.6127628631668,"ASM":218.075,"ATG":144.597727272727,"AUS":2.15198104734259,"AUT":91.9209524963645,"BDI":208.930179127726,"BEN":44.0523323873714,"BFA":31.7523209064328,"BGD":823.661427364216,"BGR":81.1845430714996,"BHR":695.549275362319,"BHS":26.6181818181818,"BLZ":7.67996492766331,"BMU":1049.98148148148,"BOL":6.30989384288747,"BRA":17.2079382494191,"BRB":599.448837209302,"BRN":45.7140417457305,"BTN":11.9210239068553,"BWA":2.18000811673989,"CAF":4.35642396224598,"CAN":2.98828599121753,"CHE":166.798240587759,"CHL":17.4833416719119,"CHN":117.341357547999,"CIV":35.4565691823899,"CMR":22.6036428254109,"COD":15.1662962881277,"COG":6.58170717423133,"COL":28.0581559260928,"COM":226.591617409995,"CPV":89.9079404466501,"CRI":58.1297101449275,"CUB":97.1376629422719,"CYM":99.7958333333333,"CYP":82.9258658008658,"DEU":223.826709248704,"DJI":20.9026315789474,"DMA":94.144,"DNK":128.2379,"DOM":141.911281308218,"DZA":10.1226565452148,"ECU":36.1609882964889,"EGY":55.4399326937566,"ESP":77.6208133109082,"FIN":16.2398010440264,"FJI":41.5269293924466,"FRA":106.871112348084,"FRO":33.9219197707736,"G001":49.0986178151045,"GAB":3.61322621958319,"GBR":235.3090852726,"GHA":64.3252527028215,"GIB":2783.9,"GIN":24.6482744587335,"GMB":95.8656126482213,"GNB":33.5014580369844,"GNQ":15.6738324420677,"GRC":77.8664313421257,"GRD":289.141176470588,"GRL":0.160374597600234,"GTM":79.6201847704367,"GUM":245.924074074074,"GUY":3.85909575819152,"HKG":5684.44444444444,"HND":42.074153186165,"HTI":238.684506531205,"HUN":117.90905752754,"IDN":97.6253001540101,"IMN":116.982456140351,"IND":278.267783088198,"IRL":51.167789229206,"IRN":33.8126513421253,"IRQ":38.66021675012,"ISL":2.49117206982544,"ISR":205.268022181146,"ITA":192.544585359219,"JAM":216.599907663897,"JOR":36.1858454215775,"JPN":336.198573779484,"KEN":37.5236655304494,"KHM":38.5906072966236,"KIR":88.1814814814815,"KNA":157.930769230769,"KOR":435.737580344184,"KWT":119.792760942761,"LAO":17.6455849220104,"LBN":337.697849462366,"LBR":25.4042877906977,"LBY":2.40844482080544,"LCA":221.311475409836,"LIE":174.675,"LKA":256.396443948334,"LSO":57.3070158102767,"MAC":15800,"MAR":52.6563387855702,"MCO":14692.1558954119,"MDG":19.5506104481205,"MDV":702.95,"MEX":40.9966979603385,"MLI":7.23985280980831,"MLT":1085.390625,"MMR":59.0643679040304,"MNG":1.34177977043307,"MOZ":16.2778275134159,"MRT":1.80058115843601,"MUS":513.910837438424,"MWI":92.8432541366143,"MYS":51.1234363110638,"NAM":1.46934373064169,"NCL":9.21783369803063,"NER":6.15279703165706,"NGA":101.035486456515,"NIC":33.0091407678245,"NLD":437.206575829384,"NOR":11.5251393588943,"NPL":130.340286713287,"NRU":458.25,"NZL":12.4697125061714,"OMN":5.13269143780291,"PAK":141.039771430054,"PAN":31.6498251277912,"PER":16.4489859375,"PHL":200.352322500587,"PNG":8.19652872852537,"POL":123.492399360084,"PRI":391.645772266065,"PRK":170.277892201644,"PRT":109.50393442623,"PRY":9.61627485527309,"PYF":53.3314207650273,"QAT":35.4232558139535,"ROU":100.102726404446,"RWA":282.451195784353,"SAU":4.47932725183631,"SEN":37.8622448449592,"SGP":4247.9223880597,"SLB":11.120578778135,"SLE":54.5097949570518,"SLV":250.764140926641,"SMR":380.716666666667,"SOM":11.5333949692352,"STP":121.811458333333,"SUR":2.50596840860069,"SWE":20.7111877383913,"SWZ":46.4998837209302,"SYC":149.467391304348,"SYR":64.1106975731853,"TCA":11.3421052631579,"TCD":4.4676000635324,"TGO":69.3094686523258,"THA":103.681017440153,"TLS":49.1422326832549,"TON":137.456944444444,"TTO":239.779532163743,"TUN":51.3287847579815,"TUR":70.0461598430415,"TUV":283.933333333333,"TZA":27.9630684127343,"UGA":82.4307241879786,"URY":17.5292023768712,"USA":26.6950614480247,"VCT":283.738461538462,"VEN":21.3945014454963,"VGB":97.8666666666667,"VIR":288.434285714286,"VNM":193.072684260653,"VUT":11.5468416735029,"WSM":59.4862190812721,"YEM":24.3568914900468,"ZAF":31.7211822700706,"ZMB":9.94288327795639,"ZWE":24.7721183921417}}