{"schemaVersion":1,"dataKind":"ranking-year","indicatorId":"EN.POP.DNST","year":1989,"valuesByCountry":{"ABW":335.794444444444,"AFG":18.205369271576,"AGO":9.01464827143659,"ALB":117.808138686131,"AND":107.702127659574,"ARE":25.2020698394818,"ARG":11.7919632841133,"ASM":225.955,"ATG":143.920454545455,"AUS":2.18872160681046,"AUT":92.3360033931168,"BDI":213.072663551402,"BEN":45.42086732884,"BFA":32.6066337719298,"BGD":840.699078128601,"BGR":80.2401880141011,"BHR":720.763768115942,"BHS":27.0907092907093,"BLZ":7.8521262604121,"BMU":1057.94444444444,"BOL":6.44490538170405,"BRA":17.5281787574747,"BRB":600.253488372093,"BRN":47.0709677419355,"BTN":12.2763093123301,"BWA":2.24140948952764,"CAF":4.46879514591159,"CAN":3.04238549833307,"CHE":168.151990971735,"CHL":17.7732834632538,"CHN":119.154261976407,"CIV":36.8546257861635,"CMR":23.2758879651372,"COD":15.6533230409563,"COG":6.77469399707174,"COL":28.6401793600721,"COM":232.725953788286,"CPV":91.266253101737,"CRI":59.612749706228,"CUB":98.0748882681564,"CYM":103.641666666667,"CYP":84.1363636363636,"DEU":225.564354251998,"DJI":22.577868852459,"DMA":93.5373333333333,"DNK":128.31485,"DOM":144.945042434279,"DZA":10.3934455482127,"ECU":36.995564224823,"EGY":56.9698548395198,"ESP":77.7425997116771,"FIN":16.2985357365639,"FJI":41.9442255062945,"FRA":107.51101586418,"FRO":34.3538681948424,"G001":49.9673128266811,"GAB":3.71458842705786,"GBR":235.92241970818,"GHA":65.9524171574229,"GIB":2754.4,"GIN":25.2963169461175,"GMB":99.9364624505929,"GNB":34.0607752489331,"GNQ":16.2854901960784,"GRC":78.2738401861908,"GRD":291.532352941176,"GRL":0.161837869476149,"GTM":81.891993281075,"GUM":251.47962962963,"GUY":3.83472186944374,"HKG":5743.63636363636,"HND":43.2731968898025,"HTI":243.640420899855,"HUN":116.632012907533,"IDN":99.4726287143196,"IMN":118.929824561404,"IND":284.556159882147,"IRL":50.9654376542314,"IRN":34.8147756575554,"IRQ":39.7021789331687,"ISL":2.5222144638404,"ISR":208.780036968577,"ITA":192.689065315698,"JAM":218.090120036934,"JOR":37.9604147778785,"JPN":337.545255074054,"KEN":38.8629054362723,"KHM":40.0717935644686,"KIR":90.3049382716049,"KNA":156.761538461538,"KOR":440.068816089571,"KWT":124.437037037037,"LAO":18.1584662045061,"LBN":344.602639296188,"LBR":26.1405523255814,"LBY":2.46821328301715,"LCA":223.790163934426,"LIE":176.98125,"LKA":259.106314782331,"LSO":58.4794466403162,"MAC":16255,"MAR":53.6397356038539,"MCO":14841.6378885052,"MDG":20.1275888159026,"MDV":725.793333333333,"MEX":41.7948928727591,"MLI":7.37584966275744,"MLT":1096.00625,"MMR":60.0033938244025,"MNG":1.3727102355306,"MOZ":16.4129835448511,"MRT":1.84636460657805,"MUS":517.862068965517,"MWI":97.3294442087399,"MYS":52.7012539948257,"NAM":1.56560507233174,"NCL":9.41077680525164,"NER":6.34308044525144,"NGA":103.792410817221,"NIC":33.7915572544457,"NLD":439.837292654028,"NOR":11.5728143378125,"NPL":133.271377622378,"NRU":469.5,"NZL":12.5297178230982,"OMN":5.41592245557351,"PAK":145.725182907846,"PAN":32.335485606672,"PER":16.82233515625,"PHL":205.470905859074,"PNG":8.38245373846222,"POL":123.939825002449,"PRI":395.225479143179,"PRK":172.779395399053,"PRT":109.344262295082,"PRY":9.88623710042789,"PYF":54.5472677595628,"QAT":36.662015503876,"ROU":100.987390451275,"RWA":291.232509120389,"SAU":4.711560271481,"SEN":38.9664312055264,"SGP":4374.47910447761,"SLB":11.4784565916399,"SLE":55.888570241064,"SLV":255.74222972973,"SMR":385.9,"SOM":11.3412455765614,"STP":124.978125,"SUR":2.54448371637955,"SWE":20.8498312342254,"SWZ":48.7093023255814,"SYC":150.363043478261,"SYR":66.269779083687,"TCA":11.7821052631579,"TCD":4.62165343074968,"TGO":71.3993564993565,"THA":105.402250973791,"TLS":50.0911903160726,"TON":138.059722222222,"TTO":242.027290448343,"TUN":52.4694902162719,"TUR":71.4326663461663,"TUV":288.733333333333,"TZA":28.7184003160984,"UGA":85.1343676492668,"URY":17.6337275739915,"USA":26.9483653165862,"VCT":285.312820512821,"VEN":21.9363085992858,"VGB":101.2,"VIR":288.688571428571,"VNM":197.079320409229,"VUT":11.8452009844135,"WSM":59.6353356890459,"YEM":25.3123738091179,"ZAF":32.6674649036757,"ZMB":10.2089293641292,"ZWE":25.5003179526948}}