{"schemaVersion":1,"dataKind":"ranking-year","indicatorId":"EN.POP.DNST","year":1990,"valuesByCountry":{"ABW":348.627777777778,"AFG":18.4684237155605,"AGO":9.32570786877356,"ALB":119.946788321168,"AND":111.908510638298,"ARE":26.7279639538158,"ARG":11.9691674979629,"ASM":233.2,"ATG":143.331818181818,"AUS":2.22135662496908,"AUT":93.0422927775085,"BDI":217.564330218069,"BEN":46.8382316424264,"BFA":33.4771783625731,"BGD":857.599423830376,"BGR":78.8058302449607,"BHR":746.082608695652,"BHS":27.5669330669331,"BLZ":8.02612889083735,"BMU":1065.90740740741,"BOL":6.58187205760177,"BRA":17.8440685367797,"BRB":601.353488372093,"BRN":48.442504743833,"BTN":12.6123536587976,"BWA":2.30391191572707,"CAF":4.6099553757745,"CAN":3.08860186557717,"CHE":169.887250637313,"CHL":18.0720883566545,"CHN":120.915506084734,"CIV":38.3326352201258,"CMR":23.9720357089971,"COD":16.1814088793807,"COG":6.97089311859444,"COL":29.2384578639027,"COM":238.901665771091,"CPV":93.1583126550868,"CRI":61.1379945162554,"CUB":98.9925418994413,"CYM":108.329166666667,"CYP":85.3193722943723,"DEU":227.517053819494,"DJI":25.0016393442623,"DMA":92.836,"DNK":128.523475,"DOM":148.026619747464,"DZA":10.6543157523491,"ECU":37.832946828493,"EGY":58.6635370937767,"ESP":77.8218044209515,"FIN":16.3709609639187,"FJI":42.3270935960591,"FRA":108.10095927266,"FRO":34.1977077363897,"G001":50.8461345966514,"GAB":3.81780572049521,"GBR":236.628719050965,"GHA":67.6568867012393,"GIB":2720,"GIN":26.1857968419339,"GMB":104.218972332016,"GNB":34.6254978662873,"GNQ":16.9081639928699,"GRC":79.1062218774244,"GRD":293.991176470588,"GRL":0.162715832601697,"GTM":84.2177398282941,"GUM":256.685185185185,"GUY":3.80946913893828,"HKG":5762.12121212121,"HND":44.512360353919,"HTI":248.709760522496,"HUN":115.433270279292,"IDN":101.293959383297,"IMN":120.905263157895,"IND":290.923964159707,"IRL":51.0084772826245,"IRN":35.8432746383752,"IRQ":40.1975581315591,"ISL":2.54190523690773,"ISR":215.341959334566,"ITA":192.850430111183,"JAM":219.748568790397,"JOR":41.0461015412511,"JPN":338.667032364235,"KEN":40.223233299364,"KHM":41.7785633355994,"KIR":92.4135802469136,"KNA":155.507692307692,"KOR":444.425492432096,"KWT":94.5465207631874,"LAO":18.6826473136915,"LBN":351.434506353861,"LBR":23.0862437707641,"LBY":2.52636427702695,"LCA":225.995081967213,"LIE":179.6375,"LKA":260.763163769734,"LSO":59.6079051383399,"MAC":16747.5,"MAR":54.6169639256106,"MCO":14976.8130241737,"MDG":20.7305413213193,"MDV":749.206666666667,"MEX":42.6040638905322,"MLI":7.5224596169449,"MLT":1106.78125,"MMR":60.9254995868654,"MNG":1.35624754831167,"MOZ":16.6516658612884,"MRT":1.89374017657902,"MUS":521.564039408867,"MWI":101.250021213407,"MYS":54.2784081570537,"NAM":1.66320858992579,"NCL":9.65295404814004,"NER":6.54145338280572,"NGA":106.636060695895,"NIC":34.5899867043377,"NLD":442.876481042654,"NOR":11.6127109548685,"NPL":136.535475524476,"NRU":481.1,"NZL":12.6459306520831,"OMN":5.69936672051696,"PAK":150.679192611042,"PAN":33.0317863868711,"PER":17.19903984375,"PHL":210.801442130328,"PNG":8.60416243430641,"POL":124.427118090698,"PRI":398.759864712514,"PRK":175.335412341168,"PRT":109.106207650273,"PRY":10.1579335514724,"PYF":55.6765027322404,"QAT":37.9134366925065,"ROU":101.163440156965,"RWA":298.958532630726,"SAU":4.94987230716987,"SEN":40.1003635797019,"SGP":4547.95820895522,"SLB":11.8411932833155,"SLE":58.1439179828207,"SLV":260.604536679537,"SMR":391.25,"SOM":11.2902269901489,"STP":128.104166666667,"SUR":2.56992799282227,"SWE":21.0115414726333,"SWZ":50.7225581395349,"SYC":151.102173913043,"SYR":68.447099793231,"TCA":12.3031578947368,"TCD":4.75129685514612,"TGO":73.5201507630079,"THA":107.143081680988,"TLS":51.1328177538668,"TON":138.472222222222,"TTO":244.095126705653,"TUN":53.5820610195675,"TUR":72.7825422605668,"TUV":293.266666666667,"TZA":29.4764134116053,"UGA":87.9330213703018,"URY":17.7374185807336,"USA":27.2545136128993,"VCT":286.697435897436,"VEN":22.4783288929199,"VGB":104.693333333333,"VIR":297.037142857143,"VNM":201.249046053642,"VUT":12.1462674323216,"WBG":328.612624584718,"WSM":59.7321554770318,"YEM":26.3042634998201,"ZAF":33.5888252314338,"ZMB":10.4738683598111,"ZWE":26.2046814010598}}