{"schemaVersion":1,"dataKind":"ranking-year","indicatorId":"EN.POP.DNST","year":1991,"valuesByCountry":{"ABW":366.088888888889,"AFG":18.7646673719393,"AGO":9.64428411005053,"ALB":119.225912408759,"AND":120.568085106383,"ARE":28.2543790481554,"ARG":12.1425130358206,"ASM":239.41,"ATG":144.061363636364,"AUS":2.24985173710998,"AUT":93.9758967523025,"BDI":222.11281152648,"BEN":48.3055338772614,"BFA":34.3371052631579,"BGD":874.142344626258,"BGR":78.0291693030823,"BHR":729.060869565217,"BHS":28.0450549450549,"BLZ":8.19991231915826,"BMU":1073.77777777778,"BOL":6.7204735530324,"BRA":18.1528732469186,"BRB":603.193023255814,"BRN":49.8284629981025,"BTN":12.8370181709222,"BWA":2.36754009845958,"CAF":4.75647853863687,"CAN":3.12722531367149,"CHE":172.023521762943,"CHL":18.3751217163485,"CHN":122.576625036615,"CIV":39.8863836477987,"CMR":24.6814749000444,"COD":16.7291488939371,"COG":7.17197364568082,"COL":29.8317908968004,"COM":244.790972595379,"CPV":95.4307692307692,"CRI":62.7139835487662,"CUB":99.7918063314711,"CYM":113.725,"CYP":86.4658008658009,"DEU":229.18080944061,"DJI":27.2257118205349,"DMA":92.3946666666667,"DNK":128.85745,"DOM":151.104388325398,"DZA":10.9113202952463,"ECU":38.6590810576506,"EGY":60.3033773670199,"ESP":78.0201345506968,"FIN":16.4606191930136,"FJI":42.6741105637657,"FRA":108.645035717599,"FRO":33.9878223495702,"FSM":146.791428571429,"G001":51.701533413007,"GAB":3.92291690922498,"GBR":237.361621130079,"GHA":69.3833875362574,"GIB":2689.8,"GIN":27.2552742959466,"GMB":108.691600790514,"GNB":35.3712304409673,"GNQ":17.5478431372549,"GRC":80.0614972847168,"GRD":296.45,"GRL":0.162423178226514,"GTM":86.530272489735,"GUM":261.246296296296,"GUY":3.79914147828296,"HKG":5810.10101010101,"HND":45.7931182411297,"HTI":253.826197387518,"HUN":115.426727495271,"IDN":103.10296483161,"IMN":122.470175438596,"IND":297.299398962058,"IRL":51.3025838292931,"IRN":36.8298159335937,"IRQ":40.6229348149164,"ISL":2.57154114713217,"ISR":228.69685767098,"ITA":192.983988983714,"JAM":221.686888273315,"JOR":44.3693223028105,"JPN":340,"KEN":41.5477984327231,"KHM":43.5466236120553,"KIR":94.2802469135802,"KNA":155.223076923077,"KOR":448.84619531412,"KWT":75.8360830527497,"LAO":19.2162824956672,"LBN":358.642424242424,"LBR":20.3126868770764,"LBY":2.5827204837628,"LCA":228.72131147541,"LIE":182.55625,"LKA":262.722915005581,"LSO":60.6844202898551,"MAC":17582.5,"MAR":55.5657943087609,"MCO":15108.5347804637,"MDG":21.3595143928191,"MDV":772.673333333333,"MEX":43.432481288099,"MHL":253.155555555556,"MLI":7.67330333800474,"MLT":1137.015625,"MMR":61.8082351501056,"MNG":1.39930708804756,"MNP":96.5065217391304,"MOZ":16.9791830921437,"MRT":1.94987678276899,"MUS":527.224630541872,"MWI":104.414796351294,"MYS":55.8285314259626,"NAM":1.71954475336759,"NCL":9.91455142231947,"NER":6.74737506907713,"NGA":109.489950261866,"NIC":35.3966843942164,"NLD":446.380272511848,"NOR":11.6681779851278,"NPL":140.115384615385,"NRU":492.5,"NZL":13.2737077968934,"OMN":5.98214216478191,"PAK":155.744611353259,"PAN":33.7404492870595,"PER":17.56544921875,"PHL":215.924636952074,"PLW":33.9434782608696,"PNG":8.88097204434041,"POL":124.86921871429,"PRI":401.59075535513,"PRK":177.963939872104,"PRT":108.855027322404,"PRY":10.4313214195822,"PYF":56.7606557377049,"QAT":39.1776916451335,"ROU":100.240368691711,"RWA":305.106039724362,"SAU":5.19179230493699,"SEN":41.2563496597933,"SGP":4679.22835820895,"SLB":12.2092890317971,"SLE":58.8288584095317,"SLV":265.206418918919,"SMR":396.616666666667,"SOM":10.8613511014761,"STP":130.934375,"SUR":2.58562818298771,"SWE":21.1552544473323,"SWZ":52.8016860465116,"SYC":153.128260869565,"SYR":70.6323919904233,"TCA":12.9526315789474,"TCD":4.92826874205845,"TGO":75.6675859533002,"THA":108.902961498561,"TLS":52.3388029589778,"TON":138.743055555556,"TTO":246.037231968811,"TUN":54.7233972708548,"TUR":74.0744084819978,"TUV":297.6,"TZA":30.2330503499661,"UGA":90.8658275361594,"URY":17.8399840018284,"USA":27.6211491261017,"VCT":287.748717948718,"VEN":23.0201190408707,"VGB":107.913333333333,"VIR":299.448571428571,"VNM":205.510998801806,"VUT":12.4522559474979,"WBG":343.66196013289,"WSM":59.8473498233216,"YEM":27.3314790613103,"ZAF":34.3650495841199,"ZMB":10.7368272373855,"ZWE":26.8962543621559}}