{"schemaVersion":1,"dataKind":"ranking-year","indicatorId":"EN.POP.DNST","year":1992,"valuesByCountry":{"ABW":383.361111111111,"AFG":20.3593425632062,"AGO":9.96527793374509,"ALB":118.505072992701,"AND":128.085106382979,"ARE":29.7765418192059,"ARG":12.3117806547325,"ARM":125.460519845451,"ASM":245.19,"ATG":146.372727272727,"AUS":2.27518256251383,"AUT":95.0158628211343,"AZE":88.7084369780213,"BDI":228.131113707165,"BEN":49.821248669741,"BFA":35.1947185672515,"BGD":890.775078743182,"BGR":77.1957335261683,"BHR":727.405633802817,"BHS":28.5641358641359,"BIH":82.70734375,"BLR":50.3452948829141,"BLZ":8.37277509864095,"BMU":1081.61111111111,"BOL":6.8589827379304,"BRA":18.458063516524,"BRB":605.272093023256,"BRN":51.2028462998102,"BTN":12.3659439676391,"BWA":2.43508019691917,"CAF":4.90999871584963,"CAN":3.16446145763971,"CHE":173.930259050029,"CHL":18.6738122905268,"CHN":124.088088834447,"CIV":41.5104088050314,"CMR":25.3989824628208,"COD":17.3039456562493,"COG":7.37764275256223,"COL":30.428635421361,"COM":249.926383664696,"CPV":97.62158808933,"CRI":64.3215432824128,"CUB":100.426452513966,"CYM":119.254166666667,"CYP":87.6992424242424,"DEU":230.930020336264,"DJI":27.0064710957722,"DMA":92.4333333333333,"DNK":129.28425,"DOM":154.160091078452,"DZA":11.1803001167214,"ECU":39.4817511920243,"EGY":61.7616756240896,"ESP":78.403181563351,"EST":36.1663364000944,"FIN":16.5533733871762,"FJI":42.9855500821018,"FRA":109.187464514333,"FRO":33.8732091690544,"FSM":149.722857142857,"G001":43.5189034254345,"GAB":4.02988318391741,"GBR":238.0043896995,"GEO":85.2636551313902,"GHA":71.1297134569746,"GIB":2687.8,"GIN":28.1392072277389,"GMB":113.199802371542,"GNB":36.4280227596017,"GNQ":18.2092691622103,"GRC":80.6754150504267,"GRD":298.829411764706,"GRL":0.161837869476149,"GTM":88.8602650242628,"GUM":265.542592592593,"GUY":3.809555499111,"HKG":5859.09090909091,"HND":47.1126195370453,"HRV":81.8425684135217,"HTI":258.946698113208,"HUN":115.381562256593,"IDN":104.905548226124,"IMN":123.426315789474,"IND":303.699753463452,"IRL":51.6537959065176,"IRN":37.5653767283086,"IRQ":41.8429361867526,"ISL":2.60405985037406,"ISR":236.73752310536,"ITA":193.115116793037,"JAM":223.887442289935,"JOR":46.7780258386219,"JPN":341.264399341744,"KAZ":6.42020409675149,"KEN":42.8408827353551,"KGZ":23.5422314911366,"KHM":45.9612678450034,"KIR":95.8530864197531,"KNA":156.596153846154,"KOR":453.534750155505,"KWT":91.7486531986532,"LAO":19.7558318890815,"LBN":366.3119257087,"LBR":21.5164140365449,"LBY":2.63725291837639,"LCA":232.159016393443,"LIE":185.16875,"LKA":266.931653643757,"LSO":61.7020421607378,"LTU":59.0318123803446,"LVA":42.0129204364665,"MAC":18545,"MAR":56.492198073045,"MCO":15237.7898371978,"MDA":103.841049221444,"MDG":22.0120198094714,"MDV":795.143333333333,"MEX":44.2628714730317,"MHL":257.711111111111,"MKD":79.9261895399135,"MLI":7.8295511354789,"MLT":1148.80625,"MMR":62.6592741071702,"MNG":1.4008890569705,"MNP":98.2195652173913,"MOZ":17.3113710928559,"MRT":2.02593868244882,"MUS":534.207389162562,"MWI":107.499777259228,"MYS":57.3263491097245,"NAM":1.77497844016082,"NCL":10.1789934354486,"NER":6.9611060235257,"NGA":112.402439693885,"NIC":36.2059664284527,"NLD":449.767950236967,"NOR":11.7357191357011,"NPL":144.123825174825,"NRU":501.05,"NZL":13.412707455091,"OMN":6.26248142164782,"PAK":160.267289331673,"PAN":34.4543449018025,"PER":17.926828125,"PHL":221.102475098098,"PLW":34.7586956521739,"PNG":9.20085456874089,"POL":125.252757190898,"PRI":404.191206313416,"PRK":180.640403620962,"PRT":108.770426229508,"PRY":10.7062673043041,"PYF":57.8030054644809,"QAT":40.4527993109388,"ROU":99.3388128649874,"RUS":9.06276083819658,"RWA":311.441670044589,"SAU":5.43644711563063,"SEN":42.4266088401807,"SGP":4821.93731343284,"SLB":12.5832440157199,"SLE":57.7218897201441,"SLV":269.575723938224,"SMR":402.083333333333,"SOM":10.3534080402971,"STP":133.447916666667,"SUR":2.60167726626794,"SVN":99.1309831181728,"SWE":21.2797009473911,"SWZ":54.8497674418605,"SYC":153.832608695652,"SYR":72.8347535096311,"TCA":13.6526315789474,"TCD":5.14188055908513,"TGO":77.8381503952933,"THA":110.647759791736,"TJK":40.3643898256645,"TKM":8.39420551997106,"TLS":53.7537323470074,"TON":138.919444444444,"TTO":247.889668615984,"TUN":55.8864057672503,"TUR":75.3480477632109,"TUV":301.266666666667,"TZA":30.9975028223075,"UGA":94.0144737500626,"UKR":90.3144403210494,"URY":17.9391041023883,"USA":28.0068916121481,"UZB":50.5056182416549,"VCT":288.484615384615,"VEN":23.5598299416133,"VGB":110.62,"VIR":302.034285714286,"VNM":209.715619527482,"VUT":12.7652173913043,"WBG":359.40049833887,"WSM":60.1876325088339,"YEM":28.3908062958123,"ZAF":34.9879308212911,"ZMB":10.9991794347516,"ZWE":27.6662789194778}}