{"schemaVersion":1,"dataKind":"ranking-year","indicatorId":"EN.POP.DNST","year":1993,"valuesByCountry":{"ABW":409.361111111111,"AFG":22.9108933965012,"AGO":10.2888706184327,"ALB":117.784197080292,"AND":134.621276595745,"ARE":31.2882709096029,"ARG":12.4795709415389,"ARM":121.29722514928,"ASM":250.795,"ATG":149.061363636364,"AUS":2.2955115004621,"AUT":95.8026296655356,"AZE":90.0633284064554,"BDI":221.060864485981,"BEN":52.0814650585314,"BFA":36.0808223684211,"BGD":907.523699777214,"BGR":76.5824188737232,"BHR":746.795774647887,"BHS":29.1047952047952,"BIH":76.2594140625,"BLR":50.4655186010291,"BLZ":8.5445857080228,"BMU":1089.18518518519,"BOL":6.99639527370073,"BRA":18.7595059427097,"BRB":607.039534883721,"BRN":52.5561669829222,"BTN":11.8715193801768,"BWA":2.50580523353272,"CAF":5.06892516613695,"CAN":3.19942848156117,"CHE":175.521148630479,"CHL":18.9666026479022,"CHN":125.522861023087,"CIV":43.1948144654088,"CMR":26.1325781134311,"COD":17.9335859376723,"COG":7.59919180087848,"COL":31.0423370887787,"COM":254.530897367007,"CPV":99.7431761786601,"CRI":65.9505287896592,"CUB":100.940698324022,"CYM":124.9,"CYP":89.397619047619,"CZE":133.68519477158,"DEU":232.459793194317,"DJI":26.498921484038,"DMA":92.5773333333333,"DNK":129.7157,"DOM":157.204967915545,"DZA":11.4525716492984,"ECU":40.291410200838,"EGY":63.2032558139535,"ERI":18.376297029703,"ESP":78.8107920871376,"EST":35.2471809389007,"ETH":53.708891,"FIN":16.6336616435208,"FJI":43.2604816639299,"FRA":109.663408479451,"FRO":33.2908309455587,"FSM":152.951428571429,"G001":43.7899745109207,"GAB":4.13864633057787,"GBR":238.575678915389,"GEO":85.921480807586,"GHA":72.9081436230992,"GIB":2707,"GIN":29.0093480384177,"GMB":117.427371541502,"GNB":37.650960170697,"GNQ":18.8956506238859,"GRC":81.1513964313421,"GRD":301.123529411765,"GRL":0.161545215100966,"GTM":91.2631672265771,"GUM":269.72962962963,"GUY":3.8250698501397,"HKG":5960.60606060606,"HND":48.4694700151935,"HRV":82.2833661241281,"HTI":264.084941944848,"HUN":115.262886712664,"IDN":106.705878326534,"IMN":124.161403508772,"IND":310.144453264003,"IRL":51.9126288285673,"IRN":37.699564699526,"IRQ":43.9014907286737,"ISL":2.63067331670823,"ISR":243.1146025878,"ITA":193.233215463602,"JAM":226.215697137581,"JOR":49.2749320036265,"JPN":342.372462973121,"KAZ":6.39866911138275,"KEN":44.1318269670028,"KGZ":23.5494108446298,"KHM":48.8124915023793,"KIR":97.3345679012346,"KNA":158.623076923077,"KOR":458.165332780427,"KWT":93.8356341189674,"LAO":20.2992201039861,"LBN":373.474780058651,"LBR":22.3746470099668,"LBY":2.68993316434977,"LCA":235.616393442623,"LIE":188.05625,"LKA":271.502439802264,"LSO":62.6414031620553,"LTU":58.7526005105297,"LVA":41.1925691420123,"MAC":19200,"MAR":57.3932018821421,"MCO":15360.6314750863,"MDA":103.37881682704,"MDG":22.6937871857482,"MDV":816.28,"MEX":45.0905666298002,"MHL":261.627777777778,"MKD":78.9167911915061,"MLI":7.99448118735607,"MLT":1160.3375,"MMR":63.5040380083851,"MNG":1.3991700874709,"MNP":99.895652173913,"MOZ":17.8681960375391,"MRT":2.10956437372659,"MUS":540.578325123153,"MWI":109.079592702588,"MYS":58.8119433876122,"NAM":1.8325219545968,"NCL":10.4407549234136,"NER":7.18464435146443,"NGA":115.421093140969,"NIC":37.0095728768489,"NLD":452.913744075829,"NOR":11.8057818882719,"NPL":148.113,"NRU":505.1,"NZL":13.5665185522768,"OMN":6.53206785137318,"PAK":164.772879047323,"PAN":35.1775490987355,"PER":18.29201796875,"PHL":226.483620082503,"PLW":35.5913043478261,"PNG":9.54129753124586,"POL":125.571869796598,"PRI":407.609582863585,"PRK":183.318262602774,"PRT":108.903551912568,"PRY":10.9808608104707,"PYF":58.8030054644809,"QAT":41.7351421188631,"ROU":99.2036956332258,"RUS":9.0599991578269,"RWA":323.515687069315,"SAU":5.68261563295173,"SEN":43.610284111567,"SGP":4945.47910447761,"SLB":12.9631654162201,"SLE":57.593931837074,"SLV":273.163947876448,"SMR":407.866666666667,"SOM":10.6503634392833,"STP":135.903125,"SUR":2.61266116914955,"SVK":110.713201663202,"SVN":98.8950347567031,"SWE":21.4036613666677,"SWZ":56.471976744186,"SYC":157.071739130435,"SYR":75.0663075416259,"TCA":14.3663157894737,"TCD":5.26456956797967,"TGO":77.3571060856775,"THA":112.368999197479,"TJK":40.9044941411832,"TKM":8.58086736322431,"TLS":55.2412239408204,"TON":139.031944444444,"TTO":249.60350877193,"TUN":57.0153836251287,"TUR":76.6591310110053,"TUV":304.2,"TZA":31.9854278618198,"UGA":97.3182573444773,"UKR":90.3601035643393,"URY":18.0341960918752,"USA":28.3786587123429,"UZB":51.6877174424071,"VCT":289.064102564103,"VEN":24.0967292103622,"VGB":113.26,"VIR":304.508571428571,"VNM":213.789621800977,"VUT":13.0814602132896,"WBG":375.859800664452,"WSM":60.6975265017668,"YEM":29.4787847794382,"ZAF":35.6916271669868,"ZMB":11.2645058448459,"ZWE":28.0736409461031}}