{"schemaVersion":1,"dataKind":"ranking-year","indicatorId":"EN.POP.DNST","year":1994,"valuesByCountry":{"ABW":431.083333333333,"AFG":24.9157413795747,"AGO":10.6278687735622,"ALB":117.063357664234,"AND":137.472340425532,"ARE":32.7821458744016,"ARG":12.647940029744,"ARM":118.180892167194,"ASM":256.255,"ATG":151.915909090909,"AUS":2.31772620178853,"AUT":96.1720552593311,"AZE":91.2860353052862,"BDI":222.502102803738,"BEN":54.0662114224902,"BFA":37.0021856725146,"BGD":924.507789813321,"BGR":76.3227967097532,"BHR":766.712676056338,"BHS":29.6212787212787,"BIH":72.761953125,"BLR":50.4093839647473,"BLZ":8.72849627356423,"BMU":1096.18518518519,"BOL":7.1331320963722,"BRA":19.0550775651042,"BRB":608.418604651163,"BRN":53.907210626186,"BTN":13.9320854271357,"BWA":2.57622324563725,"CAF":5.22962855950432,"CAN":3.23466308408036,"CHE":176.925563862413,"CHL":19.2543912030686,"CHN":126.949644502437,"CIV":44.9283050314465,"CMR":26.8767383808255,"COD":18.802794821464,"COG":7.82765446559297,"COL":31.6605768364128,"COM":259.076840408383,"CPV":101.793548387097,"CRI":67.5895417156287,"CUB":101.359599627561,"CYM":130.633333333333,"CYP":91.4141774891775,"CZE":133.73349294681,"DEU":233.274177193435,"DJI":27.0366695427092,"DMA":92.636,"DNK":130.1545,"DOM":160.250341544194,"DZA":11.7087839142812,"ECU":41.0785905216009,"EGY":64.579425385504,"ERI":18.9496534653465,"ESP":79.1869053339741,"EST":34.5013918376976,"ETH":55.611508,"FIN":16.7055156111494,"FJI":43.5014230979748,"FRA":110.074891919473,"FRO":32.0164756446991,"FSM":155.821428571429,"G001":44.4714208665441,"GAB":4.24853494780145,"GBR":239.183834166908,"GEO":84.6089086392106,"GHA":74.6822097213677,"GIB":2723.9,"GIN":29.8921821585545,"GMB":121.267391304348,"GNB":38.8346728307255,"GNQ":19.6127629233512,"GRC":81.5587432117921,"GRD":303.347058823529,"GRL":0.162423178226514,"GTM":93.7263717805151,"GUM":273.82962962963,"GUY":3.83958343916688,"HKG":6096.36363636364,"HND":49.8636339261775,"HRV":83.2055803970667,"HTI":269.222460087083,"HUN":115.105219229913,"IDN":108.520138885056,"IMN":124.856140350877,"IND":316.550158920217,"IRL":52.1176658440993,"IRN":37.7714322552126,"IRQ":46.0475272652445,"ISL":2.65357605985037,"ISR":249.49168207024,"ITA":193.272585087212,"JAM":228.55216989843,"JOR":51.6931776971895,"JPN":343.329676357652,"KAZ":6.31320924547172,"KEN":45.4319323892188,"KGZ":23.5405057351408,"KHM":52.3405959664627,"KIR":98.7913580246914,"KNA":160.676923076923,"KOR":462.798465685258,"KWT":93.3984848484849,"LAO":20.8371750433276,"LBN":380.234506353861,"LBR":22.3206810631229,"LBY":2.74051001966423,"LCA":239.16393442623,"LIE":190.4375,"LKA":275.486732578536,"LSO":63.4949604743083,"LTU":58.3462667517549,"LVA":40.5088145017436,"MAC":19840,"MAR":58.2586197624916,"MCO":15478.5397138629,"MDA":103.094311429266,"MDG":23.409997592599,"MDV":836.073333333333,"MEX":45.9164098870856,"MHL":265.066666666667,"MKD":78.3588674793551,"MLI":8.16842540915759,"MLT":1171.240625,"MMR":64.3497612999969,"MNG":1.41485083743625,"MNP":101.586956521739,"MOZ":19.1177967394898,"MRT":2.18245270204715,"MUS":548.2,"MWI":107.816016122189,"MYS":60.3270308933191,"NAM":1.89034726524068,"NCL":10.7009846827133,"NER":7.41948211889161,"NGA":118.5103966973,"NIC":37.8038557420642,"NLD":455.65278436019,"NOR":11.8731943577444,"NPL":151.870482517483,"NRU":506.85,"NZL":13.7480536250047,"OMN":6.72644264943457,"PAK":169.608866490245,"PAN":35.9099542641916,"PER":18.65741640625,"PHL":231.476308817118,"PLW":36.4565217391304,"PNG":9.89314136819326,"POL":125.837121682066,"PRI":411.413416009019,"PRK":185.981023170833,"PRT":109.196994535519,"PRY":11.2545104455072,"PYF":59.7644808743169,"QAT":43.0197243755383,"ROU":99.0379983442987,"RUS":9.05957648127472,"RWA":275.328415079043,"SAU":5.93110634556611,"SEN":44.793424401392,"SGP":5103.05671641791,"SLB":13.3503036798857,"SLE":57.8152535328346,"SLV":275.778426640927,"SMR":413.716666666667,"SOM":11.2009388848153,"STP":138.2625,"SUR":2.63149516711388,"SVK":111.150332640333,"SVN":98.780685203575,"SWE":21.556320191722,"SWZ":56.4658139534884,"SYC":161.315217391304,"SYR":77.3129992382196,"TCA":15.0989473684211,"TCD":5.38711086404066,"TGO":77.6418459275602,"THA":114.037961204956,"TJK":41.6216633323807,"TKM":8.76016002383334,"TLS":56.7917283120377,"TON":139.119444444444,"TTO":251.138596491228,"TUN":58.0487126673532,"TUR":78.0035029819524,"TUV":306.9,"TZA":33.2381530819598,"UGA":100.639612632,"UKR":89.8869388107362,"URY":18.1284081819221,"USA":28.7288076375484,"UZB":52.8051034320639,"VCT":289.533333333333,"VEN":24.6303361487444,"VGB":116.04,"VIR":306.622857142857,"VNM":217.685308304403,"VUT":13.3973748974569,"WBG":393.072757475083,"WSM":61.186925795053,"YEM":30.587243593386,"ZAF":36.2744223429424,"ZMB":11.5367021348148,"ZWE":28.1068838050924}}