{"schemaVersion":1,"dataKind":"ranking-year","indicatorId":"EN.POP.DNST","year":1995,"valuesByCountry":{"ABW":443.361111111111,"AFG":26.1653649786118,"AGO":10.9888329189059,"ALB":116.342481751825,"AND":135.982978723404,"ARE":34.2813573641228,"ARG":12.8147579740489,"ARM":116.177766069547,"ASM":261.58,"ATG":154.975,"AUS":2.34368379261419,"AUT":96.3194134755211,"AZE":92.3471165747383,"BDI":236.227258566978,"BEN":55.2214703795672,"BFA":37.9631652046784,"BGD":941.848121687025,"BGR":75.9836120401338,"BHR":787.153521126761,"BHS":30.115984015984,"BIH":72.569609375,"BLR":50.2485902162983,"BLZ":8.94984655852696,"BMU":1102.33333333333,"BOL":7.26915535862642,"BRA":19.3506058764271,"BRB":609.393023255814,"BRN":55.2552182163188,"BTN":13.768567839196,"BWA":2.64470912074533,"CAF":5.37425278500112,"CAN":3.26830816488374,"CHE":178.111454004043,"CHL":19.5383399772975,"CHN":128.336621134526,"CIV":46.7156132075472,"CMR":27.6247932135982,"COD":19.5997900355087,"COG":8.05113030746706,"COL":32.2709887336638,"COM":263.614185921548,"CPV":103.747890818859,"CRI":69.2357226792009,"CUB":101.725903165736,"CYM":136.429166666667,"CYP":93.3652597402597,"CZE":133.651520641905,"DEU":233.967490690347,"DJI":27.3112165660052,"DMA":92.6253333333333,"DNK":130.834325,"DOM":163.28120471952,"DZA":11.9535259936013,"ECU":41.867194047103,"EGY":65.9527068160129,"ERI":20.0521485148515,"ESP":79.5371816434406,"EST":33.8908704883227,"ETH":57.537335,"FIN":16.7693949243245,"FJI":43.7189928845101,"FRA":110.476470915669,"FRO":31.2399713467049,"FSM":157.471428571429,"G001":45.1465408424128,"GAB":4.35911437109481,"GBR":239.817426528335,"GEO":81.4885405367578,"GHA":76.4657510767338,"GIB":2737.7,"GIN":30.7392519941397,"GMB":124.932114624506,"GNB":39.8274893314367,"GNQ":20.3659180035651,"GRC":81.9406749418154,"GRD":305.497058823529,"GRL":0.163301141352063,"GTM":96.2392310563643,"GUM":277.877777777778,"GUY":3.85261874523749,"HKG":5862.95238095238,"HND":51.2971400482617,"HRV":82.633339295296,"HTI":274.40297532656,"HUN":114.945081237481,"IDN":110.339681602146,"IMN":125.461403508772,"IND":322.986773129198,"IRL":52.3855566845696,"IRN":38.1919785603772,"IRQ":47.6161145025951,"ISL":2.66800997506234,"ISR":256.238447319778,"ITA":193.27565536704,"JAM":230.854201292705,"JOR":53.8542157751587,"JPN":344.136039495337,"KAZ":6.19718339074712,"KEN":46.7402589872439,"KGZ":23.7771324296142,"KHM":56.7555914343984,"KIR":100.288888888889,"KNA":162.792307692308,"KOR":467.478654364503,"KWT":94.3609988776656,"LAO":21.357924610052,"LBN":387.16862170088,"LBR":22.5203696013289,"LBY":2.78870784409562,"LCA":242.96393442623,"LIE":192.35,"LKA":280.084005740711,"LSO":64.276581027668,"LTU":57.8988832163369,"LVA":39.9353335368891,"MAC":20465,"MAR":59.1517566659198,"MCO":15593.9812530834,"MDA":102.659297111273,"MDG":24.1621814492554,"MDV":855.496666666667,"MEX":46.7411481776795,"MHL":268.144444444444,"MKD":78.589618560755,"MLI":8.34735983740237,"MLT":1179.434375,"MMR":65.1916301986106,"MNG":1.43782428319221,"MNP":104.730434782609,"MOZ":20.2962053968819,"MRT":2.24315222664209,"MUS":552.934482758621,"MWI":107.659280865507,"MYS":61.8797717242429,"NAM":1.9460578896865,"NCL":10.9616520787746,"NER":7.66916317991632,"NGA":121.676634056897,"NIC":38.5817766328735,"NLD":457.90894549763,"NOR":11.9349914030073,"NPL":155.56251048951,"NRU":508.25,"NZL":13.9508564049979,"OMN":6.85146365105008,"PAK":174.58262375467,"PAN":36.6499461931665,"PER":19.02259296875,"PHL":236.597397457826,"PLW":37.3804347826087,"PNG":10.2554387669478,"POL":126.008025074276,"PRI":415.231454340474,"PRK":188.267618968524,"PRT":109.575693989071,"PRY":11.5273244399698,"PYF":60.6879781420765,"QAT":44.3001722652885,"ROU":98.8464421107674,"RUS":9.05924682416698,"RWA":230.000729631131,"SAU":6.18193553489108,"SEN":45.9569989092609,"SGP":5260.45671641791,"SLB":13.7453733476242,"SLE":57.89940426711,"SLV":278.095125482625,"SMR":419.3,"SOM":11.6125338731788,"STP":140.515625,"SUR":2.67654599056082,"SVK":111.476070686071,"SVN":98.8019860973188,"SWE":21.669724311183,"SWZ":56.420523255814,"SYC":163.704347826087,"SYR":79.5342311459354,"TCA":15.8442105263158,"TCD":5.62981575603558,"TGO":81.0963780106637,"THA":115.67701853628,"TJK":42.5020291511861,"TKM":8.91878152065201,"TLS":58.3823806321453,"TON":139.201388888889,"TTO":252.469590643275,"TUN":58.9679325437693,"TUR":79.2907020256487,"TUV":309.333333333333,"TZA":34.3006288101151,"UGA":103.426590260748,"UKR":89.1784568913437,"URY":18.2232887669981,"USA":29.0729515141457,"UZB":53.8730347907851,"VCT":289.864102564103,"VEN":25.1616359616802,"VGB":118.933333333333,"VIR":308.051428571429,"VNM":221.358382746014,"VUT":13.7109926168991,"WBG":411.074086378738,"WSM":61.6858657243816,"YEM":31.7064568062579,"ZAF":36.7174356395651,"ZMB":11.8185111448903,"ZWE":28.3691327387876}}