{"schemaVersion":1,"dataKind":"ranking-year","indicatorId":"EN.POP.DNST","year":1996,"valuesByCountry":{"ABW":461.227777777778,"AFG":27.2346656854177,"AGO":11.3667867169327,"ALB":115.621642335766,"AND":136.136170212766,"ARE":36.5751056040552,"ARG":12.9769148131502,"ARM":115.164559185107,"ASM":266.765,"ATG":158.209090909091,"AUS":2.37230608021035,"AUT":96.4495516238488,"AZE":93.2862275736929,"BDI":236.390420560748,"BEN":56.6855090457609,"BFA":38.9471564327485,"BGD":959.223930245064,"BGR":75.5927506101419,"BHR":808.157746478873,"BHS":30.5962037962038,"BIH":75.6883984375,"BLR":50.083158330622,"BLZ":9.22007891275756,"BMU":1107.64814814815,"BOL":7.40490722791471,"BRA":19.6458241905496,"BRB":609.962790697674,"BRN":56.5988614800759,"BTN":13.7885427135678,"BWA":2.71013357330651,"CAF":5.51536967478892,"CAN":3.30265135925243,"CHE":178.905301988284,"CHL":19.8162903546855,"CHN":129.688982907321,"CIV":48.5607295597484,"CMR":28.3784074802733,"COD":19.9802051123707,"COG":8.27755490483163,"COL":32.8641234790446,"COM":268.192907039226,"CPV":105.603225806452,"CRI":70.8776537406972,"CUB":102.067132216015,"CYM":142.2625,"CYP":95.2694805194805,"CZE":133.496065743497,"DEU":234.652470709559,"DJI":27.9701466781708,"DMA":92.5466666666667,"DNK":131.57685,"DOM":166.278079072656,"DZA":12.1898460789171,"ECU":42.6634518133218,"EGY":67.334419609222,"ERI":21.073900990099,"ESP":79.8691574563511,"EST":33.3945270110875,"ETH":59.467635,"FIN":16.8244952230868,"FJI":43.9950191570881,"FRA":110.872073476204,"FRO":31.2184813753582,"FSM":158.157142857143,"G001":45.824387346104,"GAB":4.47089300267784,"GBR":240.428843053776,"GEO":78.5839077644424,"GHA":78.272747648765,"GIB":2748.7,"GIN":31.6215000813935,"GMB":128.597826086957,"GNB":40.6662517780939,"GNQ":21.1583600713012,"GRC":82.3025601241272,"GRD":307.6,"GRL":0.163593795727246,"GTM":98.7637737961926,"GUM":281.794444444444,"GUY":3.86347980695961,"HKG":6129.04761904762,"HND":52.7656984538386,"HRV":81.4058056448732,"HTI":279.664622641509,"HUN":114.747807700868,"IDN":112.170298691191,"IMN":126.398245614035,"IND":329.5041547967,"IRL":52.8017128755988,"IRN":38.6068542940642,"IRQ":49.1604842581796,"ISL":2.68245386533666,"ISR":263.031423290203,"ITA":193.329981979531,"JAM":233.099076638966,"JOR":55.6722121486854,"JPN":345.012345679012,"KAZ":6.08068563173686,"KEN":48.044788628457,"KGZ":24.1315849843587,"KHM":61.190063448901,"KIR":102.003703703704,"KNA":164.911538461538,"KOR":471.953980924736,"KWT":97.0957351290685,"LAO":21.8616897746967,"LBN":394.406744868035,"LBR":23.1757578903654,"LBY":2.83448685451879,"LCA":246.616393442623,"LIE":193.95625,"LKA":285.520937649498,"LSO":64.9676548089592,"LTU":57.4603222718571,"LVA":39.4880357401128,"MAC":20755,"MAR":60.0674591082232,"MCO":15706.4627528367,"MDA":102.453957659819,"MDG":24.9522148089555,"MDV":874.49,"MEX":47.559197510224,"MHL":270.972222222222,"MKD":79.1408965788439,"MLI":8.52922741540252,"MLT":1187.203125,"MMR":66.0324693209291,"MNG":1.4601592545626,"MNP":112.404347826087,"MOZ":20.9726595284722,"MRT":2.28794799650723,"MUS":558.618719211823,"MWI":109.803012303776,"MYS":63.4609252777355,"NAM":1.99942061727945,"NCL":11.2163019693654,"NER":7.92993763322018,"NGA":124.899567399014,"NIC":39.305085590826,"NLD":460.026599526066,"NOR":11.9956412699456,"NPL":159.034,"NRU":509.15,"NZL":14.1734077703088,"OMN":6.9690662358643,"PAK":179.738859485264,"PAN":37.3988027979553,"PER":19.38372734375,"PHL":242.11101720495,"PLW":38.3782608695652,"PNG":10.6288058119507,"POL":126.103921120507,"PRI":419.916009019166,"PRK":190.148210281538,"PRT":109.988469945355,"PRY":11.7984973571608,"PYF":61.6090163934426,"QAT":45.5658053402239,"ROU":98.5491634715929,"RUS":9.04631156749681,"RWA":271.940170247264,"SAU":6.43395512841386,"SEN":47.0940320988937,"SGP":5478.66268656716,"SLB":14.148231511254,"SLE":58.1769188140759,"SLV":280.177895752896,"SMR":424.7,"SOM":12.0420728791405,"STP":142.66875,"SUR":2.73401367075368,"SVK":111.712286902287,"SVN":98.7402184707051,"SWE":21.7042385016732,"SWZ":57.5488953488372,"SYC":166.123913043478,"SYR":81.7178365436936,"TCA":16.5947368421053,"TCD":5.88477445997459,"TGO":84.1673101673102,"THA":117.285646616689,"TJK":43.344691340383,"TKM":9.07330666269444,"TLS":60.0055144586416,"TON":139.270833333333,"TTO":253.592202729045,"TUN":59.8251287332647,"TUR":80.4946974520224,"TUV":311.4,"TZA":34.9353827048995,"UGA":106.258695760973,"UKR":88.4199689306982,"URY":18.3197577419723,"USA":29.4131648134723,"UZB":54.8941725434885,"VCT":290.048717948718,"VEN":25.6925491752168,"VGB":121.913333333333,"VIR":308.842857142857,"VNM":224.757894251744,"VUT":14.0205906480722,"WBG":429.899833887043,"WSM":62.2159010600707,"YEM":32.7919711347236,"ZAF":37.1967603392988,"ZMB":12.1121524368097,"ZWE":28.8441514799018}}