{"schemaVersion":1,"dataKind":"ranking-year","indicatorId":"EN.POP.DNST","year":1997,"valuesByCountry":{"ABW":479.45,"AFG":28.2907731935054,"AGO":11.759375150397,"ALB":114.900766423358,"AND":137.659574468085,"ARE":39.6706561531963,"ARG":13.1354998191246,"ARM":114.024903407095,"ASM":271.81,"ATG":161.484090909091,"AUS":2.39811475729925,"AUT":96.5589069316529,"AZE":94.1904899239338,"BDI":236.372352024922,"BEN":58.3838683930472,"BFA":39.9642653508772,"BGD":977.168848428978,"BGR":75.1339419687246,"BHR":829.739436619718,"BHS":31.0593406593407,"BIH":78.48099609375,"BLR":49.8751965689778,"BLZ":9.5329241560719,"BMU":1114.38888888889,"BOL":7.53983199483061,"BRA":19.9400415642715,"BRB":610.213953488372,"BRN":57.9394686907021,"BTN":14.0376130653266,"BWA":2.7732624000847,"CAF":5.66904234485858,"CAN":3.33563636079723,"CHE":179.342310215106,"CHL":20.0831087296848,"CHN":131.023100200996,"CIV":50.4627987421384,"CMR":29.1409405343657,"COD":20.3038759621535,"COG":8.45640409956076,"COL":33.4575475439387,"COM":272.851692638366,"CPV":107.394044665012,"CRI":72.4972777124951,"CUB":102.401620111732,"CYM":148.095833333333,"CYP":97.1393939393939,"CZE":133.352284198266,"DEU":235.022979515829,"DJI":28.982614322692,"DMA":92.3986666666667,"DNK":132.124775,"DOM":169.200538190851,"DZA":12.4191981492522,"ECU":43.4587740210952,"EGY":68.7445276005827,"ERI":21.3082673267327,"ESP":80.2046071600192,"EST":33.0156876621845,"ETH":61.404539,"FIN":16.8746019238977,"FJI":44.452052545156,"FRA":111.268329158549,"FRO":31.6131805157593,"FSM":158.672857142857,"G001":46.474686438144,"GAB":4.58508557457213,"GBR":241.048873641136,"GEO":76.1033101228174,"GHA":80.15715039114,"GIB":2758.2,"GIN":32.2780807423083,"GMB":132.30128458498,"GNB":41.4489687055476,"GNQ":21.9926203208556,"GRC":82.709534522886,"GRD":309.685294117647,"GRL":0.136435619442076,"GTM":101.322825681224,"GUM":285.583333333333,"GUY":3.87221234442469,"HKG":6180.28571428571,"HND":54.2627044418625,"HRV":81.0096463022508,"HTI":284.989042089986,"HUN":114.593385300668,"IDN":114.00944760622,"IMN":127.910526315789,"IND":336.047733915424,"IRL":53.3338800987081,"IRN":39.0724465237358,"IRQ":50.7044218853602,"ISL":2.7045187032419,"ISR":269.685767097967,"ITA":193.432294039645,"JAM":235.258356417359,"JOR":57.1881799637353,"JPN":345.835390946502,"KAZ":5.94260510427084,"KEN":49.3758442562463,"KGZ":24.4860323253389,"KHM":65.5505438477226,"KIR":103.885185185185,"KNA":167.030769230769,"KOR":476.400373211694,"KWT":100.318911335578,"LAO":22.3224046793761,"LBN":401.603616813294,"LBR":25.0517960963455,"LBY":2.8783881014356,"LCA":250.113114754098,"LIE":195.2,"LKA":290.993461967788,"LSO":65.4851778656126,"LTU":57.0379227823867,"LVA":39.0963890272711,"MAC":20865,"MAR":60.975435805512,"MCO":15817.9575727676,"MDA":102.111242480092,"MDG":25.7777865667022,"MDV":892.356666666667,"MEX":48.3660623987242,"MHL":273.661111111111,"MKD":78.5241447109713,"MLI":8.72527639138167,"MLT":1196.221875,"MMR":66.880065489488,"MNG":1.48099562056848,"MNP":123.034782608696,"MOZ":21.5544418728859,"MRT":2.33948384592995,"MUS":565.657142857143,"MWI":112.028372931693,"MYS":65.0592542991934,"NAM":2.05184564369785,"NCL":11.4638949671772,"NER":8.19765453540696,"NGA":128.193497809546,"NIC":39.9665364799734,"NLD":462.40077014218,"NOR":12.060860684912,"NPL":162.373867132867,"NRU":509.85,"NZL":14.3606395503399,"OMN":7.07825525040388,"PAK":184.894930469074,"PAN":38.158393866021,"PER":19.74542734375,"PHL":247.874735888922,"PLW":39.3652173913043,"PNG":11.0141831912732,"POL":126.186489927846,"PRI":423.836527621195,"PRK":191.934473880907,"PRT":110.48062295082,"PRY":12.0674855273093,"PYF":62.6013661202186,"QAT":47.4160206718346,"ROU":98.2615692937742,"RUS":9.03098613133561,"RWA":314.359059586542,"SAU":6.68698416981053,"SEN":48.2184334908845,"SGP":5665.72835820895,"SLB":14.5578420864595,"SLE":58.9320587420338,"SLV":282.074227799228,"SMR":430,"SOM":12.4725427997577,"STP":144.710416666667,"SUR":2.79156234399104,"SVK":111.918731808732,"SVN":98.6075471698113,"SWE":21.7166703859211,"SWZ":58.5252906976744,"SYC":168.084782608696,"SYR":83.8912939384046,"TCA":17.3494736842105,"TCD":6.09145965692503,"TGO":86.873138444567,"THA":118.860388733387,"TJK":43.8684552729351,"TKM":9.22845955780648,"TLS":61.6801613987895,"TON":139.825,"TTO":254.548927875244,"TUN":60.6415422245108,"TUR":81.6664709016021,"TUV":313.333333333333,"TZA":35.6492312034319,"UGA":109.384144937691,"UKR":87.6618365409511,"URY":18.4170094846303,"USA":29.7694279699879,"UZB":55.8508697696286,"VCT":290.105128205128,"VEN":26.2249135536534,"VGB":125.04,"VIR":309.591428571429,"VNM":228.046603582291,"VUT":14.3253486464315,"WBG":449.587707641196,"WSM":62.7374558303887,"YEM":33.8540750421425,"ZAF":37.6450535409574,"ZMB":12.4255949098051,"ZWE":29.3907897117746}}