{"schemaVersion":1,"dataKind":"ranking-year","indicatorId":"EN.POP.DNST","year":1998,"valuesByCountry":{"ABW":491.394444444444,"AFG":29.3761341857934,"AGO":12.1595973369696,"ALB":114.179927007299,"AND":139.110638297872,"ARE":42.81077161363,"ARG":13.2908221245373,"ARM":112.694099051633,"ASM":276.67,"ATG":164.572727272727,"AUS":2.42213712039363,"AUT":96.6649175957344,"AZE":95.2317912675107,"BDI":240.930996884735,"BEN":60.2118570415041,"BFA":41.084298245614,"BGD":995.792671122378,"BGR":74.6342402603272,"BHR":851.89014084507,"BHS":31.5052947052947,"BIH":79.870234375,"BLR":49.6574109225012,"BLZ":9.87167908811925,"BMU":1122.94444444444,"BOL":7.67413828117788,"BRA":20.2389114085191,"BRB":610.316279069767,"BRN":59.2760910815939,"BTN":14.3074120603015,"BWA":2.83538722142819,"CAF":5.82494943657902,"CAN":3.36343430828311,"CHE":179.881535754967,"CHL":20.3458613751661,"CHN":132.286384121395,"CIV":52.4023522012579,"CMR":29.9229125679592,"COD":20.8630599236894,"COG":8.6443953147877,"COL":34.0623388913925,"COM":277.591080064481,"CPV":109.127543424318,"CRI":74.086133960047,"CUB":102.744059590317,"CYM":153.841666666667,"CYP":98.9770562770563,"CZE":133.225999741167,"DEU":235.078777720474,"DJI":30.1704918032787,"DMA":92.1653333333333,"DNK":132.605475,"DOM":172.021569033326,"DZA":12.6185616398096,"ECU":49.3283298437752,"EGY":70.262990607263,"ERI":21.5883069306931,"ESP":80.5372196860484,"EST":32.7000707714083,"ETH":63.363524,"FIN":16.9194589448111,"FJI":45.0059113300493,"FRA":111.681387883848,"FRO":32.0014326647565,"FSM":159.11,"G001":47.1574447719605,"GAB":4.70266620095471,"GBR":241.752329186128,"GEO":74.2434479862836,"GHA":82.130772611409,"GIB":2765,"GIN":32.8910548591893,"GMB":136.065909090909,"GNB":42.2287695590327,"GNQ":22.8689483065954,"GRC":83.1691931730023,"GRD":311.791176470588,"GRL":0.136679254476794,"GTM":103.948721537887,"GUM":289.327777777778,"GUY":3.87902463804928,"HKG":6232.09523809524,"HND":55.7192867995353,"HRV":81.0612591665176,"HTI":290.353519593614,"HUN":114.32706013363,"IDN":115.825934410484,"IMN":129.580701754386,"IND":342.61687951325,"IRL":53.8931049499202,"IRN":39.6128705272723,"IRQ":52.3227450442417,"ISL":2.73363591022444,"ISR":275.924214417745,"ITA":193.487960286967,"JAM":237.279409048938,"JOR":58.525430643699,"JPN":346.776406035665,"KAZ":5.79611993925251,"KEN":50.7573830691921,"KGZ":24.8645203336809,"KHM":68.3105200543848,"KIR":105.749382716049,"KNA":169.223076923077,"KOR":479.851783122538,"KWT":103.496184062851,"LAO":22.7394540727903,"LBN":408.727370478983,"LBR":27.7213870431894,"LBY":2.92161815019835,"LCA":253.568852459016,"LIE":197.925,"LKA":296.539674693031,"LSO":65.8118906455863,"LTU":56.626212507977,"LVA":38.7294743439343,"MAC":21115,"MAR":61.8903159309881,"MCO":15918.5989146522,"MDA":102.105506661565,"MDG":26.6350792722771,"MDV":909.076666666667,"MEX":49.1654852233854,"MHL":276.205555555556,"MKD":78.9430987023201,"MLI":8.94907596357944,"MLT":1204.021875,"MMR":67.720098234232,"MNG":1.50171308041349,"MNP":133.341304347826,"MOZ":22.0509982451232,"MRT":2.40094207819928,"MUS":571.635960591133,"MWI":114.476834959695,"MYS":66.6769532795617,"NAM":2.10465935454093,"NCL":11.7093544857768,"NER":8.47983974105945,"NGA":131.587836665678,"NIC":40.5821422635865,"NLD":465.260930094787,"NOR":12.1328865087448,"NPL":165.596902097902,"NRU":509.9,"NZL":14.488625574418,"OMN":7.180901453958,"PAK":190.07154939809,"PAN":38.9280871670702,"PER":20.10788671875,"PHL":254.187289130362,"PLW":40.2695652173913,"PNG":11.4083601996202,"POL":126.23161383003,"PRI":426.279706877114,"PRK":193.601561332115,"PRT":111.040393442623,"PRY":12.3333123584193,"PYF":63.6314207650273,"QAT":50.0034453057709,"ROU":98.0327714621717,"RUS":9.01459493446796,"RWA":327.591447101743,"SAU":6.94155203773567,"SEN":49.3582922142004,"SGP":5861.51194029851,"SLB":14.9721686316542,"SLE":59.5148933222499,"SLV":283.821476833977,"SMR":435.416666666667,"SOM":12.9999952179042,"STP":146.615625,"SUR":2.84974650111605,"SVK":112.06893970894,"SVN":98.3927010923535,"SWE":21.7287291172454,"SWZ":59.2821511627907,"SYC":171.404347826087,"SYR":86.0834312765263,"TCA":18.1178947368421,"TCD":6.30466963151207,"TGO":89.3714469571612,"THA":120.422458846327,"TJK":44.1297299228351,"TKM":9.3854552805737,"TLS":63.3846671149966,"TON":140.816666666667,"TTO":255.404483430799,"TUN":61.4164971678682,"TUR":82.8117186180372,"TUV":315.033333333333,"TZA":36.6002009482953,"UGA":112.686081777689,"UKR":86.9590592905843,"URY":18.508056222146,"USA":30.1184850681737,"UZB":56.7346708979784,"VCT":290.205128205128,"VEN":26.7573686298963,"VGB":128.253333333333,"VIR":310.105714285714,"VNM":231.342468278595,"VUT":14.6278096800656,"WBG":461.223920265781,"WSM":63.2173144876325,"YEM":34.9376157736235,"ZAF":38.1042461812396,"ZMB":12.755630288274,"ZWE":29.9710404549567}}