{"schemaVersion":1,"dataKind":"ranking-year","indicatorId":"EN.POP.DNST","year":1999,"valuesByCountry":{"ABW":498.105555555556,"AFG":30.49198135627,"AGO":12.5669647870378,"ALB":113.459051094891,"AND":139.808510638298,"ARE":45.9871726274289,"ARG":13.4449579601636,"ARM":111.249947312961,"ASM":281.24,"ATG":167.422727272727,"AUS":2.44878018301811,"AUT":96.8531749878817,"AZE":96.5207665800133,"BDI":246.773948598131,"BEN":62.1037424618659,"BFA":42.3060233918129,"BGD":1014.88872243989,"BGR":74.216975503932,"BHR":874.632394366197,"BHS":31.9294705294705,"BIH":80.67001953125,"BLR":49.4329775433234,"BLZ":10.2174046470846,"BMU":1131.92592592593,"BOL":7.80929197821471,"BRA":20.5358540297243,"BRB":610.504651162791,"BRN":60.6092979127135,"BTN":14.6376633165829,"BWA":2.89731794681771,"CAF":5.98646826543388,"CAN":3.39088515089358,"CHE":180.747049953447,"CHL":20.6034346874109,"CHN":133.436760709953,"CIV":54.1381603773585,"CMR":30.7273804235155,"COD":21.5756030965351,"COG":8.88103660322108,"COL":34.6596331680937,"COM":282.582482536271,"CPV":110.798759305211,"CRI":75.6384841363102,"CUB":103.093389199255,"CYM":159.516666666667,"CYP":100.7829004329,"CZE":133.089944350977,"DEU":235.257731102069,"DJI":31.2432269197584,"DMA":91.8266666666667,"DNK":133.044975,"DOM":174.833533429932,"DZA":12.7949960952917,"ECU":50.2125744886455,"EGY":71.8478617710583,"ERI":21.9087128712871,"ESP":80.8643180362005,"EST":32.7965086105214,"ETH":65.374561,"FIN":16.9587773728619,"FJI":45.5297208538588,"FRA":112.258996196308,"FRO":32.3395415472779,"FSM":159.542857142857,"G001":47.8186177087944,"GAB":4.82406178445298,"GBR":242.559690819659,"GEO":72.7315861296756,"GHA":84.1604289355718,"GIB":2769.2,"GIN":33.6363462477617,"GMB":139.899110671937,"GNB":43.0371977240398,"GNQ":23.7865953654189,"GRC":83.4887354538402,"GRD":313.902941176471,"GRL":0.136679254476794,"GTM":106.59728443449,"GUM":293.127777777778,"GUY":3.88358140716281,"HKG":6291.90476190476,"HND":57.2031727589597,"HRV":80.7118046861027,"HTI":295.765457184325,"HUN":114.003674832962,"IDN":117.580147606772,"IMN":131.210526315789,"IND":349.195921888611,"IRL":54.5040789664683,"IRN":40.1811138534836,"IRQ":54.0424057434209,"ISL":2.7668927680798,"ISR":283.040665434381,"ITA":193.520509333243,"JAM":239.131578947368,"JOR":59.7965095194923,"JPN":347.410150891632,"KAZ":5.72503389265474,"KEN":52.2426959974699,"KGZ":25.2368196037539,"KHM":69.4863528212101,"KIR":107.562962962963,"KNA":171.542307692308,"KOR":483.274694173751,"KWT":106.623456790123,"LAO":23.1403119584055,"LBN":415.960606060606,"LBR":29.2948920265781,"LBY":2.96556941018675,"LCA":256.888524590164,"LIE":201.38125,"LKA":302.100637856801,"LSO":65.982674571805,"LTU":56.2258774728781,"LVA":38.4155109518376,"MAC":21370,"MAR":62.798967062514,"MCO":15989.1465219536,"MDA":101.980791314333,"MDG":27.5140248306221,"MDV":924.706666666667,"MEX":49.9579243293295,"MHL":278.9,"MKD":79.3213527329925,"MLI":9.20136618067678,"MLT":1211.18125,"MMR":68.5309606144995,"MNG":1.52304122679126,"MNP":143.295652173913,"MOZ":22.5520816907856,"MRT":2.46599204424178,"MUS":578.949261083744,"MWI":117.180780653373,"MYS":68.2865043372394,"NAM":2.15764554409746,"NCL":11.9544310722101,"NER":8.776672455988,"NGA":135.102517649901,"NIC":41.1668439421639,"NLD":468.367535545024,"NOR":12.2162526968273,"NPL":168.707685314685,"NRU":509.35,"NZL":14.5649614522806,"OMN":7.27918901453958,"PAK":195.316232098381,"PAN":39.7070486951843,"PER":20.45820625,"PHL":260.768209410739,"PLW":41.0891304347826,"PNG":11.812332729762,"POL":126.221133566228,"PRI":428.419503945885,"PRK":195.1465742048,"PRT":111.67025136612,"PRY":12.5928391643594,"PYF":64.6434426229508,"QAT":52.7562446167097,"ROU":97.8747386759582,"RUS":8.9828041719473,"RWA":330.276124847994,"SAU":7.19735171117696,"SEN":50.5421856334078,"SGP":5908.54179104478,"SLB":15.3804930332262,"SLE":59.8232612912164,"SLV":285.419884169884,"SMR":440.983333333333,"SOM":13.5366133197309,"STP":148.377083333333,"SUR":2.908996028288,"SVK":112.183367983368,"SVN":98.4630089374379,"SWE":21.7456682960193,"SWZ":59.9291860465116,"SYC":174.804347826087,"SYR":88.3015616497987,"TCA":18.9042105263158,"TCD":6.53010244599746,"TGO":91.9336091193234,"THA":121.942185206209,"TJK":44.3581737639326,"TKM":9.55923222607622,"TLS":56.1329522528581,"TON":141.730555555556,"TTO":256.278362573099,"TUN":62.1521820288363,"TUR":83.9259423359277,"TUV":316.533333333333,"TZA":37.5935086927072,"UGA":116.396982133026,"UKR":86.262960214033,"URY":18.5922466003885,"USA":30.4663411566379,"UZB":57.5364551010813,"VCT":290.682051282051,"VEN":27.2848398616858,"VGB":131.533333333333,"VIR":310.282857142857,"VNM":234.377252757381,"VUT":14.9342083675144,"WBG":473.161295681063,"WSM":63.7014134275618,"YEM":36.0426160577306,"ZAF":38.5217378760026,"ZMB":13.1021469215351,"ZWE":30.4600180948688}}