{"schemaVersion":1,"dataKind":"ranking-year","indicatorId":"EN.POP.DNST","year":2000,"valuesByCountry":{"ABW":503.266666666667,"AFG":30.8638471091486,"AGO":12.9901892997513,"ALB":112.738211678832,"AND":139.755319148936,"ARE":49.1914249507181,"ARG":13.5981729753827,"ARM":113.140147523709,"ASM":284.275,"ATG":170.254545454545,"AUS":2.47696679379873,"AUT":97.0863548230732,"AZE":97.434779976999,"BDI":251.954595015576,"BEL":337.957010516599,"BEN":64.0441557289819,"BFA":43.5875219298246,"BGD":1033.6045478989,"BGR":73.8513242339329,"BHR":898.002816901408,"BHS":32.3511488511488,"BIH":81.24552734375,"BLR":49.1974779144976,"BLZ":10.5567295046032,"BMU":1139.81481481481,"BOL":7.94454537062679,"BRA":20.8202162203552,"BRB":609.448837209302,"BRN":61.9400379506641,"BTN":14.9965577889447,"BWA":2.95975508619625,"CAF":6.15335323766413,"CAN":3.42261133957721,"CHE":181.771231711013,"CHL":20.8513352485165,"CHN":134.492481002789,"CIV":55.6572452830189,"CMR":31.5471028749127,"COD":22.2789272402461,"COG":9.22795021961933,"COL":35.2320270392068,"COM":288.060182697474,"CPV":112.485607940447,"CRI":77.119839404622,"CUB":103.436769087523,"CYM":165.308333333333,"CYP":102.561363636364,"CZE":132.717264138734,"DEU":235.596813297034,"DJI":32.2397756686799,"DMA":91.348,"DNK":133.4904,"DOM":177.689712274891,"DZA":12.9753428165963,"ECU":51.0919874375906,"EGY":73.4173328645336,"ERI":22.2478316831683,"ESP":81.2983246492986,"EST":32.9555319650861,"ETH":67.411494,"FIN":16.9940214714863,"FJI":46.0267651888342,"FRA":113.032119862696,"FRO":32.7750716332378,"FSM":160.062857142857,"G001":48.4403366874438,"GAB":4.950409438429,"GBR":243.427908899268,"GEO":71.3308898141992,"GHA":86.301692010196,"GIB":2770.9,"GIN":34.3025883118997,"GMB":143.783003952569,"GNB":43.9097083926031,"GNQ":25.0723351158645,"GRC":83.83093871218,"GRD":316.032352941176,"GRL":0.136886344256304,"GTM":109.160059723778,"GUM":296.416666666667,"GUY":3.88535433070866,"HKG":6347.61904761905,"HND":58.7878541424613,"HRV":79.9166905136643,"HTI":301.275435413643,"HUN":113.936297701406,"IDN":115.08687262286,"IMN":132.735087719298,"IND":355.82076254797,"IRL":55.2355058789374,"IRN":40.778665365063,"IRQ":55.8430070649564,"ISL":2.80503740648379,"ISR":290.619223659889,"ITA":192.555434569421,"JAM":240.79649122807,"JOR":61.0487873980054,"JPN":347.991769547325,"KAZ":5.74178723561877,"KEN":53.8406894612925,"KGZ":25.5389051094891,"KHM":70.6001359619307,"KIR":109.398765432099,"KNA":174.030769230769,"KOR":487.332687124197,"KWT":109.691863075196,"LAO":23.5321143847487,"LBN":423.200391006843,"LBR":30.3998857973422,"LBY":3.01500448980984,"LCA":260.026229508197,"LIE":204.03125,"LKA":307.655142720459,"LSO":66.0050395256917,"LTU":55.8317804722399,"LUX":169.472433053922,"LVA":38.0469892490398,"MAC":21530,"MAR":63.6868362088281,"MCO":16011.3468179576,"MDA":101.844482362364,"MDG":28.4010351824466,"MDV":940.063333333333,"MEX":50.734613544587,"MHL":281.7,"MKD":79.6834447502949,"MLI":9.47335251067457,"MLT":1219.021875,"MMR":69.3007941365486,"MNG":1.54338839734181,"MNP":148.6,"MOZ":23.0545703095196,"MRT":2.53559813718832,"MUS":584.666502463054,"MWI":120.024840899448,"MYS":69.9066078222493,"NAM":2.20899925907032,"NCL":12.2044857768053,"NER":9.08631088655562,"NGA":138.764445469218,"NIC":41.7370201096892,"NLD":471.727280805687,"NOR":12.2957995203207,"NPL":171.234802929892,"NRU":508.4,"NZL":14.6507918423151,"OMN":7.37360581583199,"PAK":200.912109537152,"PAN":40.4946058649448,"PER":20.77994609375,"PHL":267.046976556998,"PLW":41.6913043478261,"PNG":12.2268780638608,"POL":124.909820758105,"PRI":429.605975197294,"PRK":196.544390000831,"PRT":112.457901639344,"PRY":12.8388321167883,"PYF":69.241428983002,"QAT":55.5546080964686,"ROU":97.701323407775,"RUS":8.94901570933758,"RWA":332.952209160924,"SAU":7.52560694797855,"SEN":51.775099984418,"SGP":6011.77164179105,"SLB":15.7366559485531,"SLE":61.2858270989194,"SLV":286.841988416988,"SMR":446.65,"SOM":14.089190869385,"STP":150.01875,"SUR":2.96959751627976,"SVK":112.031600831601,"SVN":98.7549652432969,"SWE":21.7806145583158,"SWZ":60.5473255813953,"SYC":176.371739130435,"SYR":90.5315485907063,"TCA":19.7157894736842,"TCD":6.75992137865311,"TGO":94.5033462033462,"THA":123.329513202451,"TJK":44.903793941126,"TKM":9.75182899580789,"TLS":50.1067921990585,"TON":142.606944444444,"TTO":257.265886939571,"TUN":62.8535980947477,"TUR":85.0096293023921,"TUV":318.133333333333,"TZA":38.6770591555656,"UGA":120.11485911616,"UKR":85.5383792180892,"URY":18.6619014969718,"USA":30.7973013298523,"UZB":56.8556053811659,"VCT":291.141025641026,"VEN":27.8064826257015,"VGB":134.94,"VIR":310.405714285714,"VNM":248.035784093101,"VUT":15.2814602132896,"WBG":485.407475083056,"WSM":64.1996466431095,"YEM":37.1690455897115,"ZAF":38.8756967743531,"ZMB":13.475606343911,"ZWE":30.74073930464}}