{"schemaVersion":1,"dataKind":"ranking-year","indicatorId":"EN.POP.DNST","year":2001,"valuesByCountry":{"ABW":507.994444444444,"AFG":31.099929472732,"AGO":13.4332301275367,"ALB":111.685145985401,"AND":140.110638297872,"ARE":52.4301605181639,"ARG":13.7482962995443,"ARM":112.813487881981,"ASM":285.265,"ATG":172.884090909091,"AUS":2.50897530687424,"AUT":97.4587130392632,"AZE":98.1937920681807,"BDI":258.347546728972,"BEL":339.121418916691,"BEN":66.0304717985101,"BFA":44.9378691520468,"BGD":1050.97802873166,"BGR":72.3957516044473,"BHR":931.430985915493,"BHS":32.7508491508491,"BIH":81.6296484375,"BLR":48.9467226045631,"BLZ":10.889039894783,"BMU":1145.68518518519,"BOL":8.07969722145297,"BRA":21.0933536648106,"BRB":610.290697674419,"BRN":63.253320683112,"BTN":15.3465829145729,"BWA":3.02128703262577,"CAF":6.29151337121577,"CAN":3.45999036315513,"CHE":182.930725796739,"CHL":21.0937108288547,"CHN":135.473048750848,"CIV":57.166393081761,"CMR":32.3866429734933,"COD":22.995807767804,"COG":9.58283162518302,"COL":35.790231635872,"COM":294.046211714132,"CPV":114.216625310174,"CRI":78.5144339992166,"CUB":103.762867783985,"CYM":171.204166666667,"CYP":104.342748917749,"CZE":132.219554807817,"DEU":236.027300085985,"DJI":33.2749352890423,"DMA":91.0506666666667,"DNK":133.969575,"DOM":180.506789484579,"DZA":13.1547612249868,"ECU":51.9839748751812,"EGY":74.9932482796725,"ERI":22.8918712871287,"ESP":81.9433763941266,"EST":32.7462845010616,"ETH":69.487762,"FIN":17.0327587905053,"FJI":46.5022441160372,"FRA":113.859127933946,"FRO":33.4061604584527,"FSM":160.521428571429,"G001":49.0950719465217,"GAB":5.08242713548337,"GBR":244.366854048692,"GEO":70.232915777319,"GHA":88.6308736925376,"GIB":2765.7,"GIN":34.75484291063,"GMB":147.728359683794,"GNB":44.8532361308677,"GNQ":26.7321212121212,"GRC":84.2678975950349,"GRD":317.608823529412,"GRL":0.137358996223657,"GTM":111.696733855916,"GUM":298.757407407407,"GUY":3.88355092710185,"HKG":6394.57142857143,"HND":60.3985432120833,"HRV":76.9001645442839,"HTI":306.818505079826,"HUN":113.675251060031,"IDN":116.695437968937,"IMN":134.168421052632,"IND":362.539418940599,"IRL":56.1219770648861,"IRN":41.4131026056632,"IRQ":57.6121819054805,"ISL":2.84257356608479,"ISR":297.550831792976,"ITA":192.673361107542,"JAM":242.327146814404,"JOR":62.3174750679964,"JPN":348.831275720165,"KAZ":5.76936326258473,"KEN":55.55604947816,"KGZ":25.7824452554745,"KHM":71.7113301608883,"KIR":111.524691358025,"KNA":176.003846153846,"KOR":489.664709530701,"KWT":112.689169472503,"LAO":23.9232322357019,"LBN":430.295014662757,"LBR":31.3054194352159,"LBY":3.07105209316071,"LCA":262.683606557377,"LIE":207.4625,"LKA":312.55560516664,"LSO":65.9042490118577,"LTU":55.3736119974473,"LUX":171.501984882267,"LVA":37.5587767367863,"MAC":16688.4615384615,"MAR":64.5633945776384,"MCO":16007.400098668,"MDA":101.616986454017,"MDG":29.2893678852701,"MDV":955.89,"MEX":51.4926304688907,"MHL":284.016666666667,"MKD":80.0189539913488,"MLI":9.76254353830141,"MLT":1228.2125,"MMR":70.0357116626373,"MNG":1.56242113783138,"MNP":147.791304347826,"MOZ":23.5735000890155,"MRT":2.59897157271757,"MUS":589.303940886699,"MWI":122.964128128978,"MYS":71.6071769898037,"NAM":2.2556426046715,"NCL":12.4566192560175,"NER":9.41078945290913,"NGA":142.585499083193,"NIC":42.2787518697025,"NLD":475.30154028436,"NOR":12.358179737381,"NPL":174.026843390303,"NRU":506.5,"NZL":14.7373817933235,"OMN":7.464352180937,"PAK":206.609208955998,"PAN":41.2905165456013,"PER":21.06609453125,"PHL":273.003615387195,"PLW":42.0695652173913,"PNG":12.6494612021375,"POL":124.875366482745,"PRI":430.52694475761,"PRK":197.785549372976,"PRT":113.253792349727,"PRY":13.0573596778253,"PYF":70.3246902909824,"QAT":58.3914728682171,"ROU":96.3474380740934,"RUS":8.91163375342787,"RWA":335.917875962708,"SAU":7.92737417953286,"SEN":53.0459772502987,"SGP":6176.13731343284,"SLB":16.0459092533048,"SLE":65.0140759213078,"SLV":288.033783783784,"SMR":452.383333333333,"SOM":14.6626916823413,"STP":152.473958333333,"SUR":3.03138274876811,"SVK":111.826756756757,"SVN":98.9106256206554,"SWE":21.8391676529442,"SWZ":61.1083720930233,"SYC":176.526086956522,"SYR":92.7812493198389,"TCA":20.6063157894737,"TCD":6.99183926302414,"TGO":97.0285346571061,"THA":124.58873925894,"TJK":45.780058588168,"TKM":9.94916051326793,"TLS":54.6233355749832,"TON":143.455555555556,"TTO":258.395126705653,"TUN":63.5277870751802,"TUR":86.0739939971155,"TUV":319.533333333333,"TZA":39.7361695642357,"UGA":123.846033732045,"UKR":84.7619832570985,"URY":18.707867672266,"USA":31.1036283879362,"UZB":57.5582699220712,"VCT":291.028205128205,"VEN":28.3203015702058,"VGB":138.64,"VIR":310.14,"VNM":250.632810440708,"VUT":15.6711238720263,"WBG":497.970764119601,"WSM":64.7229681978799,"YEM":38.3092732541622,"ZAF":39.2112703921391,"ZMB":13.8893245806373,"ZWE":30.947139718237}}