{"schemaVersion":1,"dataKind":"ranking-year","indicatorId":"EN.POP.DNST","year":2002,"valuesByCountry":{"ABW":511.522222222222,"AFG":32.77696058139,"AGO":13.8988521697281,"ALB":111.350729927007,"AND":141.502127659574,"ARE":55.7142495071811,"ARG":13.8961113608045,"ARM":112.391991570074,"ASM":285.31,"ATG":175.072727272727,"AUS":2.53767882014501,"AUT":97.9393722733883,"AZE":98.9124645960929,"BDI":265.73722741433,"BEL":340.64500708799,"BEN":68.0686945725434,"BFA":46.348307748538,"BGD":1067.32471383575,"BGR":72.0327297794118,"BHR":1000.77887323944,"BHS":33.1282717282717,"BIH":81.7969140625,"BLR":48.6397310049352,"BLZ":11.2235423060061,"BMU":1150.77777777778,"BOL":8.21596510661866,"BRA":21.3568430296693,"BRB":614.297674418605,"BRN":64.5349146110057,"BTN":15.6886683417085,"BWA":3.07864944506202,"CAF":6.43050659732255,"CAN":3.497728426127,"CHE":184.325482117304,"CHL":21.3278312164103,"CHN":136.383779609948,"CIV":58.6628018867925,"CMR":33.2667555160669,"COD":23.709456783044,"COG":9.81192093704246,"COL":36.3449121225777,"COM":300.334766254702,"CPV":115.892307692308,"CRI":79.8218762240501,"CUB":105.060795187518,"CYM":177.141666666667,"CYP":106.21645021645,"CZE":131.96474699107,"DEU":236.451570830706,"DJI":34.3215703192407,"DMA":91.156,"DNK":134.398275,"DOM":183.238149451459,"DZA":13.3309408247752,"ECU":52.9009180222258,"EGY":76.587610628359,"ERI":23.6928514851485,"ESP":83.0225192369349,"EST":32.5395140363293,"ETH":71.635517,"FIN":17.0740930431071,"FJI":46.9649151614669,"FRA":114.6899378421,"FRO":33.9075931232092,"FSM":160.64,"G001":49.74405681699,"GAB":5.22037877905849,"GBR":245.40354234696,"GEO":69.6055670247384,"GHA":91.1021710468489,"GIB":2783.1,"GIN":35.3006104509197,"GMB":151.748122529644,"GNB":45.8501778093883,"GNQ":28.4476648841355,"GRC":84.5773622963538,"GRD":318.835294117647,"GRL":0.137885247898648,"GTM":114.286254199328,"GUM":300.583333333333,"GUY":3.87935991871984,"HKG":6422.95238095238,"HND":62.015005809277,"HRV":76.9454499928459,"HTI":312.323693759071,"HUN":113.352019638474,"IDN":118.288280970792,"IMN":135.570175438596,"IND":369.165905979773,"IRL":57.075729423719,"IRN":41.7565000368378,"IRQ":59.4612319089101,"ISL":2.86805985037406,"ISR":303.604436229205,"ITA":193.054951000615,"JAM":243.820129270545,"JOR":63.6453535811423,"JPN":349.643347050754,"KAZ":5.79941363855243,"KEN":57.3317777699687,"KGZ":26.020354535975,"KHM":72.8259743938364,"KIR":113.906172839506,"KNA":177,"KOR":492.248538072115,"KWT":115.59898989899,"LAO":24.3106109185442,"LBN":436.315151515152,"LBR":32.1302117940199,"LBY":3.13059663321095,"LCA":264.985245901639,"LIE":210.5875,"LKA":315.830840376336,"LSO":65.7008893280632,"LTU":54.9308710912572,"LUX":173.30818890175,"LVA":37.1249296928986,"MAC":16237.037037037,"MAR":65.4226798117858,"MCO":15995.066600888,"MDA":101.381934046035,"MDG":30.1783419885133,"MDV":972.053333333333,"MEX":52.2382900794774,"MHL":285.694444444444,"MKD":79.4399134880063,"MLI":10.0706037584311,"MLT":1237.403125,"MMR":70.7418872601524,"MNG":1.58263236912359,"MNP":145.169565217391,"MOZ":24.1083674559373,"MRT":2.65708256524692,"MUS":593.409359605911,"MWI":126.012303775986,"MYS":73.3601491401613,"NAM":2.29563094413876,"NCL":12.7043763676149,"NER":9.74906765611431,"NGA":146.548512796864,"NIC":42.7946568057171,"NLD":478.345053317536,"NOR":12.4250062971603,"NPL":176.693275200558,"NRU":504.1,"NZL":14.9956325244009,"OMN":7.5513408723748,"PAK":211.735353102947,"PAN":42.0950228679042,"PER":21.31891953125,"PHL":278.59573062347,"PLW":42.3978260869565,"PNG":13.0813121052864,"POL":124.81753893369,"PRI":431.082412626832,"PRK":198.853691553858,"PRT":113.87574863388,"PRY":13.242708280896,"PYF":71.3843272832037,"QAT":61.2579672695952,"ROU":94.5338495671466,"RUS":8.87046146313948,"RWA":340.501824077827,"SAU":8.33185715149626,"SEN":54.3614709395938,"SGP":6186.59259259259,"SLB":16.3512325830654,"SLE":68.8755195344971,"SLV":288.930067567568,"SMR":458.183333333333,"SOM":15.2231054930341,"STP":156.16875,"SUR":3.09362901858672,"SVK":111.786112266112,"SVN":99.0332671300894,"SWE":21.9103563929565,"SWZ":61.5954069767442,"SYC":182.00652173913,"SYR":95.0502339754054,"TCA":21.6810526315789,"TCD":7.23966963151207,"TGO":99.5270086412944,"THA":125.793100275989,"TJK":46.6681123178051,"TKM":10.1493094716234,"TLS":59.122999327505,"TON":144.269444444444,"TTO":259.65126705653,"TUN":64.1832839855819,"TUR":87.1182191442641,"TUV":320.766666666667,"TZA":40.7781711447279,"UGA":127.785746459136,"UKR":84.0219577450202,"URY":18.734241800937,"USA":31.3935499327652,"UZB":58.2687291671924,"VCT":290.633333333333,"VEN":28.8369945014455,"VGB":142.866666666667,"VIR":310.025714285714,"VNM":253.6539172436,"VUT":16.0675143560295,"WBG":510.859302325581,"WSM":65.1840989399293,"YEM":39.4626323465348,"ZAF":39.584379559637,"ZMB":14.3235031410162,"ZWE":31.2463564689156}}