{"schemaVersion":1,"dataKind":"ranking-year","indicatorId":"EN.POP.DNST","year":2003,"valuesByCountry":{"ABW":517.377777777778,"AFG":34.8543443263879,"AGO":14.392967032967,"ALB":110.934890510949,"AND":147.842553191489,"ARE":59.0320613911574,"ARG":14.0404218234436,"ARM":111.784334387074,"ASM":284.855,"ATG":177.009090909091,"AUS":2.5670355232157,"AUT":98.4176320891905,"AZE":99.6237235638581,"BDI":274.266121495327,"BEL":342.074077737118,"BEN":70.1762149698475,"BFA":47.8162719298246,"BGD":1082.97112237843,"BGR":71.4841132665257,"BHR":1061.82916666667,"BHS":33.5282717282717,"BIH":81.61177734375,"BLR":48.3012483606638,"BLZ":11.5642262165717,"BMU":1155.2962962963,"BOL":8.35474937690391,"BRA":21.610392742883,"BRB":618.083720930233,"BRN":65.7755218216319,"BTN":16.0216834170854,"BWA":3.13330157217723,"CAF":6.58622427686282,"CAN":3.529322777419,"CHE":185.703856614881,"CHL":21.5522021917012,"CHN":137.235919250104,"CIV":60.143213836478,"CMR":34.1865837405598,"COD":24.4122833638429,"COG":10.0900527086384,"COL":36.8971870211807,"COM":306.178398710371,"CPV":117.46476426799,"CRI":81.0572659616138,"CUB":105.351343984962,"CYM":183.058333333333,"CYP":108.180735930736,"CZE":131.926983305293,"DEU":236.616427281328,"DJI":35.0957290767903,"DMA":91.3746666666667,"DNK":134.76435,"DOM":185.895673773546,"DZA":13.5093746588628,"ECU":53.8424303430504,"EGY":78.2094007735195,"ERI":24.6921089108911,"ESP":84.5088139260031,"EST":32.3359282849729,"ETH":73.832663,"FIN":17.1148560359828,"FJI":47.415763546798,"FRA":115.50209666945,"FRO":34.4068767908309,"FSM":160.407142857143,"G001":50.3873940548433,"GAB":5.36480769977103,"GBR":246.548906708552,"GEO":69.13705867945,"GHA":93.5954337698866,"GIB":2827.4,"GIN":36.1011761354387,"GMB":155.890415019763,"GNB":46.8992176386913,"GNQ":30.2268092691622,"GRC":84.7794414274632,"GRD":320.247058823529,"GRL":0.138265318552808,"GTM":116.889156401642,"GUM":302.105555555556,"GUY":3.87656083312167,"HKG":6410.28571428571,"HND":63.6268924836893,"HRV":76.8958437567007,"HTI":317.848766328012,"HUN":113.027806293238,"IDN":119.864570212072,"IMN":136.928070175439,"IND":375.624499611528,"IRL":58.0130788213093,"IRN":42.2218988678504,"IRQ":61.281429910602,"ISL":2.88799002493766,"ISR":309.135859519408,"ITA":194.101082788332,"JAM":245.302216066482,"JOR":65.0705802357208,"JPN":350.39231824417,"KAZ":5.83301107530466,"KEN":59.1281986857364,"KGZ":26.2946193952033,"KHM":73.934783593927,"KIR":116.265432098765,"KNA":177.6,"KOR":494.755475206612,"KWT":118.399607182941,"LAO":24.6878032928943,"LBN":442.3761485826,"LBR":32.3871677740864,"LBY":3.19367448310354,"LCA":267.173770491803,"LIE":212.99375,"LKA":318.1553340775,"LSO":65.3840250329381,"LTU":54.4864869176771,"LUX":175.427079853639,"LVA":36.7678821090523,"MAC":16429.6296296296,"MAR":66.2590522070356,"MCO":15971.3862851505,"MDA":101.132058382973,"MDG":31.075857206727,"MDV":988.303333333333,"MEX":52.9738496360503,"MHL":286.883333333333,"MKD":79.5408965788439,"MLI":10.3958850670797,"MLT":1245.56875,"MMR":71.406787648805,"MNG":1.59541792198924,"MNP":142.219565217391,"MOZ":24.6604377018744,"MRT":2.71858542737945,"MUS":597.71921182266,"MWI":129.206342808655,"MYS":75.1167310911581,"NAM":2.32902622405228,"NCL":12.9473741794311,"NER":10.1026162469409,"NGA":150.64466769876,"NIC":43.3020026591325,"NLD":480.607286729858,"NOR":12.4980971624448,"NPL":179.203055458668,"NRU":502.95,"NZL":15.2945197675743,"OMN":7.63746688206785,"PAK":216.778549190536,"PAN":42.9083535108959,"PER":21.5472578125,"PHL":284.172904718785,"PLW":42.7369565217391,"PNG":13.5229364483505,"POL":124.753689916405,"PRI":431.352311161218,"PRK":200.069595548542,"PRT":114.304054644809,"PRY":13.4065844450038,"PYF":72.4969749351772,"QAT":64.1414298018949,"ROU":93.8218134377039,"RUS":8.83027865243716,"RWA":348.069517632752,"SAU":8.73929124664486,"SEN":55.6857424816912,"SGP":5989.55749636099,"SLB":16.6543051089675,"SLE":71.7329869770019,"SLV":289.507673745174,"SMR":464.05,"SOM":15.7955128000765,"STP":160.222916666667,"SUR":3.15507781842867,"SVK":111.689336936188,"SVN":99.0929990069513,"SWE":21.9920351490414,"SWZ":62.0174418604651,"SYC":179.958695652174,"SYR":97.4415599978212,"TCA":22.8705263157895,"TCD":7.53481019695044,"TGO":102.08065820923,"THA":126.970905674411,"TJK":47.5748428122321,"TKM":10.3501904538974,"TLS":61.6595830531271,"TON":145.088888888889,"TTO":260.956920077973,"TUN":64.8277033985582,"TUR":88.1355066720372,"TUV":323.166666666667,"TZA":41.8712519756153,"UGA":131.885911616035,"UKR":83.3968584941485,"URY":18.7474917152325,"USA":31.6645346171981,"UZB":58.9874184689718,"VCT":290.105128205128,"VEN":29.3551419987529,"VGB":147.56,"VIR":310.014285714286,"VNM":256.599403360531,"VUT":16.4680885972108,"WBG":524.08122923588,"WSM":65.5229681978799,"YEM":40.6393904956721,"ZAF":39.9808324196886,"ZMB":14.7750104252142,"ZWE":31.6203257076386}}