{"schemaVersion":1,"dataKind":"ranking-year","indicatorId":"EN.POP.DNST","year":2004,"valuesByCountry":{"ABW":528.544444444444,"AFG":36.1232295355933,"AGO":14.9197264779017,"ALB":110.472226277372,"AND":158.13829787234,"ARE":62.3622500704027,"ARG":14.1835268152403,"ARM":111.166139796277,"ASM":284.09,"ATG":178.906818181818,"AUS":2.5946294729443,"AUT":99.0301260300533,"AZE":100.475372556609,"BDI":284.682866043614,"BEL":343.557742392774,"BEN":72.3580525008868,"BFA":49.3440533625731,"BGD":1097.8171314435,"BGR":70.953107760206,"BHR":1128.41232876712,"BHS":33.9442557442557,"BIH":80.87865234375,"BLR":47.9754751867465,"BLZ":11.9109162647961,"BMU":1158.42592592593,"BOL":8.49652635465707,"BRA":21.8559563491399,"BRB":621.623255813954,"BRN":66.9660341555977,"BTN":17.0670304588504,"BWA":3.18872478958234,"CAF":6.73027384506726,"CAN":3.56237648609852,"CHE":186.990617655533,"CHL":21.7708477913526,"CHN":138.053436689892,"CIV":61.6194968553459,"CMR":35.1388525734594,"COD":25.1418102820846,"COG":10.4408609077599,"COL":37.4431464623704,"COM":312.038688876948,"CPV":118.950372208437,"CRI":82.257696827262,"CUB":105.617479560192,"CYM":188.966666666667,"CYP":110.159632034632,"CZE":131.984222107171,"DEU":236.592195429653,"DJI":35.639516824849,"DMA":91.532,"DNK":135.113075,"DOM":188.468060442972,"DZA":13.6993483755574,"ECU":54.7942543082622,"EGY":79.8407182681199,"ERI":21.4765054072847,"ESP":85.9848050803317,"EST":32.1431941495636,"ETH":67.4086372526321,"FIN":17.1646212941988,"FJI":47.8580186097428,"FRA":116.351401799796,"FRO":34.6590257879656,"FSM":159.892857142857,"G001":50.9812849046914,"GAB":5.5171692474871,"GBR":247.955627660894,"GEO":68.7102417859267,"GHA":96.1074887931792,"GIB":2871.5,"GIN":36.8823294807097,"GMB":160.208695652174,"GNB":47.9929943100996,"GNQ":32.0826024955437,"GRC":84.9894569433669,"GRD":321.538235294118,"GRL":0.138623462053843,"GTM":119.516629339306,"GUM":303.351851851852,"GUY":3.87309118618237,"HKG":6460.47619047619,"HND":65.2336580570203,"HRV":76.9173039811307,"HTI":323.304172714078,"HUN":112.777795135015,"IDN":121.397785588322,"IMN":138.231578947368,"IND":382.078344471763,"IRL":59.0834954274931,"IRN":43.1348485964783,"IRQ":63.0538857260443,"ISL":2.91345635910224,"ISR":314.648798521257,"ITA":195.55177229658,"JAM":246.742843951985,"JOR":66.6598028105168,"JPN":350.510288065844,"KAZ":5.87108160165944,"KEN":60.992822504129,"KGZ":26.6147705943691,"KHM":75.0324665760254,"KIR":118.623456790123,"KNA":178.134615384615,"KOR":496.617630654823,"KWT":121.061728395062,"LAO":25.0503726169844,"LBN":449.587390029325,"LBR":32.7750415282392,"LBY":3.26033679257079,"LCA":269.244262295082,"LIE":215.29375,"LKA":320.325386700686,"LSO":64.9251976284585,"LTU":53.8780312699426,"LUX":177.938286087179,"LVA":36.3688109663008,"MAC":16239.2857142857,"MAR":67.1140891776832,"MCO":15938.3325111002,"MDA":100.846989588049,"MDG":31.9954053031606,"MDV":1004.71,"MEX":53.7020658967566,"MHL":287.727777777778,"MKD":79.283759339363,"MLI":10.7380071956007,"MLT":1253.9625,"MMR":72.0344831808026,"MNG":1.6137036582467,"MNP":138.995652173913,"MOZ":25.2299308222488,"MRT":2.78321917143689,"MUS":601.479310344828,"MWI":132.591610097582,"MYS":76.8734500076092,"NAM":2.35892820269893,"NCL":13.1757111597374,"NER":10.4727528222942,"NGA":154.876692249415,"NIC":43.8167857736413,"NLD":482.280183649289,"NOR":12.5721709323083,"NPL":181.490449947681,"NRU":503,"NZL":15.5235274011621,"OMN":7.77001938610662,"PAK":222.195413034454,"PAN":43.7335889157923,"PER":21.7595234375,"PHL":289.749149813865,"PLW":43.0869565217391,"PNG":13.9735039526565,"POL":124.644083178272,"PRI":431.440586245772,"PRK":201.436284361764,"PRT":114.577715846995,"PRY":13.5619808708784,"PYF":73.6542783059637,"QAT":66.6091300602929,"ROU":93.2684695652174,"RUS":8.79465803239439,"RWA":357.391325496555,"SAU":9.1499146388549,"SEN":57.0077598296369,"SGP":6047.40783744557,"SLB":16.9564487316899,"SLE":74.199459684123,"SLV":289.800723938224,"SMR":490.95,"SOM":16.3882392323142,"STP":164.276041666667,"SUR":3.20186064698116,"SVK":111.689812889813,"SVN":99.156504468719,"SWE":22.0786999155742,"SWZ":62.3929651162791,"SYC":179.29347826087,"SYR":99.8903687966443,"TCA":24.0589473684211,"TCD":7.87804637865311,"TGO":104.734473248759,"THA":128.1137759596,"TJK":48.517769362675,"TKM":10.5507054242121,"TLS":62.4797579018157,"TON":145.931944444444,"TTO":262.25730994152,"TUN":65.4361676107106,"TUR":89.1241466678794,"TUV":327.2,"TZA":43.022881011515,"UGA":135.901681597518,"UKR":82.81752856699,"URY":18.7587018626443,"USA":31.9589450682826,"UZB":59.7204791523748,"VCT":289.320512820513,"VEN":29.8632027662831,"VGB":152.54,"VIR":309.902857142857,"VNM":259.099464637017,"VUT":16.8753896636587,"WBG":537.645514950166,"WSM":65.8123674911661,"YEM":41.8492849972536,"ZAF":40.3856440989539,"ZMB":15.2520184559921,"ZWE":31.9656094093318}}