{"schemaVersion":1,"dataKind":"ranking-year","indicatorId":"EN.POP.DNST","year":2005,"valuesByCountry":{"ABW":542.416666666667,"AFG":37.4171181945019,"AGO":15.4737795780861,"ALB":109.908284671533,"AND":164.725531914894,"ARE":65.6827654181921,"ARG":14.3300077831249,"ARM":110.516332982086,"ASM":283.085,"ATG":180.934090909091,"AUS":2.62640667508428,"AUT":99.7070891904993,"AZE":101.522501814662,"BDI":295.455568535826,"BEL":345.452708271519,"BEN":74.7263568641362,"BFA":50.9215021929825,"BGD":1111.74453407083,"BGR":70.4986377025037,"BHR":1201.11081081081,"BHS":34.355044955045,"BIH":80.00962890625,"BLR":47.6446879945571,"BLZ":12.2635247698378,"BMU":1161.31481481481,"BOL":8.64096187575002,"BRA":22.0967943824822,"BRB":624.897674418605,"BRN":68.1055028462998,"BTN":17.3640370438387,"BWA":3.24647892294391,"CAF":6.88434620694083,"CAN":3.59627553791775,"CHE":188.198156410317,"CHL":21.9879951367258,"CHN":138.867766063821,"CIV":63.108358490566,"CMR":36.1206532546381,"COD":25.9260819126177,"COG":10.8239912152269,"COL":37.9711374493015,"COM":318.472326706072,"CPV":120.375930521092,"CRI":83.4555424990208,"CUB":105.811292747088,"CYM":194.95,"CYP":112.137554112554,"CZE":132.166916903961,"DEU":236.464680582636,"DJI":36.2022001725626,"DMA":91.6453333333333,"DNK":135.4858,"DOM":190.954957565721,"DZA":13.9012860345798,"ECU":55.7503744564342,"EGY":81.4717002360741,"ERI":21.9889099906246,"ESP":87.4654972049129,"EST":31.9597782495872,"ETH":69.4377847665754,"FIN":17.2234676122,"FJI":48.2966064586754,"FRA":117.229527785509,"FRO":34.64111747851,"FSM":159.16,"G001":51.6324527440478,"GAB":5.67972600613187,"GBR":249.663977183483,"GEO":68.2751145946324,"GHA":98.6615012745012,"GIB":2916.3,"GIN":37.6275598241901,"GMB":164.726976284585,"GNB":49.1317567567568,"GNQ":33.7742245989305,"GRC":85.2390535298681,"GRD":322.747058823529,"GRL":0.138713607016689,"GTM":122.131662933931,"GUM":304.37962962963,"GUY":3.8654508509017,"HKG":6488.7619047619,"HND":66.8366699436947,"HRV":77.0163855335573,"HTI":328.783490566038,"HUN":112.566287244727,"IDN":122.966345480392,"IMN":139.501754385965,"IND":388.36277600826,"IRL":60.3848744375091,"IRN":44.1000853409956,"IRQ":64.9506093239134,"ISL":2.95994014962594,"ISR":320.244916820702,"ITA":196.6964540542,"JAM":248.113204062789,"JOR":68.3316749773345,"JPN":350.543209876543,"KAZ":5.91477460458569,"KEN":62.8957444565485,"KGZ":26.9167883211679,"KHM":76.1341604350782,"KIR":121.030864197531,"KNA":178.603846153846,"KOR":497.517408363449,"KWT":125.521212121212,"LAO":25.4312088388215,"LBN":456.608211143695,"LBR":34.2713351328904,"LBY":3.32973277106516,"LCA":271.229508196721,"LIE":217.20625,"LKA":322.381183224366,"LSO":64.3305665349144,"LTU":53.0077855775367,"LUX":180.681774041935,"LVA":35.9779356228004,"MAC":16910.7142857143,"MAR":68.0218328478602,"MCO":15890.4785397139,"MDA":100.566888293243,"MDG":32.946498951061,"MDV":1021.43,"MEX":54.4311859872939,"MHL":288.366666666667,"MKD":78.8568619740464,"MLI":11.0955236479565,"MLT":1261.98125,"MMR":72.6067788049467,"MNG":1.63171323734666,"MNP":135.552173913043,"MOZ":25.8203018896717,"MRT":2.85151741534879,"MUS":605.051231527094,"MWI":136.19040093339,"MYS":78.6366489118856,"NAM":2.38868685396397,"NCL":13.3687636761488,"NER":10.8598657930054,"NGA":159.224889928302,"NIC":44.391764999169,"NLD":483.408412322275,"NOR":12.6580888392417,"NPL":183.533017091036,"NRU":502.45,"NZL":15.6997455470738,"OMN":7.94766397415186,"PAK":227.601198630137,"PAN":44.5658595641646,"PER":21.954046875,"PHL":295.187181809035,"PLW":43.0847826086957,"PNG":14.4325067349733,"POL":124.589315444129,"PRI":430.818714768884,"PRK":202.611352877668,"PRT":114.828140373893,"PRY":13.7128039265039,"PYF":74.7643330452319,"QAT":71.0945736434109,"ROU":92.7023436820593,"RUS":8.76108889416588,"RWA":367.025861370085,"SAU":9.56411854732543,"SEN":58.3569937152652,"SGP":6191.23657474601,"SLB":17.2590210789568,"SLE":76.2221113881962,"SLV":289.844498069498,"SMR":497.266666666667,"SOM":16.9672394554787,"STP":168.373958333333,"SUR":3.23544160927946,"SVK":111.700769230769,"SVN":99.3284011916584,"SWE":22.1671788927031,"SWZ":62.7338372093023,"SYC":180.126086956522,"SYR":102.490009260772,"TCA":25.2505263157895,"TCD":8.20210609911055,"TGO":107.457823129252,"THA":129.220419268336,"TJK":49.4764218348099,"TKM":10.7510842040304,"TLS":63.7734364492266,"TON":146.765277777778,"TTO":252.338011695906,"TUN":66.0110195674562,"TUR":90.0816717123813,"TUV":331.333333333333,"TZA":44.2335470760894,"UGA":139.949396927081,"UKR":82.131858193241,"URY":18.773688721289,"USA":32.2548765979183,"UZB":60.4727210570633,"VCT":288.333333333333,"VEN":30.3676707669633,"VGB":157.766666666667,"VIR":309.865714285714,"VNM":259.203077001761,"VUT":17.2895816242822,"WBG":551.560797342193,"WSM":66.069964664311,"YEM":43.1654923575203,"ZAF":40.796670486114,"ZMB":15.7640256123973,"ZWE":32.2694377665762}}