{"schemaVersion":1,"dataKind":"ranking-year","indicatorId":"EN.POP.DNST","year":2006,"valuesByCountry":{"ABW":552.25,"AFG":38.9802584977692,"AGO":16.0546073634395,"ALB":109.21704379562,"AND":169.329787234043,"ARE":70.5308363841172,"ARG":14.4781158991336,"ARM":109.838426413769,"ASM":281.87,"ATG":183.190909090909,"AUS":2.66208895773401,"AUT":100.201660203587,"AZE":102.672531674674,"BDI":306.290771028037,"BEL":347.738700425279,"BEN":77.0950869102519,"BFA":52.5354788011696,"BGD":1124.7289928555,"BGR":69.9716652858326,"BHR":1297.87027027027,"BHS":34.8026973026973,"BIH":79.36078125,"BLR":47.3372826558372,"BLZ":12.6206926786497,"BMU":1163.59259259259,"BOL":8.78952183144097,"BRA":22.3318951345634,"BRB":627.911627906977,"BRN":69.1960151802657,"BTN":17.5984206522024,"BWA":3.30759973885272,"CAF":7.02683713762882,"CAN":3.63291127522004,"CHE":189.388794405946,"CHL":22.2037450977228,"CHN":139.645342881819,"CIV":64.6125849056604,"CMR":37.1272175329483,"COD":26.7377905207208,"COG":11.2369224011713,"COL":38.477768364128,"COM":324.961311123052,"CPV":121.768734491315,"CRI":84.63258911085,"CUB":105.971530583482,"CYM":200.966666666667,"CYP":114.114502164502,"CZE":132.542459546926,"DEU":236.225197866483,"DJI":36.9182053494392,"DMA":91.7413333333333,"DNK":135.9318,"DOM":193.359200993583,"DZA":14.1172025493967,"ECU":56.7165847962635,"EGY":83.0784097644281,"ERI":22.3422474247986,"ESP":88.9761493446631,"EST":31.7718801604152,"ETH":71.5067748631684,"FIN":17.3169839860577,"FJI":48.7337164750958,"FRA":118.048690973189,"FRO":34.6239255014327,"FSM":158.184285714286,"G001":52.2521307537334,"GAB":5.85375480265456,"GBR":251.50589013351,"GEO":67.8880821582281,"GHA":101.260007031731,"GIB":2959.4,"GIN":38.422476802865,"GMB":169.493577075099,"GNB":50.3308321479374,"GNQ":35.3063458110517,"GRC":85.4954383242824,"GRD":323.926470588235,"GRL":0.13832379096114,"GTM":124.742991787981,"GUM":305.257407407407,"GUY":3.85555499110998,"HKG":6530.57142857143,"HND":68.431781213692,"HRV":77.0345043242084,"HTI":334.418069666183,"HUN":112.391139381765,"IDN":124.606809305259,"IMN":140.866666666667,"IND":394.485011048739,"IRL":62.0349978226158,"IRN":45.0605043100273,"IRQ":65.4286187895832,"ISL":3.03024438902743,"ISR":325.956561922366,"ITA":197.484972169432,"JAM":249.396860572484,"JOR":72.839653218495,"JPN":350.765432098765,"KAZ":5.9650020372634,"KEN":64.8417050286397,"KGZ":27.2073670490094,"KHM":77.2661907999094,"KIR":123.477777777778,"KNA":179.111538461538,"KOR":499.982369942197,"KWT":132.701066217733,"LAO":25.8370883882149,"LBN":464.431671554252,"LBR":36.2415593853821,"LBY":3.39873546495107,"LCA":273.17868852459,"LIE":218.98125,"LKA":324.548094402807,"LSO":64.0666337285902,"LTU":52.1682992980217,"LUX":183.586849281014,"LVA":35.6494287045816,"MAC":17444.0559440559,"MAR":68.9472955411158,"MCO":15814.9975333004,"MDA":100.287778048526,"MDG":33.9287220139629,"MDV":1046.17,"MEX":55.1730579490213,"MHL":288.844444444444,"MKD":78.4226110892646,"MLI":11.4655414320721,"MLT":1266.5875,"MMR":73.1252161537638,"MNE":45.7267657992565,"MNG":1.64830525022335,"MNP":131.917391304348,"MOZ":26.4338958264452,"MRT":2.92389638110022,"MUS":607.879802955665,"MWI":139.994707254985,"MYS":80.4075757114594,"NAM":2.4194245041237,"NCL":13.5419584245077,"NER":11.2643727796637,"NGA":163.682745369303,"NIC":45.029541299651,"NLD":484.185456161137,"NOR":12.760447810231,"NPL":185.318625741193,"NRU":501.7,"NZL":15.8922942539212,"OMN":8.12534733441034,"PAK":233.087756849315,"PAN":45.3998385794996,"PER":22.12850859375,"PHL":300.194472951672,"PLW":42.5934782608696,"PNG":14.9002340679239,"POL":124.514452206843,"PRI":428.998196166855,"PRK":203.67500207624,"PRT":115.035399584563,"PRY":13.8564007047571,"PYF":75.8349178910977,"QAT":83.7925064599483,"ROU":92.1547960692234,"RUS":8.73439418381291,"RWA":376.945520875557,"SAU":9.9824365373612,"SEN":59.7314392562198,"SGP":6342.02449567723,"SLB":17.5632011432655,"SLE":77.9227763923524,"SLV":289.68721042471,"SMR":503.066666666667,"SOM":17.4953007938279,"SRB":84.742385090327,"STP":172.539583333333,"SUR":3.27085426043039,"SVK":111.705904365904,"SVN":99.6458788480636,"SWE":22.2922170365422,"SWZ":63.0486046511628,"SYC":183.913043478261,"SYR":106.937983989544,"TCA":26.4452631578947,"TCD":8.50256035578145,"TGO":110.510535024821,"THA":130.297494568302,"TJK":50.425593026579,"TKM":10.9529185197795,"TLS":65.6756556825824,"TON":147.573611111111,"TTO":253.010526315789,"TUN":66.5963568486097,"TUR":91.0117186180372,"TUV":335.2,"TZA":45.489841950779,"UGA":144.106916570742,"UKR":81.6050365921016,"URY":18.7950291395269,"USA":32.5673998463204,"UZB":61.2574119536538,"VCT":287.215384615385,"VEN":30.8652411994785,"VGB":163.286666666667,"VIR":309.625714285714,"VNM":262.689291708627,"VUT":17.7131255127153,"WBG":565.836212624585,"WSM":66.3282685512367,"YEM":44.5917059681421,"ZAF":41.2156369271859,"ZMB":16.3165404431052,"ZWE":32.6649735039421}}