{"schemaVersion":1,"dataKind":"ranking-year","indicatorId":"EN.POP.DNST","year":2007,"valuesByCountry":{"ABW":556.388888888889,"AFG":39.7250233813225,"AGO":16.6668492821048,"ALB":108.394781021898,"AND":174.206382978723,"ARE":79.1979019994368,"ARG":14.6223222213696,"ARM":109.146469968388,"ASM":280.565,"ATG":185.690909090909,"AUS":2.71111802454994,"AUT":100.526987396995,"AZE":103.853368672016,"BDI":317.829984423676,"BEL":350.301651666502,"BEN":79.4073164242639,"BFA":54.1531688596491,"BGD":1136.89235614965,"BGR":69.4718534204953,"BHR":1385.72666666667,"BHS":35.2981018981019,"BIH":78.3871875,"BLR":47.1212709646576,"BLZ":12.9811486190267,"BMU":1166.85185185185,"BOL":8.94116126650051,"BRA":22.5591243984906,"BRB":630.902325581395,"BRN":70.3743833017078,"BTN":17.8041556260986,"BWA":3.37233073950558,"CAF":7.16358470576905,"CAN":3.66834597611535,"CHE":191.094854564163,"CHL":22.4221432298812,"CHN":140.376588050196,"CIV":66.1338301886792,"CMR":38.1838674874659,"COD":27.5590533953817,"COG":11.6557247437775,"COL":38.9683406940063,"COM":331.502955400322,"CPV":123.124069478908,"CRI":85.7862906384645,"CUB":106.043517474634,"CYM":207.029166666667,"CYP":116.094588744589,"CZE":133.318161812298,"DEU":235.943361918146,"DJI":37.7276962899051,"DMA":91.796,"DNK":136.53595,"DOM":195.728793210515,"DZA":14.3548061501255,"ECU":57.6935617651796,"EGY":84.6614345270983,"ERI":22.6651485964038,"ESP":90.6149005229308,"EST":31.6272705826846,"ETH":73.6318622061839,"FIN":17.3919563287185,"FJI":49.1424192665572,"FRA":118.780758883013,"FRO":34.6547277936963,"FSM":156.971428571429,"G001":52.9152833498651,"GAB":6.03965149221873,"GBR":253.471925763651,"GEO":67.5348682599111,"GHA":103.903836688055,"GIB":3000.6,"GIN":39.3223221552987,"GMB":174.483596837945,"GNB":51.599786628734,"GNQ":36.935614973262,"GRC":85.7135221101629,"GRD":325.064705882353,"GRL":0.137787793884761,"GTM":127.398656215006,"GUM":306.05,"GUY":3.84486156972314,"HKG":6586.95238095238,"HND":70.0223254982572,"HRV":77.0176720749053,"HTI":340.105079825835,"HUN":112.217163263029,"IDN":126.263615441442,"IMN":142.363157894737,"IND":400.470881780175,"IRL":63.8545797648425,"IRN":45.8033399641445,"IRQ":64.9143905617669,"ISL":3.10789027431421,"ISR":331.797597042514,"ITA":198.690127080529,"JAM":250.581717451524,"JOR":77.3711128739801,"JPN":351.168724279835,"KAZ":6.02185946586658,"KEN":66.8312699862951,"KGZ":27.468117831074,"KHM":78.4147405393157,"KIR":126.00987654321,"KNA":179.638461538462,"KOR":502.307449442839,"KWT":140.734399551066,"LAO":26.2401906412478,"LBN":473.520821114369,"LBR":38.0922965116279,"LBY":3.46930447730657,"LCA":275.013114754098,"LIE":220.3875,"LKA":326.782730027109,"LSO":64.3368906455863,"LTU":51.5522335673261,"LUX":186.444147510546,"LVA":35.3596509553731,"MAC":17839.0410958904,"MAR":69.8778131301815,"MCO":15706.4627528367,"MDA":100.055661920841,"MDG":34.9392698696564,"MDV":1081.59666666667,"MEX":55.9553280691376,"MHL":289.083333333333,"MKD":78.5942528735632,"MLI":11.8487899425499,"MLT":1271.0125,"MMR":73.6397401762762,"MNE":45.7899628252788,"MNG":1.6705735718479,"MNP":128.132608695652,"MOZ":27.070417609807,"MRT":3.00093043562627,"MUS":610.655172413793,"MWI":144.000243954179,"MYS":82.1743691979912,"NAM":2.45186993647439,"NCL":13.7158096280088,"NER":11.6867529801847,"NGA":168.28316808854,"NIC":45.6809290344025,"NLD":485.23981042654,"NOR":12.89317004523,"NPL":186.874726194629,"NRU":501,"NZL":16.0411682047776,"OMN":8.30427786752827,"PAK":239.328080894562,"PAN":46.2401129943503,"PER":22.28960859375,"PHL":305.447174430694,"PLW":41.9608695652174,"PNG":15.3763745970057,"POL":124.44685296422,"PRI":426.493235625705,"PRK":204.687177144755,"PRT":115.261440909588,"PRY":13.9929171910395,"PYF":76.7611639297033,"QAT":104.099483204134,"ROU":90.8390186610988,"RUS":8.71946397976766,"RWA":387.107134171058,"SAU":10.4053668203322,"SEN":61.1351166052044,"SGP":6602.30071942446,"SLB":17.8690961057521,"SLE":79.65297866445,"SLV":290.049420849421,"SMR":520.183333333333,"SOM":18.0485574010903,"SRB":84.3994854790761,"STP":176.770833333333,"SUR":3.30835404003586,"SVK":111.738503118503,"SVN":100.204667328699,"SWE":22.4581399750626,"SWZ":63.4130813953488,"SYC":184.854347826087,"SYR":113.723181224134,"TCA":27.6526315789474,"TCD":8.80055590851334,"TGO":113.777238462953,"THA":131.344113214195,"TJK":51.4038082309231,"TKM":11.1592066903581,"TLS":67.5782784129119,"TON":148.230555555556,"TTO":254.032748538012,"TUN":67.209719361483,"TUR":91.1582344763068,"TUV":339.4,"TZA":46.7775028223075,"UGA":148.408137730844,"UKR":81.236597448777,"URY":18.8272940235402,"USA":32.8786113609374,"UZB":62.1032147968733,"VCT":285.976923076923,"VEN":31.346707102772,"VGB":169.106666666667,"VIR":309.534285714286,"VNM":267.577137683246,"VUT":18.1522559474979,"WBG":580.481063122924,"WSM":66.6971731448763,"YEM":46.0595905070364,"ZAF":41.6527908069476,"ZMB":16.9024132689436,"ZWE":33.0982499676877}}