{"schemaVersion":1,"dataKind":"ranking-year","indicatorId":"EN.POP.DNST","year":2008,"valuesByCountry":{"ABW":560.65,"AFG":40.6031951918802,"AGO":17.3086187535093,"ALB":107.566204379562,"AND":177.648936170213,"ARE":88.7449169248099,"ARG":14.7711827061158,"ARM":108.433438707411,"ASM":279.14,"ATG":188.436363636364,"AUS":2.76599442875181,"AUT":100.842171594765,"AZE":106.059762547351,"BDI":331.216394080997,"BEL":353.079912966077,"BEN":81.8416637105357,"BFA":55.7678837719298,"BGD":1148.30040715987,"BGR":68.98592210662,"BHR":1451.96842105263,"BHS":35.7762237762238,"BIH":77.10046875,"BLR":46.9585563473992,"BLZ":13.3433143358176,"BMU":1172.22222222222,"BOL":9.09337948859965,"BRA":22.7762758221327,"BRB":634.218604651163,"BRN":71.6874762808349,"BTN":18.0064275782459,"BWA":3.44073897623207,"CAF":7.31802626087515,"CAN":3.70832237476842,"CHE":193.541360670795,"CHL":22.6472942657478,"CHN":141.097705219827,"CIV":67.6554685534591,"CMR":39.2927080027924,"COD":28.4028424604662,"COG":12.0454377745242,"COL":39.4401153672826,"COM":338.155292853305,"CPV":124.40570719603,"CRI":86.9576184880533,"CUB":106.085700864337,"CYM":213.129166666667,"CYP":118.076406926407,"CZE":134.445921802175,"DEU":235.522178240542,"DJI":38.5131147540984,"DMA":91.8053333333333,"DNK":137.340525,"DOM":198.160422272821,"DZA":14.6182878903659,"ECU":58.6857867611532,"EGY":86.2572595308654,"ERI":23.2643755206101,"ESP":92.1293223736969,"EST":31.5425807973579,"ETH":75.7983969601131,"FIN":17.4840375123396,"FJI":49.4471264367816,"FRA":119.445432785973,"FRO":34.775787965616,"FSM":155.622857142857,"G001":53.5968813081381,"GAB":6.23733845616486,"GBR":255.474703426611,"GEO":67.3300150460128,"GHA":106.574430869298,"GIB":3041.3,"GIN":40.2851619729774,"GMB":179.629644268775,"GNB":52.9179943100996,"GNQ":38.6641711229947,"GRC":85.9413576415826,"GRD":326.164705882353,"GRL":0.137234742355951,"GTM":130.040817469205,"GUM":306.838888888889,"GUY":3.83340614681229,"HKG":6626.47619047619,"HND":71.6112878720172,"HRV":77.0085233364306,"HTI":345.81908563135,"HUN":112.020845887736,"IDN":127.912368929422,"IMN":143.910526315789,"IND":406.274393496547,"IRL":65.1697488750181,"IRN":46.3630025295317,"IRQ":66.2391933603128,"ISL":3.16622443890274,"ISR":337.744916820702,"ITA":200.22853191216,"JAM":251.674515235457,"JOR":79.2142565729828,"JPN":351.338820301783,"KAZ":6.08457421194948,"KEN":68.8870067118811,"KGZ":27.7305995828989,"KHM":79.6140890550646,"KIR":128.669135802469,"KNA":180.134615384615,"KOR":505.770780492834,"KWT":148.789057239057,"LAO":26.6419800693241,"LBN":481.461779081134,"LBR":39.6698816445183,"LBY":3.54378417086284,"LCA":276.734426229508,"LIE":221.70625,"LKA":328.964726518896,"LSO":64.7740777338603,"LTU":51.0288153171121,"LUX":189.806794434561,"LVA":34.9899882687579,"MAC":18517.1232876712,"MAR":70.8195541115841,"MCO":15705.9694129255,"MDA":99.8653879625439,"MDG":35.9800529628229,"MDV":1120.56666666667,"MEX":56.7783574680419,"MHL":289.055555555556,"MKD":78.1408244153785,"MLI":12.2446356714938,"MLT":1279.309375,"MMR":74.0701856698964,"MNE":45.8713011152416,"MNG":1.69711733640935,"MNP":124.239130434783,"MOZ":27.746173605636,"MRT":3.08845347821869,"MUS":612.867487684729,"MWI":148.243710224862,"MYS":83.9143478922538,"NAM":2.48643369893962,"NCL":13.8853938730853,"NER":12.1275084866188,"NGA":173.034919902939,"NIC":46.340310786106,"NLD":487.132494075829,"NOR":13.0548674310872,"NPL":188.28069061737,"NRU":500.45,"NZL":16.1778891800539,"OMN":8.48636187399031,"PAK":245.821804950187,"PAN":47.0896959913909,"PER":22.43675078125,"PHL":310.893433276319,"PLW":41.3239130434783,"PNG":15.8614185399461,"POL":124.471952334313,"PRI":423.998421645998,"PRK":205.669113860975,"PRT":115.427757734776,"PRY":14.1293078278379,"PYF":77.320368769807,"QAT":122.905943152455,"ROU":89.3339495432797,"RUS":8.71609568861449,"RWA":397.416659910823,"SAU":10.8331326842475,"SEN":62.5822417285618,"SGP":6913.42285714286,"SLB":18.1775634155055,"SLE":81.6669714602383,"SLV":290.989237451737,"SMR":527.7,"SOM":18.5913284662225,"SRB":84.0409558655385,"STP":181.034375,"SUR":3.34716216882178,"SVK":111.834365904366,"SVN":100.332370372576,"SWE":22.6337796193202,"SWZ":63.8425,"SYC":189.034782608696,"SYR":117.820540187323,"TCA":28.8705263157895,"TCD":9.11395806861499,"TGO":117.095274866703,"THA":132.356926148486,"TJK":52.4321448985424,"TKM":11.3740961419786,"TLS":69.4303295225286,"TON":148.638888888889,"TTO":255.085185185185,"TUN":67.8593910916581,"TUR":92.3192677000637,"TUV":344.033333333333,"TZA":48.0590742831339,"UGA":152.842965817527,"UKR":80.8174670303114,"URY":18.8674265798194,"USA":33.2436868537795,"UZB":63.0661816146635,"VCT":284.687179487179,"VEN":31.8051085539369,"VGB":175.253333333333,"VIR":309.705714285714,"VNM":272.308076932914,"VUT":18.6132895816243,"WBG":596.673920265781,"WSM":67.1756183745583,"YEM":47.5631967725439,"ZAF":42.1358670832337,"ZMB":17.5161409219925,"ZWE":33.4991572961096}}