{"schemaVersion":1,"dataKind":"ranking-year","indicatorId":"EN.POP.DNST","year":2009,"valuesByCountry":{"ABW":564.466666666667,"AFG":42.1110666482682,"AGO":17.9792837089917,"ALB":106.843759124088,"AND":178.485106382979,"ARE":94.439003097719,"ARG":14.9285563947689,"ARM":107.692307692308,"ASM":277.64,"ATG":191.302272727273,"AUS":2.8235883784804,"AUT":101.106677169171,"AZE":108.291290455327,"BDI":348.428582554517,"BEL":355.932252002769,"BEN":84.3333008158922,"BFA":57.419831871345,"BGD":1159.05134823692,"BGR":68.5744565217391,"BHR":1550.54605263158,"BHS":36.2447552447552,"BIH":75.7772265625,"BLR":46.8441433626748,"BLZ":13.7051293292416,"BMU":1177.12962962963,"BOL":9.24607680236315,"BRA":22.9811837322658,"BRB":637.495348837209,"BRN":73.0459203036053,"BTN":18.2067843744261,"BWA":3.51255977273128,"CAF":7.26997174869177,"CAN":3.75101571675707,"CHE":195.977767173332,"CHL":22.876931994857,"CHN":141.801244134798,"CIV":69.1759119496855,"CMR":40.4348839669142,"COD":29.2944769634547,"COG":12.5365124450952,"COL":39.9022451554754,"COM":344.94734013971,"CPV":125.593300248139,"CRI":88.1275166470819,"CUB":106.113481773769,"CYM":219.241666666667,"CYP":120.061796536797,"CZE":135.214085965821,"DEU":234.939637417171,"DJI":39.3238567730802,"DMA":91.8186666666667,"DNK":138.077375,"DOM":200.688573794245,"DZA":14.901057630136,"ECU":59.6954179416975,"EGY":87.9015882264303,"ERI":23.8530992984597,"ESP":92.9750651746681,"EST":31.4818353385232,"ETH":77.9802631357432,"FIN":17.5678545574202,"FJI":49.6573070607553,"FRA":120.060183690509,"FRO":34.9505730659026,"FSM":154.224285714286,"G001":54.2729530877478,"GAB":6.44838747234835,"GBR":257.414417393461,"GEO":66.7346478183281,"GHA":109.267223345346,"GIB":3082.3,"GIN":41.2808643985024,"GMB":184.923122529644,"GNB":54.2808321479374,"GNQ":40.4874509803922,"GRC":86.1677036462374,"GRD":327.217647058824,"GRL":0.137222560604215,"GTM":132.65781075028,"GUM":307.727777777778,"GUY":3.82064516129032,"HKG":6640.7619047619,"HND":73.1959871302172,"HRV":76.927685655064,"HTI":351.581313497823,"HUN":110.710814094775,"IDN":129.543311146252,"IMN":145.50701754386,"IND":412.191872366045,"IRL":65.8350268544056,"IRN":46.9423518504875,"IRQ":69.2075105912691,"ISL":3.17704738154613,"ISR":345.914972273567,"ITA":201.392725501999,"JAM":252.723453370268,"JOR":80.4432642487047,"JPN":351.294924554184,"KAZ":6.15618253880061,"KEN":70.9999139051903,"KGZ":28.1003284671533,"KHM":80.8792771357353,"KIR":131.440740740741,"KNA":180.446153846154,"KOR":508.013960436843,"KWT":156.873400673401,"LAO":27.0435095320624,"LBN":488.004594330401,"LBR":40.9367524916943,"LBY":3.61838094047308,"LCA":278.473770491803,"LIE":223.3875,"LKA":330.990830808484,"LSO":65.2464756258235,"LTU":50.4653530115676,"LUX":193.354334501216,"LVA":34.4170376203256,"MAC":18135.593220339,"MAR":71.7696123683621,"MCO":15966.4528860385,"MDA":99.739374107982,"MDG":37.0521030367644,"MDV":1160.91666666667,"MEX":57.6145070603668,"MHL":288.994444444444,"MKD":77.6678033306899,"MLI":12.6501110482794,"MLT":1288.990625,"MMR":74.4840945966631,"MNE":45.969814126394,"MNG":1.72788137676538,"MNP":120.271739130435,"MOZ":28.4744589129937,"MRT":3.18661880275541,"MUS":614.497044334975,"MWI":152.691854051761,"MYS":85.6027332217319,"NAM":2.52328341167754,"NCL":14.0727571115974,"NER":12.5867806110366,"NGA":177.925781481603,"NIC":47.0051603789264,"NLD":490.079691669137,"NOR":13.2205484552792,"NPL":189.557272410185,"NRU":500.8,"NZL":16.340435228438,"OMN":8.67418093699515,"PAK":252.148886986301,"PAN":47.9470137207425,"PER":22.57563359375,"PHL":316.545091726196,"PLW":40.6717391304348,"PNG":16.354807225191,"POL":124.564460624265,"PRI":421.69222096956,"PRK":206.613503861805,"PRT":115.386472322306,"PRY":14.2744424867858,"PYF":77.637856525497,"QAT":138.579069767442,"ROU":88.5311962096844,"RUS":8.71872024385612,"RWA":407.800243210377,"SAU":11.2656494657369,"SEN":64.0803459201163,"SGP":7125.10428571429,"SLB":18.5116470167917,"SLE":83.8964533111665,"SLV":291.905357142857,"SMR":551.1,"SOM":19.0665364873912,"SRB":83.7046306883147,"STP":185.263541666667,"SUR":3.3865559396218,"SVK":112.006778956124,"SVN":101.245371243634,"SWE":22.8274214371936,"SWZ":64.2530813953488,"SYC":189.778260869565,"SYR":119.674194075365,"TCA":30.0926315789474,"TCD":9.44548443456163,"TGO":120.46083838941,"THA":133.338057116013,"TJK":53.5169334095456,"TKM":11.6008597025089,"TLS":71.2025554808339,"TON":148.893055555556,"TTO":255.381286549708,"TUN":68.554846807415,"TUR":93.6023881605447,"TUV":348.7,"TZA":49.2594061864981,"UGA":157.405290025524,"UKR":80.480099081682,"URY":18.9126442692264,"USA":33.5363992251367,"UZB":64.0891121586439,"VCT":283.353846153846,"VEN":32.2411405249136,"VGB":181.453333333333,"VIR":309.725714285714,"VNM":276.440290060813,"VUT":19.0919606234619,"WBG":612.807142857143,"WSM":67.6724381625442,"YEM":49.1083281247041,"ZAF":42.6419441261572,"ZMB":18.1471219682804,"ZWE":33.9738658394727}}