{"schemaVersion":1,"dataKind":"ranking-year","indicatorId":"EN.POP.DNST","year":2010,"valuesByCountry":{"ABW":565.766666666667,"AFG":43.3652070588596,"AGO":18.6851888986925,"ALB":106.314635036496,"AND":171.714893617021,"ARE":96.7310335116868,"ARG":15.0870920710786,"ARM":106.947664207938,"ASM":276.14,"ATG":193.909090909091,"AUS":2.86785858401781,"AUT":101.350024236549,"AZE":109.542344173442,"BDI":365.126323987539,"BEL":359.199090099891,"BEN":86.8879389854558,"BFA":59.1246271929825,"BGD":1169.25544288238,"BGR":68.1245302137067,"BHR":1612.26115485564,"BHS":36.7110889110889,"BIH":74.4428125,"BLR":46.7409685463919,"BLZ":14.0396755808856,"BMU":1180.09259259259,"BOL":9.39937690390474,"BRA":23.175243415401,"BRB":640.1,"BRN":74.4462998102467,"BTN":18.407324815699,"BWA":3.58744199177739,"CAF":7.21210151208707,"CAN":3.79293521117963,"CHE":198.032658685794,"CHL":23.107901206673,"CHN":142.487743405,"CIV":70.7171855345912,"CMR":41.607044488164,"COD":30.2432844445425,"COG":13.0667349926794,"COL":40.3581063542136,"COM":351.873186458893,"CPV":126.497270471464,"CRI":89.2276145710928,"CUB":106.138754227734,"CYM":225.4125,"CYP":122.058008658009,"CZE":135.626181535673,"DEU":234.606908225034,"DJI":40.1316220880069,"DMA":91.812,"DNK":138.692075,"DOM":203.274166839164,"DZA":15.1940329339055,"ECU":60.7050048316959,"EGY":89.6037691496308,"ERI":24.3272910774296,"ESP":93.1519309613808,"EST":31.4101203113942,"ETH":80.224030211657,"FIN":17.6484106614018,"FJI":49.8313628899836,"FRA":120.653513312923,"FRO":34.8545845272206,"FSM":153.628571428571,"G001":54.9363760941037,"GAB":6.67473512632437,"GBR":259.440189310958,"GEO":66.2496063543161,"GHA":111.958315021535,"GIB":3124.8,"GIN":42.3086684030604,"GMB":190.378458498024,"GNB":55.702240398293,"GNQ":42.3916221033868,"GRC":86.278828549263,"GRD":328.194117647059,"GRL":0.13773663052747,"GTM":135.312728630086,"GUM":308.374074074074,"GUY":3.80622809245618,"HKG":6689.71428571429,"HND":74.7687729019573,"HRV":76.7533950396684,"HTI":355.70732946299,"HUN":110.460874848117,"IDN":131.186593584406,"IMN":147.145614035088,"IND":418.231449722352,"IRL":66.1947307301495,"IRN":47.5336096171321,"IRQ":71.4803969423467,"ISL":3.17247880299252,"ISR":352.292051756007,"ITA":202.285308976795,"JAM":253.792059095106,"JOR":82.1924194638432,"JPN":351.358024691358,"KAZ":6.23654850538949,"KEN":73.0902185753945,"KGZ":28.5039572471324,"KHM":82.1477792884659,"KIR":134.202469135802,"KNA":180.176923076923,"KOR":509.815967078189,"KWT":165.172390572391,"LAO":27.4445147313691,"LBN":492.794525904203,"LBR":42.1396387043189,"LBY":3.69291917205633,"LCA":280.173770491803,"LIE":225.1375,"LKA":332.946723010684,"LSO":65.7526679841897,"LTU":49.418141204627,"LUX":196.916246513832,"LVA":33.7081170552975,"MAC":18080.8080808081,"MAR":72.7470669952946,"MCO":16360.6314750863,"MDA":99.7787848154216,"MDG":38.1458541114971,"MDV":1202.64,"MEX":58.4500090022892,"MHL":289.133333333333,"MKD":77.1727993655829,"MLI":13.0677992771618,"MLT":1295.3375,"MMR":75.045742889508,"MNE":46.054126394052,"MNG":1.75857916493112,"MNP":117.589130434783,"MOZ":29.2469734733844,"MRT":3.28996313185214,"MUS":615.960591133005,"MWI":157.259896054306,"MYS":87.2189194947497,"NAM":2.56265835853709,"NCL":14.3097374179431,"NER":13.0645259335281,"NGA":182.969230431393,"NIC":47.676998504238,"NLD":492.599881411207,"NOR":13.3862623342204,"NPL":190.73562608999,"NRU":502.15,"NZL":16.5231096426266,"OMN":8.90935702746365,"PAK":258.456630085098,"PAN":48.8099946193167,"PER":22.72345234375,"PHL":323.094627226079,"PLW":39.9913043478261,"PNG":16.8562535883054,"POL":124.209200731357,"PRI":419.894588500564,"PRK":207.518129723445,"PRT":115.439458456163,"PRY":14.4424137931034,"PYF":77.9544799769519,"QAT":139.262015503876,"ROU":88.0107411432297,"RUS":8.72263552192818,"RWA":418.222659100122,"SAU":11.1543929589848,"SEN":65.6282813068093,"SGP":7231.81196581197,"SLB":19.0413719185423,"SLE":86.2110556940981,"SLV":292.86916023166,"SMR":554.5,"SOM":19.5456307584404,"SRB":83.3688085982163,"STP":189.377083333333,"SUR":3.42614907791599,"SVK":112.108876920838,"SVN":101.685826607499,"SWE":23.0228627359425,"SWZ":64.6308139534884,"SYC":195.152173913043,"SYR":122.433267984534,"TCA":31.3042105263158,"TCD":9.77809323379924,"TGO":123.783599926457,"THA":134.235250249564,"TJK":54.6737710774507,"TKM":11.8408188453599,"TLS":72.9441156691325,"TON":149.166666666667,"TTO":256.86432748538,"TUN":69.2969876416066,"TUR":95.0354715902447,"TUV":353.8,"TZA":50.5288868819147,"UGA":161.534021543986,"UKR":80.190573430919,"URY":18.9611472974517,"USA":33.8213646033526,"UZB":65.1205023262643,"VCT":281.946153846154,"VEN":32.6660631483476,"VGB":184.5,"VIR":309.591428571429,"VNM":279.147229120251,"VUT":19.5445447087777,"WBG":628.930398671096,"WSM":68.2060070671378,"YEM":50.6740667083357,"ZAF":43.1493549530538,"ZMB":18.7863624746096,"ZWE":34.5264262634096}}