{"schemaVersion":1,"dataKind":"ranking-year","indicatorId":"EN.POP.DNST","year":2011,"valuesByCountry":{"ABW":569.95,"AFG":44.9959492816951,"AGO":19.4259661506377,"ALB":106.02901459854,"AND":165.495744680851,"ARE":100.035736412278,"ARG":15.2485886234831,"ARM":106.354056902002,"ASM":274.475,"ATG":196.209090909091,"AUS":2.90798641031983,"AUT":101.692232186137,"AZE":110.976336228798,"BDI":378.425934579439,"BEL":363.902812118814,"BEN":89.5142160340546,"BFA":60.8987865497076,"BGD":1179.92683413997,"BGR":67.6890935887988,"BHR":1558.0443285528,"BHS":37.1357642357642,"BIH":73.0819921875,"BLR":46.6297521068454,"BLZ":14.3488820692679,"BMU":1180.24074074074,"BOL":9.55315148158405,"BRA":23.3646162902273,"BRB":642.183720930233,"BRN":75.7853889943074,"BTN":18.6105149933101,"BWA":3.65877049035696,"CAF":7.32771678063501,"CAN":3.83011279793076,"CHE":200.249864435738,"CHL":23.3370130673596,"CHN":143.268509836432,"CIV":72.2704402515723,"CMR":42.8006684859639,"COD":31.2517637458371,"COG":13.4984597364568,"COL":40.7928021631365,"COM":358.976894142934,"CPV":126.909925558313,"CRI":90.2826674500588,"CUB":105.757568101214,"CUW":339.709459459459,"CYM":231.691666666667,"CYP":124.079329004329,"CZE":135.90687556649,"DEU":230.304633348634,"DJI":40.9213977566868,"DMA":92.0706666666667,"DNK":139.2643,"DOM":205.870854895467,"DZA":15.4942924080714,"ECU":61.7097237880496,"EGY":91.5094268923602,"ERI":24.7626561652109,"ESP":93.5078358806114,"EST":31.3149091766926,"ETH":82.537679592612,"FIN":17.7309947678436,"FJI":49.972030651341,"FRA":121.237276185175,"FRO":34.7729226361032,"FSM":153.854285714286,"G001":55.6095936956326,"GAB":6.91576434974968,"GBR":261.475674781962,"GEO":65.7203016200707,"GHA":114.683519381208,"GIB":3166,"GIN":43.3697297737262,"GMB":196.026086956522,"GNB":57.1862019914651,"GNQ":44.272192513369,"GRC":86.1512723041117,"GRD":329.644117647059,"GRL":0.138603971251066,"GTM":138.037756625607,"GUM":308.412962962963,"GUY":3.79046482092964,"HKG":6734.85714285714,"HND":76.3301724908392,"HRV":76.4888499749839,"HTI":359.757039187228,"HUN":110.148315475533,"IDN":132.872174396105,"IMN":148.038596491228,"IND":424.199245255096,"IRL":66.4840179997097,"IRN":48.1247071391734,"IRQ":74.0500644685946,"ISL":3.18218453865337,"ISR":358.863216266174,"ITA":202.986767799052,"JAM":254.893259464451,"JOR":84.2579860328903,"JPN":350.707818930041,"KAZ":6.32144386413305,"KEN":75.1281951716625,"KGZ":28.9185974973931,"KHM":83.4046227056424,"KIR":136.601234567901,"KNA":180.330769230769,"KOR":513.804280275749,"KWT":175.803254769921,"LAO":27.8448440207972,"LBN":498.144672531769,"LBR":43.8245224252492,"LBY":3.60503483865101,"LCA":281.640983606557,"LIE":226.95,"LKA":335.019103811194,"LSO":66.337582345191,"LTU":48.3153301209433,"LUX":201.342029008025,"LVA":33.0999244700853,"MAC":18381.27090301,"MAF":741.38,"MAR":73.745435805512,"MCO":16746.916625555,"MDA":99.7210931780946,"MDG":39.2273910913638,"MDV":1245.58,"MEX":59.2831626327838,"MHL":288.372222222222,"MKD":76.8199048374306,"MLI":13.497118481548,"MLT":1300.8375,"MMR":75.6475990754489,"MNE":46.1223048327138,"MNG":1.78925253897917,"MNP":116.539130434783,"MOZ":30.0732966250413,"MRT":3.39847773357912,"MUS":627.142714071107,"MWI":161.911561306746,"MYS":88.7598204230711,"NAM":2.60700968067145,"NCL":14.5811269146608,"NER":13.5598665824584,"NGA":188.170007795602,"NIC":48.355085590826,"NLD":495.049644128114,"NOR":13.5610386481366,"NPL":191.59047087548,"NRU":504.9,"NZL":16.6495765447571,"OMN":9.94107592891761,"PAK":264.303218399751,"PAN":49.6839521119182,"PER":22.8938171875,"PHL":329.505362712547,"PLW":39.3,"PNG":17.3549132182131,"POL":124.296296901022,"PRI":416.399549041714,"PRK":208.436790964206,"PRT":115.269789278305,"PRY":14.6353536370501,"PYF":78.2849322961683,"QAT":139.94496124031,"ROU":87.5332493374462,"RUS":8.73293828429975,"RWA":428.606931495744,"SAU":11.6723187994548,"SEN":67.3084558250662,"SGP":7363.19318181818,"SLB":19.7550911039657,"SLE":88.4905929620393,"SLV":293.925048262548,"SMR":543.666666666667,"SOM":19.6844294959671,"SRB":82.740898696547,"STP":193.384375,"SUR":3.46568614410245,"SVK":112.260522375645,"SVN":101.898292465005,"SWE":23.1973780115221,"SWZ":64.9902906976744,"SXM":1007.85294117647,"SYC":190.089130434783,"SYR":124.58801938681,"TCA":32.4694736842105,"TCD":10.1294448856417,"TGO":127.164441993013,"THA":135.072536162383,"TJK":55.9072949414118,"TKM":12.0941778562765,"TLS":74.660860793544,"TON":149.402777777778,"TTO":258.873099415205,"TUN":70.069741246138,"TUR":96.4406649948677,"TUV":359.333333333333,"TZA":51.9636114247008,"UGA":166.340230400958,"UKR":79.9348425740523,"URY":19.0082561992915,"USA":34.0904277927547,"UZB":66.1372206631804,"VCT":280.382051282051,"VEN":33.0879337906014,"VGB":191.4,"VIR":309.4,"VNM":282.390144405715,"VUT":19.9732567678425,"WBG":645.014285714286,"WSM":68.8031802120141,"YEM":52.2433035967953,"ZAF":43.6861279872062,"ZMB":19.4215633785765,"ZWE":35.1439162466072}}