{"schemaVersion":1,"dataKind":"ranking-year","indicatorId":"EN.POP.DNST","year":2012,"valuesByCountry":{"ABW":578.388888888889,"AFG":46.8546892967205,"AGO":20.1952306088073,"ALB":104.405401459854,"AND":163.476595744681,"ARE":104.075584342439,"ARG":15.4061004351973,"ARM":106.220583069898,"ASM":272.445,"ATG":198.318181818182,"AUS":2.95920036968095,"AUT":102.156943771207,"AZE":112.460790244138,"BDI":392.173987538941,"BEL":366.166617215574,"BEN":92.2105090457609,"BFA":62.764206871345,"BGD":1191.28909118845,"BGR":67.2981577008106,"BHR":1570.08311688312,"BHS":37.5093906093906,"BIH":71.68189453125,"BLR":46.5593029044007,"BLZ":14.6608505041648,"BMU":1178.62962962963,"BOL":9.7071974522293,"BRA":23.555014752086,"BRB":644.041860465116,"BRN":76.9557874762808,"BTN":18.8178240680012,"BWA":3.72067298360771,"CAF":7.40127772962214,"CAN":3.8718472515473,"CHE":202.390548012367,"CHL":23.5620242302954,"CHN":144.243669001474,"CIV":73.7958427672956,"CMR":44.0217659876034,"COD":32.3127491674202,"COG":13.8812591508053,"COL":41.2039747634069,"COM":366.270822138635,"CPV":127.035980148883,"CRI":91.3422248335292,"CUB":105.984819360707,"CUW":342.540540540541,"CYM":238.066666666667,"CYP":126.125216450216,"CZE":136.097177262722,"DEU":230.750625466231,"DJI":41.7060828300259,"DMA":92.1573333333333,"DNK":139.7893,"DOM":208.453963982612,"DZA":15.8061610419273,"ECU":62.700088581092,"EGY":93.5868210357125,"ERI":25.0820517513238,"ESP":93.5068371284061,"EST":31.2030195800896,"ETH":84.8841807786957,"FIN":17.8155615518773,"FJI":50.0776135741653,"FRA":121.825139623342,"FRO":34.5924068767908,"FSM":154.128571428571,"G001":55.2308498493572,"GAB":7.16765242364264,"GBR":263.344769148101,"GEO":65.238006928164,"GHA":117.492607893118,"GIB":3202.9,"GIN":44.4472611102067,"GMB":201.886758893281,"GNB":58.7274893314367,"GNQ":46.1134759358289,"GRC":85.6866640806827,"GRD":331.691176470588,"GRL":0.138409063223292,"GTM":140.814175065323,"GUM":308.02037037037,"GUY":3.79115062230124,"HKG":6809.61904761905,"HND":77.8896773616945,"HRV":76.1269387463369,"HTI":365.376306240929,"HUN":109.580934496852,"IDN":134.591727167608,"IMN":147.956140350877,"IND":430.068210238834,"IRL":66.7663376397155,"IRN":48.7306785530097,"IRQ":77.4885844538589,"ISL":3.19916209476309,"ISR":365.549907578558,"ITA":203.542723134878,"JAM":255.995383194829,"JOR":85.4598670871818,"JPN":350.148148148148,"KAZ":6.4103811534615,"KEN":77.1133692940226,"KGZ":29.4685922836288,"KHM":84.6651087695445,"KIR":138.622222222222,"KNA":180.896153846154,"KOR":515.875583187751,"KWT":187.267620650954,"LAO":28.2451386481802,"LBN":511.802737047898,"LBR":45.4011939368771,"LBY":3.51189970105823,"LCA":282.929508196721,"LIE":229.10625,"LKA":337.577069047999,"LSO":67.0077075098814,"LTU":47.6934454478731,"LUX":206.235870823396,"LVA":32.691902228936,"MAC":18993.3110367893,"MAF":745.52,"MAR":74.7372641720816,"MCO":17124.3216576221,"MDA":99.6732759521901,"MDG":40.327672118186,"MDV":1289.39333333333,"MEX":60.0932163893104,"MHL":285.661111111111,"MKD":76.5194686756542,"MLI":13.8970430834542,"MLT":1312.5875,"MMR":76.3032167189773,"MNE":46.2020817843866,"MNG":1.82353600871754,"MNP":115.726086956522,"MOZ":30.9492179353493,"MRT":3.511238963811,"MUS":628.884326489735,"MWI":166.626824352991,"MYS":90.2840693958302,"NAM":2.66571196054853,"NCL":14.8595733041575,"NER":14.0812891766006,"NGA":193.463360672837,"NIC":49.0384493933854,"NLD":496.884994068802,"NOR":13.7403297521657,"NPL":192.081723055459,"NRU":513.35,"NZL":16.7411036420949,"OMN":11.4607625201939,"PAK":269.389691002491,"PAN":50.5684153887544,"PER":23.0862234375,"PHL":335.96777677164,"PLW":38.6195652173913,"PNG":17.8452281058164,"POL":124.300058781268,"PRI":412.744644870349,"PRK":209.382343659165,"PRT":114.803406485424,"PRY":14.842708280896,"PYF":78.675885911841,"QAT":148.358139534884,"ROU":87.201265107382,"RUS":8.75493589434367,"RWA":438.990717470612,"SAU":12.1733184784783,"SDN":19.7661552462527,"SEN":69.1346543395834,"SGP":7524.69830028329,"SLB":20.4932475884244,"SLE":90.7603214186755,"SLV":295.076013513513,"SMR":557.816666666667,"SOM":19.8634871042816,"SRB":82.3404642122113,"SSD":17.0212523539,"STP":197.332291666667,"SUR":3.50533535450438,"SVK":112.451734320413,"SVN":102.114049151928,"SWE":23.3696200002111,"SWZ":65.3408720930233,"SXM":1030.08823529412,"SYC":191.963043478261,"SYR":123.943598540543,"TCA":33.8178947368421,"TCD":10.4915803684879,"TGO":130.55223386652,"THA":135.912031944254,"TJK":57.2598170905973,"TKM":12.3604494286383,"TLS":76.3204438466712,"TON":149.25,"TTO":260.271734892788,"TUN":70.865390061792,"TUR":97.6778802801346,"TUV":364.466666666667,"TZA":53.4818920749605,"UGA":171.241960901656,"UKR":79.7660291376096,"URY":19.0572563135642,"USA":34.3636893244215,"UZB":67.1452569986232,"VCT":278.810256410256,"VEN":33.5058398049997,"VGB":202.3,"VIR":309.108571428571,"VNM":285.558644407367,"VUT":20.4169811320755,"WBG":661.129235880399,"WSM":69.4339222614841,"YEM":53.8546640907627,"ZAF":44.3351828800831,"ZMB":20.0616486635548,"ZWE":35.7189789324027}}