{"schemaVersion":1,"dataKind":"ranking-year","indicatorId":"EN.POP.DNST","year":2013,"valuesByCountry":{"ABW":587.083333333333,"AFG":48.4839765113534,"AGO":20.9879040667362,"ALB":102.806642335766,"AND":159.987234042553,"ARE":108.322036046184,"ARG":15.5598387102668,"ARM":106.146821215314,"ASM":270.03,"ATG":200.145454545455,"AUS":3.01057352615753,"AUT":102.760821619001,"AZE":113.923480806688,"BDI":406.516394080997,"BEL":367.896581281113,"BEN":94.9701489890032,"BFA":64.6762024853801,"BGD":1202.52086502266,"BGR":65.9543570375829,"BHR":1627.52077922078,"BHS":37.8574425574426,"BIH":70.52458984375,"BLR":46.5393725235082,"BLZ":14.977071459886,"BMU":1177.2962962963,"BOL":9.86117234376442,"BRA":23.7467066835444,"BRB":645.732558139535,"BRN":78.026944971537,"BTN":19.0275467639111,"BWA":3.77725195419335,"CAF":7.45195511894443,"CAN":3.91284812265562,"CHE":204.734336607627,"CHL":23.7878208335351,"CHN":145.207643927049,"CIV":75.2823113207547,"CMR":45.2759112352182,"COD":33.430844048433,"COG":14.2228374816984,"COL":41.5967408742677,"COM":374.095647501343,"CPV":127.102977667494,"CRI":92.3648061104583,"CUB":108.40689886778,"CUW":346.445945945946,"CYM":244.395833333333,"CYP":128.127164502165,"CZE":136.159958559959,"DEU":231.155712565925,"DJI":42.4859361518551,"DMA":92.9533333333333,"DNK":140.3733,"DOM":211.008755951149,"DZA":16.1286164736705,"ECU":63.6460299565147,"EGY":95.7693033301522,"ERI":25.3975905581196,"ESP":93.169262909578,"EST":30.3196917414309,"ETH":87.224157853982,"FIN":17.8978314521702,"FJI":50.1561029009305,"FRA":122.456502458484,"FRO":34.5601719197708,"FSM":154.458571428571,"G001":55.9162381350838,"GAB":7.42445375868359,"GBR":265.113875914521,"GEO":65.0419538822212,"GHA":120.357708534763,"GIB":3240.7,"GIN":45.5472611102067,"GMB":207.887351778656,"GNB":60.3119843527738,"GNQ":47.9935115864528,"GRC":85.067579519007,"GRD":333.785294117647,"GRL":0.137612376659764,"GTM":143.59217058604,"GUM":307.344444444444,"GUY":3.8101143002286,"HKG":6837.04761904762,"HND":79.4465814639378,"HRV":75.6543849617611,"HTI":370.912989840348,"HUN":109.05483265216,"IDN":136.271572751061,"IMN":147.615789473684,"IND":435.838110245225,"IRL":67.1188271156917,"IRN":49.3717220462192,"IRQ":81.2709362215752,"ISL":3.22956608478803,"ISR":372.435304990758,"ITA":203.949752805037,"JAM":257.034810710988,"JOR":90.0181234512278,"JPN":349.643347050754,"KAZ":6.50313071822795,"KEN":79.043453280388,"KGZ":30.1206986444213,"KHM":85.9404486743712,"KIR":140.540740740741,"KNA":181.034615384615,"KOR":517.612269825303,"KWT":196.848709315376,"LAO":28.6455155979203,"LBN":561.430694037146,"LBR":46.4102886212625,"LBY":3.58311149504984,"LCA":284.211475409836,"LIE":231.15,"LKA":328.257056290863,"LSO":67.7372859025033,"LTU":47.2477064220183,"LUX":211.05785290896,"LVA":32.3436289713468,"MAC":19534.6534653465,"MAF":748.38,"MAR":75.7059623571589,"MCO":17487.4198322644,"MDA":99.5771842462653,"MDG":41.4391371605363,"MDV":1333.56666666667,"MEX":60.8778893490059,"MHL":281.561111111111,"MKD":76.2377478191911,"MLI":14.3089313959301,"MLT":1327.53125,"MMR":76.9624823911313,"MNE":46.2889962825279,"MNG":1.8616184405066,"MNP":114.691304347826,"MOZ":31.8568770823266,"MRT":3.62308916270496,"MUS":630.409113670506,"MWI":171.423589308443,"MYS":91.8407091766854,"NAM":2.73598367525416,"NCL":15.1434354485777,"NER":14.6205873529644,"NGA":198.787227291193,"NIC":49.7244889479807,"NLD":498.795844464233,"NOR":13.9120886837683,"NPL":192.465964422742,"NRU":525.85,"NZL":16.8702290076336,"OMN":12.3874410339257,"PAK":273.809124636779,"PAN":51.4572101156847,"PER":23.29524921875,"PHL":342.342744072174,"PLW":38.3652173913043,"PNG":18.3339177670803,"POL":124.229110740995,"PRI":409.405524239008,"PRK":210.360028236857,"PRT":114.156128691384,"PRY":15.0577523282155,"PYF":79.1495246326707,"QAT":165.066838931955,"ROU":86.8742903099596,"RUS":8.78102091547408,"RWA":449.669233887313,"SAU":12.8502267768841,"SDN":20.2279705567452,"SEN":71.2140913104451,"SGP":7636.72135785007,"SLB":21.2556270096463,"SLE":93.0181629260183,"SLV":296.276013513514,"SMR":550.683333333333,"SOM":20.5145439474607,"SRB":81.9409215641436,"SSD":17.6701137784248,"STP":201.195833333333,"SUR":3.54512786029273,"SVK":112.572637664282,"SVN":102.281678252234,"SWE":23.5684835040631,"SWZ":65.6970930232558,"SXM":1054.52941176471,"SYC":195.541304347826,"SYR":117.99225072156,"TCA":35.4242105263158,"TCD":10.8728391041931,"TGO":133.948189005332,"THA":136.712626984282,"TJK":58.7076593312375,"TKM":12.6387781158896,"TLS":77.9216543375925,"TON":148.719444444444,"TTO":261.317153996101,"TUN":71.713188722966,"TUR":98.9405610488157,"TUV":366.7,"TZA":55.1186814179273,"UGA":176.227019748654,"UKR":79.6222640336947,"URY":19.1140269683465,"USA":34.6246572257533,"UZB":68.207469669955,"VCT":277.269230769231,"VEN":33.9121342327532,"VGB":211.353333333333,"VIR":308.688571428571,"VNM":289.364162813695,"VUT":20.8762920426579,"WBG":677.194019933555,"WSM":70.0593639575972,"YEM":55.5201090971078,"ZAF":45.0739771987239,"ZMB":20.7145603249976,"ZWE":36.2254310456249}}