{"schemaVersion":1,"dataKind":"ranking-year","indicatorId":"EN.POP.DNST","year":2014,"valuesByCountry":{"ABW":593.372222222222,"AFG":50.2775447311531,"AGO":21.7861305847437,"ALB":101.232372262774,"AND":156.887234042553,"ARE":113.481272880879,"ARG":15.7212073709481,"ARM":105.858798735511,"ASM":267.33,"ATG":201.738636363636,"AUS":3.05581479504836,"AUT":103.567086766844,"AZE":115.348813858679,"BDI":420.552375389408,"BEL":369.533412455082,"BEN":97.8184107839659,"BFA":66.6281469298246,"BGD":1213.52791733886,"BGR":65.1581798084009,"BHR":1705.00907911803,"BHS":38.1916083916084,"BIH":69.62556640625,"BLR":46.5506003261518,"BLZ":15.2969311705392,"BMU":1176.46296296296,"BOL":10.0146662974245,"BRA":23.93895376244,"BRB":647.320930232558,"BRN":79.0796963946869,"BTN":19.2339113781252,"BWA":3.83259047518219,"CAF":7.42107611801342,"CAN":3.9522291338328,"CHE":207.250751433234,"CHL":24.0860324163393,"CHN":146.125816729087,"CIV":77.1301729559748,"CMR":46.6668634046244,"COD":34.5838168545025,"COG":14.5706588579795,"COL":41.969742226228,"COM":382.322944653412,"CPV":127.128039702233,"CRI":93.3630826478653,"CUB":108.496202653336,"CUW":351.146396396396,"CYM":250.666666666667,"CYP":130.065043290043,"CZE":136.30337995338,"DEU":232.108053883634,"DJI":43.2578515962036,"DMA":93.8306666666667,"DNK":141.086875,"DOM":213.527799627406,"DZA":16.4606678310815,"ECU":64.5640360766629,"EGY":97.9744376914963,"ERI":25.572294764578,"ESP":92.8824553687451,"EST":30.2402806533241,"ETH":89.598740246565,"FIN":17.9720030274112,"FJI":50.2235905856596,"FRA":123.039367288246,"FRO":34.6905444126075,"FSM":154.851428571429,"G001":56.5950830182581,"GAB":7.67803391935421,"GBR":267.102054313231,"GEO":65.0725007872914,"GHA":123.238076821658,"GIB":3281.3,"GIN":46.6910467198437,"GMB":213.886166007905,"GNB":61.9175675675676,"GNQ":49.9047415329768,"GRC":84.5028161365399,"GRD":335.682352941176,"GRL":0.137154342794494,"GTM":146.339352370287,"GUM":306.455555555556,"GUY":3.83149098298197,"HKG":6885.2380952381,"HND":81.0002859951738,"HRV":75.0767993710242,"HTI":376.387336719884,"HUN":107.747512601359,"IDN":137.882705314833,"IMN":147.178947368421,"IND":441.370107863944,"IRL":67.6112643344462,"IRN":50.0393213241976,"IRQ":84.1918950171378,"ISL":3.2656957605985,"ISR":379.653419593346,"ITA":203.980505075782,"JAM":257.963896583564,"JOR":99.0280468574003,"JPN":349.179698216735,"KAZ":6.5993573360003,"KEN":80.9140808939804,"KGZ":30.7916996871741,"KHM":87.2239519601178,"KIR":142.377777777778,"KNA":181.111538461538,"KOR":520.852499230217,"KWT":205.716947250281,"LAO":29.0432062391681,"LBN":620.429130009775,"LBR":47.3867628737542,"LBY":3.65280243700058,"LCA":285.472131147541,"LIE":232.8,"LKA":331.334715356403,"LSO":68.5141304347826,"LTU":46.8835275339186,"LUX":216.091529874226,"LVA":32.0404647500281,"MAC":20518.1518151815,"MAF":749,"MAR":76.6407797445664,"MCO":17823.3843117908,"MDA":99.5164884911377,"MDG":42.5650532829151,"MDV":1378.72333333333,"MEX":61.6190030607783,"MHL":276.644444444444,"MKD":76.0331879460745,"MLI":14.7684106573566,"MLT":1354.628125,"MMR":77.6040209468978,"MNE":46.3750185873606,"MNG":1.90278211075515,"MNP":113.430434782609,"MOZ":32.7939100689234,"MRT":3.7338837683128,"MUS":631.551326990486,"MWI":176.299724225711,"MYS":93.4291188555775,"NAM":2.80841380315563,"NCL":15.3842450765864,"NER":15.1700552617036,"NGA":204.109616039176,"NIC":50.4112680737909,"NLD":500.593885425942,"NOR":14.0704449094514,"NPL":193.040599930241,"NRU":537.1,"NZL":17.1527856898713,"OMN":12.9319515347334,"PAK":277.948120330012,"PAN":52.5108067997841,"PER":23.5279890625,"PHL":348.013314552101,"PLW":38.5108695652174,"PNG":18.8213598021464,"POL":124.144273163722,"PRI":404.173280721533,"PRK":211.371663483099,"PRT":113.541770372117,"PRY":15.2776516486282,"PYF":79.6274848746759,"QAT":187.271105308964,"ROU":86.5306806328234,"RUS":8.80737424184231,"RWA":460.671139035266,"SAU":13.1690025073383,"SDN":20.7833608137045,"SEN":73.5059575131148,"SGP":7714.7023977433,"SLB":22.0403001071811,"SLE":95.2671792740371,"SLV":297.439913127413,"SMR":544.25,"SOM":21.2635747760385,"SRB":81.5434141321747,"SSD":17.7789834317092,"STP":204.965625,"SUR":3.58470853811854,"SVK":112.700686356073,"SVN":102.382323733863,"SWE":23.8034986523533,"SWZ":66.0638953488372,"SXM":1078.58823529412,"SYC":198.60652173913,"SYR":110.404939280074,"TCA":36.8947368421053,"TCD":11.2680098475222,"TGO":137.386468100754,"THA":137.439305917125,"TJK":60.7089475883735,"TKM":12.9280594982231,"TLS":79.4823806321453,"TON":148.068055555556,"TTO":262.250097465887,"TUN":72.5687950566426,"TUR":100.284401595572,"TUV":366.133333333333,"TZA":56.8429803567397,"UGA":181.505779972073,"UKR":79.3598715669181,"URY":19.1768597874529,"USA":34.9013776562134,"UZB":69.3523563008704,"VCT":275.730769230769,"VEN":34.2997324414716,"VGB":219.746666666667,"VIR":308.234285714286,"VNM":292.559228518274,"VUT":21.3486464315012,"WBG":693.255481727575,"WSM":70.6844522968198,"YEM":57.2500501922458,"ZAF":45.8291124318888,"ZMB":21.3822018052435,"ZWE":36.7257567532635}}