{"schemaVersion":1,"dataKind":"ranking-year","indicatorId":"EN.POP.DNST","year":2015,"valuesByCountry":{"ABW":599.477777777778,"AFG":51.8709105683578,"AGO":22.5858650838213,"ALB":99.6822262773723,"AND":153.56170212766,"ARE":119.75833568009,"ARG":15.8867142423877,"ARM":105.535651563049,"ASM":264.39,"ATG":203.202272727273,"AUS":3.10011259648803,"AUT":104.734597673291,"AZE":116.731076781631,"BDI":430.201713395639,"BEL":371.680875614018,"BEN":100.750984391628,"BFA":68.6311659356725,"BGD":1224.42328493508,"BGR":64.3351602800295,"BHR":1761.33933161954,"BHS":38.4961038961039,"BIH":68.72150390625,"BLR":46.611337189252,"BLZ":15.6217886891714,"BMU":1175.25925925926,"BOL":10.1677328533186,"BRA":24.1292359304821,"BRB":648.813953488372,"BRN":80.1161290322581,"BTN":19.4301230422121,"BWA":3.88769431651757,"CAF":7.430928761758,"CAN":3.98239245827659,"CHE":209.626620751132,"CHL":24.333348398175,"CHN":146.977949259981,"CIV":79.3910125786164,"CMR":48.1551352837892,"COD":35.7449244613043,"COG":14.9270307467057,"COL":42.3343307796305,"COM":390.479312197743,"CPV":127.144913151365,"CRI":94.360321190756,"CUB":108.309942363112,"CUW":355.810810810811,"CYM":256.841666666667,"CYP":131.980735930736,"CZE":136.589288952208,"DEU":234.152986871524,"DJI":44.0169542709232,"DMA":93.88,"DNK":142.087075,"DOM":215.997288346098,"DZA":16.8026368106356,"ECU":65.4945442100177,"EGY":100.052581244663,"ERI":25.6468528978016,"ESP":92.907597351004,"EST":30.26011042098,"ETH":92.0367822337439,"FIN":18.0301108880919,"FJI":50.2779419813903,"FRA":123.477636144355,"FRO":35.0279369627507,"FSM":155.308571428571,"G001":57.2677024052238,"GAB":7.92094151434005,"GBR":269.036498160625,"GEO":65.1750586094685,"GHA":126.114388678914,"GIB":3319.3,"GIN":47.8881246947745,"GMB":219.815118577075,"GNB":63.5297652916074,"GNQ":51.8332620320856,"GRC":83.947889837083,"GRD":337.282352941176,"GRL":0.136713363381654,"GTM":149.045754012691,"GUM":305.37962962963,"GUY":3.85461518923038,"HKG":6944.09523809524,"HND":82.5570202877826,"HRV":74.1856371953399,"HTI":381.830261248186,"HUN":107.360891957046,"IDN":139.438934572699,"IMN":146.654385964912,"IND":446.666542669658,"IRL":68.2531136594571,"IRN":50.7253137356025,"IRQ":86.5194942505436,"ISL":3.29990024937656,"ISR":387.250462107209,"ITA":203.672434549131,"JAM":258.775069252078,"JOR":107.509900878576,"JPN":348.809327846365,"KAZ":6.69858465755454,"KEN":82.4529008736797,"KGZ":31.4913242961418,"KHM":88.5069737140267,"KIR":144.216049382716,"KNA":181.103846153846,"KOR":523.525547744882,"KWT":215.183726150393,"LAO":29.4698656845754,"LBN":632.694916911046,"LBR":48.3744912790698,"LBY":3.71223103765757,"LCA":286.729508196721,"LIE":234.3375,"LKA":338.810527846445,"LSO":69.321837944664,"LTU":46.4662250598563,"LUX":221.251835336342,"LVA":31.7792437366417,"MAC":21148.0263157895,"MAF":747.38,"MAR":77.5433295989245,"MCO":18133.6951159349,"MDA":98.7560678343838,"MDG":43.7035097971812,"MDV":1427.18,"MEX":62.2815946912215,"MHL":271.111111111111,"MKD":75.8298969072165,"MLI":15.2378088658324,"MLT":1388.1875,"MMR":78.2278679487965,"MNE":46.4424535315985,"MNG":1.94371713207737,"MNP":111.986956521739,"MOZ":33.7592156463796,"MRT":3.84783060056272,"MUS":632.388082123185,"MWI":181.221754348748,"MYS":95.0625414700959,"NAM":2.88391696728978,"NCL":15.490590809628,"NER":15.741294702771,"NGA":209.352391932101,"NIC":51.100357320924,"NLD":503.116216216216,"NOR":14.2079384825517,"NPL":194.095772584583,"NRU":547.7,"NZL":17.5056017621815,"OMN":13.5214701130856,"PAK":281.873810450394,"PAN":53.4273475445224,"PER":23.795,"PHL":353.197813327967,"PLW":38.6304347826087,"PNG":19.306730556905,"POL":124.061569613639,"PRI":398.55321307779,"PRK":212.402209118844,"PRT":113.072519583956,"PRY":15.5023986911654,"PYF":80.0535868625756,"QAT":204.051958224543,"ROU":86.1248956884562,"RUS":8.8320122221157,"RWA":471.829023104986,"SAU":13.8700845238151,"SDN":21.4263549250535,"SEN":75.7976990598868,"SGP":7806.77291960508,"SLB":22.8444087173991,"SLE":97.5014546965918,"SLV":298.439961389961,"SMR":548.283333333333,"SOM":22.0087400771511,"SRB":81.1271781385776,"SSD":17.5772015887836,"STP":208.636458333333,"SUR":3.62367242275927,"SVK":112.803148787488,"SVN":102.446109241111,"SWE":24.0582617728817,"SWZ":66.4426162790698,"SXM":1102.08823529412,"SYC":203.084782608696,"SYR":105.781288460491,"TCA":38.5315789473684,"TCD":11.6324817344346,"TGO":140.893454679169,"THA":138.07433106931,"TJK":62.2799913538439,"TKM":13.2270125337816,"TLS":81.0444519166106,"TON":147.354166666667,"TTO":263.09298245614,"TUN":73.3925334706488,"TUR":101.631276067721,"TUV":365.433333333333,"TZA":58.7276608715286,"UGA":187.170586475165,"UKR":79.0362271055948,"URY":19.2436121586104,"USA":35.1809713558577,"UZB":69.7897094870631,"VCT":274.25641025641,"VEN":34.662402358143,"VGB":229.986666666667,"VIR":307.748571428571,"VNM":296.1974772084,"VUT":21.829450369155,"WBG":709.317607973422,"WSM":71.3010600706714,"YEM":59.0173286360967,"ZAF":46.7595454582925,"ZMB":22.0598730141648,"ZWE":37.2211787514541}}