{"schemaVersion":1,"dataKind":"ranking-year","indicatorId":"EN.POP.DNST","year":2016,"valuesByCountry":{"ABW":604.038888888889,"AFG":53.2030296061205,"AGO":23.4082537900056,"ALB":98.155802919708,"AND":153.576595744681,"ARE":125.8109687412,"ARG":16.0413905118958,"ARM":105.103617843344,"ASM":261.225,"ATG":204.475,"AUS":3.14493553058884,"AUT":105.873339796413,"AZE":118.033288980283,"BDI":437.673325545171,"BEL":373.567467774371,"BEN":103.741060659808,"BFA":70.6683333333333,"BGD":1235.3993393255,"BGR":63.5053334561533,"BHR":1827.63286264442,"BHS":38.7667332667333,"BIH":67.83208984375,"BLR":46.6499448243246,"BLZ":15.9888206926786,"BMU":1174.98148148148,"BOL":10.3203360103388,"BRA":24.3137963709629,"BRB":650.227906976744,"BRN":81.1316888045541,"BTN":19.6063863255034,"BWA":3.94328163322923,"CAF":7.56631513050178,"CAN":4.02771072511681,"CHE":211.931572125581,"CHL":24.6093854617587,"CHN":147.822641376791,"CIV":81.7276886792453,"CMR":49.6163842525015,"COD":37.0333318629938,"COG":15.2929311859444,"COL":42.7557566471383,"COM":398.571198280494,"CPV":127.184615384615,"CRI":95.3191931061496,"CUB":108.2815455594,"CUW":359.603603603604,"CYM":262.916666666667,"CYP":133.88658008658,"CZE":136.851858567543,"DEU":235.712929356538,"DJI":44.7650129421915,"DMA":92.808,"DNK":143.20025,"DOM":218.410888014904,"DZA":17.1516218598076,"ECU":66.4565107102593,"EGY":102.109185795369,"ERI":25.8074296058691,"ESP":92.9973717081295,"EST":30.2689210950081,"ETH":94.5614799764478,"FIN":18.0820078312658,"FJI":50.3101258894362,"FRA":123.803885332591,"FRO":35.432664756447,"FSM":155.821428571429,"G001":57.9344044255455,"GAB":8.15114681569449,"GBR":271.18174678626,"GEO":65.2140557752196,"GHA":129.017939702909,"GIB":3365.8,"GIN":49.1332817841446,"GMB":225.668873517787,"GNB":65.1455547652916,"GNQ":53.7677718360071,"GRC":83.5994647013189,"GRD":338.617647058824,"GRL":0.136888780606651,"GTM":151.817469204927,"GUM":304.135185185185,"GUY":3.8788315976632,"HKG":6987.2380952381,"HND":84.121726695862,"HRV":73.3840861982703,"HTI":387.208164005806,"HUN":106.944499232961,"IDN":140.945267664402,"IMN":146.431578947368,"IND":452.020992940243,"IRL":69.1351720133546,"IRN":51.4576905130283,"IRQ":88.6135586739395,"ISL":3.34602493765586,"ISR":394.916820702403,"ITA":203.285640373599,"JAM":259.456602031394,"JOR":112.70969813021,"JPN":348.631001371742,"KAZ":6.80208912101345,"KEN":84.0057771361452,"KGZ":32.1967570385819,"KHM":89.8074042601405,"KIR":146.269135802469,"KNA":181.057692307692,"KOR":525.370072521002,"KWT":224.696745230079,"LAO":29.934150779896,"LBN":618.089931573803,"LBR":49.3730066445183,"LBY":3.76923855098492,"LCA":287.944262295082,"LIE":235.725,"LKA":342.672030762768,"LSO":70.1720026350461,"LTU":45.9328405861882,"LUX":226.072263698018,"LVA":31.4901409356067,"MAC":21393.4426229508,"MAF":743.5,"MAR":78.4751445216222,"MCO":18389.7385298471,"MDA":97.614165825121,"MDG":44.8606943966999,"MDV":1477.69333333333,"MEX":62.8881149206513,"MHL":265.05,"MKD":75.5873513084853,"MLI":15.7281152935199,"MLT":1420.328125,"MMR":78.8867551089188,"MNE":46.4946468401487,"MNG":1.98352563105577,"MNP":110.376086956522,"MOZ":34.7632251583204,"MRT":3.96493354031241,"MUS":632.822734101152,"MWI":186.229730589733,"MYS":96.7575254907929,"NAM":2.96276281747622,"NCL":15.5045404814004,"NER":16.3304278834768,"NGA":214.591719094832,"NIC":51.7921389396709,"NLD":505.800831600832,"NOR":14.3354243797401,"NPL":195.015430763865,"NRU":557.5,"NZL":17.9032319319433,"OMN":14.1870016155089,"PAK":285.568271326276,"PAN":54.3589584457636,"PER":24.1144484375,"PHL":357.969342992253,"PLW":38.6891304347826,"PNG":19.7891577971117,"POL":124.008253045495,"PRI":392.382412626832,"PRK":213.423519641226,"PRT":112.716384151187,"PRY":15.7289856531588,"PYF":80.431575914722,"QAT":215.588598781549,"ROU":85.6322453059805,"RUS":8.85489473873823,"RWA":483.144831779489,"SAU":14.399377584675,"SDN":22.0877366167024,"SEN":78.0892380408248,"SGP":7908.72073342736,"SLB":23.6648445873526,"SLE":99.8244389027431,"SLV":299.266409266409,"SMR":551.683333333333,"SOM":22.8723499218924,"SRB":80.7034301394923,"SSD":17.1381355529885,"STP":212.176041666667,"SUR":3.66186375836012,"SVK":112.953369384359,"SVN":102.52417833383,"SWE":24.362449750883,"SWZ":66.8318023255814,"SXM":1124.97058823529,"SYC":205.819565217391,"SYR":104.524500353973,"TCA":40.3315789473684,"TCD":12.0033791296061,"TGO":144.480400808972,"THA":138.698821664155,"TJK":63.8780243533396,"TKM":13.5340178324431,"TLS":82.6033624747814,"TON":146.561111111111,"TTO":263.917153996101,"TUN":74.2061920700309,"TUR":103.007889505347,"TUV":364.333333333333,"TZA":60.7631666290359,"UGA":193.49267903451,"UKR":78.7461064406429,"URY":19.3079819449206,"USA":35.4584505795077,"UZB":71.0059170523229,"VCT":272.689743589744,"VEN":34.8797913950456,"VGB":225.853333333333,"VIR":307.188571428571,"VNM":299.948999160782,"VUT":22.3205086136177,"WBG":725.429900332226,"WSM":71.9077738515901,"YEM":60.8159743924844,"ZAF":47.2014038529705,"ZMB":22.7530946071376,"ZWE":37.7414863642239}}