{"schemaVersion":1,"dataKind":"ranking-year","indicatorId":"EN.POP.DNST","year":2017,"valuesByCountry":{"ABW":604.083333333333,"AFG":54.7183278904681,"AGO":24.2518962059838,"ALB":96.6527372262774,"AND":156.942553191489,"ARE":129.867994931005,"ARG":16.1833799224611,"ARM":104.650509308044,"ASM":257.93,"ATG":205.609090909091,"AUS":3.19715601363491,"AUT":106.61131846825,"AZE":119.208741622511,"BDI":448.082632398754,"BEL":375.009329772855,"BEN":106.773501241575,"BFA":72.713475877193,"BGD":1245.95641852962,"BGR":62.6701179071481,"BHR":1924.50769230769,"BHS":39.0094905094905,"BIH":66.9664453125,"BLR":46.5987595325832,"BLZ":16.3613327487944,"BMU":1177.37037037037,"BOL":10.4722486845749,"BRA":24.4915070817191,"BRB":651.560465116279,"BRN":82.1199240986717,"BTN":19.7759804949664,"BWA":3.99969473999965,"CAF":7.6944861793316,"CAN":4.07614836279598,"CHE":213.918480127503,"CHL":25.002288872834,"CHN":148.720043543977,"CIV":84.0672075471698,"CMR":51.0431363838294,"COD":38.4126499194989,"COG":15.6691390922401,"COL":43.3808724650744,"COM":406.592692101021,"CPV":127.268734491315,"CRI":96.2235996866432,"CUB":108.360587668593,"CUW":360.754504504504,"CYM":268.895833333333,"CYP":135.744047619048,"CZE":137.21587877218,"DEU":236.588722557747,"DJI":45.5065142364107,"DMA":91.328,"DNK":144.1245,"DOM":220.799896501759,"DZA":17.5037080018356,"ECU":67.4807497181511,"EGY":104.170030639409,"ERI":26.0206072238481,"ESP":93.2268622784207,"EST":30.816,"ETH":97.1744352590326,"FIN":18.1238944459068,"FJI":50.2878489326765,"FRA":124.163688653864,"FRO":35.945558739255,"FSM":156.401428571429,"G001":58.5967120693699,"GAB":8.37078433655451,"GBR":272.665647088001,"GEO":65.2227859617201,"GHA":131.88166476224,"GIB":3424.5,"GIN":50.4055795214065,"GMB":231.441600790514,"GNB":66.7522048364154,"GNQ":55.7003921568627,"GRC":83.4342823894492,"GRD":339.523529411765,"GRL":0.136854671701791,"GTM":154.603928704741,"GUM":302.759259259259,"GUY":3.90388112776226,"HKG":7041.14285714286,"HND":85.6925283760837,"HRV":72.2144056893717,"HTI":392.516473149492,"HUN":106.582905982906,"IDN":142.393583234045,"IMN":146.682456140351,"IND":457.30592394028,"IRL":70.0746842792858,"IRN":52.4047790446841,"IRQ":90.6123378358457,"ISL":3.42543640897756,"ISR":402.647874306839,"ITA":202.903617635721,"JAM":259.996675900277,"JOR":115.276255913494,"JPN":348.345679012346,"KAZ":6.90889024706449,"KEN":85.5601194522199,"KGZ":32.8816266944734,"KHM":91.0569453886245,"KIR":148.487654320988,"KNA":180.961538461538,"KOR":526.734806686494,"KWT":233.1544332211,"LAO":30.4079159445407,"LBN":602.163049853372,"LBR":50.3418293189369,"LBY":3.8298475737977,"LCA":289.085245901639,"LIE":237.2625,"LKA":346.614318258931,"LSO":71.0510540184453,"LTU":45.3798470650213,"LUX":231.635372078028,"LVA":31.2123033409935,"MAC":21051.9480519481,"MAF":736.74,"MAR":79.4227918440511,"MCO":18588.061174149,"MDA":95.9093883802694,"MDG":46.0439584049502,"MDV":1527.62333333333,"MEX":63.4790282671879,"MHL":258.494444444444,"MKD":75.2837827121332,"MLI":16.2376441373884,"MLT":1459.70625,"MMR":79.5020114898506,"MNE":46.5414126394052,"MNG":2.02209412791248,"MNP":108.60652173913,"MOZ":35.8177891095908,"MRT":4.08518482584651,"MUS":633.393590385578,"MWI":191.341907085278,"MYS":98.4801217470705,"NAM":3.04492098774429,"NCL":15.5112691466083,"NER":16.9222752032841,"NGA":219.873929751749,"NIC":52.4865464517201,"NLD":508.8,"NOR":14.452576255125,"NPL":195.404659923265,"NRU":566.2,"NZL":18.2811135163875,"OMN":14.6604071082391,"PAK":289.635179275633,"PAN":55.298259579061,"PER":24.47237265625,"PHL":362.61090317604,"PLW":38.7217391304348,"PNG":20.268325751888,"POL":124.0237303635,"PRI":384.536302142052,"PRK":214.414990449298,"PRT":112.441815784188,"PRY":15.9543418071986,"PYF":80.6934600979545,"QAT":221.568320278503,"ROU":85.1387126216968,"RUS":8.87185768709161,"RWA":494.611268747467,"SAU":14.4101498355577,"SDN":22.8663308351178,"SEN":80.3770944787825,"SGP":7882.37780898876,"SLB":24.497034655234,"SLE":102.234677195899,"SLV":299.880936293436,"SMR":563.75,"SOM":23.7775831287659,"SRB":80.275074319689,"SSD":16.234636747741,"STP":215.59375,"SUR":3.69897103321145,"SVK":113.128785357737,"SVN":102.610871929328,"SWE":24.6929419766692,"SWZ":67.3369186046512,"SXM":1146.94117647059,"SYC":208.354347826087,"SYR":104.692414093558,"TCA":42.0136842105263,"TCD":12.4068924714104,"TGO":148.136422136422,"THA":139.286709467791,"TJK":65.4654225808776,"TKM":13.8468729385228,"TLS":84.1763954270343,"TON":146.327777777778,"TTO":264.450877192982,"TUN":74.9903321318229,"TUR":104.352348531112,"TUV":362.3,"TZA":62.8278279521337,"UGA":200.365988430082,"UKR":78.432661833247,"URY":19.3602902525426,"USA":35.7049975840182,"UZB":72.2198017195203,"VCT":270.930769230769,"VEN":34.6525967915651,"VGB":217.993333333333,"VIR":306.517142857143,"VNM":303.688787280275,"VUT":22.8471698113208,"WBG":740.000830564784,"WSM":73.8902877697842,"YEM":62.6757599863629,"ZAF":47.5110354549127,"ZMB":23.4618706197285,"ZWE":38.2899883675843}}