{"schemaVersion":1,"dataKind":"ranking-year","indicatorId":"EN.POP.DNST","year":2018,"valuesByCountry":{"ABW":605.044444444444,"AFG":56.3344817012404,"AGO":25.1039985561883,"ALB":95.1727372262774,"AND":159.91914893617,"ARE":131.606603773585,"ARG":16.3171137395905,"ARM":104.285212504391,"ASM":254.54,"ATG":206.65,"AUS":3.24534491589985,"AUT":107.131858943286,"AZE":120.25759188908,"BDI":461.816433021807,"BEL":374.74351490506,"BEN":109.820388435615,"BFA":74.7013450292398,"BGD":1256.22726434662,"BGR":61.816488577745,"BHR":1931.99357326478,"BHS":39.2324675324675,"BIH":66.15234375,"BLR":46.5010592176569,"BLZ":16.6692678649715,"BMU":1182.05555555556,"BOL":10.6234357980246,"BRA":24.659465024515,"BRB":652.816279069767,"BRN":83.0759013282732,"BTN":19.920267435763,"BWA":4.05685423393856,"CAF":7.83116151401329,"CAN":4.13498944297029,"CHE":215.500094533915,"CHL":25.4526848895971,"CHN":149.417194545073,"CIV":86.3653238993711,"CMR":52.4769583888642,"COD":39.7201843805827,"COG":16.0559824304539,"COL":44.1860883280757,"COM":414.610424502955,"CPV":127.398263027295,"CRI":97.0978848413631,"CUB":108.16105973025,"CUW":358.864864864865,"CYM":274.754166666667,"CYP":137.525649350649,"CZE":137.675534257221,"DEU":237.294012250272,"DJI":46.2416738567731,"DMA":90.8986666666667,"DNK":144.8409,"DOM":223.18470296005,"DZA":17.846203680417,"ECU":68.6485223063295,"EGY":106.165145411623,"ERI":26.3695100817645,"ESP":93.638281089712,"EST":30.9234385964912,"ETH":99.8298825389562,"FIN":18.1479501184522,"FJI":50.2014230979748,"FRA":124.609607570276,"FRO":36.5300859598854,"FSM":157.012857142857,"G001":59.2328051474011,"GAB":8.58585788023441,"GBR":274.000744016864,"GEO":65.197330207495,"GHA":134.647029093786,"GIB":3485.4,"GIN":51.7042731564382,"GMB":237.117786561265,"GNB":68.3559032716927,"GNQ":57.6264527629233,"GRC":83.2651823118697,"GRD":340.267647058824,"GRL":0.136491655500061,"GTM":157.201241134752,"GUM":301.257407407407,"GUY":4.02111252222504,"HKG":7097.71428571429,"HND":87.2750916078291,"HRV":71.2739439639768,"HTI":397.763497822932,"HUN":106.366031119877,"IDN":143.781152680745,"IMN":147.026315789474,"IND":462.351569862673,"IRL":71.0991725939904,"IRN":53.0773485362096,"IRQ":92.7505804739616,"ISL":3.49817514628583,"ISR":410.480591497227,"ITA":203.398704170865,"JAM":260.39676823638,"JOR":117.84530299617,"JPN":347.903978052126,"KAZ":7.01290032225803,"KEN":87.019449386981,"KGZ":33.5979092805005,"KHM":92.1964763199638,"KIR":150.720987654321,"KNA":180.8,"KOR":528.969011484824,"KWT":242.621492704826,"LAO":30.8840771230503,"LBN":584.957869012708,"LBR":51.3364410299003,"LBY":3.89252588744786,"LCA":290.191803278688,"LIE":239.0375,"LKA":350.284495021337,"LSO":71.9236824769433,"LTU":45.0135717707169,"LUX":236.146609386046,"LVA":30.9700612274415,"MAC":20027.3556231003,"MAF":720.24,"MAR":80.3041900067219,"MCO":18822.8909718796,"MDA":94.2543946689506,"MDG":47.2583808869027,"MDV":1576.99666666667,"MEX":64.0827752771419,"MHL":251.583333333333,"MKD":74.9028945281523,"MLI":16.7531531974529,"MLT":1512.196875,"MMR":80.0861758847863,"MNE":46.5753159851301,"MNG":2.06015649331677,"MNP":106.689130434783,"MOZ":36.9015539561026,"MRT":4.20848452508004,"MUS":633.739108662994,"MWI":196.521860415783,"MYS":100.170345457312,"NAM":3.13052144444849,"NCL":15.5109956236324,"NER":17.5164356201153,"NGA":225.017024056568,"NIC":53.1833139438258,"NLD":511.779744579745,"NOR":14.5488896436123,"NPL":195.882029996512,"NRU":573.85,"NZL":18.6115225399719,"OMN":14.8558222940226,"PAK":294.376416562889,"PAN":56.1857643569695,"PER":24.9199875,"PHL":367.123744843546,"PLW":38.7260869565217,"PNG":20.744850505675,"POL":124.031583760656,"PRI":370.990980834273,"PRK":215.357088281704,"PRT":112.261935951514,"PRY":16.1776541656179,"PYF":80.6150965139729,"QAT":224.606962576153,"ROU":84.6399947844228,"RUS":8.87825976514438,"RWA":506.201702472639,"SAU":14.0468072140634,"SDN":23.6780492505353,"SEN":82.6598348309354,"SGP":7897.30532212885,"SLB":25.3340836012862,"SLE":104.662829038515,"SLV":300.183735521236,"SMR":575.366666666667,"SOM":24.6317578984283,"SRB":79.8376857992225,"SSD":16.0191429430475,"STP":218.944791666667,"SUR":3.73510639152873,"SVK":113.285586522463,"SVN":102.992292564709,"SWE":24.9814588688378,"SWZ":67.960988372093,"SXM":1168,"SYC":210.352173913043,"SYR":106.615721831945,"TCA":43.7463157894737,"TCD":12.830790184244,"TGO":151.843684500827,"THA":139.709289670966,"TJK":67.060544707832,"TKM":14.1627987147022,"TLS":85.8075991930061,"TON":146.620833333333,"TTO":264.949902534113,"TUN":75.7306513903193,"TUR":105.774468250978,"TUV":358.366666666667,"TZA":64.842114472793,"UGA":207.290200478755,"UKR":78.0271090783569,"URY":19.3951205576506,"USA":35.9149986553586,"UZB":73.4780871882284,"VCT":269.041025641026,"VEN":33.7935400487501,"VGB":231.046666666667,"VIR":305.717142857143,"VNM":307.046632570694,"VUT":23.4010664479081,"WBG":758.984551495017,"WSM":74.6697841726619,"YEM":64.5589370608179,"ZAF":48.3171083761304,"ZMB":24.1778460834824,"ZWE":38.8637766576192}}