{"schemaVersion":1,"dataKind":"ranking-year","indicatorId":"EN.POP.DNST","year":2019,"valuesByCountry":{"ABW":606.683333333333,"AFG":58.0410606687825,"AGO":25.969063928772,"ALB":93.7153649635036,"AND":162.710638297872,"ARE":133.001760067587,"ARG":16.4335255363231,"ARM":104.056902002107,"ASM":251.045,"ATG":207.645454545455,"AUS":3.29365056253104,"AUT":107.609306834707,"AZE":121.280071139933,"BDI":477.232710280374,"BEL":376.761985964452,"BEN":112.865865555161,"BFA":76.6153216374269,"BGD":1266.90523930245,"BGR":60.9499447310243,"BHR":1902.25128205128,"BHS":39.4280719280719,"BIH":65.34244140625,"BLR":46.4107506220284,"BLZ":16.9149057430951,"BMU":1187.16666666667,"BOL":10.7739185821102,"BRA":24.8207686159839,"BRB":653.96976744186,"BRN":84,"BTN":20.0530676455165,"BWA":4.11498067863004,"CAF":7.93717775851552,"CAN":4.19587500655283,"CHE":217.042781721823,"CHL":25.84400416762,"CHN":149.948179684945,"CIV":88.6572610062893,"CMR":53.9571724736096,"COD":40.9992907081891,"COG":16.4470307467057,"COL":44.9824109959441,"COM":422.664159054272,"CPV":127.569230769231,"CRI":97.9152565609087,"CUB":107.927225433526,"CUW":354.596846846847,"CYM":280.529166666667,"CYP":139.250108225108,"CZE":138.226810266108,"DEU":237.822954291766,"DJI":46.9676013805004,"DMA":90.5066666666667,"DNK":145.36055,"DOM":226.026774543851,"DZA":18.1776961381175,"ECU":69.8180906748269,"EGY":108.044761665578,"ERI":26.7606490641362,"ESP":94.3181087826492,"EST":31.0385497076023,"ETH":102.552159549746,"FIN":18.1673609054717,"FJI":50.0765736179529,"FRA":125.024698023935,"FRO":37.1002865329513,"FSM":157.545714285714,"G001":59.8544799078542,"GAB":8.80081499592502,"GBR":275.414376059191,"GEO":65.0855698239966,"GHA":137.382028101418,"GIB":3549.4,"GIN":53.0455233599219,"GMB":242.771146245059,"GNB":69.9749644381223,"GNQ":59.5428520499109,"GRC":83.1775174553918,"GRD":341.120588235294,"GRL":0.136983798270191,"GTM":159.609957073535,"GUM":299.644444444444,"GUY":4.10294640589281,"HKG":7150.38095238095,"HND":88.8697202609706,"HRV":70.5701879779859,"HTI":402.944956458636,"HUN":106.233004602235,"IDN":145.132688936836,"IMN":147.29298245614,"IND":467.185182245332,"IRL":72.237712294963,"IRN":53.6527876733436,"IRQ":94.8844148066247,"ISL":3.5759496181692,"ISR":418.391866913124,"ITA":201.980545589195,"JAM":260.689843028624,"JOR":120.187073450909,"JPN":347.415637860082,"KAZ":7.11544060451161,"KEN":88.4453894988127,"KGZ":34.3598070907195,"KHM":93.3679129843644,"KIR":152.988888888889,"KNA":180.584615384615,"KOR":530.377274590164,"KWT":249.288215488215,"LAO":31.3589081455806,"LBN":566.431476050831,"LBR":52.3642130398671,"LBY":3.95048308080521,"LCA":291.247540983607,"LIE":241.01875,"LKA":352.431694638296,"LSO":72.7735507246377,"LTU":44.8912328329607,"LUX":240.827591028798,"LVA":30.755491989008,"MAC":20425.5319148936,"MAF":685.34,"MAR":81.1357786242438,"MCO":18800.6906758757,"MDA":92.756093569939,"MDG":48.5038741835682,"MDV":1625.77,"MEX":64.6945559299365,"MHL":244.483333333333,"MKD":74.3957969865186,"MLI":17.2664953818668,"MLT":1574.725,"MMR":80.6507017006282,"MNE":46.5987360594796,"MNG":2.09835043390369,"MNP":104.628260869565,"MOZ":38.0024670006867,"MRT":4.33463471427185,"MUS":633.943415122684,"MWI":201.800509121765,"MYS":101.782364936844,"NAM":3.21939292351419,"NCL":15.5145514223195,"NER":18.1161735217494,"NGA":230.009377779242,"NIC":53.8778211733422,"NLD":515.143272943273,"NOR":14.6479975020132,"NPL":198.214607603767,"NRU":579.35,"NZL":18.8762295393263,"OMN":14.8343812600969,"PAK":299.399256693649,"PAN":57.0868158533297,"PER":25.35101796875,"PHL":371.615799711574,"PLW":38.6913043478261,"PNG":21.2185001987369,"POL":124.025595374212,"PRI":372.34396843292,"PRK":216.241441740719,"PRT":112.288582794065,"PRY":16.3983337528316,"PYF":80.3900893114376,"QAT":229.648128807659,"ROU":84.1952712100139,"RUS":8.88162945666663,"RWA":517.880137819214,"SAU":13.9851787932213,"SDN":24.3833913276231,"SEN":84.9370072196541,"SGP":7965.87849162011,"SLB":26.014540907467,"SLE":107.120961485176,"SLV":300.304922779923,"SMR":577.716666666667,"SOM":25.5538798737527,"SRB":79.4104161902584,"SSD":16.4945231275616,"STP":222.283333333333,"SUR":3.77407650640365,"SVK":113.43899750416,"SVN":103.711934605987,"SWE":25.2378879395011,"SWZ":68.5973255813954,"SXM":1187.79411764706,"SYC":212.228260869565,"SYR":110.839917224854,"TCA":45.4378947368421,"TCD":13.2506535895807,"TGO":155.599705828277,"THA":139.995441288731,"TJK":68.6646444268319,"TKM":14.4786329878918,"TLS":87.4878950907868,"TON":146.7625,"TTO":265.884015594542,"TUN":76.4358972708548,"TUR":107.297584553617,"TUV":352.7,"TZA":66.8038959132987,"UGA":214.440639337722,"UKR":77.5931273731446,"URY":19.4103873842989,"USA":36.1004771837305,"UZB":74.8253929702307,"VCT":267.094871794872,"VEN":32.8077750694405,"VGB":242.633333333333,"VIR":304.768571428571,"VNM":310.034412897339,"VUT":23.9528301886792,"WBG":778.290033222591,"WSM":75.4604316546763,"YEM":66.5026573479554,"ZAF":49.1207453692636,"ZMB":24.9046113076582,"ZWE":39.4762000775494}}