{"schemaVersion":1,"dataKind":"ranking-year","indicatorId":"EN.POP.DNST","year":2020,"valuesByCountry":{"ABW":603.261111111111,"AFG":59.9006163469942,"AGO":26.8317413972888,"ALB":92.2802919708029,"AND":164.63829787234,"ARE":132.371698113208,"ARG":16.5133665121004,"ARM":105.027376627853,"ASM":248.805,"ATG":208.740909090909,"AUS":3.33452695130798,"AUT":108.057004362579,"AZE":122.124736829369,"BDI":491.317601246106,"BEL":378.38932248967,"BEN":115.911395885066,"BFA":78.5039839181287,"BGD":1277.54493354844,"BGR":60.3417096536478,"BHR":1875.41910828025,"BHS":39.5467532467532,"BIH":64.44041015625,"BLR":46.211212927382,"BLZ":17.1333625602806,"BMU":1192.25925925926,"BOL":10.9076885442629,"BRA":24.9649852718428,"BRB":655.111627906977,"BRN":84.896394686907,"BTN":20.1889355007866,"BWA":4.17464048135797,"CAF":8.06868278275386,"CAN":4.24162135453439,"CHE":218.63446962171,"CHL":26.0767352343796,"CHN":150.305542803154,"CIV":90.9290849056604,"CMR":55.4474371178947,"COD":42.3413678569066,"COG":16.845654465593,"COL":45.6331653898152,"COM":431.038688876948,"CPV":127.711910669975,"CRI":98.5961613787701,"CUB":107.672003853565,"CUW":350.184684684685,"CYM":286.183333333333,"CYP":140.935822510823,"CZE":138.575928842168,"DEU":238.017318755545,"DJI":47.6785159620362,"DMA":90.0973333333333,"DNK":145.7851,"DOM":228.397349102723,"DZA":18.4915612115512,"ECU":70.6477089708488,"EGY":109.814781254709,"ERI":27.1914115855899,"ESP":94.802910688937,"EST":31.0999298245614,"ETH":105.370090895445,"FIN":18.1928768835954,"FJI":50.0800766283525,"FRA":125.431134613601,"FRO":38.4809663250366,"FSM":158.451428571429,"G001":60.4468430446648,"GAB":9.01361819381379,"GBR":275.881453312942,"GEO":65.1302704783232,"GHA":140.147712389575,"GIB":3617.3,"GIN":54.4163397362852,"GMB":248.590217391304,"GNB":71.5951280227596,"GNQ":61.1931550802139,"GRC":82.999216446858,"GRD":342.179411764706,"GRL":0.137329760019491,"GTM":161.97578387458,"GUM":300.292592592593,"GUY":3.82438666287771,"HKG":7124.7619047619,"HND":90.4427562784878,"HRV":69.946497498213,"HTI":407.977068214804,"HUN":105.965581854043,"IDN":146.371283592869,"IMN":147.480701754386,"IND":471.755150192218,"IRL":73.1564377993903,"IRN":54.0668369799692,"IRQ":97.0138092276507,"ISL":3.63446394922146,"ISR":425.836414048059,"ITA":200.999100491348,"JAM":261.379409048938,"JOR":122.364439038674,"JPN":346.395061728395,"KAZ":7.21640071119013,"KEN":89.8940686683206,"KGZ":35.0708863399374,"KHM":94.7511556764106,"KIR":155.677777777778,"KNA":180.269230769231,"KOR":531.109006147541,"KWT":246.928563411897,"LAO":31.8307322357019,"LBN":557.419159335288,"LBR":53.462032807309,"LBY":4.00411414346932,"LCA":292.213114754098,"LIE":243.13125,"LKA":354.332363401229,"LSO":73.6405467720685,"LTU":44.8797349089748,"LUX":244.874264894386,"LVA":30.5391129680219,"MAC":20832.8267477204,"MAF":635.72,"MAR":81.9722339233699,"MCO":18771.583621115,"MDA":91.7473260542588,"MDG":49.7654795462358,"MDV":1673.72666666667,"MEX":65.227528485815,"MHL":237.255555555556,"MKD":73.5973037272006,"MLI":17.7954548062187,"MLT":1610.90625,"MMR":81.2302112859485,"MNE":46.5866171003717,"MNG":2.13623721809195,"MNP":103.321739130435,"MOZ":39.1460718736489,"MRT":4.46311341806539,"MUS":633.957936905358,"MWI":207.190156979211,"MYS":103.148860143053,"NAM":3.31446027523716,"NCL":15.5457330415755,"NER":18.7239385805637,"NGA":234.961824609945,"NIC":54.5559830480306,"NLD":518.013068013068,"NOR":14.7672152298338,"NPL":202.068880362749,"NRU":582.15,"NZL":19.2639854164293,"OMN":14.612268174475,"PAK":304.848674242424,"PAN":57.87626044756,"PER":25.65513984375,"PHL":375.897186168964,"PLW":38.6782608695652,"PNG":21.6750121450338,"POL":122.548420605625,"PRI":369.965050732807,"PRK":217.060975002076,"PRT":112.406676011074,"PRY":16.621542914674,"PYF":80.4405070584846,"QAT":243.180852915579,"ROU":83.7328320584145,"RUS":8.86891988517952,"RWA":529.624523713012,"SAU":14.6777023663877,"SDN":25.0477682012848,"SEN":87.2031319794318,"SGP":7918.95125348189,"SLB":26.5987138263666,"SLE":109.622582432807,"SLV":300.901206563707,"SMR":579.5,"SOM":26.5425303663085,"SRB":82.0445475086217,"SSD":16.9298292532401,"STP":226.494791666667,"SUR":3.81487831013121,"SVK":113.536335274542,"SVN":104.408881428657,"SWE":25.4209438224317,"SWZ":69.3447093023256,"SXM":1206.11764705882,"SYC":214.047826086957,"SYR":114.629575777378,"TCA":46.7221052631579,"TCD":13.6790652795426,"TGO":159.399154256297,"THA":140.228785061364,"TJK":70.2450464730888,"TKM":14.7892494626859,"TLS":89.1763954270343,"TON":146.811111111111,"TTO":266.418128654971,"TUN":77.0729724510814,"TUR":108.343853540013,"TUV":346.633333333333,"TZA":68.8335944908557,"UGA":221.709315778975,"UKR":77.1142802899551,"URY":19.4204548051651,"USA":36.248222996211,"UZB":76.2200658118688,"VCT":265.451282051282,"VEN":32.2476923076923,"VGB":247.566666666667,"VIR":303.685714285714,"VNM":312.923153250018,"VUT":24.5166529942576,"WBG":797.885215946844,"WSM":76.2388489208633,"YEM":68.4411292308275,"ZAF":49.9240625180325,"ZMB":25.6384872005273,"ZWE":40.13671448882}}