{"schemaVersion":1,"dataKind":"ranking-year","indicatorId":"EN.POP.DNST","year":2021,"valuesByCountry":{"ABW":598.333333333333,"AFG":61.3286907992579,"AGO":27.6990687414775,"ALB":90.8672262773723,"AND":166.731914893617,"ARE":134.823317375387,"ARG":16.5573305708721,"ARM":105.056940272915,"ASM":246.125,"ATG":209.884090909091,"AUS":3.33922844714392,"AUT":108.528805138148,"AZE":122.658802177858,"BDI":504.886331775701,"BEL":379.949990161999,"BEN":118.955454061724,"BFA":80.3919700292398,"BGD":1287.99918568026,"BGR":59.9419767870302,"BHR":1904.25949367089,"BHS":39.5977022977023,"BIH":63.37708984375,"BLR":45.8368317319537,"BLZ":17.3321350284963,"BMU":1197.18518518519,"BOL":11.0194405981723,"BRA":25.0714027283582,"BRB":656.155813953488,"BRN":85.715559772296,"BTN":20.3314630309386,"BWA":4.23736347114146,"CAF":8.20588140871296,"CAN":4.351026204103,"CHE":220.31454103721,"CHL":26.192118041714,"CHN":150.439753691066,"CIV":93.2067169811321,"CMR":56.9392608576083,"COD":43.7347795593392,"COG":17.2538301610542,"COL":46.1362532672375,"COM":439.642127888232,"CPV":128.200744416873,"CRI":99.0988640814728,"CUB":107.149980732177,"CUW":346.72972972973,"CYM":292.116666666667,"CYP":142.565909090909,"CZE":136.108349053848,"DEU":238.118085806692,"DJI":48.3713546160483,"DMA":89.6026666666667,"DNK":146.418325,"DOM":230.786990834893,"DZA":18.7934447084904,"ECU":71.1968674504751,"EGY":111.464169973379,"ERI":27.6467466920618,"ESP":94.9382927184248,"EST":31.1329122807018,"ETH":108.230378298522,"FIN":18.2301659134121,"FJI":50.1757525998905,"FRA":125.879601076167,"FRO":38.9021897810219,"FSM":159.462857142857,"G001":61.0288760939611,"GAB":9.22389878526798,"GBR":276.873475798785,"GEO":64.8834808775675,"GHA":142.918455784436,"GIB":3685.8,"GIN":55.7973018069347,"GMB":254.546442687747,"GNB":73.2162517780939,"GNQ":62.7018181818182,"GRC":81.9953995345229,"GRD":343.2,"GRL":0.138026556218784,"GTM":164.227790220231,"GUM":303.203703703704,"GUY":3.86228095102775,"HKG":7060.09523809524,"HND":91.9642237912235,"HRV":69.3170300214439,"HTI":412.720827285922,"HUN":105.532895025203,"IDN":146.235107708626,"IMN":147.554385964912,"IND":475.652042419085,"IRL":74.1847147626651,"IRN":54.518020338983,"IRQ":99.2127035680556,"ISL":3.69453535654071,"ISR":433.059149722736,"ITA":199.965416259464,"JAM":262.020498614958,"JOR":124.629547041467,"JPN":344.80546776406,"KAZ":7.31325813979331,"KEN":91.6187594501618,"KGZ":35.7206673618352,"KHM":96.160803308407,"KIR":158.49012345679,"KNA":179.857692307692,"KOR":530.425604508197,"KWT":244.717452300786,"LAO":32.2928682842288,"LBN":558.956207233627,"LBR":54.60260589701,"LBY":4.05513656978528,"LCA":292.659016393443,"LIE":244.8875,"LKA":358.163595215002,"LSO":74.4908432147563,"LTU":44.8551349624661,"LUX":248.62068161867,"LVA":30.2826610959344,"MAC":20681.8181818182,"MAF":599.22,"MAR":82.8017969975353,"MCO":18487.0441458733,"MDA":90.3612977338393,"MDG":51.0331436919904,"MDV":1720.51333333333,"MEX":65.664316469045,"MHL":229.816666666667,"MKD":72.8435368754956,"MLI":18.348478515641,"MLT":1619.21875,"MMR":81.7980020531049,"MNE":46.4723420074349,"MNG":2.17253662423347,"MNP":102.128260869565,"MOZ":40.3212187492052,"MRT":4.59384301930727,"MUS":634.118177265899,"MWI":212.635320322444,"MYS":104.344541165728,"NAM":3.41380072635402,"NCL":15.6025164113786,"NER":19.3432857030078,"NGA":239.939047179859,"NIC":55.2163952135616,"NLD":520.731927531928,"NOR":14.8470090866665,"NPL":205.61569584932,"NRU":585.45,"NZL":19.3103186358285,"OMN":14.5409499192246,"PAK":310.65509677252,"PAN":58.5791992450795,"PER":25.9030328125,"PHL":379.317000368917,"PLW":38.6586956521739,"PNG":22.1103564015369,"POL":120.815285854296,"PRI":367.836640360767,"PRK":217.860094676522,"PRT":113.113510527741,"PRY":16.8240171155298,"PYF":80.6084701815039,"QAT":218.007832898172,"ROU":83.1104789638387,"RUS":8.83848757424343,"RWA":541.35630320227,"SAU":14.320382473752,"SDN":25.7317580299786,"SEN":89.4451098530099,"SGP":7595.49582172702,"SLB":27.2451232583065,"SLE":112.144666112497,"SLV":301.919980694981,"SMR":570.866666666667,"SOM":27.5312127395033,"SRB":81.2739445831847,"SSD":17.1945943379805,"STP":231.209375,"SUR":3.84963678669192,"SVK":113.295486688852,"SVN":104.689964442502,"SWE":25.5740792575133,"SWZ":70.1507558139535,"SXM":1222.67647058824,"SYC":215.778260869565,"SYR":117.784888090181,"TCA":47.6242105263158,"TCD":14.1584124841169,"TGO":163.235502849789,"THA":140.396821233534,"TJK":71.8128683622739,"TKM":15.0917008916222,"TLS":90.7961667787492,"TON":146.513888888889,"TTO":266.580506822612,"TUN":77.5529222451081,"TUR":109.334768655068,"TUV":339.8,"TZA":70.9306976744186,"UGA":228.959355675244,"UKR":76.4560579910252,"URY":19.4074677179751,"USA":36.3052926398919,"UZB":77.7112512566577,"VCT":263.694871794872,"VEN":32.0138608922397,"VGB":252.06,"VIR":302.485714285714,"VNM":315.653937574379,"VUT":25.0917145200984,"WBG":817.05377593361,"WSM":76.8989208633094,"YEM":70.3453415913783,"ZAF":50.6991261983859,"ZMB":26.3705551594721,"ZWE":40.8354917926845}}