{"schemaVersion":1,"dataKind":"ranking-year","indicatorId":"EN.POP.DNST","year":2022,"valuesByCountry":{"ABW":596.166666666667,"AFG":62.2155405301811,"AGO":28.5834835966953,"ALB":89.4757664233577,"AND":169.585106382979,"ARE":141.861123627147,"ARG":16.5922716858687,"ARM":105.297053157777,"ASM":241.71,"ATG":211,"AUS":3.38256023775289,"AUT":109.571631119729,"AZE":122.707271627344,"BDI":518.734306853583,"BEL":383.033055683085,"BEN":122.024663001064,"BFA":82.2698757309942,"BGD":1300.36002610164,"BGR":59.5532148120855,"BHR":1929.99113924051,"BHS":39.7140859140859,"BIH":62.5937890625,"BLR":45.4607172767131,"BLZ":17.6559842174485,"BMU":1199.05555555556,"BOL":11.1484851841595,"BRA":25.161867951482,"BRB":656.553488372093,"BRN":86.4079696394687,"BTN":20.4749344520189,"BWA":4.30521059411007,"CAF":8.18331086070179,"CAN":4.43022676846405,"CHE":222.150599739861,"CHL":26.3222982801325,"CHN":150.42004812419,"CIV":95.5817672955975,"CMR":58.4560745488777,"COD":45.1674943208134,"COG":17.6723396778917,"COL":46.6317656602073,"COM":448.247178936056,"CPV":128.967990074442,"CRI":99.5253623188406,"CUB":106.549325626204,"CUW":345.317567567568,"CYM":298.295833333333,"CYP":144.087662337662,"CZE":138.290511305111,"DEU":238.086252003664,"DJI":49.0550474547023,"DMA":89.1013333333333,"DNK":147.575925,"DOM":233.012351959686,"DZA":19.0941870229328,"ECU":71.7663754227734,"EGY":113.13300517354,"ERI":28.1358115568642,"ESP":95.626963633201,"EST":31.5665808565411,"ETH":111.107151376678,"FIN":18.2798093224591,"FJI":50.3241379310345,"FRA":126.513511457464,"FRO":39.3518248175182,"FSM":160.162857142857,"G001":61.591254360527,"GAB":9.43356618931191,"GBR":279.436200553879,"GEO":64.9515728331992,"GHA":145.689425270181,"GIB":3760.9,"GIN":57.1998087253785,"GMB":260.520750988142,"GNB":74.8765647226174,"GNQ":64.297504456328,"GRC":80.968828549263,"GRD":343.861764705882,"GRL":0.138046047021562,"GTM":166.553536767451,"GUM":305.888888888889,"GUY":3.89143222506394,"HKG":6996.28571428571,"HND":93.5192778621861,"HRV":68.8999463902788,"HTI":417.402249637155,"HUN":105.249550734166,"IDN":147.330175215419,"IMN":147.6,"IND":479.425536881262,"IRL":75.6689795325882,"IRN":55.1767309707242,"IRQ":101.514640775804,"ISL":3.78858474660319,"ISR":441.658964879852,"ITA":199.559268903016,"JAM":262.155493998153,"JOR":126.768283893056,"JPN":343.278433470508,"KAZ":7.42105011667963,"KEN":93.3976149483117,"KGZ":36.3671532846715,"KHM":97.4491502379334,"KIR":161.072839506173,"KNA":179.65,"KOR":529.43205942623,"KWT":257.555723905724,"LAO":32.7513301559792,"LBN":561.533626588465,"LBR":55.7858596345515,"LBY":4.10550768950976,"LCA":293.083606557377,"LIE":246.83125,"LKA":358.567733591982,"LSO":75.3000658761528,"LTU":45.2309596830873,"LUX":253.685433061691,"LVA":30.2005945685361,"MAC":20524.2424242424,"MAF":577.4,"MAR":83.6411920233027,"MCO":18680.9021113244,"MDA":88.05425357802,"MDG":52.3156772086628,"MDV":1747.02,"MEX":66.1607124668844,"MHL":222.65,"MKD":72.6293417922284,"MLI":18.9090551471492,"MLT":1659.728125,"MMR":82.3644215300228,"MNE":46.3636431226766,"MNG":2.2046394565685,"MNP":100.169565217391,"MOZ":41.5273099519316,"MRT":4.73041331134181,"MUS":632.209814722083,"MWI":218.166397963513,"MYS":105.601865773855,"NAM":3.50989566252475,"NCL":15.7069474835886,"NER":19.9826107207705,"NGA":245.013445765671,"NIC":55.9303141100216,"NLD":525.719691119691,"NOR":14.9809948664452,"NPL":207.292891524241,"NRU":590.05,"NZL":19.299305001709,"OMN":15.2834442649435,"PAK":316.133077781237,"PAN":59.3255998921542,"PER":26.1526859375,"PHL":382.21262367106,"PLW":38.6065217391304,"PNG":22.5305149494325,"POL":120.297131562612,"PRI":363.03686583991,"PRK":218.659953492235,"PRT":113.904957775507,"PRY":17.0713596633508,"PYF":80.7772976087583,"QAT":231.273542210618,"ROU":82.7907771210014,"RUS":8.80735653394086,"RWA":553.345358735306,"SAU":14.9673785522564,"SDN":26.4364807280514,"SEN":91.6797538046019,"SGP":7851.00557103064,"SLB":27.9051804215791,"SLE":114.66898032696,"SLV":303.104198841699,"SMR":562.583333333333,"SOM":28.3767924889215,"SRB":79.2537638244738,"SSD":17.4405029038026,"STP":235.734375,"SUR":3.88245766041872,"SVK":112.973211314476,"SVN":104.888460698039,"SWE":25.7487256923983,"SWZ":70.8672674418605,"SXM":1239.38235294118,"SYC":260.604347826087,"SYR":122.323002777324,"TCA":48.26,"TCD":14.6563818297332,"TGO":167.121492921493,"THA":140.412474309538,"TJK":73.3642337344189,"TKM":15.3856808460835,"TLS":92.0843981170141,"TON":145.891666666667,"TTO":266.238791423002,"TUN":78.0080715756952,"TUR":110.416580694619,"TUV":333.066666666667,"TZA":73.0546635809438,"UGA":235.950124675843,"UKR":70.8470245081118,"URY":19.3744314935436,"USA":36.5149212564854,"UZB":79.2892236957962,"VCT":261.65641025641,"VEN":31.9857343688,"VGB":255.46,"VIR":301.18,"VNM":318.032648542413,"VUT":25.6805578342904,"WBG":837.114024896266,"WSM":77.4320143884892,"YEM":72.395924010834,"ZAF":51.4210899438624,"ZMB":27.1095091405588,"ZWE":41.5382086079876}}