{"schemaVersion":1,"dataKind":"ranking-year","indicatorId":"EN.POP.DNST","year":2023,"valuesByCountry":{"ABW":596.438888888889,"AFG":63.5585008355948,"AGO":29.4777460495709,"ALB":88.1056569343066,"AND":172.034042553191,"ARE":147.616882568291,"ARG":16.6399559321662,"ARM":105.119108748259,"ASM":237.605,"ATG":212.081818181818,"AUS":3.46591948538875,"AUT":110.661185167232,"AZE":122.854906231095,"BDI":533.078271028037,"BEL":386.303731881682,"BEN":125.142195814118,"BFA":84.1585380116959,"BGD":1319.17979689183,"BGR":59.3827929255711,"BHR":1971.32375,"BHS":39.9040959040959,"BIH":62.20845703125,"BLR":45.217077292187,"BLZ":18.0230600613766,"BMU":1198.11111111111,"BOL":11.3026483891812,"BRA":25.2616884857157,"BRB":656.595348837209,"BRN":87.0870967741936,"BTN":20.6183796539067,"BWA":4.37641204806522,"CAF":8.27060419275097,"CAN":4.56079784268436,"CHE":224.978619136651,"CHL":26.4647249005172,"CHN":150.264001337848,"CIV":98.0052012578616,"CMR":60.0213386642973,"COD":46.6640484329856,"COG":18.1050805270864,"COL":47.1574150518251,"COM":456.951638903815,"CPV":129.610669975186,"CRI":99.9906972189581,"CUB":106.165038535645,"CUW":348.31981981982,"CYM":304.325,"CYP":145.560173160173,"CZE":140.785547662605,"DEU":238.351810090719,"DJI":49.7387402933563,"DMA":88.68,"DNK":148.6738,"DOM":235.098143035751,"DZA":19.3825602290762,"ECU":72.3952448059269,"EGY":115.059291777588,"ERI":28.638732049164,"ESP":96.7636173412149,"EST":32.0684764802247,"ETH":114.037952012,"FIN":18.3705454665088,"FJI":50.5826491516147,"FRA":126.862020595603,"FRO":39.7182481751825,"FSM":160.9,"GAB":9.64329956921644,"GBR":283.106683751498,"GEO":65.0037265124742,"GHA":148.49676310689,"GIB":3847.1,"GIN":58.6255412664822,"GMB":266.5854743083,"GNB":76.5767780938834,"GNQ":65.8662745098039,"GRC":80.7397284716835,"GRD":344.355882352941,"GRL":0.138543062492386,"GTM":169.138092571855,"GUM":308.344444444444,"GUY":3.91376811594203,"HKG":7177.2380952381,"HND":95.1367503798373,"HRV":68.9722301644031,"HTI":422.256821480406,"HUN":105.108327854482,"IDN":148.57692229227,"IMN":147.657894736842,"IND":483.679010086809,"IRL":77.1017273914937,"IRN":55.8451198767334,"IRQ":103.826155759795,"ISL":3.82488346722206,"ISR":455.129390018484,"ITA":199.459678073854,"JAM":262.214773776547,"JOR":128.828670856139,"JPN":341.54455749932,"KAZ":7.53050487091158,"KEN":95.2681371231706,"KGZ":37.0164233576642,"KHM":98.7076818490823,"KIR":163.617283950617,"KNA":179.838461538462,"KOR":529.842407786885,"KWT":272.358024691358,"LAO":33.2105415944541,"LBN":564.368817204301,"LBR":57.0289763289037,"LBY":4.15202780272117,"LCA":293.909836065574,"LIE":249.0375,"LKA":356.239896540576,"LSO":76.135441370224,"LTU":45.87196485623,"LUX":258.862052624628,"LVA":30.2701269484172,"MAC":20569.696969697,"MAF":550.3,"MAR":84.5003473000224,"MCO":18692.8982725528,"MDA":85.437584732506,"MDG":53.6196837401169,"MDV":1765.08053691275,"MEX":66.7402757272564,"MHL":215.705555555556,"MKD":72.474861221253,"MLI":19.4798572353486,"MLT":1727.334375,"MMR":82.9420656687147,"MNE":46.3590334572491,"MNG":2.23365125312889,"MNP":98.1369565217391,"MOZ":42.7721457819375,"MRT":4.87284466867178,"MUS":625.261392088132,"MWI":223.84898175647,"MYS":106.913096941105,"NAM":3.59909023551847,"NCL":15.8572210065646,"NER":20.6519831057077,"NGA":250.20910328623,"NIC":56.702783779292,"NLD":530.950905850906,"NOR":15.1524995195871,"NPL":207.147638646669,"NRU":593.75,"NZL":19.7485853176864,"OMN":16.3142778675283,"PAK":321.067474833956,"PAN":60.1072930709086,"PER":26.44188828125,"PHL":385.321122178623,"PLW":38.5369565217391,"PNG":22.9422669257607,"POL":119.787615502661,"PRI":361.194137542277,"PRK":219.402076239515,"PRT":115.475189289738,"PRY":17.282671943072,"PYF":80.990492653414,"QAT":231.160313315927,"ROU":82.8453668289291,"RUS":8.78227219242749,"RWA":565.645358735306,"SAU":15.6779493787476,"SDN":26.7895026766595,"SEN":93.8948371682335,"SGP":8241.8495821727,"SLB":28.581814933905,"SLE":117.214075921308,"SLV":304.518532818533,"SMR":564.333333333333,"SOM":29.2642187649441,"SRB":78.7630277084077,"SSD":18.1719082809805,"STP":240.490625,"SUR":3.91810706046897,"SVK":112.868968386023,"SVN":105.31480791676,"SWE":25.8713678886243,"SWZ":71.5410465116279,"SXM":1257.32352941176,"SYC":260.376086956522,"SYR":128.490023416653,"TCA":48.6294736842105,"TCD":15.342331639136,"TGO":171.067052767053,"THA":140.348088629646,"TJK":74.8598530153469,"TKM":15.6713510522844,"TLS":93.0925353059852,"TON":145.273611111111,"TTO":266.571150097466,"TUN":78.530065653965,"TUR":110.866214934449,"TUV":327.2,"TZA":75.2061481146986,"UGA":242.65210951526,"UKR":65.1239834311357,"URY":19.3582504856588,"USA":36.8198061311277,"UZB":80.9084466129581,"VCT":259.802564102564,"VEN":32.0853171588912,"VGB":259.9,"VIR":299.762857142857,"VNM":320.175197572656,"VUT":26.2845775225595,"WBG":857.390041493776,"WSM":77.9363309352518,"YEM":74.6080250771824,"ZAF":52.1085690262058,"ZMB":27.8776483407095,"ZWE":42.24071862479}}