{"schemaVersion":1,"dataKind":"ranking-year","indicatorId":"EN.GHG.CO2.PC.CE.AR5","year":1970,"valuesByCountry":{"ABW":0.430873621713316,"AFG":0.15347921653324,"AGO":1.5264349229803,"ALB":2.26885864951142,"ARE":67.9314292095932,"ARG":3.66943211725009,"ARM":4.07629079108252,"ASM":0,"ATG":1.59155715348376,"AUS":12.8483169425122,"AUT":7.09841831204301,"AZE":4.66988911553446,"BDI":0.0165135598136432,"BEL":14.4506231598017,"BEN":0.150209278326635,"BFA":0.0404077925189081,"BGD":0.0483543799586481,"BGR":8.13531986410626,"BHR":14.324159619944,"BHS":7.7915689094074,"BIH":2.97881373787616,"BLR":6.6554203539823,"BLZ":0.496123774184999,"BMU":2.66288082265367,"BOL":0.659105317853338,"BRA":1.12333492748584,"BRB":1.44474250863116,"BRN":14.9802424188607,"BTN":0.113766011512731,"BWA":0.260191688095214,"CAF":0.0360904979964291,"CAN":16.7961873944851,"CHE":6.69049068603048,"CHL":2.93147705148749,"CHN":1.11387583021208,"CIV":0.483372006666461,"CMR":0.183060138519174,"COD":0.145385936918682,"COG":1.29024826171011,"COL":1.38615712964897,"COM":0.0896860986547085,"CPV":0.521041388054258,"CRI":0.780010756143863,"CUB":2.48135223520469,"CYM":2.4531710563849,"CYP":3.34869626192764,"CZE":19.1004913638784,"DEU":13.8688583952708,"DJI":4.90167039779576,"DMA":0.110291983514251,"DNK":12.5719527256061,"DOM":0.882801542976253,"DZA":1.4285694593745,"ECU":0.815659519052173,"EGY":0.735244551537821,"ERI":0.274799288754782,"ESP":4.22407751271192,"EST":15.6966963610857,"ETH":0.041966819801181,"FIN":9.02501722095379,"FJI":1.33982695392215,"FRA":9.02209078136901,"FRO":0.0235177297551543,"FSM":0.00169715895590781,"G001":4.14479188504545,"GAB":1.01334908684459,"GBR":12.1017691205598,"GEO":5.80890312871672,"GHA":0.26267635228298,"GIB":2.60944657205076,"GIN":0.107398302994599,"GMB":0.151305559000582,"GNB":0.0756327397361068,"GNQ":0.12967459780613,"GRC":3.29186155136369,"GRD":0.115837177637328,"GRL":0.0172413793103448,"GTM":0.463797622590174,"GUM":0.00113166977875856,"GUY":2.13816608676472,"HKG":2.40628946703713,"HND":0.443884590006598,"HRV":3.59886516001353,"HTI":0.115120976267302,"HUN":6.41113145693859,"IDN":0.269102318012335,"IND":0.38983335688864,"IRL":6.98703187082594,"IRN":2.7587313133254,"IRQ":2.42009464018232,"ISL":9.45714593177394,"ISR":5.01499663752522,"ITA":5.84535277029682,"JAM":4.28666656728052,"JOR":1.75112751834793,"JPN":8.20800170207828,"KAZ":14.8884653641577,"KEN":0.329700845059074,"KGZ":5.22051420656103,"KHM":0.0321425139422296,"KIR":0.326899669622674,"KNA":0.331793929067838,"KOR":1.93342745209358,"KWT":49.2373139013785,"LAO":0.109150759148399,"LBN":2.27629526502087,"LBR":0.662450329861537,"LBY":19.2239563351194,"LCA":0.291765618184462,"LKA":0.254006027454788,"LSO":0.0722083288775431,"LTU":6.3471891642771,"LUX":58.0247131977675,"LVA":4.80530391274197,"MAC":1.17872849616933,"MAR":0.458417223257767,"MDA":7.91220016491699,"MDG":0.115182801926198,"MDV":0.080344752026879,"MEX":2.37915992955853,"MHL":0,"MKD":5.5428167632892,"MLI":0.0393692507510589,"MLT":2.25706261358004,"MMR":0.176975588143662,"MNG":4.30704902136385,"MNP":0,"MOZ":0.382788643508653,"MRT":0.302962522481238,"MUS":0.371065375302663,"MWI":0.0746016783974947,"MYS":2.70000339922124,"NAM":0.976687233132947,"NCL":9.85567689183998,"NER":0.0452661401745058,"NGA":0.516126661404071,"NIC":0.683184314081545,"NLD":10.288172144612,"NOR":9.38612603505426,"NPL":0.0268329769808921,"NRU":0,"NZL":5.51165190166151,"OMN":11.0935896662039,"PAK":0.296798633809499,"PAN":1.71822850231648,"PER":1.29008179028336,"PHL":0.707319007679614,"PLW":175.475017593244,"PNG":0.450266360369536,"POL":9.4633376499726,"PRI":10.8346210448859,"PRK":5.00770623699356,"PRT":2.0145313061068,"PRY":0.265491024393349,"PYF":1.24024208402772,"QAT":126.351525569403,"ROU":6.17166141623488,"RUS":9.97921689518726,"RWA":0.0249455556339902,"SAU":14.5989439911073,"SDN":0.293875452930807,"SEN":0.302082605666221,"SGP":3.85672354925773,"SLB":0.373204061638134,"SLE":0.135088998726535,"SLV":0.436737283839167,"SOM":0.152817425840884,"STP":0.185504856620205,"SUR":1.65242645779856,"SVK":9.67283890632964,"SVN":5.61641286318962,"SWE":11.9578738800077,"SWZ":0.582481143022919,"SYC":1.99440298507463,"SYR":0.993478835640924,"TCA":0.582318687136051,"TCD":0.0412304430354619,"TGO":0.242964433374778,"THA":0.560829704107491,"TJK":2.77177819645264,"TKM":8.54493681955315,"TLS":0.0193465914741199,"TON":0.223930996078246,"TTO":6.99032044305885,"TUN":0.83035883412623,"TUR":1.24074248197898,"TUV":0,"TZA":0.116211186260517,"UGA":0.0907804727618375,"UKR":10.0401817080552,"URY":1.94183976176067,"USA":22.4080038234204,"UZB":4.59199713533648,"VCT":0.118794547955483,"VEN":5.2090967606533,"VGB":0.734923990737944,"VIR":0.00157539857583969,"VNM":0.422114597073964,"VUT":0.870563141909907,"WSM":0.468660968660969,"YEM":0.230365991208557,"ZAF":8.32869987698375,"ZMB":0.856233562671141,"ZWE":1.82750188940854}}