{"schemaVersion":1,"dataKind":"ranking-year","indicatorId":"EN.GHG.CO2.PC.CE.AR5","year":1971,"valuesByCountry":{"ABW":0.493356696891853,"AFG":0.149779553647248,"AGO":1.42204222194848,"ALB":2.21139171598823,"ARE":75.9037331319565,"ARG":3.62538013443262,"ARM":4.00238383270405,"ASM":0,"ATG":1.58507006133263,"AUS":12.5550359434181,"AUT":7.42222966470688,"AZE":4.57617429655779,"BDI":0.0161446873611702,"BEL":13.3783038059323,"BEN":0.115638578561022,"BFA":0.0397512333131102,"BGD":0.0476131810178267,"BGR":8.0833888309995,"BHR":14.0374372109755,"BHS":7.67014047166203,"BIH":2.96022235662744,"BLR":6.61077259407414,"BLZ":0.487765156141851,"BMU":2.63653126009847,"BOL":0.803712213554104,"BRA":1.09248305949646,"BRB":1.4428016438708,"BRN":13.5664619601076,"BTN":0.116224064960167,"BWA":0.255961470887505,"CAF":0.035349879754372,"CAN":16.6569149885584,"CHE":6.97093491018362,"CHL":3.12771580289961,"CHN":1.08778380820468,"CIV":0.472069069742914,"CMR":0.140208755257828,"COD":0.142924313895404,"COG":1.43341019916879,"COL":1.36752984272879,"COM":0.0869513429813591,"CPV":0.510124266271264,"CRI":0.766465505875177,"CUB":2.45836853086924,"CYM":2.48693458280771,"CYP":3.34057029279107,"CZE":19.1876208110156,"DEU":13.7525733008132,"DJI":4.58694306930693,"DMA":0.109302191796583,"DNK":11.6246293162817,"DOM":0.869075295398072,"DZA":1.63213734710194,"ECU":0.708479993539485,"EGY":0.710206266590294,"ERI":0.266347164997328,"ESP":4.07315054219946,"EST":15.5226568769495,"ETH":0.0409648831371464,"FIN":8.88636125134537,"FJI":1.33167997545835,"FRA":9.16813901253597,"FRO":0.0232540113169522,"FSM":0.00164918530246058,"G001":4.04029032644668,"GAB":1.83595573586171,"GBR":11.9665133724688,"GEO":5.68220033629594,"GHA":0.25983341368557,"GIB":2.57216876387861,"GIN":0.106126010286554,"GMB":0.147018472787678,"GNB":0.0753981860083484,"GNQ":0.131670570361461,"GRC":3.39644182177493,"GRD":0.115562403697997,"GRL":0.0169491525423729,"GTM":0.451758690080358,"GUM":0.00221077531890434,"GUY":2.10829257067165,"HKG":2.36449707067461,"HND":0.430852009584367,"HRV":3.63624464742089,"HTI":0.114010624901021,"HUN":6.55200941168573,"IDN":0.265043497508813,"IND":0.38217359038377,"IRL":7.73466352500794,"IRN":2.87020867212309,"IRQ":2.73255823760899,"ISL":9.85841686964454,"ISR":4.8653633105246,"ITA":6.08938317094014,"JAM":4.22266206096669,"JOR":1.67851465980202,"JPN":8.00810335203459,"KAZ":14.5561940881588,"KEN":0.317934559480678,"KGZ":5.11961089236674,"KHM":0.0326844769879533,"KIR":0.320534679124327,"KNA":0.334796181513822,"KOR":1.91550852995544,"KWT":48.7826503104929,"LAO":0.106632419473508,"LBN":2.24991558728765,"LBR":0.642254352669444,"LBY":13.0596498592546,"LCA":0.286905627175701,"LKA":0.251053425335268,"LSO":0.0697754121672414,"LTU":6.28916078779733,"LUX":53.391293174192,"LVA":4.77670112090234,"MAC":1.22635408245756,"MAR":0.448206295716073,"MDA":7.84508400555797,"MDG":0.112041751275465,"MDV":0.0779312787814382,"MEX":2.31426407388855,"MHL":0,"MKD":5.12022118996036,"MLI":0.0385390652536303,"MLT":2.25668979187314,"MMR":0.173882904291868,"MNG":4.19368590097822,"MNP":0,"MOZ":0.374926815066181,"MRT":0.295227493644714,"MUS":0.365334890316123,"MWI":0.0720414089725333,"MYS":2.67450719065937,"NAM":0.948776813257766,"NCL":9.41107637494106,"NER":0.043276855675769,"NGA":0.745091941781938,"NIC":0.665166561659316,"NLD":10.2057395594542,"NOR":8.99309486787091,"NPL":0.0263413369927965,"NRU":0,"NZL":5.29221871713985,"OMN":10.7940022228128,"PAK":0.29253540205141,"PAN":1.67401311371323,"PER":1.25598466895702,"PHL":0.697417841052047,"PLW":169.640275533634,"PNG":0.43963948237643,"POL":9.68676925892598,"PRI":11.4948283789312,"PRK":4.90124326559386,"PRT":2.15665504671812,"PRY":0.26402875370977,"PYF":1.19971173004366,"QAT":139.300778097544,"ROU":6.14688992294676,"RUS":9.92956959322938,"RWA":0.0242436422633513,"SAU":16.953618270095,"SDN":0.284836552920114,"SEN":0.293098622645085,"SGP":3.79752946187704,"SLB":0.364820053477416,"SLE":0.132635018105675,"SLV":0.428872956998533,"SOM":0.148865554834925,"STP":0.181520231942519,"SUR":1.60078789177714,"SVK":9.62325634362557,"SVN":5.59155743858347,"SWE":10.9870252325972,"SWZ":0.567099825015501,"SYC":1.95447481488253,"SYR":0.96559703453755,"TCA":0.573514077163712,"TCD":0.0404221766724905,"TGO":0.160700542197158,"THA":0.548008444668812,"TJK":2.6985935525748,"TKM":8.33617753878069,"TLS":0.0191841070331068,"TON":0.220033528918692,"TTO":6.85438142401891,"TUN":0.812538557238042,"TUR":1.3265816263827,"TUV":0,"TZA":0.112257488502805,"UGA":0.0888756537592132,"UKR":9.96662475729289,"URY":1.92359632875842,"USA":21.4757368981176,"UZB":4.48175293735026,"VCT":0.117681063671649,"VEN":4.93488293339039,"VGB":0.723130262506191,"VIR":0.00140970156617844,"VNM":0.412805627120708,"VUT":0.845130652022237,"WSM":0.461744665024596,"YEM":0.226084545809541,"ZAF":8.04020792652195,"ZMB":0.868312502462001,"ZWE":1.76372240968446}}