{"schemaVersion":1,"dataKind":"ranking-year","indicatorId":"EN.GHG.CO2.PC.CE.AR5","year":1972,"valuesByCountry":{"ABW":0.682205798749289,"AFG":0.142774034360254,"AGO":1.67892130265933,"ALB":2.46013821782637,"ARE":72.0685481566904,"ARG":3.64247302665344,"ARM":4.19878474815867,"ASM":0,"ATG":1.93298769635534,"AUS":12.7702511952645,"AUT":7.67251561828748,"AZE":4.78470541320053,"BDI":0.0160901134822987,"BEL":14.5213912099692,"BEN":0.144191363919361,"BFA":0.0389341982775276,"BGD":0.0484397881066704,"BGR":8.3154194165248,"BHR":15.8074948474473,"BHS":8.8021218535615,"BIH":2.88090417748646,"BLR":7.00537862358428,"BLZ":0.582309345824377,"BMU":3.20057572486412,"BOL":0.936913270587784,"BRA":1.16092679429378,"BRB":1.65306138797876,"BRN":15.4920563475374,"BTN":0.122023593246615,"BWA":0.316834482902667,"CAF":0.0345732538560626,"CAN":17.2410710857902,"CHE":7.03017238900896,"CHL":3.2088681332225,"CHN":1.13155099010475,"CIV":0.501699235631628,"CMR":0.142326754491637,"COD":0.143168655263995,"COG":1.33080564129198,"COL":1.3691979074008,"COM":0.0838213298369329,"CPV":0.501704854969635,"CRI":0.836992995736356,"CUB":2.37808627919821,"CYM":3.04318259095546,"CYP":4.029873098328,"CZE":19.1013608938801,"DEU":14.0418761827974,"DJI":4.25849292657107,"DMA":0.131316014844419,"DNK":11.9685367165131,"DOM":1.08794653691849,"DZA":2.43648884541506,"ECU":0.686441516463232,"EGY":0.754182597719343,"ERI":0.245716009730873,"ESP":4.38389330580394,"EST":16.6906998688706,"ETH":0.0370353878424522,"FIN":9.55947821142813,"FJI":1.39691443581187,"FRA":9.41932605868213,"FRO":0.0255284386806903,"FSM":0.00160570345868525,"G001":4.16137563901017,"GAB":1.93845014171605,"GBR":11.7308336749957,"GEO":5.9754833186693,"GHA":0.264489355847686,"GIB":2.18395016489557,"GIN":0.104867835385256,"GMB":0.142067450528476,"GNB":0.0750059663836896,"GNQ":0.15478175449481,"GRC":4.14186531374696,"GRD":0.139708636625935,"GRL":0.0165631469979296,"GTM":0.482928145169848,"GUM":0.00215938414364223,"GUY":2.1127551041619,"HKG":2.38893200116403,"HND":0.435719409294252,"HRV":3.54813457350574,"HTI":0.108602894803098,"HUN":6.73709420666791,"IDN":0.305337992041468,"IND":0.388073672602358,"IRL":7.49823007392528,"IRN":3.11229400405463,"IRQ":2.62643041854375,"ISL":10.7350684001396,"ISR":4.99869758576874,"ITA":6.38772910085251,"JAM":4.14554796116264,"JOR":1.35061284123286,"JPN":8.33098761055342,"KAZ":15.1770896982797,"KEN":0.320619430020826,"KGZ":5.32051032964186,"KHM":0.034852258489282,"KIR":0.336244103181773,"KNA":0.408784320850271,"KOR":1.93622485875861,"KWT":46.1269166579743,"LAO":0.1107914593491,"LBN":2.3957965182695,"LBR":0.627483518834229,"LBY":9.51623271465542,"LCA":0.343389747363257,"LKA":0.295365715514741,"LSO":0.0670893723670392,"LTU":6.63027574493827,"LUX":51.6794575879977,"LVA":5.04050217183139,"MAC":1.3193225872271,"MAR":0.487607546821,"MDA":8.21803631926373,"MDG":0.111444111569635,"MDV":0.080935801111722,"MEX":2.4687004489788,"MHL":0,"MKD":5.08671563618154,"MLI":0.0382804578725258,"MLT":2.83121177054059,"MMR":0.166218029596117,"MNG":3.75330785816138,"MNP":0,"MOZ":0.335410307335785,"MRT":0.288354138938935,"MUS":0.394106939357059,"MWI":0.0750234640653609,"MYS":1.39756772489225,"NAM":0.910990689943672,"NCL":9.35371171757094,"NER":0.0462196053086285,"NGA":0.942826824892664,"NIC":0.666970264744259,"NLD":11.2862925591621,"NOR":9.68557367345673,"NPL":0.0314417497318328,"NRU":0,"NZL":5.94342091669823,"OMN":10.5043869978718,"PAK":0.296325157871119,"PAN":1.75030302121055,"PER":1.2241745282438,"PHL":0.705943074296549,"PLW":163.588650155814,"PNG":0.457725366302039,"POL":10.0102312312721,"PRI":13.7961193444969,"PRK":4.9639222215566,"PRT":2.20534782160333,"PRY":0.280853368620346,"PYF":1.23722166614706,"QAT":150.311932617094,"ROU":6.35393422495748,"RUS":10.3882009567202,"RWA":0.0250217103618552,"SAU":20.7239276118474,"SDN":0.291199068699385,"SEN":0.301837068299916,"SGP":4.35862293254042,"SLB":0.380012324724045,"SLE":0.129584122729346,"SLV":0.482189231133167,"SOM":0.144284613330436,"STP":0.176453893708123,"SUR":1.81649820212223,"SVK":9.70345179568822,"SVN":5.40076576574006,"SWE":10.979266956404,"SWZ":0.56549331455512,"SYC":1.89901658069928,"SYR":0.89971848912339,"TCA":0.676246830092984,"TCD":0.0394271935132891,"TGO":0.175346353072586,"THA":0.598132083813411,"TJK":2.74166042671954,"TKM":8.54016777492721,"TLS":0.0200711390982299,"TON":0.23123769403361,"TTO":6.33773466112141,"TUN":0.891790821444117,"TUR":1.5013366693884,"TUV":0,"TZA":0.126684231041981,"UGA":0.0852303313418697,"UKR":10.4208545900983,"URY":2.06120970611459,"USA":22.4422661699127,"UZB":4.59911853136267,"VCT":0.141118723795889,"VEN":4.92025905887837,"VGB":0.869565217391304,"VIR":0.00131028970505379,"VNM":0.391080483052312,"VUT":0.874817063847448,"WSM":0.485685425286084,"YEM":0.258053948033718,"ZAF":8.09405773686611,"ZMB":0.933576608629445,"ZWE":1.64073797755323}}