{"schemaVersion":1,"dataKind":"ranking-year","indicatorId":"EN.GHG.CO2.PC.CE.AR5","year":1973,"valuesByCountry":{"ABW":0.76330640319731,"AFG":0.142498777965025,"AGO":1.77615250336228,"ALB":2.15608824984152,"ARE":82.1349269819592,"ARG":3.70723394808873,"ARM":4.47005922017895,"ASM":0,"ATG":1.95828541232787,"AUS":13.276158445441,"AUT":8.0663949861029,"AZE":5.09130126139901,"BDI":0.0166113370714379,"BEL":15.0298715216615,"BEN":0.145393811961397,"BFA":0.039513343111307,"BGD":0.0556032616131017,"BGR":8.38596180683675,"BHR":18.6648127839574,"BHS":8.55665841596486,"BIH":3.10908952465622,"BLR":7.59896652059051,"BLZ":0.579698683221954,"BMU":3.22026215389265,"BOL":0.852959146266955,"BRA":1.31786270727093,"BRB":1.63229760069031,"BRN":18.1503572664536,"BTN":0.124083639396555,"BWA":0.402355581170065,"CAF":0.0350403053358299,"CAN":17.8739323264676,"CHE":7.554317211341,"CHL":3.14937716880705,"CHN":1.15107864480577,"CIV":0.493116833394126,"CMR":0.144568980056198,"COD":0.140239462168766,"COG":5.84144019612957,"COL":1.38070251365106,"COM":0.0836991295290529,"CPV":0.514870898789853,"CRI":0.92182284444887,"CUB":2.52682562951848,"CYM":3.07927319504744,"CYP":4.16285624616142,"CZE":18.7991936519339,"DEU":14.6620038398886,"DJI":4.10593502905592,"DMA":0.131756038818446,"DNK":11.7072137201727,"DOM":1.05710163904808,"DZA":3.20215484958616,"ECU":0.843078277062907,"EGY":0.686250619676119,"ERI":0.241757275992817,"ESP":4.70226497527919,"EST":18.8860778220578,"ETH":0.0393843758955421,"FIN":10.3781953206556,"FJI":1.63655936282907,"FRA":10.029740133575,"FRO":0.0252295892622868,"FSM":0.00156284187165943,"G001":4.32314752606212,"GAB":6.08127824351927,"GBR":12.2833599079853,"GEO":6.28021213906894,"GHA":0.262573398416016,"GIB":2.17888658895305,"GIN":0.106672312066332,"GMB":0.142834415226813,"GNB":0.0767533501572178,"GNQ":0.0956064059600173,"GRC":4.41085459362806,"GRD":0.140817959861816,"GRL":0.0183673469387755,"GTM":0.499705828438048,"GUM":0.00211012755721083,"GUY":2.4188578049629,"HKG":2.34298377970577,"HND":0.465256209697691,"HRV":3.87565459051699,"HTI":0.112111027620562,"HUN":7.17740656083581,"IDN":0.335492044103165,"IND":0.377137230976898,"IRL":7.23893776632803,"IRN":3.60321242840494,"IRQ":2.78474108939262,"ISL":12.1601190672438,"ISR":5.13926174496644,"ITA":6.74925864004296,"JAM":4.35897265935115,"JOR":1.47011350356055,"JPN":9.25979559733964,"KAZ":15.9012095664478,"KEN":0.320843129332516,"KGZ":5.48636565413152,"KHM":0.0420640245612359,"KIR":0.396225174273313,"KNA":0.412488605287147,"KOR":2.34248162830946,"KWT":38.9546813085202,"LAO":0.129451506720087,"LBN":2.88114546228335,"LBR":0.630845901838104,"LBY":8.57776339311371,"LCA":0.342331950361867,"LKA":0.302138073623626,"LSO":0.0670082113751515,"LTU":7.05712360661538,"LUX":55.2004565558568,"LVA":5.39270533098713,"MAC":1.5992586490939,"MAR":0.561040614974554,"MDA":8.66348228141341,"MDG":0.10009538905342,"MDV":0.0933665303218922,"MEX":2.57793967458517,"MHL":0,"MKD":5.79287034870651,"MLI":0.0392596389992824,"MLT":2.72137657180675,"MMR":0.129750901145537,"MNG":3.92343803139377,"MNP":0,"MOZ":0.346528494539236,"MRT":0.290072252246565,"MUS":0.43257606504945,"MWI":0.0783383007543259,"MYS":1.40916551515456,"NAM":0.914434064237184,"NCL":10.5705299199745,"NER":0.0529192425759722,"NGA":1.10585776581623,"NIC":0.717704974713866,"NLD":11.6631478879664,"NOR":9.76283463262748,"NPL":0.0412195968750544,"NRU":0,"NZL":6.29841623611252,"OMN":10.2511304405702,"PAK":0.306265114896125,"PAN":1.90163595325153,"PER":1.26392155945741,"PHL":0.781840928194752,"PLW":158.922880815806,"PNG":0.537829630171978,"POL":10.4499928051515,"PRI":14.9735339827274,"PRK":4.95598661485702,"PRT":2.45470340897244,"PRY":0.302916478921964,"PYF":1.44086038587099,"QAT":152.442829690869,"ROU":6.88420983216243,"RUS":10.9592007175753,"RWA":0.0250400053210011,"SAU":26.3780628218191,"SDN":0.367291309926996,"SEN":0.315218617283577,"SGP":4.68527131782946,"SLB":0.44526647485957,"SLE":0.131568162039516,"SLV":0.513373562873978,"SOM":0.145368094459352,"STP":0.178748278943936,"SUR":1.89679916719728,"SVK":9.90762575017048,"SVN":6.10902718462758,"SWE":11.0941173347335,"SWZ":0.576154710064755,"SYC":1.93524572874921,"SYR":0.826775439813572,"TCA":0.656814449917898,"TCD":0.0397901708242712,"TGO":0.149954119429962,"THA":0.649939366259757,"TJK":2.77287270853958,"TKM":8.69755567355949,"TLS":0.0231618498597421,"TON":0.272507178649851,"TTO":6.49014302656708,"TUN":0.873557630314875,"TUR":1.58897894872029,"TUV":0,"TZA":0.126914535751625,"UGA":0.0767392219619182,"UKR":10.9634748103558,"URY":1.93625043309566,"USA":23.107187519171,"UZB":4.72688627825929,"VCT":0.141856906911471,"VEN":5.39365350301443,"VGB":0.868139288125784,"VIR":0.00118876380451968,"VNM":0.426173367216799,"VUT":1.02159767703101,"WSM":0.57604630211035,"YEM":0.305273331911861,"ZAF":8.57236953432175,"ZMB":0.971741085373849,"ZWE":1.84504451084224}}