{"schemaVersion":1,"dataKind":"ranking-year","indicatorId":"EN.GHG.CO2.PC.CE.AR5","year":1974,"valuesByCountry":{"ABW":0.747227887367393,"AFG":0.175521510046373,"AGO":1.78526308913448,"ALB":2.2678377821766,"ARE":73.6284137586973,"ARG":3.66560281895489,"ARM":4.71761007576928,"ASM":0,"ATG":1.75309875425396,"AUS":13.6386140056839,"AUT":7.72518837252821,"AZE":5.39001805473624,"BDI":0.0173345321701376,"BEL":14.863095821004,"BEN":0.145689404701613,"BFA":0.0417268059374888,"BGD":0.0569124091098463,"BGR":8.43012440162719,"BHR":20.7152892899888,"BHS":7.31316535341041,"BIH":3.32858606912261,"BLR":8.17268725455011,"BLZ":0.510200101415922,"BMU":2.86301266586249,"BOL":0.793971099905923,"BRA":1.38930108975977,"BRB":1.49694748720975,"BRN":18.1846766586312,"BTN":0.122193371009623,"BWA":0.661465202320234,"CAF":0.037015200027497,"CAN":17.9802199836382,"CHE":6.7746343278816,"CHL":2.92547452520827,"CHN":1.14703193202643,"CIV":0.48396237475203,"CMR":0.137094407613007,"COD":0.143441612020013,"COG":8.14276171221531,"COL":1.39841650867855,"COM":0.0873864964487998,"CPV":0.550946888323363,"CRI":0.882066126277981,"CUB":2.70586780735985,"CYM":2.7604087235016,"CYP":3.20058378841289,"CZE":16.9968961178096,"DEU":14.210445463005,"DJI":4.10823776172948,"DMA":0.116751768859631,"DNK":10.3840665871603,"DOM":1.09983380804636,"DZA":2.63658735433477,"ECU":1.00004726408177,"EGY":0.775189837719672,"ERI":0.230575537476521,"ESP":5.00086293814253,"EST":20.8556949136527,"ETH":0.0388503212153086,"FIN":9.51113872204127,"FJI":1.95069860384959,"FRA":9.61487384934752,"FRO":0.0274273176083379,"FSM":0.00152093567963011,"G001":4.23266012629076,"GAB":6.11016673074043,"GBR":11.4685114384012,"GEO":6.52578572263115,"GHA":0.271845782465577,"GIB":2.16177265357593,"GIN":0.112149083835643,"GMB":0.149723724080566,"GNB":0.0800537387215532,"GNQ":0.119341047556729,"GRC":4.30672899486299,"GRD":0.125906220173426,"GRL":0.0181818181818182,"GTM":0.505400507624143,"GUM":0.00206315311690857,"GUY":2.11108356129676,"HKG":2.60130659235232,"HND":0.443346035080566,"HRV":4.15582564700957,"HTI":0.119796968928761,"HUN":7.34077253710377,"IDN":0.365264544849251,"IND":0.395039612923587,"IRL":7.70419123505976,"IRN":3.71090321538637,"IRQ":2.89726830651193,"ISL":11.7420739838947,"ISR":5.1235119928931,"ITA":6.75106042604882,"JAM":4.44606626329922,"JOR":1.54498032277393,"JPN":9.10630253626477,"KAZ":16.2151373102225,"KEN":0.313150388237928,"KGZ":5.60581903905208,"KHM":0.0473962295304309,"KIR":0.483510021398585,"KNA":0.370387306232567,"KOR":2.42146189009389,"KWT":30.0092647344912,"LAO":0.154434323062317,"LBN":2.85831924513839,"LBR":0.660000664058801,"LBY":5.53743075744662,"LCA":0.300707763394331,"LKA":0.255364376737085,"LSO":0.0697702188635472,"LTU":7.48075533294603,"LUX":50.1585692156034,"LVA":5.71975220602777,"MAC":1.97838287258366,"MAR":0.604547359775478,"MDA":9.04870607257845,"MDG":0.0959023005632962,"MDV":0.110808905006548,"MEX":2.76199910087463,"MHL":0,"MKD":5.86932272266449,"MLI":0.0407270652270381,"MLT":2.49374163896211,"MMR":0.146691516403702,"MNG":4.2410705024031,"MNP":0,"MOZ":0.317266186037754,"MRT":0.301728447622457,"MUS":0.504873343188595,"MWI":0.0799402956857331,"MYS":1.64740245119457,"NAM":0.954092143459125,"NCL":12.2828104555275,"NER":0.0482129982629794,"NGA":1.36191903052351,"NIC":0.744562283246251,"NLD":10.9776585641285,"NOR":9.30587179048383,"NPL":0.0361795593964963,"NRU":0,"NZL":6.40295002811126,"OMN":10.3906622328605,"PAK":0.315678206107152,"PAN":1.88799745960427,"PER":1.33650456335123,"PHL":0.728545965070819,"PLW":157.231812091117,"PNG":0.645082539831313,"POL":10.7410755915744,"PRI":13.9060367795178,"PRK":5.04611584117935,"PRT":2.42721202508691,"PRY":0.285875227231958,"PYF":1.71206525084641,"QAT":117.353209819465,"ROU":6.92505250618074,"RUS":11.4606331314827,"RWA":0.0243393944161987,"SAU":26.2771669744326,"SDN":0.332854149223131,"SEN":0.328008880516845,"SGP":4.80832361646784,"SLB":0.531683082018652,"SLE":0.139190449172544,"SLV":0.510835748129314,"SOM":0.152847820316862,"STP":0.18896447467876,"SUR":1.71867220760219,"SVK":9.96564116134708,"SVN":6.55154008823668,"SWE":10.2326299593564,"SWZ":0.585612631544784,"SYC":2.05222914545109,"SYR":1.08777402850663,"TCA":0.573888091822095,"TCD":0.0418796201214411,"TGO":0.135403063987005,"THA":0.633083097791346,"TJK":2.80358032894581,"TKM":8.89150947275278,"TLS":0.027588448056707,"TON":0.32751452863271,"TTO":6.51167751289681,"TUN":0.93787260272093,"TUR":1.61799605543206,"TUV":0,"TZA":0.112289008285122,"UGA":0.0782330020028279,"UKR":11.3895443832284,"URY":1.86436734568022,"USA":22.1060517923443,"UZB":4.86593583728562,"VCT":0.125557475189843,"VEN":5.15744368813911,"VGB":0.762340384981894,"VIR":0.0011118399839895,"VNM":0.347438253928559,"VUT":1.21632736993625,"WSM":0.693296571661837,"YEM":0.295196157726507,"ZAF":8.6037804950861,"ZMB":0.952847826419143,"ZWE":1.7608365683151}}