{"schemaVersion":1,"dataKind":"ranking-year","indicatorId":"EN.GHG.CO2.PC.CE.AR5","year":1975,"valuesByCountry":{"ABW":0.98807787974955,"AFG":0.158729239200329,"AGO":1.59353857336612,"ALB":2.25554311300877,"ARE":67.5674580367538,"ARG":3.51578897003093,"ARM":5.04216994817142,"ASM":0,"ATG":2.12879274424725,"AUS":13.9574749874037,"AUT":7.43891299308092,"AZE":5.74002689376961,"BDI":0.0175156165549706,"BEL":13.0562816941647,"BEN":0.159516713119814,"BFA":0.0424720731072722,"BGD":0.0664548600501467,"BGR":8.97508491823288,"BHR":20.2762292448534,"BHS":7.32302297437657,"BIH":3.36375806500825,"BLR":8.73598804313014,"BLZ":0.605888623865876,"BMU":3.46138643678594,"BOL":0.882835147334161,"BRA":1.45405716888003,"BRB":1.71434258982781,"BRN":18.1014740304928,"BTN":0.117006706015184,"BWA":0.778478025486549,"CAF":0.0376418158653987,"CAN":17.2943803329477,"CHE":6.39798934533508,"CHL":2.61804296822985,"CHN":1.29214956432543,"CIV":0.502176926424565,"CMR":0.168971167156948,"COD":0.137300123047981,"COG":4.89547839255774,"COL":1.47053859549111,"COM":0.087941270525423,"CPV":0.566296220005427,"CRI":0.942410328381402,"CUB":2.75113436822963,"CYM":3.35073977371627,"CYP":3.28204972664751,"CZE":17.602066685092,"DEU":13.4762972573986,"DJI":3.91647769499019,"DMA":0.139723347771413,"DNK":10.8057492477068,"DOM":1.11072890891135,"DZA":2.32213394617732,"ECU":1.05340483217015,"EGY":0.816260658077551,"ERI":0.214243614233673,"ESP":5.1094499397336,"EST":22.4993563516894,"ETH":0.0337292027942154,"FIN":9.50138386565466,"FJI":1.59748292256028,"FRA":8.81900072946146,"FRO":0.027114967462039,"FSM":0.00148306341579166,"G001":4.14451860550915,"GAB":7.69770929194786,"GBR":11.096299207837,"GEO":6.94340322879941,"GHA":0.281135944251911,"GIB":2.25394440270473,"GIN":0.113991004487442,"GMB":0.150950609817393,"GNB":0.0783451055815511,"GNQ":0.132684499185484,"GRC":4.48778157308965,"GRD":0.151845586287019,"GRL":0.0181451612903226,"GTM":0.542363500698595,"GUM":0.00201903954288945,"GUY":2.46889895665776,"HKG":2.52577550654474,"HND":0.463542602890988,"HRV":4.36862627939829,"HTI":0.118844828269223,"HUN":7.43943968635338,"IDN":0.370094628912833,"IND":0.410837694524101,"IRL":7.11981313978461,"IRN":3.67141967068991,"IRQ":3.20756738841192,"ISL":10.8813234302387,"ISR":5.26648335745297,"ITA":6.4190345336658,"JAM":3.68606737755333,"JOR":1.65945694042563,"JPN":8.50259202495227,"KAZ":16.6248237425974,"KEN":0.298216260594267,"KGZ":5.81278095006682,"KHM":0.0413439692124939,"KIR":0.401724957777887,"KNA":0.447186167041233,"KOR":2.58153708576,"KWT":24.2336832711386,"LAO":0.125435822940515,"LBN":2.49180247520506,"LBR":0.667658938556346,"LBY":6.49937236443616,"LCA":0.357642808760443,"LKA":0.220488857319486,"LSO":0.070037070209279,"LTU":7.91097910985167,"LUX":39.2533779077866,"LVA":6.0746377431162,"MAC":1.651973131822,"MAR":0.632775664042453,"MDA":9.60008539157413,"MDG":0.103419724896296,"MDV":0.0901102278601266,"MEX":2.8249274359809,"MHL":0,"MKD":4.6336094221712,"MLI":0.0419173701281844,"MLT":2.22863566737448,"MMR":0.141096244718377,"MNG":4.23961362524659,"MNP":0,"MOZ":0.265249820848676,"MRT":0.305246099285228,"MUS":0.517713004484305,"MWI":0.0886452557577335,"MYS":1.72974623066386,"NAM":0.952519318254047,"NCL":9.93510933930832,"NER":0.0544478024246293,"NGA":1.00947921896289,"NIC":0.716521420561226,"NLD":10.2448974066566,"NOR":9.07845231954679,"NPL":0.0295947679622398,"NRU":0,"NZL":5.93941163115047,"OMN":33.2066959058321,"PAK":0.339444301078984,"PAN":1.8819098943713,"PER":1.32928506320971,"PHL":0.781354572676234,"PLW":157.629395495851,"PNG":0.521205618831755,"POL":11.0822870682015,"PRI":12.7030728122912,"PRK":5.17664930082426,"PRT":2.50980098906138,"PRY":0.299147585419787,"PYF":1.37192733783431,"QAT":103.155054457317,"ROU":7.40655529884285,"RUS":12.0283763040238,"RWA":0.0270198240868385,"SAU":20.6426416948713,"SDN":0.251365145805862,"SEN":0.348011240018488,"SGP":4.75267391496508,"SLB":0.426911887777468,"SLE":0.141865095706833,"SLV":0.561103899113907,"SOM":0.154948814278685,"STP":0.191447155971767,"SUR":1.92218217143441,"SVK":10.1644297815727,"SVN":6.42585977438432,"SWE":10.4103821610102,"SWZ":0.64332749624266,"SYC":2.08291169129056,"SYR":1.23037491971528,"TCA":0.665325700139254,"TCD":0.0425222101758625,"TGO":0.15326521718528,"THA":0.632625716582106,"TJK":2.90821108171728,"TKM":9.46523849801769,"TLS":0.0229036475312543,"TON":0.264467785458572,"TTO":5.76324505040015,"TUN":0.929740778886099,"TUR":1.71418371404896,"TUV":0,"TZA":0.101168885737529,"UGA":0.0701392892597508,"UKR":11.8589314295447,"URY":1.97220365418895,"USA":20.9073036907391,"UZB":5.22026623336464,"VCT":0.149421737874426,"VEN":4.73699391611251,"VGB":0.914576654723741,"VIR":0.00105838025485797,"VNM":0.399271534310153,"VUT":0.974378920703308,"WSM":0.55822203672788,"YEM":0.274466478426891,"ZAF":8.98846441586022,"ZMB":0.957718965164127,"ZWE":1.50374065901056}}