{"schemaVersion":1,"dataKind":"ranking-year","indicatorId":"EN.GHG.CO2.PC.CE.AR5","year":1976,"valuesByCountry":{"ABW":0.969709429824561,"AFG":0.144817884981996,"AGO":1.03072032820216,"ALB":2.35779487383904,"ARE":74.011229715555,"ARG":3.63892284395537,"ARM":5.04700753859338,"ASM":0,"ATG":1.93218531413695,"AUS":14.0169814009834,"AUT":8.15742463345241,"AZE":5.82305829441273,"BDI":0.0177199658169497,"BEL":14.0152493927875,"BEN":0.103873058006974,"BFA":0.0430688935115637,"BGD":0.0695194777134317,"BGR":9.03623969997942,"BHR":20.8508609662832,"BHS":6.32491223817138,"BIH":3.3041149172242,"BLR":9.07032196365955,"BLZ":0.538696759554918,"BMU":3.13286976132306,"BOL":0.974946047709348,"BRA":1.55992356243525,"BRB":1.62462913912552,"BRN":20.214294009425,"BTN":0.117836666754736,"BWA":1.07856476134728,"CAF":0.0384489939818596,"CAN":17.6290228047923,"CHE":6.70168555228208,"CHL":2.63604339851513,"CHN":1.32391356903786,"CIV":0.550966724369853,"CMR":0.15315949197956,"COD":0.131294274038161,"COG":4.6165934411972,"COL":1.53523583112486,"COM":0.0880559794043114,"CPV":0.580052026950607,"CRI":0.94497838226927,"CUB":2.87514410355521,"CYM":3.05105853051059,"CYP":3.97578968992435,"CZE":18.0186943650362,"DEU":14.3302579434098,"DJI":3.69468269068247,"DMA":0.126359054112224,"DNK":11.9041808178692,"DOM":1.11055045127755,"DZA":2.86879226676304,"ECU":1.17305057074856,"EGY":0.921726010770499,"ERI":0.20362832428434,"ESP":5.55775485245205,"EST":23.4555869228162,"ETH":0.0327437853660084,"FIN":10.7931075929224,"FJI":1.54593926228024,"FRA":9.62064491984429,"FRO":0.0292540224280839,"FSM":0.00144824689713102,"G001":4.30590002923253,"GAB":8.72632181668998,"GBR":11.2084796604168,"GEO":7.00854366249079,"GHA":0.279369920262677,"GIB":2.22151133859387,"GIN":0.116373479962649,"GMB":0.151837958530656,"GNB":0.0760597587695605,"GNQ":0.136283897505969,"GRC":4.95760299951568,"GRD":0.139298590626024,"GRL":0.0181086519114688,"GTM":0.526155770212206,"GUM":0.00197694877725718,"GUY":2.47988376251075,"HKG":2.89566179725542,"HND":0.472308486648938,"HRV":4.28028714703521,"HTI":0.156030068731332,"HUN":7.773366430546,"IDN":0.38858977365079,"IND":0.429057284512724,"IRL":7.18883278516391,"IRN":4.11040520366822,"IRQ":3.89513408801113,"ISL":10.8755689199379,"ISR":5.14367393150297,"ITA":6.8657169121936,"JAM":3.23316930471485,"JOR":1.92602609467888,"JPN":8.696183551319,"KAZ":16.7042557693415,"KEN":0.328594632481476,"KGZ":5.9009735909727,"KHM":0.0437816453194471,"KIR":0.397289856744861,"KNA":0.407064992410653,"KOR":2.83894262533494,"KWT":23.247174243729,"LAO":0.121277337158175,"LBN":2.31123111981101,"LBR":0.676505189102303,"LBY":7.86179226579677,"LCA":0.320213475650434,"LKA":0.221392398365704,"LSO":0.0702194517456715,"LTU":8.19076362168125,"LUX":41.6459910570481,"LVA":6.29031533527669,"MAC":1.6455857385399,"MAR":0.677664542224497,"MDA":9.81081775365291,"MDG":0.0933954849989927,"MDV":0.0867649550923572,"MEX":2.93138592019802,"MHL":0,"MKD":4.79201239984007,"MLI":0.0417757329823865,"MLT":2.5015207309974,"MMR":0.1479543536322,"MNG":4.24819428895946,"MNP":0,"MOZ":0.260286368718855,"MRT":0.305929435520658,"MUS":0.562599075351873,"MWI":0.0823017446500192,"MYS":1.85891231366005,"NAM":0.957018021853897,"NCL":9.51010268067647,"NER":0.0575850298684602,"NGA":1.1523888201983,"NIC":0.795874168474898,"NLD":10.9476546345853,"NOR":9.56565971677175,"NPL":0.0249336120537333,"NRU":0,"NZL":6.4623693939881,"OMN":35.3431504318762,"PAK":0.31420999986959,"PAN":1.83017386679873,"PER":1.32538990580085,"PHL":0.759223848956314,"PLW":158.34259406255,"PNG":0.502410744416606,"POL":11.6922747792981,"PRI":13.6971418471451,"PRK":5.40109432857114,"PRT":2.57910325241748,"PRY":0.32419469660393,"PYF":1.31195968547721,"QAT":89.1735070700113,"ROU":8.05682297685642,"RUS":12.390296491968,"RWA":0.0328068919336344,"SAU":24.0789129133039,"SDN":0.234644244266669,"SEN":0.354917073619156,"SGP":5.04330004796581,"SLB":0.407347703118816,"SLE":0.144379659405313,"SLV":0.558034919043966,"SOM":0.156832222734282,"STP":0.193427948089337,"SUR":1.84089685775286,"SVK":10.2667142985698,"SVN":6.06477465445662,"SWE":11.2360966281153,"SWZ":0.612042114917929,"SYC":2.11721539071797,"SYR":1.36664483480272,"TCA":0.585585585585586,"TCD":0.0433514760319027,"TGO":0.132534888975493,"THA":0.699695611834343,"TJK":2.88618097464574,"TKM":9.4563226176373,"TLS":0.0222178335143675,"TON":0.253868345135064,"TTO":6.65078011949609,"TUN":0.96583388277527,"TUR":1.86314390955376,"TUV":0,"TZA":0.0943224245918028,"UGA":0.0849692630253942,"UKR":12.1570900596533,"URY":1.99568235645668,"USA":22.0873057077992,"UZB":5.12986280076179,"VCT":0.135379507297647,"VEN":4.85240496229536,"VGB":0.821738724437389,"VIR":0.00103986856061394,"VNM":0.284353981764176,"VUT":0.931442720625218,"WSM":0.536556491187871,"YEM":0.32571125890121,"ZAF":9.29477618301639,"ZMB":0.929830270836468,"ZWE":1.59865311617986}}