{"schemaVersion":1,"dataKind":"ranking-year","indicatorId":"EN.GHG.CO2.PC.CE.AR5","year":1977,"valuesByCountry":{"ABW":1.14885626493684,"AFG":0.170987311363764,"AGO":1.6444084714196,"ALB":2.46703263039547,"ARE":64.5956331164488,"ARG":3.7289913547043,"ARM":5.06679593398441,"ASM":0,"ATG":2.12959193260468,"AUS":14.7956736189402,"AUT":7.79583083942112,"AZE":5.93711869166036,"BDI":0.0178482581756821,"BEL":13.7353186933782,"BEN":0.118155156681852,"BFA":0.0435077886252565,"BGD":0.0705776609317248,"BGR":9.33093962267709,"BHR":21.8379083379419,"BHS":6.87406744936279,"BIH":3.44831083855913,"BLR":9.3288069322625,"BLZ":0.582101304760573,"BMU":3.45260867934436,"BOL":0.915234815211131,"BRA":1.59110374660205,"BRB":1.73590964367752,"BRN":19.9997637009163,"BTN":0.12026381438008,"BWA":1.16774682518441,"CAF":0.0393184796854522,"CAN":18.0354392465633,"CHE":6.79131003216915,"CHL":2.42298432268392,"CHN":1.46805401423491,"CIV":0.526772239635616,"CMR":0.208465310271877,"COD":0.132526803246729,"COG":1.44615031436523,"COL":1.54197672543343,"COM":0.08810744556683,"CPV":0.594244871081788,"CRI":1.15980544438272,"CUB":3.10967368818172,"CYM":3.38298576630255,"CYP":4.1888709505757,"CZE":18.9409581363251,"DEU":14.0876755412954,"DJI":3.46761555772879,"DMA":0.138110101372814,"DNK":12.2024738921854,"DOM":1.16976139147762,"DZA":3.06475778023899,"ECU":1.32596519193566,"EGY":0.928636794100057,"ERI":0.167952163986065,"ESP":5.27867032424018,"EST":24.2334391340295,"ETH":0.0342687212864537,"FIN":10.6946925680253,"FJI":1.60487115363706,"FRA":9.23497755873949,"FRO":0.0289379762708595,"FSM":0.00141336763105451,"G001":4.35847307569028,"GAB":8.42166390003228,"GBR":11.363415535735,"GEO":7.03039729191922,"GHA":0.279988647226493,"GIB":2.09893992932862,"GIN":0.118722100306428,"GMB":0.152376233024142,"GNB":0.0737406459249194,"GNQ":0.13837755031993,"GRC":5.13222407226788,"GRD":0.153581331106919,"GRL":0.0182186234817814,"GTM":0.590016582012227,"GUM":0.00193614590795562,"GUY":2.4629145829324,"HKG":3.30916072168772,"HND":0.497137838350759,"HRV":4.35084791968367,"HTI":0.15980825274046,"HUN":8.1033291507134,"IDN":0.518276653305209,"IND":0.427005663253361,"IRL":7.57686917311559,"IRN":4.17881456139383,"IRQ":3.45744391838292,"ISL":11.1091573902497,"ISR":5.2487129809023,"ITA":6.64019249183962,"JAM":3.49555720720525,"JOR":1.93392577124738,"JPN":8.832346845581,"KAZ":16.5390731655829,"KEN":0.339958523285932,"KGZ":5.94249247933643,"KHM":0.0495893924214495,"KIR":0.421457845918994,"KNA":0.452050371327091,"KOR":3.18193596333276,"KWT":21.4717060021955,"LAO":0.125684410932877,"LBN":1.98287206909098,"LBR":0.679664261822778,"LBY":8.01042361826153,"LCA":0.347833705699391,"LKA":0.234636838901898,"LSO":0.0706219616470809,"LTU":8.41436574749123,"LUX":39.5400129511454,"LVA":6.44898560323982,"MAC":1.756600128783,"MAR":0.72914670617798,"MDA":9.92415940612985,"MDG":0.0933808791764775,"MDV":0.0888567103271243,"MEX":2.95029764240968,"MHL":0,"MKD":4.87017156844229,"MLI":0.0421239436754784,"MLT":2.63576245235691,"MMR":0.155409021683465,"MNG":4.70440826140606,"MNP":0,"MOZ":0.244147296203658,"MRT":0.306994994711058,"MUS":0.642406653505235,"MWI":0.0797152903223394,"MYS":1.78495449334825,"NAM":0.964231707736193,"NCL":9.93782806243473,"NER":0.0623519053276002,"NGA":0.988589355568317,"NIC":0.944283339804995,"NLD":10.7168675937857,"NOR":9.76500078526812,"NPL":0.0273394865569938,"NRU":0,"NZL":6.61890263444651,"OMN":33.6045008032138,"PAK":0.323872913182512,"PAN":1.77031231214415,"PER":1.27413700698817,"PHL":0.806027556550828,"PLW":159.265469061876,"PNG":0.519125933952244,"POL":12.001271294544,"PRI":15.1689874995548,"PRK":5.62151921036303,"PRT":2.52899978055506,"PRY":0.450020050398285,"PYF":1.34422013449228,"QAT":74.0937035310829,"ROU":8.36416607097156,"RUS":12.579227038942,"RWA":0.0317496685923768,"SAU":24.4982144571525,"SDN":0.236103343003274,"SEN":0.36852319925788,"SGP":5.45056551842773,"SLB":0.416009849919316,"SLE":0.146693053698214,"SLV":0.562114879932745,"SOM":0.158316700304412,"STP":0.194959529468461,"SUR":2.03289297706633,"SVK":10.5787603390641,"SVN":6.54665141824936,"SWE":10.7219137276193,"SWZ":0.592766143300243,"SYC":2.14611724338847,"SYR":1.45213504083369,"TCA":0.626456876456876,"TCD":0.0447864528829201,"TGO":0.170398986784826,"THA":0.751167480402261,"TJK":2.87394974084825,"TKM":9.54835995225515,"TLS":0.0228039106280779,"TON":0.263634013957095,"TTO":7.29690223925806,"TUN":1.05905995372593,"TUR":2.01316718668736,"TUV":0,"TZA":0.0927393871086547,"UGA":0.0770570797648384,"UKR":12.3130042452764,"URY":1.92269289741296,"USA":22.6117703948892,"UZB":5.17363598495422,"VCT":0.147060265296719,"VEN":4.84363608221485,"VGB":0.898148148148148,"VIR":0.00107292683711898,"VNM":0.301348964818047,"VUT":0.953872704421392,"WSM":0.557110038622123,"YEM":0.321060213301647,"ZAF":9.03786768751241,"ZMB":0.817787148654969,"ZWE":1.39892754676633}}