{"schemaVersion":1,"dataKind":"ranking-year","indicatorId":"EN.GHG.CO2.PC.CE.AR5","year":1978,"valuesByCountry":{"ABW":1.2266911664625,"AFG":0.141990844319863,"AGO":1.87630976618686,"ALB":2.65798635059655,"ARE":65.0106144519656,"ARG":3.635206606124,"ARM":5.09896584812768,"ASM":0,"ATG":2.12373902995097,"AUS":14.3686516227887,"AUT":8.05376138624401,"AZE":6.15951741505819,"BDI":0.0176326927194782,"BEL":14.1721752269975,"BEN":0.122394478129148,"BFA":0.043149854407172,"BGD":0.0738803848937035,"BGR":10.0079282671086,"BHR":21.9969150667894,"BHS":6.82737384977722,"BIH":3.58461002785515,"BLR":9.64596325459318,"BLZ":0.570242154664667,"BMU":3.44556530852876,"BOL":1.01927228007078,"BRA":1.67993440745492,"BRB":1.77260277240003,"BRN":19.956656984058,"BTN":0.122642463904373,"BWA":1.24205317937589,"CAF":0.0395335870766872,"CAN":17.9885844141954,"CHE":6.98225554774809,"CHL":2.44969544053606,"CHN":1.63250254924621,"CIV":0.587008245288454,"CMR":0.219735067282865,"COD":0.129381836424244,"COG":0.874898246027519,"COL":1.60781395457705,"COM":0.0868776913197855,"CPV":0.597506855987879,"CRI":1.22026398646948,"CUB":3.31173457935457,"CYM":3.4081515864437,"CYP":4.32027418411928,"CZE":18.6270137231649,"DEU":14.5848182306418,"DJI":3.2035738900336,"DMA":0.13750618777845,"DNK":12.1525247205857,"DOM":1.16257101676082,"DZA":3.27609442956847,"ECU":1.44982650969143,"EGY":0.917662519754172,"ERI":0.169931515037658,"ESP":5.19463528693339,"EST":25.6776524666687,"ETH":0.0347655012397956,"FIN":12.0209917753246,"FJI":1.56529012842862,"FRA":9.52225151336381,"FRO":0.0285932138772398,"FSM":0.00137449487313412,"G001":4.42179569254623,"GAB":9.13342097308241,"GBR":11.3301122788706,"GEO":7.17058917161243,"GHA":0.264151949824198,"GIB":1.97567320537158,"GIN":0.119294263419938,"GMB":0.149751987324296,"GNB":0.0701028427650077,"GNQ":0.265431362125765,"GRC":5.34363935198446,"GRD":0.154716785213644,"GRL":0.0182926829268293,"GTM":0.63645178094025,"GUM":0.0018971012293216,"GUY":2.30268406693295,"HKG":3.46457418318157,"HND":0.486868639035699,"HRV":4.66603435648978,"HTI":0.164069759263167,"HUN":8.76941141368569,"IDN":0.595031475276109,"IND":0.408960279792987,"IRL":7.40999068817398,"IRN":3.94052663411762,"IRQ":3.6782085968751,"ISL":11.3587459794128,"ISR":5.4719512195122,"ITA":6.74816552421565,"JAM":3.53588538673194,"JOR":2.27198663847821,"JPN":8.75751394533256,"KAZ":16.9951841066888,"KEN":0.328603093344733,"KGZ":6.11201284735167,"KHM":0.0497155125254886,"KIR":0.420954162768943,"KNA":0.453525233125853,"KOR":3.3135948222824,"KWT":23.1450124932945,"LAO":0.12270867095033,"LBN":2.34801511470297,"LBR":0.677355716797553,"LBY":8.11164261991544,"LCA":0.342731840392286,"LKA":0.27210797834932,"LSO":0.069768843615322,"LTU":8.67852596556783,"LUX":42.7417149392139,"LVA":6.67354972395044,"MAC":1.7474182444062,"MAR":0.759923549788025,"MDA":10.1839424654141,"MDG":0.0987863892105867,"MDV":0.0858099757298651,"MEX":3.22070916781097,"MHL":0,"MKD":4.64989969928404,"MLI":0.0418830729173511,"MLT":3.03886105576726,"MMR":0.157927119452378,"MNG":4.93964684698926,"MNP":0,"MOZ":0.205240976620441,"MRT":0.303795541507834,"MUS":0.663953576811545,"MWI":0.0782942625055679,"MYS":2.23593031788936,"NAM":0.961395337544034,"NCL":9.85709601617575,"NER":0.0665925174288752,"NGA":1.00304166376013,"NIC":0.830304962416169,"NLD":10.9951871005688,"NOR":9.47290381506656,"NPL":0.0254048348028716,"NRU":0,"NZL":6.44345123670383,"OMN":26.3948621798859,"PAK":0.329299739151046,"PAN":1.6430809227401,"PER":1.2485000204952,"PHL":0.808192493645843,"PLW":160.353697749196,"PNG":0.504308998792828,"POL":12.7042950785915,"PRI":15.1607917247312,"PRK":5.84496105236836,"PRT":2.59269217691523,"PRY":0.527339822555272,"PYF":1.29341170540999,"QAT":77.7463938331238,"ROU":8.99691246105499,"RUS":13.3369713993871,"RWA":0.0338419489626072,"SAU":24.6156470333351,"SDN":0.206116558244685,"SEN":0.351987465733349,"SGP":6.04121346023114,"SLB":0.398596579726072,"SLE":0.146176288349419,"SLV":0.586875989107247,"SOM":0.15003451790819,"STP":0.192976096552018,"SUR":2.10195490456144,"SVK":11.7454052810511,"SVN":6.8865876208291,"SWE":10.0255582707669,"SWZ":1.08372161319089,"SYC":2.16733708769107,"SYR":1.43871333212863,"TCA":0.607087392347875,"TCD":0.044680037883957,"TGO":0.180915182280716,"THA":0.809792857453438,"TJK":2.86086695318147,"TKM":9.96310785823429,"TLS":0.0222655162816588,"TON":0.260277354841365,"TTO":7.4771808520368,"TUN":1.14684620858752,"TUR":1.94845695434006,"TUV":0,"TZA":0.0936997644600198,"UGA":0.0585481708207294,"UKR":13.0792516657952,"URY":1.99465771614802,"USA":22.327833411955,"UZB":5.30360752166408,"VCT":0.146922889807833,"VEN":5.06447252363997,"VGB":0.891052728274848,"VIR":0.00104243763616842,"VNM":0.297242451037175,"VUT":0.917581368278421,"WSM":0.547172734314485,"YEM":0.341171865705433,"ZAF":8.00361843501573,"ZMB":0.755154176091151,"ZWE":1.36090745502268}}