{"schemaVersion":1,"dataKind":"ranking-year","indicatorId":"EN.GHG.CO2.PC.CE.AR5","year":1979,"valuesByCountry":{"ABW":1.28566842932203,"AFG":0.150685797228339,"AGO":1.80694863790391,"ALB":3.03182175173961,"ARE":41.5340840560959,"ARG":3.78397102966949,"ARM":5.17852682198252,"ASM":0,"ATG":2.09260354108971,"AUS":14.6177483808736,"AUT":8.39070525238677,"AZE":6.29581802908768,"BDI":0.0195787825946288,"BEL":15.0980130543271,"BEN":0.133716447803971,"BFA":0.0483005152498491,"BGD":0.0804037261992403,"BGR":10.3657400798102,"BHR":22.3701948133245,"BHS":6.89655172413793,"BIH":3.67738798531593,"BLR":9.92085767946578,"BLZ":0.551955843532517,"BMU":3.40265709961321,"BOL":0.886580336286766,"BRA":1.75182599890906,"BRB":1.77499014999861,"BRN":17.5350012747891,"BTN":0.122375954198473,"BWA":1.33175564629351,"CAF":0.0449295608455174,"CAN":18.396512222526,"CHE":6.75820356779437,"CHL":2.55740433742139,"CHN":1.65001563459425,"CIV":0.526798196011347,"CMR":0.232073217753055,"COD":0.138182490199052,"COG":0.776562126088328,"COL":1.58100373473102,"COM":0.0970130357453377,"CPV":0.682671841742832,"CRI":1.18470313648458,"CUB":3.33617900813808,"CYM":3.3881719772491,"CYP":4.5738389400619,"CZE":19.4828659485728,"DEU":15.22030787308,"DJI":3.40346717545721,"DMA":0.13569264929618,"DNK":12.7913123844371,"DOM":1.19754404984892,"DZA":3.18372780318745,"ECU":1.52908545857279,"EGY":0.971962483244442,"ERI":0.18345431424675,"ESP":5.4632248967703,"EST":26.5575996725538,"ETH":0.0355884337969848,"FIN":11.9410706677664,"FJI":1.63672387223982,"FRA":9.61737964695466,"FRO":0.0305731285717645,"FSM":0.00133237402403603,"G001":4.46323350546404,"GAB":8.77395029991431,"GBR":11.963265351041,"GEO":7.36348246128843,"GHA":0.227208938666952,"GIB":2.75765529308836,"GIN":0.133386217322141,"GMB":0.167154502660989,"GNB":0.0779394706702429,"GNQ":0.251566933241854,"GRC":5.58245284113605,"GRD":0.154990051314274,"GRL":0.0181451612903226,"GTM":0.691964992403903,"GUM":0.00185811438552157,"GUY":2.18320083317967,"HKG":3.0672251861168,"HND":0.499947302627593,"HRV":4.88276038581189,"HTI":0.157709633433135,"HUN":8.62660582547782,"IDN":0.625156968928091,"IND":0.429446818101969,"IRL":8.60031122638014,"IRN":3.54699987653856,"IRQ":4.41082688292997,"ISL":11.6335526170067,"ISR":5.43172213417855,"ITA":7.01185873036225,"JAM":3.36558014537487,"JOR":2.34386099145636,"JPN":8.88878591768056,"KAZ":17.0032491479899,"KEN":0.313472912486435,"KGZ":6.14988738738739,"KHM":0.0533916783655426,"KIR":0.450375589975404,"KNA":0.45081681500244,"KOR":3.70259834248391,"KWT":24.942220448833,"LAO":0.129359934725274,"LBN":2.5846491144387,"LBR":0.767389343695484,"LBY":8.5361207676556,"LCA":0.334388401061875,"LKA":0.288800512825648,"LSO":0.0781016111476691,"LTU":8.92225124064038,"LUX":40.3854421588729,"LVA":6.85599450588259,"MAC":1.85416666666667,"MAR":0.803230118568196,"MDA":10.3281172254555,"MDG":0.103381015866977,"MDV":0.0897979546021452,"MEX":3.32016859697422,"MHL":0,"MKD":5.19217444531222,"MLI":0.0463305323496129,"MLT":2.93257846059577,"MMR":0.161222583371553,"MNG":5.12284581000675,"MNP":0,"MOZ":0.186683802394257,"MRT":0.334529627473725,"MUS":0.656919552620941,"MWI":0.0759029775497371,"MYS":2.50107262812977,"NAM":1.0907485784021,"NCL":10.4602651689034,"NER":0.0694309649678384,"NGA":1.39054188213467,"NIC":0.531959772793705,"NLD":11.5916491134591,"NOR":10.1246231752992,"NPL":0.03608154785298,"NRU":0,"NZL":5.88944998391766,"OMN":22.5852266740841,"PAK":0.343292613790246,"PAN":1.73947661376724,"PER":1.27042599721174,"PHL":0.846249766835602,"PLW":161.692469806274,"PNG":0.530687654225598,"POL":12.6204460340798,"PRI":12.7602831739522,"PRK":6.22630671388781,"PRT":2.85150029525119,"PRY":0.492439730353521,"PYF":1.34658142496157,"QAT":68.0303088877721,"ROU":9.15872026005039,"RUS":13.4289595513921,"RWA":0.0329508910325595,"SAU":27.4867989153703,"SDN":0.203670333723175,"SEN":0.380210401909907,"SGP":6.3710929305643,"SLB":0.413562771522876,"SLE":0.165113067845072,"SLV":0.536270519428228,"SOM":0.152997265428509,"STP":0.217138345177243,"SUR":2.09903549239676,"SVK":11.8846569924557,"SVN":7.15457726260345,"SWE":10.3824382861259,"SWZ":1.05041762026615,"SYC":2.4822129343075,"SYR":1.77112227801054,"TCA":0.588557350123186,"TCD":0.0499180535998707,"TGO":0.196453761355337,"THA":0.840563871266154,"TJK":2.846221860045,"TKM":10.0400020577041,"TLS":0.0233279423345791,"TON":0.278848519642418,"TTO":7.52338984091387,"TUN":1.32336516573661,"TUR":1.76244762772338,"TUV":0,"TZA":0.0955408976681308,"UGA":0.0589055836325079,"UKR":13.3017986769112,"URY":2.14098900541957,"USA":22.2464819710737,"UZB":5.34764120503534,"VCT":0.143991959643596,"VEN":5.56787963667524,"VGB":0.875512995896033,"VIR":0.00103968476757847,"VNM":0.303233602275486,"VUT":0.958952583156405,"WSM":0.582630370452229,"YEM":0.353028134490667,"ZAF":7.98230100116078,"ZMB":0.666172087856516,"ZWE":1.38261339957121}}