{"schemaVersion":1,"dataKind":"ranking-year","indicatorId":"EN.GHG.CO2.PC.CE.AR5","year":1980,"valuesByCountry":{"ABW":1.33368942896727,"AFG":0.152225124002311,"AGO":1.76007195589013,"ALB":3.01519799610553,"ARE":40.5026090381018,"ARG":3.63699019506065,"ARM":5.47303787875131,"ASM":0,"ATG":2.0615999875994,"AUS":15.1328137762047,"AUT":8.1449560516664,"AZE":6.53768362957552,"BDI":0.0185231400098455,"BEL":13.9757802881804,"BEN":0.136679157587629,"BFA":0.04621540321536,"BGD":0.0876938524388264,"BGR":10.6762993093183,"BHR":21.6865657505474,"BHS":6.6495789718139,"BIH":3.51788847143471,"BLR":10.2293684538007,"BLZ":0.533564958431567,"BMU":3.35364149572411,"BOL":0.864661654135338,"BRA":1.70879909777171,"BRB":1.76881728980137,"BRN":21.246460445648,"BTN":0.119518970752462,"BWA":1.35266164258628,"CAF":0.0437047420257209,"CAN":18.3743073357947,"CHE":6.85182852571,"CHL":2.50719682323142,"CHN":1.59466060627678,"CIV":0.48172214724901,"CMR":0.239432279644121,"COD":0.132544153275011,"COG":0.996837043496803,"COL":1.57382455697865,"COM":0.0923839500652906,"CPV":0.662231171570765,"CRI":1.0422762506834,"CUB":3.40731209501962,"CYM":3.34914222144154,"CYP":4.78790061428011,"CZE":18.7808594035457,"DEU":14.5004578956705,"DJI":3.12171017295091,"DMA":0.13409411217383,"DNK":12.6638996827462,"DOM":1.20295958989268,"DZA":3.07429811748952,"ECU":1.56694743259052,"EGY":1.04009261528441,"ERI":0.187508134589864,"ESP":5.67827913589775,"EST":27.3901161574553,"ETH":0.0364145835629153,"FIN":12.0142231409541,"FJI":1.71470851668679,"FRA":9.16861115489285,"FRO":0.0301820208023774,"FSM":0.00129187282803881,"G001":4.33012925656938,"GAB":8.22032392245209,"GBR":10.8064560465514,"GEO":7.49902634465161,"GHA":0.223013155523518,"GIB":3.27811682650392,"GIN":0.128857937096167,"GMB":0.158562738036708,"GNB":0.0757262423987372,"GNQ":0.222419312370948,"GRC":5.5395045167205,"GRD":0.154435253548837,"GRL":0.0179282868525896,"GTM":0.676834276975838,"GUM":0.00181585422322296,"GUY":2.28974116923888,"HKG":3.07256423930003,"HND":0.501237801411418,"HRV":4.52530141645843,"HTI":0.153014706759809,"HUN":8.5526801020472,"IDN":0.608251571293397,"IND":0.441652465772642,"IRL":8.17340600093765,"IRN":2.92150126583981,"IRQ":3.84307171458017,"ISL":10.6549544573898,"ISR":5.26663228468283,"ITA":7.04636078293603,"JAM":3.20582310880858,"JOR":2.8734850187048,"JPN":8.58784576266833,"KAZ":17.3916707566296,"KEN":0.324481899288814,"KGZ":6.34828882622878,"KHM":0.0560590722233163,"KIR":0.477529927389285,"KNA":0.445740956826138,"KOR":3.70977952734219,"KWT":22.1171571696099,"LAO":0.136367515617725,"LBN":2.55864393840863,"LBR":0.713125753853953,"LBY":8.33304617656112,"LCA":0.326096068404728,"LKA":0.283425873455867,"LSO":0.0745100855230743,"LTU":9.25479945224455,"LUX":37.5457915694082,"LVA":7.10518489262854,"MAC":1.95868975589401,"MAR":0.806091775294511,"MDA":10.6433957562277,"MDG":0.110747996453932,"MDV":0.0940334273667607,"MEX":3.58156914941908,"MHL":0,"MKD":4.67636952817275,"MLI":0.0441802453085878,"MLT":3.2247469563707,"MMR":0.167137144611987,"MNG":5.48945387004911,"MNP":0,"MOZ":0.219632274282585,"MRT":0.323260583307271,"MUS":0.602977726572116,"MWI":0.0819404075856963,"MYS":2.52392234585138,"NAM":1.05101310938891,"NCL":11.1422602241401,"NER":0.0836542415210241,"NGA":1.21468224863997,"NIC":0.605705996458618,"NLD":10.9622044127832,"NOR":9.67684219286179,"NPL":0.0393169081029158,"NRU":0,"NZL":5.91506312441775,"OMN":12.8857186231583,"PAK":0.352804030476719,"PAN":1.63384135345797,"PER":1.30351745172456,"PHL":0.742762740785792,"PLW":162.562138375031,"PNG":0.559729613043156,"POL":12.8268672617617,"PRI":10.3499064254523,"PRK":6.46317832539133,"PRT":2.89056913193025,"PRY":0.490627154477137,"PYF":1.40409404937656,"QAT":52.7880165124514,"ROU":9.01282291097128,"RUS":13.7784670167614,"RWA":0.0683882472340681,"SAU":31.8662195103602,"SDN":0.230366486008334,"SEN":0.38380755017673,"SGP":6.31269560822637,"SLB":0.430008188632498,"SLE":0.158919882680453,"SLV":0.44538102741135,"SOM":0.138035502448218,"STP":0.208028900795584,"SUR":2.0637918679088,"SVK":12.6013918187724,"SVN":7.26276287727178,"SWE":9.46169384363045,"SWZ":1.03663155918772,"SYC":2.41380945606298,"SYR":1.6043805175524,"TCA":0.555261766261237,"TCD":0.0485887019530488,"TGO":0.176281645277097,"THA":0.858753145836381,"TJK":2.89568428155793,"TKM":10.4953988114553,"TLS":0.0244663940997521,"TON":0.299685994538146,"TTO":8.13465460925131,"TUN":1.4256315473582,"TUR":1.80199373183379,"TUV":0,"TZA":0.0912934387068443,"UGA":0.054068545025095,"UKR":13.5974543726741,"URY":1.89532150410254,"USA":21.0372639454285,"UZB":5.61148265908388,"VCT":0.141057257731761,"VEN":5.93849163775219,"VGB":0.853548966756514,"VIR":0.00100365329800474,"VNM":0.309986067658738,"VUT":1.00985647587757,"WSM":0.621949586786918,"YEM":0.42986965384721,"ZAF":8.22520668737275,"ZMB":0.645719082386138,"ZWE":1.39140440341795}}