{"schemaVersion":1,"dataKind":"ranking-year","indicatorId":"EN.GHG.CO2.PC.CE.AR5","year":1981,"valuesByCountry":{"ABW":1.37212489473771,"AFG":0.189158925916398,"AGO":1.56862452221873,"ALB":2.59448081770881,"ARE":34.6004700619627,"ARG":3.47276357445568,"ARM":5.55577704427801,"ASM":0.00297760838494521,"ATG":1.8031392561664,"AUS":14.9626355099355,"AUT":7.66689435848381,"AZE":6.63045024170029,"BDI":0.019360431220754,"BEL":12.7682249546657,"BEN":0.110491847202305,"BFA":0.0431636278230896,"BGD":0.0863491903185389,"BGR":10.2036560760588,"BHR":22.2684486137437,"BHS":5.74733532250839,"BIH":3.8729348884152,"BLR":10.3530484037075,"BLZ":0.47921175379404,"BMU":2.84275052317721,"BOL":0.899983339302992,"BRA":1.54175243182081,"BRB":1.75129821223293,"BRN":17.3031144355834,"BTN":0.174394197876008,"BWA":1.42887187163658,"CAF":0.0532601248707837,"CAN":17.3973682021071,"CHE":6.44095426021164,"CHL":2.25773087917106,"CHN":1.56016430472338,"CIV":0.423614717815356,"CMR":0.246870114560664,"COD":0.13766651279076,"COG":1.09532832841024,"COL":1.55700536366443,"COM":0.0860723929276704,"CPV":0.624683540442769,"CRI":0.939251505208136,"CUB":3.4172714461506,"CYM":3.26165875453784,"CYP":4.54627932059115,"CZE":18.8508309862997,"DEU":14.0236876875186,"DJI":2.26965984252887,"DMA":0.194557860411586,"DNK":10.6534868591128,"DOM":1.11639302555546,"DZA":2.80956930609826,"ECU":1.67990356400629,"EGY":1.14441809312573,"ERI":0.205765182834032,"ESP":5.78730198136686,"EST":27.9137924776126,"ETH":0.0386046775646915,"FIN":10.0029916891043,"FJI":1.70912481310963,"FRA":8.20897257760696,"FRO":0.0297987438683354,"FSM":0.00125322705967867,"G001":4.17693606817983,"GAB":8.42702551455325,"GBR":10.4599742367947,"GEO":7.52667332667333,"GHA":0.258465595024537,"GIB":3.04801670146138,"GIN":0.119787186717913,"GMB":0.146659901911043,"GNB":0.0714597736078401,"GNQ":0.274359278751665,"GRC":5.45720937164353,"GRD":0.202015906094501,"GRL":0.0196078431372549,"GTM":0.570520184158398,"GUM":0.00177144780429045,"GUY":2.28320323316415,"HKG":3.22959833314041,"HND":0.463977876910118,"HRV":4.90878365411409,"HTI":0.131610096571726,"HUN":8.43600469312111,"IDN":0.627331724716461,"IND":0.474613016624716,"IRL":8.01236605849985,"IRN":2.74404115028129,"IRQ":2.591882942496,"ISL":10.1332582175901,"ISR":5.37651668351871,"ITA":6.82929134401768,"JAM":3.13006884660997,"JOR":3.18621622632731,"JPN":8.34229013861857,"KAZ":16.284883158623,"KEN":0.311206687441086,"KGZ":5.97810516034511,"KHM":0.0574132438388153,"KIR":0.465221100754978,"KNA":0.440301653473231,"KOR":3.80572673036105,"KWT":19.9251496438735,"LAO":0.055159000199309,"LBN":2.53388107136602,"LBR":0.612773779019934,"LBY":7.05500449263093,"LCA":0.238515755244871,"LKA":0.287203198746653,"LSO":0.0694027701718634,"LTU":9.29714324165214,"LUX":31.9879526319392,"LVA":7.16501926434685,"MAC":1.8390522875817,"MAR":0.789866563097733,"MDA":10.5144870936887,"MDG":0.086323854988425,"MDV":0.0908383078120945,"MEX":3.762629821111,"MHL":0,"MKD":4.98855321288472,"MLI":0.055116716146052,"MLT":3.62340194744531,"MMR":0.162572293280594,"MNG":5.02118073944104,"MNP":0,"MOZ":0.189555318678642,"MRT":0.289674113326262,"MUS":0.614200244374591,"MWI":0.0770664536264662,"MYS":2.49764855417147,"NAM":0.994861460957179,"NCL":10.633183880191,"NER":0.0951596692568783,"NGA":0.963760066423636,"NIC":0.621160340188554,"NLD":10.822892457245,"NOR":8.80359109027924,"NPL":0.0336883400221185,"NRU":0,"NZL":5.82565842106947,"OMN":13.6515908145122,"PAK":0.368392134784567,"PAN":1.38648724966549,"PER":1.31435228376287,"PHL":0.688327139708573,"PLW":163.272052894694,"PNG":0.542661773358244,"POL":11.6707685458483,"PRI":8.77302815806809,"PRK":6.5389206539326,"PRT":3.03607765098877,"PRY":0.46114806074954,"PYF":2.05936621549664,"QAT":40.2918723365116,"ROU":8.99497026582926,"RUS":13.6456892547574,"RWA":0.0792440336298652,"SAU":27.9086639137358,"SDN":0.214678132964451,"SEN":0.369324813745173,"SGP":6.46169213549244,"SLB":0.586076129058425,"SLE":0.149179080786118,"SLV":0.441408226799157,"SOM":0.152385594221081,"STP":0.195795855488744,"SUR":1.75065719559259,"SVK":12.1301886623187,"SVN":5.83898189958621,"SWE":8.53776508463491,"SWZ":0.943891778316754,"SYC":1.82712579058327,"SYR":1.74572030873236,"TCA":0.531107738998483,"TCD":0.0440172096230026,"TGO":0.165580112862644,"THA":0.829174257777984,"TJK":2.82996781229207,"TKM":10.5547733943499,"TLS":0.0237701232261356,"TON":0.443268749553156,"TTO":8.42756613327789,"TUN":1.44095749749493,"TUR":1.77000849934987,"TUV":0,"TZA":0.0895540357618712,"UGA":0.0430864949029436,"UKR":13.3242275377485,"URY":1.78908534762217,"USA":20.5215783601928,"UZB":5.66731017437321,"VCT":0.137999295727732,"VEN":5.80751419444663,"VGB":1.21961843366147,"VIR":0.0010014721640812,"VNM":0.311505007216383,"VUT":0.855821190876878,"WSM":0.610219823995944,"YEM":0.416509737247027,"ZAF":8.39801023173929,"ZMB":0.576087833965566,"ZWE":1.25306805838663}}