{"schemaVersion":1,"dataKind":"ranking-year","indicatorId":"EN.GHG.CO2.PC.CE.AR5","year":1982,"valuesByCountry":{"ABW":1.3382074547947,"AFG":0.209964574050679,"AGO":1.45933657295175,"ALB":2.61220323545278,"ARE":32.635441583717,"ARG":3.39019194335883,"ARM":5.67751578808932,"ASM":0.00286459079320519,"ATG":2.28293586478351,"AUS":15.1195446175237,"AUT":7.3767978938863,"AZE":6.64889776722165,"BDI":0.0157431873866523,"BEL":11.9861371956605,"BEN":0.124573088171186,"BFA":0.0391678860935204,"BGD":0.090781067231225,"BGR":10.3834871309164,"BHR":22.6113291798348,"BHS":4.63480927959304,"BIH":3.96550662149677,"BLR":10.37941898527,"BLZ":0.409707108582217,"BMU":2.79662419328148,"BOL":0.917533941012494,"BRA":1.49159229456595,"BRB":1.68237223177068,"BRN":18.6672722226427,"BTN":0.168005448825367,"BWA":1.43291828045843,"CAF":0.0526845804875617,"CAN":16.4750032069987,"CHE":6.05724116921901,"CHL":1.88729081179462,"CHN":1.60697679029971,"CIV":0.386789936524016,"CMR":0.255563439077127,"COD":0.10745216966927,"COG":1.24333265285826,"COL":1.5431190733626,"COM":0.0778408406810793,"CPV":0.245849412726464,"CRI":0.781406571435588,"CUB":3.37646293671712,"CYM":3.14666666666667,"CYP":4.54503034471074,"CZE":19.0169276728468,"DEU":13.451608858478,"DJI":2.023369199731,"DMA":0.182973805855162,"DNK":11.1091462949973,"DOM":1.0615413657873,"DZA":2.86144344895731,"ECU":1.64718489593555,"EGY":1.2029880184955,"ERI":0.187323683647102,"ESP":5.58173624543687,"EST":27.8248201097961,"ETH":0.0340723718430606,"FIN":9.58536196794113,"FJI":1.62485484412263,"FRA":7.80186080944381,"FRO":0.0316950035090897,"FSM":0.00121626388061154,"G001":4.0520680443559,"GAB":8.18245857648559,"GBR":10.1810731790544,"GEO":7.37413049220745,"GHA":0.216184682808256,"GIB":3.3930123413871,"GIN":0.111668564651144,"GMB":0.131504545199301,"GNB":0.0654288922304359,"GNQ":0.198624525163245,"GRC":5.5400406537077,"GRD":0.188593284807645,"GRL":0.0194174757281553,"GTM":0.509623919977249,"GUM":0.00172844414100647,"GUY":1.85731648281474,"HKG":3.61935606420363,"HND":0.442844267148438,"HRV":5.13867016641801,"HTI":0.15301741605504,"HUN":8.45911951154239,"IDN":0.61775501820699,"IND":0.488535357438747,"IRL":7.85392162487808,"IRN":3.19314803411021,"IRQ":2.67397459809165,"ISL":8.45719661335842,"ISR":5.57360456462416,"ITA":6.67962328787716,"JAM":2.63189298553602,"JOR":3.23054628342756,"JPN":7.93160955435517,"KAZ":15.4418998237545,"KEN":0.281282737156864,"KGZ":5.55542255207086,"KHM":0.0603152950317414,"KIR":0.451420787531283,"KNA":0.413806075425562,"KOR":3.74374922952426,"KWT":20.2381983542659,"LAO":0.0490431086606304,"LBN":1.83817572311781,"LBR":0.546190771674165,"LBY":7.6800012886719,"LCA":0.290038753077092,"LKA":0.322956750197739,"LSO":0.0627208646490449,"LTU":9.26495272590745,"LUX":29.8868750427467,"LVA":7.28187177015345,"MAC":1.85313174946004,"MAR":0.804534315696277,"MDA":10.525637680273,"MDG":0.0774770338924619,"MDV":0.0877630741167765,"MEX":3.94316832700914,"MHL":0.00299428092343624,"MKD":4.25355591534122,"MLI":0.0384596105388747,"MLT":4.06016606422868,"MMR":0.165209111223469,"MNG":5.28402051346392,"MNP":0,"MOZ":0.171002768012165,"MRT":0.26313497004822,"MUS":0.558678355420188,"MWI":0.0633733099528698,"MYS":2.61474215122638,"NAM":0.906852167853763,"NCL":7.29014843040242,"NER":0.0967489526668685,"NGA":0.891766501718369,"NIC":0.590447968662986,"NLD":10.0539521222076,"NOR":7.94041101033905,"NPL":0.0368757196824369,"NRU":0,"NZL":6.30132125091093,"OMN":11.2561041731161,"PAK":0.398433049932873,"PAN":1.52684513887299,"PER":1.26032917101978,"PHL":0.673410077898707,"PLW":158.374034977155,"PNG":0.523605279063662,"POL":11.7359827488904,"PRI":6.59289393318531,"PRK":6.73831989879613,"PRT":3.20782229532946,"PRY":0.444301310307611,"PYF":2.56171765298897,"QAT":40.5775236970248,"ROU":8.9169651848186,"RUS":13.7575651704622,"RWA":0.0784900908667684,"SAU":26.8294784398415,"SDN":0.213364837156769,"SEN":0.344488133025368,"SGP":6.43454327393588,"SLB":0.502351097178683,"SLE":0.146412325863957,"SLV":0.407681855420806,"SOM":0.139544025157233,"STP":0.178522651890584,"SUR":1.54585651498453,"SVK":11.6891479276667,"SVN":5.83437241864512,"SWE":7.79643838278743,"SWZ":0.922289901074567,"SYC":1.54471923369506,"SYR":1.99951715908188,"TCA":0.470049415451368,"TCD":0.0392530689674311,"TGO":0.180992744239082,"THA":0.788428961058017,"TJK":2.76381059578617,"TKM":10.5596376153595,"TLS":0.0233131933246556,"TON":0.435803225147989,"TTO":9.34841675472395,"TUN":1.37051536322189,"TUR":1.87890451851499,"TUV":0,"TZA":0.0791427987774242,"UGA":0.0394921848505269,"UKR":13.2288187440028,"URY":1.6600279886486,"USA":19.2728037157262,"UZB":5.71275029861379,"VCT":0.128339420019062,"VEN":5.76629615142756,"VGB":1.0989010989011,"VIR":0.000999320462085782,"VNM":0.329456014019232,"VUT":0.823728673524187,"WSM":0.6835491698902,"YEM":0.448325096186839,"ZAF":8.3180287897593,"ZMB":0.540264786554057,"ZWE":1.15878979480013}}