{"schemaVersion":1,"dataKind":"ranking-year","indicatorId":"EN.GHG.CO2.PC.CE.AR5","year":1983,"valuesByCountry":{"ABW":1.3595166163142,"AFG":0.274602028103728,"AGO":1.45562311412451,"ALB":2.73994711599319,"ARE":29.7843852327968,"ARG":3.45310651453292,"ARM":5.64392288485273,"ASM":0.0027570235174106,"ATG":1.31980164474697,"AUS":14.1650824453379,"AUT":7.39079147993033,"AZE":6.67672373757701,"BDI":0.0186751538100641,"BEL":11.0042189554686,"BEN":0.119397669256537,"BFA":0.0415699427198238,"BGD":0.0950614702414865,"BGR":10.2523698121802,"BHR":22.6519626560055,"BHS":3.35760815372418,"BIH":4.16344974367933,"BLR":10.3636594534187,"BLZ":0.39220202563069,"BMU":2.87711995910692,"BOL":0.924710443547469,"BRA":1.39937046188824,"BRB":1.7339128791458,"BRN":19.6882891067251,"BTN":0.165249444979684,"BWA":1.35460269544046,"CAF":0.0607708917675147,"CAN":16.0626135678184,"CHE":6.67010657644381,"CHL":1.90153314389042,"CHN":1.66674526780741,"CIV":0.437357054179432,"CMR":0.505469270613084,"COD":0.136080989880572,"COG":1.25594709793926,"COL":1.5818896074424,"COM":0.0827812315342031,"CPV":0.265360398514456,"CRI":0.771707872329685,"CUB":3.60726716155078,"CYM":3.16869068272273,"CYP":4.45586623776026,"CZE":19.0635843816496,"DEU":13.68556139504,"DJI":1.60626486593263,"DMA":0.181026739445865,"DNK":10.4248736434353,"DOM":1.20130178577471,"DZA":2.87932526887801,"ECU":1.5081641510802,"EGY":1.30098934839246,"ERI":0.185754769145701,"ESP":5.636125357842,"EST":27.4595110505751,"ETH":0.0353781424498574,"FIN":9.20182454461038,"FJI":1.31205288221096,"FRA":7.41894296265813,"FRO":0.031340944705619,"FSM":0.00118091639111951,"G001":4.01330512679286,"GAB":7.31364171614232,"GBR":10.0563245089259,"GEO":7.18370464116607,"GHA":0.132534285159076,"GIB":3.06964117913201,"GIN":0.120563885239301,"GMB":0.138825084169787,"GNB":0.0703778323627632,"GNQ":0.122007681533744,"GRC":5.86177378304266,"GRD":0.183258204490879,"GRL":0.0191938579654511,"GTM":0.422419302710292,"GUM":0.00168764977891788,"GUY":1.66788891738659,"HKG":4.21937849619277,"HND":0.494265325608961,"HRV":5.92563222185823,"HTI":0.165213264917924,"HUN":8.12441186241068,"IDN":0.597690413965163,"IND":0.508009192165881,"IRL":7.68290320742893,"IRN":3.46882930709598,"IRQ":2.85567487199771,"ISL":8.5206581229402,"ISR":5.67429963459196,"ITA":6.60053764868492,"JAM":2.62672988394653,"JOR":3.56909904871582,"JPN":7.90583117503583,"KAZ":14.9836159609068,"KEN":0.253278341023224,"KGZ":5.15321887293854,"KHM":0.0651147589964379,"KIR":0.43790615406193,"KNA":0.406292814286389,"KOR":4.01724332375196,"KWT":20.7849589662299,"LAO":0.0513131738737154,"LBN":1.93551138676754,"LBR":0.583974376314891,"LBY":7.2660078984426,"LCA":0.246313297719203,"LKA":0.327472055315056,"LSO":0.0666052751117202,"LTU":9.23753985433227,"LUX":27.7628260881457,"LVA":7.32581281070663,"MAC":2.4073523950984,"MAR":0.82431273876229,"MDA":10.5000811476899,"MDG":0.0680988523468959,"MDV":0.0842972622928855,"MEX":3.63216056858267,"MHL":0.00287265519519692,"MKD":3.94151114939949,"MLI":0.0405008463606492,"MLT":2.96801442557878,"MMR":0.157109597481309,"MNG":5.29333680317885,"MNP":0,"MOZ":0.152710550147252,"MRT":0.277517417189774,"MUS":0.629635286730139,"MWI":0.055192294520378,"MYS":2.87185125872652,"NAM":0.963845202605081,"NCL":6.51148687444759,"NER":0.103284657823548,"NGA":0.870099626719922,"NIC":0.623632899581393,"NLD":9.69740524685966,"NOR":7.8834530882427,"NPL":0.0495712206258461,"NRU":0,"NZL":6.27077798268371,"OMN":12.1181522168776,"PAK":0.410740975670534,"PAN":1.71009934767689,"PER":1.04300998874316,"PHL":0.701068424293538,"PLW":160.472089804706,"PNG":0.506684449068029,"POL":11.735050123855,"PRI":6.64312390483272,"PRK":6.87799234534797,"PRT":3.09673810600967,"PRY":0.420756898291415,"PYF":3.27161572052402,"QAT":34.3512006041691,"ROU":8.9848495231351,"RUS":13.913306462998,"RWA":0.0845679423149771,"SAU":25.1034442442038,"SDN":0.208600103507264,"SEN":0.334049911265769,"SGP":6.84374581555586,"SLB":0.532817304633655,"SLE":0.149699308890105,"SLV":0.413798201839797,"SOM":0.144633399102676,"STP":0.191607587660471,"SUR":1.13083702534152,"SVK":11.5601993805542,"SVN":7.21575636951373,"SWE":7.09309231936048,"SWZ":0.668784154353015,"SYC":2.922204087977,"SYR":2.28310308659157,"TCA":0.436932275497298,"TCD":0.0400873244924314,"TGO":0.127680079332303,"THA":0.855387639865751,"TJK":2.72639474275743,"TKM":10.5880163023458,"TLS":0.0330526318895924,"TON":0.430621033082308,"TTO":9.58575965891564,"TUN":1.55944313703252,"TUR":1.93720985291061,"TUV":0,"TZA":0.0749957044335275,"UGA":0.0368446339833669,"UKR":13.1786029547666,"URY":1.31709347432295,"USA":19.0290065528333,"UZB":5.76519363156774,"VCT":0.124487541885846,"VEN":5.48331577830367,"VGB":1.03476151980598,"VIR":0.00199306413680392,"VNM":0.346901334893064,"VUT":0.794367651091147,"WSM":0.674208524778963,"YEM":0.475450781476325,"ZAF":8.09935971760426,"ZMB":0.508710338349341,"ZWE":1.10448923022363}}