{"schemaVersion":1,"dataKind":"ranking-year","indicatorId":"EN.GHG.CO2.PC.CE.AR5","year":1984,"valuesByCountry":{"ABW":1.57072224606922,"AFG":0.287795924673874,"AGO":1.41700802160681,"ALB":2.90291138120436,"ARE":38.2705613187177,"ARG":3.37834396457192,"ARM":5.62857356397658,"ASM":0.00265484376244458,"ATG":1.61215745507229,"AUS":14.3673972878657,"AUT":7.63024579729189,"AZE":6.68565816819812,"BDI":0.02159763643911,"BEL":11.288026469219,"BEN":0.119113142732634,"BFA":0.0391134826233207,"BGD":0.089684639874025,"BGR":10.0566486088833,"BHR":22.3695303429571,"BHS":3.2391315703821,"BIH":4.30835639603533,"BLR":10.2464076690212,"BLZ":0.454250081227662,"BMU":3.09050372491798,"BOL":0.827126580819591,"BRA":1.39269321648948,"BRB":1.60952455672368,"BRN":18.4445882803162,"BTN":0.157066787882723,"BWA":1.30308399313438,"CAF":0.0543873924028949,"CAN":16.6675134385827,"CHE":6.5675080120431,"CHL":1.97426500071717,"CHN":1.79253461288067,"CIV":0.374549920439487,"CMR":0.513842735648192,"COD":0.128559748277745,"COG":1.20898532053565,"COL":1.57156328543164,"COM":0.077852540932165,"CPV":0.308316666909972,"CRI":0.779428661397251,"CUB":3.77553570086622,"CYM":3.60320719663636,"CYP":4.45314693869607,"CZE":19.2991470747021,"DEU":13.9408339609126,"DJI":1.2435783602784,"DMA":0.201232374819585,"DNK":10.7505273769426,"DOM":1.23497385928536,"DZA":2.9315104774739,"ECU":1.54279188194273,"EGY":1.38988437424856,"ERI":0.182759224035265,"ESP":5.32809706685801,"EST":26.6008480084182,"ETH":0.0320840799094954,"FIN":9.42807401281862,"FJI":1.06775564724727,"FRA":7.17761009352362,"FRO":0.0310139341175428,"FSM":0.00114710470771772,"G001":4.07104301135185,"GAB":8.23070398235875,"GBR":9.75153128016993,"GEO":7.0608584656657,"GHA":0.149649342325208,"GIB":2.96407499214468,"GIN":0.114687771893047,"GMB":0.140619719947531,"GNB":0.0886228819074632,"GNQ":0.123321795894206,"GRC":5.96632854682506,"GRD":0.202098473266456,"GRL":0.0189753320683112,"GTM":0.460981076134479,"GUM":0.00164877743153452,"GUY":1.81188485888975,"HKG":4.61694362622501,"HND":0.491422312701644,"HRV":5.95722269049855,"HTI":0.166874545864961,"HUN":8.28748712867668,"IDN":0.598125743991815,"IND":0.546919893271029,"IRL":7.63988344544241,"IRN":3.28658841221025,"IRQ":3.11663719823212,"ISL":9.36908951989679,"ISR":5.8040153883145,"ITA":6.69584792811771,"JAM":2.41689121340021,"JOR":3.73633361057872,"JPN":8.41938825645595,"KAZ":14.3413465049117,"KEN":0.282809969437598,"KGZ":4.80510162394035,"KHM":0.0628387763666664,"KIR":0.193168577911326,"KNA":0.453541661719659,"KOR":4.46636382022492,"KWT":20.2830468482244,"LAO":0.0415905799123272,"LBN":1.94148335545163,"LBR":0.502734996171742,"LBY":7.28613513820766,"LCA":0.269149346407801,"LKA":0.286202568861523,"LSO":0.062571802409901,"LTU":9.32919394286901,"LUX":30.5837736818234,"LVA":7.30739912265466,"MAC":2.22237935301397,"MAR":0.811900539127521,"MDA":10.4775434866929,"MDG":0.0851937185173491,"MDV":0.277418864482785,"MEX":3.60690077765002,"MHL":0.00275755570262519,"MKD":4.57906787414789,"MLI":0.0387033158764364,"MLT":4.04818008850762,"MMR":0.168161992403587,"MNG":5.50383093009893,"MNP":0,"MOZ":0.126153442924519,"MRT":0.376974444470648,"MUS":0.669517822688919,"MWI":0.0490262259624891,"MYS":2.92452562363774,"NAM":0.904043099881894,"NCL":6.80022591269363,"NER":0.0840813948423228,"NGA":0.851902704688242,"NIC":0.552429551623827,"NLD":10.0844683983062,"NOR":8.33888271753888,"NPL":0.0519629748293878,"NRU":0,"NZL":6.33888010907626,"OMN":9.82731647265884,"PAK":0.418946322834705,"PAN":1.39535294604474,"PER":1.05562971571522,"PHL":0.601885326634328,"PLW":173.067406463223,"PNG":0.516005236699892,"POL":12.0442685364193,"PRI":5.90136924038407,"PRK":7.01526239171022,"PRT":3.01329540971038,"PRY":0.44937848233896,"PYF":4.25570496801138,"QAT":46.9957858789576,"ROU":8.83679179659396,"RUS":14.0528074538513,"RWA":0.0726304995377092,"SAU":17.7640049955134,"SDN":0.185168435028461,"SEN":0.347710945255567,"SGP":6.66648122534744,"SLB":0.459432646441868,"SLE":0.137435588483398,"SLV":0.39656081915747,"SOM":0.139117281172623,"STP":0.181401206834972,"SUR":0.989814046829743,"SVK":11.9094684574916,"SVN":7.1780510249183,"SWE":7.02602558235637,"SWZ":0.73415464252192,"SYC":2.95131109291222,"SYR":2.46971310725125,"TCA":0.461183704842429,"TCD":0.0193651520422109,"TGO":0.137060408294795,"THA":0.905972697034113,"TJK":2.63770790615947,"TKM":10.6669173473461,"TLS":0.0422262248153331,"TON":0.384733136034289,"TTO":9.92733063707604,"TUN":1.5873171964049,"TUR":2.00470734004102,"TUV":0,"TZA":0.0758847968962489,"UGA":0.0372680748622796,"UKR":13.1717650895653,"URY":1.17675740918865,"USA":19.737634686738,"UZB":5.82565148456923,"VCT":0.137435345027719,"VEN":5.54048332864068,"VGB":0.741029641185647,"VIR":0.00198807157057654,"VNM":0.339598607543294,"VUT":0.691532464262955,"WSM":0.751217055564882,"YEM":0.468455358925236,"ZAF":8.34114325442923,"ZMB":0.484264849578071,"ZWE":1.11903872114219}}