{"schemaVersion":1,"dataKind":"ranking-year","indicatorId":"EN.GHG.CO2.PC.CE.AR5","year":1985,"valuesByCountry":{"ABW":1.68967081389321,"AFG":0.360011663754812,"AGO":1.44223611122473,"ALB":2.72335519680838,"ARE":37.6014851467185,"ARG":3.10723990332287,"ARM":5.59232641564063,"ASM":0.00255734854103266,"ATG":1.62561347556161,"AUS":15.0705281223224,"AUT":7.82120519736655,"AZE":6.69179853526532,"BDI":0.0211360969972042,"BEL":11.0382126425752,"BEN":0.13616094448406,"BFA":0.0367627986977394,"BGD":0.097720959773854,"BGR":10.2985342301089,"BHR":22.4183121958927,"BHS":2.82160266083096,"BIH":4.50597224621302,"BLR":10.1791979949875,"BLZ":0.445676329092285,"BMU":2.9956613318451,"BOL":0.797576753164069,"BRA":1.46143622805921,"BRB":1.95137205847862,"BRN":17.5809317601487,"BTN":0.162079655069317,"BWA":1.3472139899906,"CAF":0.0535961724489529,"CAN":16.510935095253,"CHE":7.03338992467967,"CHL":1.87680401417508,"CHN":1.78725072309332,"CIV":0.329904447823875,"CMR":0.489605838309398,"COD":0.116194510788101,"COG":1.19287470420932,"COL":1.59073911277221,"COM":0.0754470171390903,"CPV":0.302851467476574,"CRI":0.799410918146362,"CUB":3.48488780600376,"CYM":3.5781279309698,"CYP":4.30343084768152,"CZE":19.0339899380079,"DEU":13.9795324116704,"DJI":1.18181118337567,"DMA":0.202107493309545,"DNK":12.2708822257739,"DOM":1.0610375335671,"DZA":3.25713050349901,"ECU":1.61746868325881,"EGY":1.41572573771999,"ERI":0.184310792691292,"ESP":5.13287769285974,"EST":25.8840213215627,"ETH":0.0324355099837017,"FIN":10.2934474805832,"FJI":1.16751247994849,"FRA":6.96071280894329,"FRO":0.030629881637386,"FSM":0.00111474020979411,"G001":4.04770927703491,"GAB":9.15193422401094,"GBR":10.1996139081074,"GEO":6.90529498809754,"GHA":0.171375503624161,"GIB":3.1986531986532,"GIN":0.105001931244144,"GMB":0.13471126148888,"GNB":0.0975830374836944,"GNQ":0.109454878393555,"GRC":6.28680430427911,"GRD":0.201849944335196,"GRL":0.018796992481203,"GTM":0.470910136230805,"GUM":0.00161138280815682,"GUY":1.86745683928361,"HKG":4.75482936842491,"HND":0.430731596066191,"HRV":6.09511983302056,"HTI":0.169120229137719,"HUN":8.29702143348215,"IDN":0.635812001575645,"IND":0.558347935383283,"IRL":8.08093198518293,"IRN":3.37298667272098,"IRQ":3.48900718784093,"ISL":8.83618814854705,"ISR":6.09733049846445,"ITA":6.68925529770243,"JAM":2.12786206222148,"JOR":3.64987170767343,"JPN":8.13851634846943,"KAZ":13.7488467721159,"KEN":0.280338768805039,"KGZ":4.57855299100318,"KHM":0.0669282798538598,"KIR":0.209035129932628,"KNA":0.458518412379997,"KOR":4.62944383516203,"KWT":21.5587554282927,"LAO":0.048048321049416,"LBN":2.21416458629641,"LBR":0.489435800938971,"LBY":6.46343887584338,"LCA":0.339116902422595,"LKA":0.258643860579354,"LSO":0.0665485086916292,"LTU":9.24023209762161,"LUX":30.8593259995746,"LVA":7.27569756246236,"MAC":1.96548153261995,"MAR":0.825691363276389,"MDA":10.4403099915918,"MDG":0.0755860506834854,"MDV":0.296578306664072,"MEX":3.65601570312353,"MHL":0.00264823495140489,"MKD":4.82850137340884,"MLI":0.0409449311572298,"MLT":3.47538430444759,"MMR":0.173741366279561,"MNG":6.20750096018036,"MNP":0,"MOZ":0.125612113014405,"MRT":0.363490661867908,"MUS":0.62359876456109,"MWI":0.0494848899837124,"MYS":2.80064105917957,"NAM":0.964089379974291,"NCL":8.90759763845376,"NER":0.0840210174761188,"NGA":0.862466999064866,"NIC":0.544236187497622,"NLD":10.3321765278058,"NOR":8.42453105538907,"NPL":0.0387465347255233,"NRU":0,"NZL":6.60700317206122,"OMN":7.20674774421342,"PAK":0.447304487658645,"PAN":1.28037657065357,"PER":0.995134211757981,"PHL":0.581272463230855,"PLW":136.4552893045,"PNG":0.557354317526968,"POL":12.2207221488911,"PRI":5.11101569440332,"PRK":7.13792204313187,"PRT":2.86005654847209,"PRY":0.436098967975068,"PYF":3.97042897871682,"QAT":42.2244083729573,"ROU":8.75794698271002,"RUS":14.2104846445801,"RWA":0.0734182777636014,"SAU":16.6424408708823,"SDN":0.214167960087355,"SEN":0.349723122768781,"SGP":6.94791621359546,"SLB":0.441486254447611,"SLE":0.148030555969347,"SLV":0.424989774666752,"SOM":0.131743900494958,"STP":0.176701209298901,"SUR":1.26934248472758,"SVK":11.7824745319821,"SVN":6.9604525244368,"SWE":7.49164170374879,"SWZ":0.813938340064231,"SYC":3.06235056097112,"SYR":2.15127099726022,"TCA":0.44113013338935,"TCD":0.0228991052081434,"TGO":0.125163792529753,"THA":0.96965923705181,"TJK":2.66825979545802,"TKM":10.7202264856965,"TLS":0.0615790946868294,"TON":0.424559111691705,"TTO":9.99615956663741,"TUN":1.60039881763634,"TUR":2.13115305536723,"TUV":0,"TZA":0.0774475058387829,"UGA":0.0376339194102963,"UKR":13.1542257816026,"URY":1.10068255709161,"USA":19.6737336292261,"UZB":5.88115839369536,"VCT":0.136397987208081,"VEN":5.27299189745814,"VGB":0.723490843319014,"VIR":0.00198491464867011,"VNM":0.334534235010258,"VUT":0.849980054619657,"WSM":0.663474159269759,"YEM":0.481280271001172,"ZAF":8.20166478069675,"ZMB":0.470612316587359,"ZWE":1.25125290483403}}