{"schemaVersion":1,"dataKind":"ranking-year","indicatorId":"EN.GHG.CO2.PC.CE.AR5","year":1986,"valuesByCountry":{"ABW":1.90051893010295,"AFG":0.344235948033261,"AGO":1.40502689988116,"ALB":2.69681916605875,"ARE":34.2338026268534,"ARG":3.30035914602048,"ARM":5.59167087272945,"ASM":0.0024648147691701,"ATG":1.72692762461883,"AUS":14.8828062815459,"AUT":7.65661522625318,"AZE":6.72196209916843,"BDI":0.0217568712527396,"BEL":11.0914990058126,"BEN":0.118513416976443,"BFA":0.0435054874637966,"BGD":0.105068835198775,"BGR":10.423801912243,"BHR":24.5788575039325,"BHS":2.90444831013917,"BIH":4.68859715986397,"BLR":10.1552125858807,"BLZ":0.562206810938563,"BMU":2.9164951958346,"BOL":0.727648268693421,"BRA":1.56812051667974,"BRB":2.1023466787209,"BRN":15.9994701869798,"BTN":0.158299066989114,"BWA":1.49778141558609,"CAF":0.0661286783602821,"CAN":15.9618146595986,"CHE":6.98289270007767,"CHL":1.86961321683507,"CHN":1.86984345560045,"CIV":0.331302317602946,"CMR":0.575248833488961,"COD":0.105413895517635,"COG":1.12859461605714,"COL":1.57556891248977,"COM":0.0425725862595726,"CPV":0.0965053702400145,"CRI":0.811971818987255,"CUB":3.51754501819411,"CYM":3.80231562823805,"CYP":4.70754469422222,"CZE":18.835614418442,"DEU":13.8941268934724,"DJI":1.04353088255645,"DMA":0.175055317480324,"DNK":12.3777324786829,"DOM":1.16114114786809,"DZA":3.29512665340954,"ECU":1.64995844331834,"EGY":1.43650301175366,"ERI":0.157926341506771,"ESP":5.2171740743152,"EST":25.0328206260267,"ETH":0.0395539160423782,"FIN":10.2814999286318,"FJI":1.17461511201045,"FRA":6.71263232275327,"FRO":0.0325160954672563,"FSM":0.00108382285999176,"G001":4.03804553919996,"GAB":6.3909027426891,"GBR":10.4228978411188,"GEO":6.78361143585928,"GHA":0.181794525641814,"GIB":4.13371928833663,"GIN":0.128176413592299,"GMB":0.121697637298536,"GNB":0.086062671166045,"GNQ":0.119586487715206,"GRC":6.22522063088247,"GRD":0.240727347866515,"GRL":0.0205607476635514,"GTM":0.397803543581332,"GUM":0.00157523727011381,"GUY":1.77646602386675,"HKG":5.39289722332839,"HND":0.42655497461282,"HRV":6.60443855547644,"HTI":0.155016005074,"HUN":8.18024330599957,"IDN":0.688136067407995,"IND":0.59263720679156,"IRL":8.34895146185118,"IRN":3.03286870740015,"IRQ":3.82083152789775,"ISL":8.80088823094004,"ISR":6.54112584321935,"ITA":6.72160149395308,"JAM":2.01412120884468,"JOR":3.70316785497169,"JPN":8.07079485026588,"KAZ":13.5922247114901,"KEN":0.302100640318896,"KGZ":4.4697651543096,"KHM":0.0560160987817891,"KIR":0.182194860341762,"KNA":0.410879907732231,"KOR":4.77401990417064,"KWT":22.2773406606777,"LAO":0.0501726798060163,"LBN":2.2791115528131,"LBR":0.369545564218667,"LBY":7.12522492764604,"LCA":0.348219660314388,"LKA":0.252853300461196,"LSO":0.0705223696956675,"LTU":9.29927346675556,"LUX":29.9922628985625,"LVA":7.35261310854451,"MAC":2.38371896639081,"MAR":0.829758128505434,"MDA":10.6117568955453,"MDG":0.0694150997819939,"MDV":0.286388910046462,"MEX":3.52519102243675,"MHL":0.00254543603319249,"MKD":4.94248127653437,"MLI":0.0323398243897133,"MLT":5.50594672645058,"MMR":0.178633841439868,"MNG":6.62721052885262,"MNP":0,"MOZ":0.120675822190664,"MRT":0.220739966948942,"MUS":0.766463106305185,"MWI":0.0460887778126296,"MYS":2.78936746542081,"NAM":1.02273842456906,"NCL":8.39543763582119,"NER":0.106368607370064,"NGA":0.820142355755545,"NIC":0.628756269179161,"NLD":10.4351838470279,"NOR":8.96844856472476,"NPL":0.0501227772988367,"NRU":0,"NZL":6.44333548963435,"OMN":8.02649462049116,"PAK":0.464006510432711,"PAN":1.29457097487035,"PER":1.05815334817774,"PHL":0.532921863624618,"PLW":145.179691956646,"PNG":0.484219474945517,"POL":12.3409822571313,"PRI":6.27944300046282,"PRK":6.94935501263005,"PRT":3.26695594640504,"PRY":0.452640666940978,"PYF":4.24949776214662,"QAT":42.4463027754679,"ROU":8.97318066014472,"RUS":14.5720512926691,"RWA":0.0715720326197002,"SAU":15.7436995567899,"SDN":0.204882257394654,"SEN":0.325172661652946,"SGP":7.08110455470219,"SLB":0.33682609082997,"SLE":0.160069520810647,"SLV":0.413217595286303,"SOM":0.145481124300839,"STP":0.198830409356725,"SUR":1.26755537430225,"SVK":11.1667903388592,"SVN":6.82459088772734,"SWE":7.6720683301893,"SWZ":0.863307981685839,"SYC":3.00219338329373,"SYR":2.16659438232515,"TCA":0.442611407303088,"TCD":0.0380874827582727,"TGO":0.180216643291679,"THA":0.984684111484671,"TJK":2.67773004935523,"TKM":10.7660562475338,"TLS":0.0694302056746113,"TON":0.228548107335986,"TTO":9.71013794089387,"TUN":1.60627848818093,"TUR":2.28448995449244,"TUV":0,"TZA":0.0792210863779415,"UGA":0.0402196103216929,"UKR":13.3756427597752,"URY":1.07170000445127,"USA":19.3365189290935,"UZB":5.95300370669737,"VCT":0.119874452100548,"VEN":5.16468402217063,"VGB":0.44441206469474,"VIR":0.00198330060887329,"VNM":0.359334892404348,"VUT":0.666317678731678,"WSM":0.500416015706838,"YEM":0.489041293870116,"ZAF":7.87944007983303,"ZMB":0.47036622638239,"ZWE":1.38236484002699}}