{"schemaVersion":1,"dataKind":"ranking-year","indicatorId":"EN.GHG.CO2.PC.CE.AR5","year":1987,"valuesByCountry":{"ABW":2.17887388224953,"AFG":0.286358633409842,"AGO":1.38139609051675,"ALB":2.68931980587656,"ARE":33.0749235823672,"ARG":3.42907823471238,"ARM":5.59449845577013,"ASM":0.00237687773340939,"ATG":2.29255934694899,"AUS":15.346116183635,"AUT":7.72893726469011,"AZE":6.76063036790854,"BDI":0.0309082666655487,"BEL":11.0926752091186,"BEN":0.104493403114588,"BFA":0.0600796324133933,"BGD":0.113285826216185,"BGR":10.4462434286712,"BHR":23.1634597518872,"BHS":3.37335598526352,"BIH":4.30342627725189,"BLR":10.1461081989912,"BLZ":0.479753469749851,"BMU":4.41304541011286,"BOL":0.739880475099079,"BRA":1.57986881026649,"BRB":1.98344987348365,"BRN":15.9385957410416,"BTN":0.237902755861084,"BWA":1.5043776221327,"CAF":0.0837343653703138,"CAN":16.2344302770704,"CHE":6.69649964416161,"CHL":1.85860212741836,"CHN":1.96790214338098,"CIV":0.311072918658523,"CMR":0.507378975231201,"COD":0.112153841459767,"COG":1.11954670380628,"COL":1.60992321603522,"COM":0.122551706830979,"CPV":0.141337020223788,"CRI":0.833719650748315,"CUB":3.79765855837185,"CYM":4.11303254886664,"CYP":5.37901521625363,"CZE":18.8112803723632,"DEU":13.7707489935755,"DJI":1.41461578920728,"DMA":0.260478999760641,"DNK":11.9787424439597,"DOM":1.30639559092233,"DZA":3.08103815348685,"ECU":1.48205033289738,"EGY":1.51415473679416,"ERI":0.157041810926107,"ESP":5.23373835444217,"EST":24.4354379949762,"ETH":0.0447597327925205,"FIN":11.1975917875527,"FJI":1.05044368055,"FRA":6.5569832882302,"FRO":0.0321192265690242,"FSM":0.00105436295390325,"G001":4.09557077519813,"GAB":5.3003990153278,"GBR":10.4826498339409,"GEO":6.81425108042585,"GHA":0.189437997109407,"GIB":4.57716400911162,"GIN":0.181722715068206,"GMB":0.199550849487322,"GNB":0.197332504731017,"GNQ":0.121887144338046,"GRC":6.72337995889244,"GRD":0.314787851444743,"GRL":0.0203327171903882,"GTM":0.432689265393718,"GUM":0.00154014384943554,"GUY":1.76071821179919,"HKG":5.34204820356599,"HND":0.459611397209034,"HRV":6.41578819113686,"HTI":0.163968942097769,"HUN":8.29826149531021,"IDN":0.692837303128074,"IND":0.619865146268854,"IRL":8.78903927253149,"IRN":3.09358203522039,"IRQ":3.70107249243072,"ISL":8.85954957923037,"ISR":7.02309452964065,"ITA":7.06645679632379,"JAM":2.06784836379572,"JOR":3.94542126777691,"JPN":8.09181938084198,"KAZ":14.2625160223298,"KEN":0.303374605938971,"KGZ":4.79322491917193,"KHM":0.0608419983622981,"KIR":0.238050851103495,"KNA":0.440166392570378,"KOR":4.86619116138725,"KWT":22.9948553186225,"LAO":0.0551342577291559,"LBN":2.27197608663868,"LBR":0.375605379204107,"LBY":6.79185779052865,"LCA":0.394064266252336,"LKA":0.286474930286514,"LSO":0.096689542617956,"LTU":9.29886264308905,"LUX":28.1734322319622,"LVA":7.37376279371335,"MAC":2.83786866547173,"MAR":0.833181807613924,"MDA":10.740128093554,"MDG":0.0732034668046673,"MDV":0.314301965245362,"MEX":3.60094010172,"MHL":0.0024492995003429,"MKD":4.73226389905054,"MLI":0.0502351988742523,"MLT":5.73232506495203,"MMR":0.133260141778615,"MNG":6.85653549535298,"MNP":0.00279829863443027,"MOZ":0.120124087410219,"MRT":0.391455640388816,"MUS":0.80447300503242,"MWI":0.0584094823043626,"MYS":2.75221010206161,"NAM":1.51589748683308,"NCL":9.04074856625415,"NER":0.102378606428916,"NGA":0.756116782047126,"NIC":0.621405999334392,"NLD":10.6600276562548,"NOR":8.61079962406599,"NPL":0.0522122538527016,"NRU":0,"NZL":6.72520156364525,"OMN":7.34339065527157,"PAK":0.518736117817973,"PAN":1.40062641997941,"PER":1.11834817454981,"PHL":0.636236126809861,"PLW":148.904702106879,"PNG":0.602608145313077,"POL":12.6952195156398,"PRI":5.56078852942458,"PRK":6.59456643525918,"PRT":3.27719824594759,"PRY":0.488897514838263,"PYF":4.71779846573098,"QAT":41.3052732333346,"ROU":9.2498942239524,"RUS":14.8973551827179,"RWA":0.0700348900280362,"SAU":16.1269629100981,"SDN":0.155030904755704,"SEN":0.318208070854745,"SGP":7.11589241560349,"SLB":0.432627548819896,"SLE":0.234873690438826,"SLV":0.484345326730344,"SOM":0.144127901684241,"STP":0.273000991932865,"SUR":0.994429481672214,"SVK":11.4556448215913,"SVN":6.41594832785198,"SWE":7.41256880965548,"SWZ":0.87115791733819,"SYC":4.29641308632243,"SYR":2.65869740273071,"TCA":0.453624167551395,"TCD":0.0460253361844647,"TGO":0.189637315899241,"THA":1.11682956432953,"TJK":2.63009613774608,"TKM":10.7650726338078,"TLS":0.0776643896247056,"TON":0.582459136374725,"TTO":9.86122474461213,"TUN":1.58482934567157,"TUR":2.43475519395227,"TUV":0,"TZA":0.0780095926913842,"UGA":0.0435622787020572,"UKR":13.7385080736114,"URY":1.20761494818184,"USA":19.813916025903,"UZB":6.00338509049359,"VCT":0.126362487613749,"VEN":5.28219600115532,"VGB":1.19064393405664,"VIR":0.00198214091039732,"VNM":0.391631674587228,"VUT":0.640731264624199,"WSM":0.567812431036437,"YEM":0.51537957586117,"ZAF":8.0675766800737,"ZMB":0.452269845626969,"ZWE":1.70324247219387}}