{"schemaVersion":1,"dataKind":"ranking-year","indicatorId":"EN.GHG.CO2.PC.CE.AR5","year":1988,"valuesByCountry":{"ABW":2.41020714297753,"AFG":0.266711838919726,"AGO":1.37560995281316,"ALB":2.60942814517607,"ARE":30.3184467959101,"ARG":3.49543236091831,"ARM":5.52185089974293,"ASM":0.00229278917803508,"ATG":2.48652216965563,"AUS":15.6292969268875,"AUT":7.53385784667932,"AZE":6.64914116938606,"BDI":0.0428119292635845,"BEL":11.28496180036,"BEN":0.0917996167366001,"BFA":0.0573817242949156,"BGD":0.118841395400582,"BGR":10.3390589889423,"BHR":23.5764040097598,"BHS":3.38790308052603,"BIH":4.36631989278734,"BLR":9.96045364891519,"BLZ":0.369334398903984,"BMU":5.14294784740472,"BOL":0.784389397247432,"BRA":1.58361516450006,"BRB":2.03015948759131,"BRN":16.845085155222,"BTN":0.23968286456033,"BWA":1.75195633100117,"CAF":0.0757931660872561,"CAN":17.1831683839057,"CHE":6.64112490911347,"CHL":2.17572717068079,"CHN":2.08198678322123,"CIV":0.302717763755446,"CMR":0.310351888746883,"COD":0.112792018509746,"COG":1.07543290712579,"COL":1.59372196883034,"COM":0.109559934264039,"CPV":0.172495163235623,"CRI":0.860212735204944,"CUB":3.92322708130344,"CYM":4.50920629618805,"CYP":5.37015406500617,"CZE":18.4090023288612,"DEU":13.6365205133318,"DJI":1.19086194050644,"DMA":0.301665533650578,"DNK":11.2085233772543,"DOM":1.283815853999,"DZA":3.02535063304412,"ECU":1.62559305902181,"EGY":1.51176854124383,"ERI":0.157667592757403,"ESP":5.32978113128818,"EST":23.0521160125488,"ETH":0.0449481974572389,"FIN":10.8909950326303,"FJI":1.0253104994484,"FRA":6.52037722160208,"FRO":0.0337873508605216,"FSM":0.00102989793711443,"G001":4.16308655222002,"GAB":5.32770509763485,"GBR":10.4191240329265,"GEO":6.6458763854969,"GHA":0.194212195099288,"GIB":5.16900750745357,"GIN":0.166150037958754,"GMB":0.175847282922405,"GNB":0.205400711843501,"GNQ":0.131695367461919,"GRC":7.14800453482884,"GRD":0.346869023884119,"GRL":0.0200729927007299,"GTM":0.413520752630742,"GUM":0.00150603543701383,"GUY":1.83686713713844,"HKG":5.92691378207406,"HND":0.478282600951595,"HRV":7.02848477469015,"HTI":0.172100189339092,"HUN":7.86684303958472,"IDN":0.727534153460632,"IND":0.643376092423289,"IRL":8.5763226645265,"IRN":3.02236349650881,"IRQ":3.89211688882588,"ISL":9.20597421318171,"ISR":7.3301891040072,"ITA":7.14713736114782,"JAM":2.15608730071102,"JOR":3.62911320531945,"JPN":8.65281127119059,"KAZ":14.5281246215996,"KEN":0.291310929149022,"KGZ":4.87530817371515,"KHM":0.0630503695382893,"KIR":0.233805143713162,"KNA":0.506551069114997,"KOR":5.44022641060352,"KWT":26.57545040139,"LAO":0.0540195319895074,"LBN":1.71751167774208,"LBR":0.43842495589391,"LBY":6.9616577645475,"LCA":0.528888888888889,"LKA":0.273089340186574,"LSO":0.0603503423588707,"LTU":9.19552651688117,"LUX":29.2304190654706,"LVA":7.28327895097447,"MAC":2.68639240506329,"MAR":0.861440366180771,"MDA":10.6928672507733,"MDG":0.0656935218218769,"MDV":0.370818218460298,"MEX":3.51354833183808,"MHL":0.0023628931263439,"MKD":4.76996798708729,"MLI":0.0270772139810795,"MLT":6.18354567048154,"MMR":0.123489262317457,"MNG":7.08310175396687,"MNP":0.00259612139463641,"MOZ":0.120963476748436,"MRT":0.45046525625061,"MUS":0.884648675902646,"MWI":0.0489531788263621,"MYS":2.8524573864778,"NAM":1.49169708753274,"NCL":8.66814637214988,"NER":0.102595054394882,"NGA":0.837025914667112,"NIC":0.54295726426874,"NLD":10.5908065355139,"NOR":8.80560771286199,"NPL":0.0512536817961333,"NRU":0,"NZL":7.09916549917768,"OMN":7.72935121442708,"PAK":0.540115345781607,"PAN":1.04872902966957,"PER":1.10698313374371,"PHL":0.645303176220473,"PLW":139.501536360533,"PNG":0.553385346509047,"POL":12.3732861201792,"PRI":6.43107540866197,"PRK":6.66429434953957,"PRT":3.3850618936266,"PRY":0.536781915464439,"PYF":4.56061436629387,"QAT":40.7378229069406,"ROU":9.38564803317873,"RUS":15.1532150323103,"RWA":0.0782856546668368,"SAU":16.5493269665646,"SDN":0.218734304357783,"SEN":0.29727209299582,"SGP":7.80469328641078,"SLB":0.510818755722616,"SLE":0.232125061348064,"SLV":0.469587840871714,"SOM":0.129972800247673,"STP":0.244571956319107,"SUR":1.19509630134228,"SVK":11.5956740910937,"SVN":8.55580103408387,"SWE":7.17045918035334,"SWZ":0.887224024066077,"SYC":5.82648534652025,"SYR":2.52170550583487,"TCA":0.473317865429234,"TCD":0.0254550535213831,"TGO":0.180383697345866,"THA":1.24927894955587,"TJK":2.58068981184515,"TKM":10.7035444263482,"TLS":0.0955189566811952,"TON":0.734573452293142,"TTO":10.3882790315015,"TUN":1.64741348608805,"TUR":2.31337720651225,"TUV":0,"TZA":0.0789755671509118,"UGA":0.0455117193588069,"UKR":13.8384404881731,"URY":1.54460894385554,"USA":20.5366316426652,"UZB":5.9815997734914,"VCT":0.15814491496322,"VEN":4.95614439495056,"VGB":1.24659400544959,"VIR":0.00198113955147001,"VNM":0.376732716530729,"VUT":0.822700275654324,"WSM":0.569660104784194,"YEM":0.533993462370996,"ZAF":7.91893088913339,"ZMB":0.477484766161939,"ZWE":1.59977560483076}}