{"schemaVersion":1,"dataKind":"ranking-year","indicatorId":"EN.GHG.CO2.PC.CE.AR5","year":1989,"valuesByCountry":{"ABW":3.26919577122247,"AFG":0.242755485726567,"AGO":1.34390858901699,"ALB":2.44926877581172,"ARE":31.8104691396099,"ARG":3.33997935232643,"ARM":5.25903981876797,"ASM":0.002212829988272,"ATG":2.55981050138176,"AUS":16.3052942189607,"AUT":7.50043932942646,"AZE":6.57205841829705,"BDI":0.0445747633370653,"BEL":11.3522177220738,"BEN":0.0785292728505638,"BFA":0.0463055595255109,"BGD":0.128657691943967,"BGR":10.3305045909799,"BHR":22.9637642838615,"BHS":3.8985463422549,"BIH":4.42063039032852,"BLR":9.58900688298919,"BLZ":0.541017380671889,"BMU":6.34703915699557,"BOL":0.884160254010232,"BRA":1.57652569669372,"BRB":2.30948940176437,"BRN":16.1035055469556,"BTN":0.235884418378412,"BWA":1.87802001772846,"CAF":0.0683197017209237,"CAN":17.43232825017,"CHE":6.55963250303299,"CHL":2.5710319443693,"CHN":2.12049443525678,"CIV":0.279800688938376,"CMR":0.432919239698821,"COD":0.10387505056096,"COG":1.04600792372614,"COL":1.60967556962853,"COM":0.0985908663758967,"CPV":0.188959850789689,"CRI":0.947458577639268,"CUB":3.96077447373046,"CYM":4.45445043016805,"CYP":5.59736050011577,"CZE":17.6712477902857,"DEU":13.3386182419403,"DJI":2.34448892243315,"DMA":0.310749362108534,"DNK":10.094310985829,"DOM":1.33891816897174,"DZA":2.95681772414171,"ECU":1.59534623230252,"EGY":1.56202252127564,"ERI":0.157522557683201,"ESP":5.79260757843279,"EST":20.8896450615414,"ETH":0.0456171347278066,"FIN":10.8560178117228,"FJI":1.17522552559567,"FRA":6.73205879247458,"FRO":0.0333625255431836,"FSM":0.00101007040190701,"G001":4.16041086659988,"GAB":6.53897348135796,"GBR":10.1536421746516,"GEO":6.38157100326859,"GHA":0.211337343911729,"GIB":4.99201277955272,"GIN":0.14582167958453,"GMB":0.155632481903027,"GNB":0.188976904098919,"GNQ":0.168998791614858,"GRC":7.57475743590018,"GRD":0.353103782245942,"GRL":0.0198915009041591,"GTM":0.428520345058872,"GUM":0.00147276489517596,"GUY":1.63472938869864,"HKG":6.02754036087369,"HND":0.516188273957121,"HRV":6.70544505648947,"HTI":0.172992808348214,"HUN":7.73842534797966,"IDN":0.746301795383316,"IND":0.673867331794612,"IRL":8.90738246469889,"IRN":3.15061583551648,"IRQ":4.23238343977054,"ISL":9.09346178792337,"ISR":7.47937140327579,"ITA":7.46174714360927,"JAM":2.73993655997927,"JOR":2.83945048209845,"JPN":8.86064565406398,"KAZ":14.1699544502319,"KEN":0.29686550141841,"KGZ":4.78829947765525,"KHM":0.0586981812187592,"KIR":0.220104720631058,"KNA":0.522596790814073,"KOR":5.67152546542986,"KWT":29.8856623861088,"LAO":0.0570511771249356,"LBN":1.69475659414771,"LBR":0.317730388290364,"LBY":6.62809814594789,"LCA":0.536216596343179,"LKA":0.257032055215734,"LSO":0.0787412218745142,"LTU":8.99261858910417,"LUX":31.0686820472023,"LVA":7.11545564135878,"MAC":2.67825284527838,"MAR":0.913631386298762,"MDA":10.5569657502814,"MDG":0.0662452056805136,"MDV":0.346287740311751,"MEX":3.61002674529684,"MHL":0.00229431468820263,"MKD":4.88128080231596,"MLI":0.044966976439171,"MLT":6.63887637502067,"MMR":0.1201184721473,"MNG":6.57503936803998,"MNP":0.0024211316369271,"MOZ":0.118642499846206,"MRT":0.467197884656614,"MUS":0.989574415463349,"MWI":0.0531264507607708,"MYS":3.27058676360152,"NAM":1.23511672706481,"NCL":9.25716012997809,"NER":0.102056310191443,"NGA":0.841164149577407,"NIC":0.422109954663448,"NLD":10.7451949156931,"NOR":8.53374611801885,"NPL":0.040277456897323,"NRU":0,"NZL":7.02100509214355,"OMN":7.27055030699881,"PAK":0.564964433817931,"PAN":1.07221006564551,"PER":0.975493471778986,"PHL":0.65174129678059,"PLW":142.750083640013,"PNG":0.535131259157478,"POL":11.7779449821423,"PRI":6.67884700412192,"PRK":6.61814896843533,"PRT":4.23687156421789,"PRY":0.52240413340591,"PYF":4.33022945958536,"QAT":41.121025453076,"ROU":9.27853937347122,"RUS":15.1430710596327,"RWA":0.0761478618610142,"SAU":15.8512297211187,"SDN":0.193006569369519,"SEN":0.303590663387454,"SGP":8.02425602229485,"SLB":0.476839661107687,"SLE":0.199328860890468,"SLV":0.459296026649662,"SOM":0.125301887595985,"STP":0.219205027546487,"SUR":1.3993325318492,"SVK":11.4572715166315,"SVN":7.9475002141407,"SWE":6.7848044569599,"SWZ":0.88792074480783,"SYC":5.54888892101725,"SYR":2.35422109752313,"TCA":0.464576074332172,"TCD":0.0249845951241205,"TGO":0.177653099298529,"THA":1.43605941032543,"TJK":2.52177180156093,"TKM":10.6276411558464,"TLS":0.0903530346805289,"TON":0.865165035260505,"TTO":10.2930090206186,"TUN":1.73909363246259,"TUR":2.51438958993609,"TUV":0,"TZA":0.0774998497371668,"UGA":0.0414386287970076,"UKR":13.7127375752336,"URY":1.65527475856661,"USA":20.5771950295561,"UZB":5.89949543937201,"VCT":0.257926522395571,"VEN":5.14745499245152,"VGB":1.23188405797101,"VIR":0.00197939450322146,"VNM":0.316934380514063,"VUT":0.681473478631236,"WSM":0.702739855896853,"YEM":0.530365737530804,"ZAF":7.60674841323464,"ZMB":0.481156419846266,"ZWE":1.57355477527264}}