{"schemaVersion":1,"dataKind":"ranking-year","indicatorId":"EN.GHG.CO2.PC.CE.AR5","year":1990,"valuesByCountry":{"ABW":3.20303411789078,"AFG":0.24144795718956,"AGO":0.965977313621804,"ALB":2.02191239302586,"ARE":29.9689182497287,"ARG":3.05886258479045,"ARM":5.85004256603366,"ASM":0.00214408233276158,"ATG":2.60045032188501,"AUS":16.2738304687782,"AUT":8.01839056506704,"AZE":7.8219979930873,"BDI":0.0359402418305754,"BEL":11.6194738857627,"BEN":0.0754712837067041,"BFA":0.0357339533478118,"BGD":0.132280823364504,"BGR":9.18234070928367,"BHR":23.3043316103241,"BHS":3.93737882549059,"BIH":5.52389802573903,"BLR":10.3572083316813,"BLZ":0.690969870436322,"BMU":4.3868031063778,"BOL":0.923445844416563,"BRA":1.52128199616552,"BRB":2.38144959819322,"BRN":16.8438493959858,"BTN":0.306641755205867,"BWA":2.16206528931696,"CAF":0.0554683120292767,"CAN":15.9076488658574,"CHE":6.66475666288786,"CHL":2.47233496085785,"CHN":2.12676894074534,"CIV":0.243819042479691,"CMR":0.419747188029179,"COD":0.0918791356344579,"COG":1.00165507275599,"COL":1.64000267693635,"COM":0.0883948573536424,"CPV":0.143303110050396,"CRI":0.934232756063511,"CUB":3.63673165754921,"CYM":4.45017116042925,"CYP":5.88468841924473,"CZE":16.0160567405262,"DEU":12.7491248004656,"DJI":1.6818569274146,"DMA":0.305915808522556,"DNK":10.1987983129152,"DOM":1.12131364311778,"DZA":2.84364912883569,"ECU":1.67628872889196,"EGY":1.56708047716051,"ERI":0.161949135574351,"ESP":5.90387472540557,"EST":25.516673103174,"ETH":0.0459464662231511,"FIN":11.2758403756113,"FJI":1.30373611822334,"FRA":6.6078992929268,"FRO":0.0335148722245496,"FSM":0.000991198160336215,"G001":4.1484207803894,"GAB":6.27334218396436,"GBR":10.1769845806249,"GEO":7.18256976259892,"GHA":0.20338886605267,"GIB":5.28676470588235,"GIN":0.14717826473873,"GMB":0.116242026138337,"GNB":0.173570279016791,"GNQ":0.149913341233127,"GRC":7.64067757781075,"GRD":0.509218964154586,"GRL":0.0197841726618705,"GTM":0.434282391368736,"GUM":0.00144289733785441,"GUY":1.56515454184191,"HKG":6.14327285476378,"HND":0.473929462333811,"HRV":5.0286266412803,"HTI":0.166548957092198,"HUN":6.97179329684977,"IDN":0.881568022007149,"IND":0.694451434874462,"IRL":9.20302768318718,"IRN":3.57099300220356,"IRQ":3.94992812210948,"ISL":9.18116675692433,"ISR":7.55858369098712,"ITA":7.51169268135469,"JAM":3.23718410657357,"JOR":2.78079951230125,"JPN":9.41290189345471,"KAZ":14.4939149661066,"KEN":0.28245745763564,"KGZ":5.38718483816402,"KHM":0.0582799258876773,"KIR":0.223097989446263,"KNA":0.514444004748714,"KOR":6.07037444503096,"KWT":19.2352412929816,"LAO":0.0593466304727206,"LBN":1.66181062117978,"LBR":0.168730299995458,"LBY":7.33872801889842,"LCA":0.518653387205583,"LKA":0.259227083781533,"LSO":0.0601205948402384,"LTU":9.49806346302894,"LUX":31.3699096503863,"LVA":7.36687480356916,"MAC":2.81743543812509,"MAR":0.921460195915161,"MDA":10.6843654211407,"MDG":0.0753091561550574,"MDV":0.420889652165402,"MEX":3.49748738743231,"MHL":0.00224069551188689,"MKD":5.42242556896897,"MLI":0.0347865686585327,"MLT":6.55589123867069,"MMR":0.111323606946145,"MNG":6.26475311024391,"MNP":0.00230723086152,"MOZ":0.088731659622635,"MRT":0.362266494114899,"MUS":1.12120138839697,"MWI":0.160991391863188,"MYS":3.61260484744973,"NAM":0.911850773714802,"NCL":8.91610373124178,"NER":0.0748848155679316,"NGA":0.773377106941681,"NIC":0.471993309884617,"NLD":11.0235086623358,"NOR":8.56136535585633,"NPL":0.05574513716638,"NRU":0,"NZL":7.50300318337438,"OMN":9.30296368272642,"PAK":0.565108471417679,"PAN":1.10845367474852,"PER":0.946823385080862,"PHL":0.679411771912049,"PLW":141.293662756406,"PNG":0.551754262371612,"POL":9.74855094812801,"PRI":5.37709923664122,"PRK":6.25064625149032,"PRT":4.39351319384191,"PRY":0.541163754814165,"PYF":4.1545618718593,"QAT":38.5798830010791,"ROU":8.09116606509787,"RUS":16.4646839225671,"RWA":0.0749799296490302,"SAU":16.3431491432276,"SDN":0.251867710441455,"SEN":0.306352302816791,"SGP":10.3862254736585,"SLB":0.478525201019808,"SLE":0.150828196914432,"SLV":0.480505862704885,"SOM":0.0887641926348169,"STP":0.313872174337291,"SUR":2.66089363940721,"SVK":11.442283504998,"SVN":7.34980814859263,"SWE":6.67642266733732,"SWZ":1.26749714589628,"SYC":3.82551397700951,"SYR":2.6237263904055,"TCA":0.436344969199179,"TCD":0.0393459085353043,"TGO":0.188833491173891,"THA":1.74257054869176,"TJK":2.28246518464953,"TKM":12.1509497782512,"TLS":0.0916689134537611,"TON":0.893681043129388,"TTO":10.117248891558,"TUN":1.77469926454521,"TUR":2.77001803853739,"TUV":0,"TZA":0.0798040398530735,"UGA":0.0472854223334377,"UKR":15.0908385838331,"URY":1.26881078262068,"USA":19.9645212981176,"UZB":6.24743097419804,"VCT":0.262941365864129,"VEN":5.17374026643453,"VGB":1.16530820173204,"VIR":0.00192376133816839,"VNM":0.314143053752967,"VUT":0.688220554763851,"WSM":0.726446681889708,"YEM":0.511770638273911,"ZAF":7.71150133307914,"ZMB":0.38898462132019,"ZWE":1.71780776324539}}