{"schemaVersion":1,"dataKind":"ranking-year","indicatorId":"EN.GHG.CO2.PC.CE.AR5","year":1991,"valuesByCountry":{"ABW":3.43571688721622,"AFG":0.231491789403262,"AGO":0.979787215550443,"ALB":1.34064326142788,"ARE":32.254241697257,"ARG":3.17787739103362,"ARM":5.97626935644582,"ASM":0.0020884674825613,"ATG":2.59832457759477,"AUS":16.1846920476213,"AUT":8.4466048587917,"AZE":7.5411824570572,"BDI":0.0499135935560797,"BEL":11.9680611277781,"BEN":0.0643481504817758,"BFA":0.0492302412696953,"BGD":0.1236449376704,"BGR":7.52064873979524,"BHR":22.9982188720053,"BHS":3.49694191236451,"BIH":4.93277435136776,"BLR":9.96517576429388,"BLZ":0.774165953806672,"BMU":3.93039459161148,"BOL":0.947682159320873,"BRA":1.55060704334579,"BRB":2.2616078003493,"BRN":18.696781367576,"BTN":0.313279447267683,"BWA":2.08100429586303,"CAF":0.0711057775215975,"CAN":15.4990188112886,"CHE":6.92225768965723,"CHL":2.32699878814193,"CHN":2.21606084568727,"CIV":0.241629723420376,"CMR":0.388431480443432,"COD":0.0499844209025214,"COG":0.993373833153208,"COL":1.66249566594997,"COM":0.10470721491979,"CPV":0.1760334489555,"CRI":0.984892772914418,"CUB":2.81099197211326,"CYM":4.19139737671283,"CYP":6.46177954900469,"CZE":14.5662282421494,"DEU":12.394338353428,"DJI":1.94852731455953,"DMA":0.308820133918264,"DNK":12.239940337171,"DOM":1.1496669864448,"DZA":2.89342420834781,"ECU":1.64393340546682,"EGY":1.56061411454201,"ERI":0.197023189035467,"ESP":6.09380507953832,"EST":23.3944613319294,"ETH":0.0435644020002897,"FIN":11.351007431578,"FJI":1.13639861682588,"FRA":7.00271894903874,"FRO":0.0337218369970704,"FSM":0.00194639624734804,"G001":4.103143701005,"GAB":4.88139308955717,"GBR":10.3045252305807,"GEO":5.50311214044955,"GHA":0.1838796982118,"GIB":7.54702951892334,"GIN":0.137819489616951,"GMB":0.139550655978996,"GNB":0.213846430715063,"GNQ":0.150543357909215,"GRC":7.55205923452753,"GRD":0.506979651364678,"GRL":0.0216216216216216,"GTM":0.446898081484083,"GUM":0.00141770572682228,"GUY":1.53223660546545,"HKG":6.69278511821975,"HND":0.463992293207843,"HRV":3.78315563458649,"HTI":0.15926066228763,"HUN":6.59683421057705,"IDN":0.935115899315851,"IND":0.731259551121608,"IRL":9.30167348803914,"IRN":3.8379476356275,"IRQ":3.06467747152585,"ISL":8.88877682827962,"ISR":7.24833299656496,"ITA":7.48600373149258,"JAM":3.16714489628547,"JOR":2.57640258391188,"JPN":9.4546545771353,"KAZ":15.0436435822347,"KEN":0.262922475591963,"KGZ":4.76327136140642,"KHM":0.061650741200882,"KIR":0.229156572865243,"KNA":0.688834927399772,"KOR":6.75265379678316,"KWT":28.4872935380299,"LAO":0.0705279994805099,"LBN":2.01986310928144,"LBR":0.131969141096581,"LBY":7.23138368101399,"LCA":0.514621559633027,"LKA":0.268601208811659,"LSO":0.0739261574301487,"LTU":9.98252223056725,"LUX":32.1940568475452,"LVA":6.78768164413764,"MAC":2.73595905019195,"MAR":0.94941274681324,"MDA":8.60373374260372,"MDG":0.0781392646826303,"MDV":0.423206012027506,"MEX":3.64186920349183,"MHL":0.00219452247191011,"MKD":4.81450821354537,"MLI":0.0426364173105563,"MLT":6.09655210323077,"MMR":0.106235669646652,"MNG":6.86187216615204,"MNP":0.00225260739305746,"MOZ":0.0729698496639852,"MRT":0.446127803723669,"MUS":1.18792898214089,"MWI":0.17958748817962,"MYS":4.10556073600581,"NAM":0.802721511297719,"NCL":9.44945320517772,"NER":0.0692531795153798,"NGA":0.815745766638446,"NIC":0.463748436779942,"NLD":11.343297368684,"NOR":7.9356233568887,"NPL":0.0669128839867242,"NRU":0,"NZL":7.34104889702727,"OMN":10.7560304687133,"PAK":0.567431031342673,"PAN":1.25186134638884,"PER":0.900129093090462,"PHL":0.666228668091418,"PLW":137.050083258614,"PNG":0.547734778908245,"POL":9.65410596552708,"PRI":5.48276162162314,"PRK":5.92270960011551,"PRT":4.54854729833182,"PRY":0.51498854830319,"PYF":4.22635551447936,"QAT":39.6325845932642,"ROU":6.60874203925846,"RUS":16.129607773931,"RWA":0.066122259619613,"SAU":15.9152024273651,"SDN":0.219993381596531,"SEN":0.29943025914994,"SGP":10.6779310149045,"SLB":0.481362915449848,"SLE":0.198103416483231,"SLV":0.602229959652977,"SOM":0.070298924529188,"STP":0.408919862844778,"SUR":3.01653201225022,"SVK":9.93131815811079,"SVN":6.87331233067041,"SWE":6.68839408752665,"SWZ":1.20074125539948,"SYC":5.38906003776317,"SYR":2.78200431236206,"TCA":0.41446566436408,"TCD":0.0462640975777659,"TGO":0.169746036991321,"THA":1.86934214112031,"TJK":2.09907411835512,"TKM":10.0451153480879,"TLS":0.0928973965600981,"TON":0.944992241853947,"TTO":10.2462344642683,"TUN":1.79363800274929,"TUR":2.67536050369649,"TUV":0,"TZA":0.0825042579590564,"UGA":0.0465358342722843,"UKR":14.2046223760379,"URY":1.4285375713324,"USA":19.5233266529898,"UZB":6.11175166043264,"VCT":0.251287626312131,"VEN":5.18998472092642,"VGB":1.13671464755668,"VIR":0.00190826948581679,"VNM":0.309763046353606,"VUT":0.625852312030199,"WSM":0.751617779037362,"YEM":0.616928343548368,"ZAF":7.34302074909126,"ZMB":0.392926274642461,"ZWE":1.841301182068}}