{"schemaVersion":1,"dataKind":"ranking-year","indicatorId":"EN.GHG.CO2.PC.CE.AR5","year":1992,"valuesByCountry":{"ABW":3.6345192377364,"AFG":0.136358426486866,"AGO":0.975473352891632,"ALB":0.727801544730445,"ARE":29.565192719638,"ARG":3.19131030716968,"ARM":3.07307591196858,"ASM":0.00203923487907337,"ATG":2.57437426246817,"AUS":16.1979296438194,"AUT":7.71751636235958,"AZE":6.08252450200148,"BDI":0.0381844416067371,"BEL":11.7086759610949,"BEN":0.0677840110903756,"BFA":0.0410207414369202,"BGD":0.135686093799762,"BGR":7.26263570582485,"BHR":26.3628407343869,"BHS":2.96124535283481,"BIH":3.83236638221742,"BLR":8.98959229557763,"BLZ":0.634611457564286,"BMU":3.08353450785009,"BOL":1.0000220716802,"BRA":1.54720906025269,"BRB":2.19159555379668,"BRN":19.8692553707952,"BTN":0.321752103763755,"BWA":2.46197011230891,"CAF":0.0555114028856122,"CAN":15.7665939733951,"CHE":6.84077235765263,"CHL":2.36772067308928,"CHN":2.2917226194666,"CIV":0.23121426693767,"CMR":0.362849568057844,"COD":0.0415331448159024,"COG":0.941787244514212,"COL":1.72780549238933,"COM":0.0870756138830779,"CPV":0.170557807912764,"CRI":1.29201177252213,"CUB":2.21746164239448,"CYM":4.0879074805213,"CYP":6.77504902257198,"CZE":13.9913827948363,"DEU":11.6315990809653,"DJI":1.67792846759636,"DMA":0.311575910566174,"DNK":11.0982776324262,"DOM":1.3083362224561,"DZA":3.18393013097813,"ECU":1.69563430547199,"EGY":1.58506756433649,"ERI":0.273023236162042,"ESP":6.26911166990592,"EST":17.3536339330151,"ETH":0.0327093044982844,"FIN":10.7287357853801,"FJI":1.26428351325403,"FRA":6.740126155836,"FRO":0.0338359379956436,"FSM":0.00190828769345267,"G001":4.01442456714854,"GAB":4.78842042412219,"GBR":10.0457634873754,"GEO":4.29350569405971,"GHA":0.211759697569116,"GIB":8.96644095542823,"GIN":0.119432497498686,"GMB":0.113741312276205,"GNB":0.185580013198536,"GNQ":0.145075082718249,"GRC":7.69927207850786,"GRD":0.52065904214484,"GRL":0.0216998191681736,"GTM":0.510204188792878,"GUM":0.00139476822439031,"GUY":1.443504629216,"HKG":7.49809499181105,"HND":0.507338519654341,"HRV":3.58147985780903,"HTI":0.145251830325796,"HUN":5.95205616248901,"IDN":0.960580949194518,"IND":0.741625955705735,"IRL":9.20824633335488,"IRN":3.99649698358174,"IRQ":4.14047548077698,"ISL":8.83331992629962,"ISR":7.49711106773375,"ITA":7.44846474256681,"JAM":3.42413353234069,"JOR":2.89912549213326,"JPN":9.46250431987141,"KAZ":15.3072716913912,"KEN":0.258247116984915,"KGZ":3.10025689861363,"KHM":0.0640077267790802,"KIR":0.244716064965675,"KNA":0.685251135944983,"KOR":7.33959218488852,"KWT":16.4916472013706,"LAO":0.0756199055803893,"LBN":2.12426258302154,"LBR":0.111702946400439,"LBY":7.3842458503148,"LCA":0.50982579775027,"LKA":0.329309186701176,"LSO":0.0617635220474954,"LTU":5.64533957602387,"LUX":31.0392044367948,"LVA":5.47190149093193,"MAC":2.93744944729037,"MAR":1.00044946016392,"MDA":6.8460381118195,"MDG":0.0767994675361909,"MDV":0.451071714533648,"MEX":3.61673648435898,"MHL":0.00215572993015435,"MKD":4.33205429901654,"MLI":0.0380801252729355,"MLT":5.91918785260787,"MMR":0.111100415229743,"MNG":5.97719336282573,"MNP":0.00221331975830548,"MOZ":0.0853135268438638,"MRT":1.09652872060475,"MUS":1.2385182780806,"MWI":0.190555988759436,"MYS":4.20963640692233,"NAM":0.848067708554309,"NCL":9.30338793585279,"NER":0.0636565391188316,"NGA":0.870407238174761,"NIC":0.526368215383613,"NLD":11.132399369185,"NOR":8.48289742373614,"NPL":0.0684628849890976,"NRU":0,"NZL":7.72862927202197,"OMN":10.5994207109756,"PAK":0.606336796224862,"PAN":1.46263512479425,"PER":0.920072656467219,"PHL":0.707058089642005,"PLW":122.321596097317,"PNG":0.597691361915032,"POL":9.39233467958107,"PRI":5.6497644746032,"PRK":5.16044132588286,"PRT":4.92324838377195,"PRY":0.601396464171525,"PYF":4.28674743215841,"QAT":40.399483026975,"ROU":6.07009195814179,"RUS":14.8477977014895,"RWA":0.0649593545244952,"SAU":16.3410964760211,"SDN":0.204184041290415,"SEN":0.319989422646677,"SGP":10.5829452335068,"SLB":0.512769551823512,"SLE":0.124688997558064,"SLV":0.666874462569793,"SOM":0.0581514669427309,"STP":0.339551947545078,"SUR":2.93302745043572,"SVK":9.27478823815046,"SVN":6.6475398422638,"SWE":6.94365883420144,"SWZ":0.967971711312931,"SYC":4.51083193194183,"SYR":2.68050574756953,"TCA":0.393215111796453,"TCD":0.0381178552188719,"TGO":0.125920696180122,"THA":2.01711572540131,"TJK":1.51463872269622,"TKM":7.25314467122757,"TLS":0.0992095761636795,"TON":0.991781808002239,"TTO":10.4426920735975,"TUN":1.86708639158806,"TUR":2.74131878814249,"TUV":0,"TZA":0.0745404148390602,"UGA":0.0457811304234137,"UKR":12.430536458346,"URY":1.56123097032776,"USA":19.5583395058359,"UZB":5.56044680287586,"VCT":0.303975681945444,"VEN":5.11148480810404,"VGB":1.11492798167902,"VIR":0.001891932798547,"VNM":0.317937193893432,"VUT":0.34188473600329,"WSM":0.729755593520851,"YEM":0.640135017232736,"ZAF":7.059729675037,"ZMB":0.383749883815925,"ZWE":1.79440701878965}}