{"schemaVersion":1,"dataKind":"ranking-year","indicatorId":"EN.GHG.CO2.PC.CE.AR5","year":1993,"valuesByCountry":{"ABW":3.41453484426953,"AFG":0.118642815594975,"AGO":0.946571467439923,"ALB":0.688751883548008,"ARE":29.6630699075151,"ARG":3.25852259426388,"ARM":1.48126505068149,"ASM":0.00199366016068901,"ATG":2.4654275999817,"AUS":16.276281544999,"AUT":7.66127139977279,"AZE":5.25497678390351,"BDI":0.043827176478194,"BEL":11.4730018171496,"BEN":0.0656256247120152,"BFA":0.0419380101508218,"BGD":0.143507672241543,"BGR":7.41642807578049,"BHR":27.7765099721816,"BHS":2.9872416669241,"BIH":3.48840127832578,"BLR":7.74414618543712,"BLZ":0.606971708858811,"BMU":3.41913764961915,"BOL":1.17280265252444,"BRA":1.59016787933935,"BRB":2.07986147026936,"BRN":19.5363413498164,"BTN":0.35840936912379,"BWA":2.35959763821944,"CAF":0.0584893656706374,"CAN":15.5715417425083,"CHE":6.4460351399089,"CHL":2.47523165764165,"CHN":2.45254862360409,"CIV":0.235753607449532,"CMR":0.385311221908033,"COD":0.038643423253881,"COG":0.902423159741114,"COL":1.79020798558761,"COM":0.0833892780388531,"CPV":0.162700732650853,"CRI":1.26657270788381,"CUB":2.017723222081,"CYM":3.61956231651988,"CYP":6.95734073900106,"CZE":13.538002227524,"DEU":11.4510713103297,"DJI":1.68092536365782,"DMA":0.5588120922328,"DNK":11.50880348331,"DOM":1.2667599964817,"DZA":3.0419347430851,"ECU":1.62101092370512,"EGY":1.55426593888414,"ERI":0.36831777483478,"ESP":5.8713945706314,"EST":14.6521583157534,"ETH":0.0401981861811297,"FIN":10.9285264407187,"FJI":1.35784677789741,"FRA":6.37822784709037,"FRO":0.0344278521323751,"FSM":0.00186800665010367,"G001":3.96860996937364,"GAB":4.76648177756106,"GBR":9.74378040332015,"GEO":3.41058011443465,"GHA":0.213134570086089,"GIB":9.01736239379387,"GIN":0.119315219024443,"GMB":0.114863699284311,"GNB":0.192869860070177,"GNQ":0.145654056522075,"GRC":7.60899065668045,"GRD":0.58115684397648,"GRL":0.0217391304347826,"GTM":0.5509337089117,"GUM":0.00137311711315858,"GUY":1.44601674712636,"HKG":7.53496017624131,"HND":0.517014800537464,"HRV":3.61850535478712,"HTI":0.120565839184269,"HUN":6.05480673323149,"IDN":1.03386113298326,"IND":0.758847464560969,"IRL":9.227877942913,"IRN":3.96247981977196,"IRQ":5.21692009273381,"ISL":9.12655227983695,"ISR":8.00551226002661,"ITA":7.32505650311645,"JAM":3.44399563087061,"JOR":2.8596004618194,"JPN":9.37144093119387,"KAZ":13.0903858389543,"KEN":0.246500523864375,"KGZ":2.27755321991765,"KHM":0.0609884822874012,"KIR":0.243528113544983,"KNA":0.817128170311818,"KOR":7.91126242764166,"KWT":20.4989860365481,"LAO":0.077437642207357,"LBN":2.98475624678229,"LBR":0.115028077244672,"LBY":7.71008938220532,"LCA":0.489125140893088,"LKA":0.316940325919577,"LSO":0.0587340472911615,"LTU":4.40399249120122,"LUX":31.1851059815083,"LVA":4.70141887964296,"MAC":3.15234375,"MAR":1.01422681592433,"MDA":5.83444165692753,"MDG":0.0772276545017199,"MDV":0.518204537658647,"MEX":3.65474599409014,"MHL":0.00212345783874461,"MKD":4.50540996006685,"MLI":0.0363411355205537,"MLT":7.57672875348767,"MMR":0.122580777139574,"MNG":5.51343337351568,"MNP":0.00217618384401114,"MOZ":0.0961555432450144,"MRT":1.04262098450648,"MUS":1.34931208503209,"MWI":0.190411846569008,"MYS":4.11439644140166,"NAM":0.949097134812358,"NCL":9.32687823868132,"NER":0.0749385575250673,"NGA":0.824295990597369,"NIC":0.50530656087973,"NLD":11.2684534472944,"NOR":8.92930898974511,"NPL":0.0735641314118558,"NRU":0,"NZL":7.64682828509042,"OMN":10.2395291033425,"PAK":0.655752033357047,"PAN":1.46407459143994,"PER":0.948710424112157,"PHL":0.745116796719521,"PLW":122.263620816027,"PNG":0.587427722922595,"POL":9.37995561680945,"PRI":5.74438313736673,"PRK":4.71188064232383,"PRT":4.81348363092625,"PRY":0.668348195702841,"PYF":4.25984694659858,"QAT":40.1838838497972,"ROU":5.7594687584566,"RUS":13.5590669725105,"RWA":0.0627354615861509,"SAU":16.4614007591114,"SDN":0.14263662013738,"SEN":0.303967658088908,"SGP":11.9106520020848,"SLB":0.50325350913215,"SLE":0.12183886479374,"SLV":0.714793416275071,"SOM":0.0579669018419645,"STP":0.324986395027095,"SUR":2.9338121673439,"SVK":9.0453222867047,"SVN":7.01670795372502,"SWE":6.91239070300707,"SWZ":0.844625550025841,"SYC":4.43441794804368,"SYR":2.67269057877948,"TCA":0.366354044548652,"TCD":0.0192785013333543,"TGO":0.0976838006271252,"THA":2.25478946404135,"TJK":1.01287460089471,"TKM":6.73250492819797,"TLS":0.126242182906297,"TON":1.00196797298782,"TTO":10.1131150690452,"TUN":1.89810011616736,"TUR":2.78869191492144,"TUV":0,"TZA":0.0758346577162523,"UGA":0.0445663576660538,"UKR":10.8476491537002,"URY":1.46824887646946,"USA":19.7583747244334,"UZB":5.42482463694327,"VCT":0.246595999467778,"VEN":5.18434196585009,"VGB":1.05950909411972,"VIR":0.0018765598904089,"VNM":0.365229496621063,"VUT":0.337382339476869,"WSM":0.822592476160537,"YEM":0.557623230249152,"ZAF":6.97021993777143,"ZMB":0.339781089408415,"ZWE":1.62740619769936}}