{"schemaVersion":1,"dataKind":"ranking-year","indicatorId":"EN.GHG.CO2.PC.CE.AR5","year":1994,"valuesByCountry":{"ABW":3.68322701204975,"AFG":0.102991890734693,"AGO":0.867222993556716,"ALB":0.730872545156157,"ARE":31.1695189563729,"ARG":3.31354326554348,"ARM":0.834658400230636,"ASM":0.00195118144036214,"ATG":2.63453166374938,"AUS":16.4212252101433,"AUT":7.6979450154345,"AZE":4.54312813053294,"BDI":0.0451009073735521,"BEL":12.0636308087615,"BEN":0.0643155276153259,"BFA":0.0445682539299974,"BGD":0.149581390067816,"BGR":7.10857501269306,"BHR":27.5542557764445,"BHS":3.25386413228604,"BIH":0.885861751666661,"BLR":6.60940622110882,"BLZ":0.577105631928156,"BMU":3.36520593303375,"BOL":1.24158149485682,"BRA":1.62465005024393,"BRB":2.02278113294091,"BRN":19.3388738115604,"BTN":0.464565182498733,"BWA":2.20044478751362,"CAF":0.0594851861014612,"CAN":15.9956963742519,"CHE":6.2615933123576,"CHL":2.66402752227957,"CHN":2.55649490072032,"CIV":0.236897346093192,"CMR":0.405142801956064,"COD":0.0582730951243061,"COG":0.802089225271815,"COL":1.74539483554296,"COM":0.081718663796143,"CPV":0.186969197616935,"CRI":1.45010810976836,"CUB":2.06715566688692,"CYM":4.06672620566471,"CYP":7.09309112348417,"CZE":13.0025420988859,"DEU":11.2385555758081,"DJI":1.68690462893523,"DMA":0.736934525094636,"DNK":12.2344790230073,"DOM":1.45257614160415,"DZA":2.91010105360225,"ECU":1.66671400433883,"EGY":1.45020838185056,"ERI":0.402734708699185,"ESP":6.12324556093655,"EST":15.4246044824186,"ETH":0.0448899893165997,"FIN":12.2030338816269,"FJI":1.41235651527295,"FRA":6.28192432572495,"FRO":0.0357981877167468,"FSM":0.00183360073344029,"G001":3.94349033971232,"GAB":4.60958053200819,"GBR":9.58907208401101,"GEO":2.25867004571475,"GHA":0.22148284106751,"GIB":10.5804177833254,"GIN":0.11767017144883,"GMB":0.127686343020764,"GNB":0.186350021199032,"GNQ":2.20253827221534,"GRC":7.72502640084269,"GRD":0.673854447439353,"GRL":0.0216216216216216,"GTM":0.579795251121149,"GUM":0.00135255768658533,"GUY":1.87200160884441,"HKG":6.31918348411042,"HND":0.57384139279135,"HRV":3.43386018644788,"HTI":0.0558238252905649,"HUN":6.03863059906578,"IDN":1.08217875668769,"IND":0.790350655307367,"IRL":9.5308693828463,"IRN":4.51152149073713,"IRQ":5.45956572473609,"ISL":9.47556771833803,"ISR":8.34984256343767,"ITA":7.22599985222559,"JAM":3.44349189162984,"JOR":2.84736767566842,"JPN":9.77285465497132,"KAZ":11.9626284582209,"KEN":0.24311669547239,"KGZ":1.49063059722897,"KHM":0.0584685061264214,"KIR":0.247435048299821,"KNA":0.957487552661815,"KOR":8.45512498000741,"KWT":24.4742576880857,"LAO":0.0832151575515364,"LBN":3.22060342963737,"LBR":0.115027107884543,"LBY":8.80924389422976,"LCA":0.580574405373912,"LKA":0.360232795371877,"LSO":0.0631838759728527,"LTU":4.30237365550823,"LUX":28.4722963330645,"LVA":4.16036230601942,"MAC":3.3366935483871,"MAR":1.08180041384845,"MDA":4.74698701775852,"MDG":0.0922075680281478,"MDV":1.08642782531038,"MEX":3.8782901998735,"MHL":0.00209590878604963,"MKD":4.40184155297476,"MLI":0.0355371624709505,"MLT":6.71163323078893,"MMR":0.145050035854117,"MNG":4.75304821651643,"MNP":0.00213995292103574,"MOZ":0.076174750411621,"MRT":1.04767645837612,"MUS":1.37036031939729,"MWI":0.20071040583404,"MYS":4.41799341952245,"NAM":1.06174629121303,"NCL":9.52283578884947,"NER":0.0607878608993284,"NGA":0.749498910064189,"NIC":0.562634031137868,"NLD":11.269962018712,"NOR":9.3350501877848,"NPL":0.087335182872745,"NRU":0,"NZL":7.70541436464088,"OMN":9.37625190096809,"PAK":0.654582446153341,"PAN":1.52587743384081,"PER":0.95417401248741,"PHL":0.785713663734969,"PLW":178.640429338104,"PNG":0.56441575926832,"POL":9.20182918393887,"PRI":5.86670583467174,"PRK":4.25070136052219,"PRT":4.94443040476804,"PRY":0.760698454203667,"PYF":3.40910129927127,"QAT":41.057023699643,"ROU":5.63809108503216,"RUS":12.229212550339,"RWA":0.0705793810450342,"SAU":17.1578442106848,"SDN":0.204417344439441,"SEN":0.302258397941206,"SGP":12.1800278908047,"SLB":0.502308155482706,"SLE":0.125422197620237,"SLV":0.821332525044499,"SOM":0.0549325674272361,"STP":0.389506675104722,"SUR":2.92891387984611,"SVK":8.49165530529254,"SVN":7.07574934290653,"SWE":7.16832113903775,"SWZ":1.5030703903988,"SYC":4.3029445455158,"SYR":2.73662757222166,"TCA":0.355549358616843,"TCD":0.0211102020358372,"TGO":0.177056742459045,"THA":2.4787604383554,"TJK":0.61604691755096,"TKM":8.31768554231559,"TLS":0.126111169660376,"TON":1.3946848231935,"TTO":11.1112663495146,"TUN":1.87648695207867,"TUR":2.7254313717351,"TUV":0,"TZA":0.072320978660811,"UGA":0.0388735260744785,"UKR":9.0282724874519,"URY":1.37236930769148,"USA":19.830406345249,"UZB":5.06042057684246,"VCT":0.45076958500859,"VEN":5.64094082868236,"VGB":1.05710674480064,"VIR":0.00186362026873404,"VNM":0.421729685038151,"VUT":0.338611509117406,"WSM":0.838535681079239,"YEM":0.62083155227951,"ZAF":7.01209947546071,"ZMB":0.278337817995215,"ZWE":1.52212588295496}}