{"schemaVersion":1,"dataKind":"ranking-year","indicatorId":"EN.GHG.CO2.PC.CE.AR5","year":1995,"valuesByCountry":{"ABW":3.93960278178059,"AFG":0.0851174240746249,"AGO":0.945540869348394,"ALB":0.649416648053946,"ARE":31.7918873338476,"ARG":3.31576942357033,"ARM":1.07063137682796,"ASM":0.0019114611208808,"ATG":2.70131546143806,"AUS":16.8117791607854,"AUT":8.05921735500444,"AZE":4.40867420964625,"BDI":0.0418540676087431,"BEL":12.0655697339134,"BEN":0.0640138961224377,"BFA":0.0446435362379007,"BGD":0.177641388847358,"BGR":7.3003938702844,"BHR":27.27459790044,"BHS":3.7006445278162,"BIH":0.9459667495971,"BLR":5.92783027303474,"BLZ":0.635819462541514,"BMU":3.3649161710849,"BOL":1.10151833548453,"BRA":1.73140553131602,"BRB":2.06534141864379,"BRN":19.9656587510088,"BTN":0.585413210849123,"BWA":2.22953011536953,"CAF":0.0594972837936806,"CAN":16.2424970508299,"CHE":6.33107252175818,"CHL":2.87658869826571,"CHN":2.79351042241598,"CIV":0.249266857234982,"CMR":0.394815153574878,"COD":0.0521293475781357,"COG":0.992994626946882,"COL":1.78708292233006,"COM":0.0825543329813733,"CPV":0.183447180605782,"CRI":1.40519170756986,"CUB":2.19166193303252,"CYM":4.08026142992395,"CYP":6.793826323324,"CZE":12.9358310481984,"DEU":11.1470987474958,"DJI":1.701380881224,"DMA":0.84786019663447,"DNK":11.578116063961,"DOM":1.51596420691128,"DZA":2.94409686257461,"ECU":1.79497647817862,"EGY":1.51907565854719,"ERI":0.41179755558156,"ESP":6.4205210697298,"EST":14.340813317797,"ETH":0.0491228869046507,"FIN":11.5021565099583,"FJI":1.39293342314077,"FRA":6.41153012227111,"FRO":0.0366879915617619,"FSM":0.00181438809761408,"G001":3.99026814069273,"GAB":5.04890880002279,"GBR":9.45102667176614,"GEO":1.8298430005054,"GHA":0.232444166242265,"GIB":10.2969646053256,"GIN":0.116625309188139,"GMB":0.118404224270414,"GNB":0.186794220093951,"GNQ":2.253423986108,"GRC":7.97760645959209,"GRD":0.601719473567667,"GRL":0.021505376344086,"GTM":0.658819221882758,"GUM":0.00133285350607115,"GUY":2.02060159179734,"HKG":6.27467065187375,"HND":0.658926688220875,"HRV":3.57173005370095,"HTI":0.148970994688826,"HUN":6.03809771840644,"IDN":1.1961645112194,"IND":0.829370336496271,"IRL":9.63979848377914,"IRN":4.55537042207171,"IRQ":5.23867921900944,"ISL":9.12408213318976,"ISR":8.69139765554554,"ITA":7.65087752065497,"JAM":3.52394715359192,"JOR":2.90438156131526,"JPN":9.82868129941341,"KAZ":10.7783755403891,"KEN":0.252671337311593,"KGZ":1.04331717850898,"KHM":0.149862798781095,"KIR":0.22035108452126,"KNA":0.79620091669423,"KOR":9.02775111990243,"KWT":23.9743017151815,"LAO":0.0797255817076652,"LBN":3.66681941609323,"LBR":0.117234213027888,"LBY":9.81142049990187,"LCA":0.561373205225089,"LKA":0.355464349147362,"LSO":0.064106604517594,"LTU":4.16549328180911,"LUX":22.2171918017742,"LVA":3.71641524376111,"MAC":2.93501099438065,"MAR":1.10884974065159,"MDA":4.15193688202628,"MDG":0.100681254903914,"MDV":1.30528464946289,"MEX":3.59068330258081,"MHL":0.00207185182115775,"MKD":4.36169712399189,"MLI":0.0357277328794795,"MLT":6.32162132802005,"MMR":0.173689503413868,"MNG":4.64905874077786,"MNP":0.00207572235137828,"MOZ":0.0787881104198921,"MRT":1.06084860102672,"MUS":1.39167914672901,"MWI":0.205702062350611,"MYS":4.47298675262839,"NAM":1.11735958106818,"NCL":8.50438419195624,"NER":0.0568118124924018,"NGA":0.801782698246737,"NIC":0.585664529582714,"NLD":11.4895679579916,"NOR":9.32481858990123,"NPL":0.0926751771453015,"NRU":0,"NZL":7.84382316110415,"OMN":9.50301057095214,"PAK":0.682665046482763,"PAN":1.60881200136389,"PER":1.06322173891991,"PHL":0.926297339762062,"PLW":136.650189008433,"PNG":0.528262950667466,"POL":9.23545325744025,"PRI":5.93689614436523,"PRK":3.93046473769111,"PRT":5.26690335378114,"PRY":0.842764955546152,"PYF":3.17759028984594,"QAT":40.7923005881495,"ROU":5.88105325849146,"RUS":11.9194798272578,"RWA":0.082902752463026,"SAU":16.3409960460508,"SDN":0.186359976918097,"SEN":0.31133234125605,"SGP":11.7296438139132,"SLB":0.442644639269311,"SLE":0.135792221390852,"SLV":0.890868326318857,"SOM":0.0544405791236714,"STP":0.394380814707736,"SUR":2.93571318836329,"SVK":8.53439174457138,"SVN":7.52209187324612,"SWE":7.09672968171639,"SWZ":1.46099730738753,"SYC":4.51503240199724,"SYR":2.7716598180409,"TCA":0.33218176986447,"TCD":0.0208349085295322,"TGO":0.167179343942367,"THA":2.76739243231507,"TJK":0.512004201335982,"TKM":8.26963046170753,"TLS":0.111501982385451,"TON":1.14941381890746,"TTO":10.6682602810907,"TUN":1.88688060089564,"TUR":2.9230143832552,"TUV":0,"TZA":0.0967828028485332,"UGA":0.0489991443295781,"UKR":8.98455545000702,"URY":1.49461974515902,"USA":19.7968469043631,"UZB":4.57779393809707,"VCT":0.491830831424098,"VEN":5.40329220461857,"VGB":1.01457399103139,"VIR":0.0018549778330149,"VNM":0.477059384088314,"VUT":0.300352405511646,"WSM":0.754993670197226,"YEM":0.666449303819616,"ZAF":7.30056477149405,"ZMB":0.268286317306761,"ZWE":1.48241407271464}}