{"schemaVersion":1,"dataKind":"ranking-year","indicatorId":"EN.GHG.CO2.PC.CE.AR5","year":1996,"valuesByCountry":{"ABW":2.49093602823382,"AFG":0.0791295924972356,"AGO":1.10640250320144,"ALB":0.648730616126789,"ARE":31.1410228968372,"ARG":3.56458686347583,"ARM":0.791189284891887,"ASM":0.00187430884861207,"ATG":2.62454749181176,"AUS":17.1567625528491,"AUT":8.54079090420337,"AZE":3.65863712482288,"BDI":0.0448727008918202,"BEL":12.5344048428628,"BEN":0.168354803877057,"BFA":0.0481515383623522,"BGD":0.176886229095842,"BGR":7.37293828665095,"BHR":27.5261767330322,"BHS":4.06572021889326,"BIH":1.13525696175159,"BLR":6.03949832911219,"BLZ":0.513527649660026,"BMU":3.41564542825138,"BOL":1.04535975753877,"BRA":1.83087535382901,"BRB":2.01575391560293,"BRN":20.4766726119433,"BTN":0.652169159450713,"BWA":1.96117751384518,"CAF":0.0629808510855029,"CAN":16.5438869784748,"CHE":6.38096113463945,"CHL":3.25049209158163,"CHN":2.74342450002053,"CIV":0.299961560160163,"CMR":0.394051118480939,"COD":0.056534638592918,"COG":1.16259283956863,"COL":1.73271101777993,"COM":0.0839499345831655,"CPV":0.215235172622838,"CRI":1.31115859489866,"CUB":2.36580700072341,"CYM":3.88366575872067,"CYP":7.0699428597394,"CZE":13.3200281021064,"DEU":11.4674545321347,"DJI":1.72068086891608,"DMA":0.930701628007492,"DNK":14.0636251741853,"DOM":1.60211251387109,"DZA":2.8074355551557,"ECU":2.02946418366008,"EGY":1.59521130616843,"ERI":0.430921077359072,"ESP":6.1368590688178,"EST":15.2769084921242,"ETH":0.0535955398259911,"FIN":12.6716313729944,"FJI":1.44839006256617,"FRA":6.63417940846769,"FRO":0.0390078245106813,"FSM":0.0018065215427694,"G001":4.00543697537948,"GAB":5.49732425359045,"GBR":9.75853126216864,"GEO":1.53623383935566,"GHA":0.246521919120305,"GIB":10.4849565249027,"GIN":0.117271029023679,"GMB":0.119101589814125,"GNB":0.180667841386578,"GNQ":2.3722307967083,"GRC":7.94151082120504,"GRD":0.637764858869425,"GRL":0.0232558139534884,"GTM":0.630149158229497,"GUM":0.00131432814830879,"GUY":2.07987629614241,"HKG":5.60891927589154,"HND":0.678951766900623,"HRV":3.77527623397088,"HTI":0.166148625303712,"HUN":6.16753293833388,"IDN":1.24016834521671,"IND":0.850777408846526,"IRL":9.92635071793617,"IRN":4.6780982581467,"IRQ":4.68179141179279,"ISL":10.072290231894,"ISR":9.00643007730148,"ITA":7.55970235180512,"JAM":3.64018010959162,"JOR":2.87508478343887,"JPN":9.90822777260908,"KAZ":9.6265131630205,"KEN":0.270656922593232,"KGZ":1.27812017790883,"KHM":0.154305928839849,"KIR":0.21906732992024,"KNA":0.909578561932971,"KOR":9.58813088662829,"KWT":22.9142561231178,"LAO":0.0912860471873156,"LBN":3.73782368857194,"LBR":0.12359510798109,"LBY":10.1498718869758,"LCA":0.548405966656917,"LKA":0.492074344745144,"LSO":0.0656554543712337,"LTU":4.3306984953686,"LUX":22.0843744341843,"LVA":3.76469850912942,"MAC":3.35196338231751,"MAR":1.07893108603304,"MDA":3.58362741675157,"MDG":0.0936549559838935,"MDV":1.29751817249673,"MEX":3.69826076040482,"MHL":0.00205023065094823,"MKD":5.10495872655279,"MLI":0.0380887298292599,"MLT":6.13627090983272,"MMR":0.180315728054731,"MNG":3.86933963913367,"MNP":0.0019340115267087,"MOZ":0.0735729253574963,"MRT":1.03011295113027,"MUS":1.44303859978342,"MWI":0.215460865042771,"MYS":4.96064596756838,"NAM":1.19166297613211,"NCL":9.31260181238234,"NER":0.0635648987162777,"NGA":0.911020186677168,"NIC":0.609855360727141,"NLD":12.0957550749499,"NOR":9.3449577936958,"NPL":0.0962278286624024,"NRU":0,"NZL":7.98609324758842,"OMN":9.71683775892173,"PAK":0.694073458181412,"PAN":1.58749627278636,"PER":1.14660448714815,"PHL":0.951577361383551,"PLW":125.274725274725,"PNG":0.521859881276306,"POL":9.64288349557546,"PRI":5.95480655255319,"PRK":3.45295584603358,"PRT":5.07822727568563,"PRY":0.813517870662733,"PYF":3.09372075799706,"QAT":43.0680183509477,"ROU":6.03747185331414,"RUS":11.6575991912102,"RWA":0.070340825821269,"SAU":16.6669257463429,"SDN":0.17960862298946,"SEN":0.327737444764065,"SGP":11.5838269716109,"SLB":0.4338285240992,"SLE":0.152338177895366,"SLV":0.787179132948833,"SOM":0.0543386607724112,"STP":0.40230136826273,"SUR":2.83731741220974,"SVK":8.55870283050031,"SVN":7.90389152722379,"SWE":7.66378411125079,"SWZ":1.1471539368444,"SYC":4.60761348914509,"SYR":2.89835521181635,"TCA":0.317158261972724,"TCD":0.0207419379042789,"TGO":0.246774693852586,"THA":3.0689653468995,"TJK":0.44516438823359,"TKM":7.39180063694073,"TLS":0.134262486523319,"TON":1.30541012216405,"TTO":11.4320700300093,"TUN":1.91840663313261,"TUR":3.14001031845519,"TUV":0,"TZA":0.113366088707074,"UGA":0.0520640273555157,"UKR":7.76230925522764,"URY":1.7429929102611,"USA":20.1432633985909,"UZB":4.63040373319934,"VCT":0.438476294875308,"VEN":5.88855063956305,"VGB":1.28506589380434,"VIR":0.00185022433970119,"VNM":0.529093491924232,"VUT":0.296060522728204,"WSM":0.755377092195762,"YEM":0.659838457147409,"ZAF":7.45379442483213,"ZMB":0.220389640087636,"ZWE":1.40881814173409}}