{"schemaVersion":1,"dataKind":"ranking-year","indicatorId":"EN.GHG.CO2.PC.CE.AR5","year":1997,"valuesByCountry":{"ABW":3.97446147785078,"AFG":0.0744360083634966,"AGO":1.11880886302453,"ALB":0.502051754592427,"ARE":29.9216656432681,"ARG":3.64279129140369,"ARM":1.02837424517657,"ASM":0.00183952025311799,"ATG":2.72050441219934,"AUS":17.4985372932812,"AUT":8.47511954318508,"AZE":3.49828086626479,"BDI":0.0445631183441564,"BEL":12.2128973421227,"BEN":0.20731039521582,"BFA":0.0744634529586602,"BGD":0.188351129764399,"BGR":7.13748973179719,"BHR":27.6000441339976,"BHS":4.03886730309034,"BIH":2.17093260286191,"BLR":6.10897052641713,"BLZ":0.854465016601823,"BMU":3.48472007577646,"BOL":1.24482425103148,"BRA":1.91554735453581,"BRB":2.39450897893228,"BRN":21.2919326261459,"BTN":0.677111206969073,"BWA":2.04607648704485,"CAF":0.0608771979499958,"CAN":16.9077703204727,"CHE":6.18350701786707,"CHL":3.64026387124832,"CHN":2.79439822775034,"CIV":0.351401524380934,"CMR":0.386331566246448,"COD":0.0557854761454847,"COG":1.17193965639632,"COL":1.84164288664664,"COM":0.0821226640828553,"CPV":0.210259751662438,"CRI":1.26449633696418,"CUB":2.5807756256766,"CYM":3.82916467377543,"CYP":7.03255909301579,"CZE":13.0058905501104,"DEU":11.0621677727363,"DJI":1.66354825793334,"DMA":0.897559849348475,"DNK":12.1573338535487,"DOM":1.79168831029016,"DZA":2.6918452197366,"ECU":2.07677136148592,"EGY":1.66267144456651,"ERI":0.399045598905273,"ESP":6.59031471072665,"EST":15.1335264927279,"ETH":0.0542842606472463,"FIN":12.2072984833171,"FJI":1.48078099931169,"FRA":6.47243151046425,"FRO":0.0385208012326656,"FSM":0.00180065003466251,"G001":4.01569040887324,"GAB":5.12019664155322,"GBR":9.37530790788559,"GEO":1.39117724883233,"GHA":0.253161392224271,"GIB":10.7860198680299,"GIN":0.115465550087816,"GMB":0.115020737342677,"GNB":0.184634655890592,"GNQ":3.13863182107756,"GRC":7.99168278343111,"GRD":0.863305252960786,"GRL":0.0232142857142857,"GTM":0.64214017005727,"GUM":0.00129689070453588,"GUY":2.26173999173494,"HKG":5.30257500809024,"HND":0.67822304179526,"HRV":4.03768974976405,"HTI":0.190430767969333,"HUN":6.05455369163322,"IDN":1.33400750120699,"IND":0.878441939789039,"IRL":10.169151081972,"IRN":4.82861483278707,"IRQ":5.46166401665035,"ISL":9.68066743383199,"ISR":9.07027073337903,"ITA":7.6163994849603,"JAM":3.69072252347864,"JOR":2.897042081452,"JPN":9.77095123634546,"KAZ":8.55873289023528,"KEN":0.253179799932873,"KGZ":1.24284002647974,"KHM":0.153798528076528,"KIR":0.221041748368926,"KNA":0.921064750851985,"KOR":9.98535261017749,"KWT":23.3538608355061,"LAO":0.0987575531185784,"LBN":4.03119945574986,"LBR":0.112308841855475,"LBY":9.25534870303688,"LCA":0.555158649529065,"LKA":0.481570785063732,"LSO":0.0647341974619366,"LTU":4.21432801036716,"LUX":20.3802598641078,"LVA":3.62319763931289,"MAC":3.54229571052001,"MAR":1.11951356792443,"MDA":3.28043092030992,"MDG":0.0994675806130341,"MDV":1.1325815163593,"MEX":3.83666208411896,"MHL":0.00203008587263241,"MKD":4.63315320133669,"MLI":0.0369980918602789,"MLT":6.47115527794541,"MMR":0.177232052915296,"MNG":3.73919493836588,"MNP":0.00176690932221358,"MOZ":0.0791387271089727,"MRT":0.99000292787394,"MUS":1.43117904629865,"MWI":0.237908698465779,"MYS":5.29808397743593,"NAM":1.20111480502751,"NCL":8.43195266272189,"NER":0.0618260705516359,"NGA":0.863537147151956,"NIC":0.642156798534922,"NLD":11.5376617885866,"NOR":9.83031932800579,"NPL":0.104115241597103,"NRU":0,"NZL":8.28789040806072,"OMN":10.0376132047911,"PAK":0.695324111662826,"PAN":1.63574159365036,"PER":1.12253046561769,"PHL":1.04000862684706,"PLW":139.065606361829,"PNG":0.528260185734108,"POL":9.38347969943332,"PRI":6.06419058208292,"PRK":3.31757881478078,"PRT":5.30168384001665,"PRY":0.880316501794172,"PYF":3.20267456933236,"QAT":50.6770208900999,"ROU":5.5121717330752,"RUS":10.8668977253823,"RWA":0.0621386474535017,"SAU":16.2238417223637,"SDN":0.212389070451303,"SEN":0.352130312990959,"SGP":11.114667450642,"SLB":0.434628957921242,"SLE":0.145590349708349,"SLV":0.958529426761008,"SOM":0.0521565206833642,"STP":0.393746130922388,"SUR":2.86073288146639,"SVK":8.46391175955377,"SVN":8.16417886398289,"SWE":6.98574122586977,"SWZ":1.14897654065277,"SYC":4.79959647693322,"SYR":2.81075932856223,"TCA":0.309428467419003,"TCD":0.0206900166171992,"TGO":0.179787218282212,"THA":3.08630521042351,"TJK":0.484801775424039,"TKM":7.26455186280907,"TLS":0.134433221687251,"TON":1.40453344458351,"TTO":11.3719486979988,"TUN":1.9501723228397,"TUR":3.25282819588816,"TUV":0,"TZA":0.10378715444117,"UGA":0.0531523405468674,"UKR":7.52630723463351,"URY":1.75950759226828,"USA":20.9036173654078,"UZB":4.54625539165014,"VCT":0.528544029131791,"VEN":5.78525083667705,"VGB":1.2849221582427,"VIR":0.00184575062063365,"VNM":0.60145320114386,"VUT":0.298351906359878,"WSM":0.771626667868226,"YEM":0.687515049846883,"ZAF":7.69045800806266,"ZMB":0.270692102024204,"ZWE":1.29812881057909}}