{"schemaVersion":1,"dataKind":"ranking-year","indicatorId":"EN.GHG.CO2.PC.CE.AR5","year":1998,"valuesByCountry":{"ABW":3.97055997105742,"AFG":0.0735542951052808,"AGO":1.12382638592501,"ALB":0.612076598274589,"ARE":28.4428044668814,"ARG":3.79486518244647,"ARM":1.08237717168147,"ASM":0.00180720714208263,"ATG":2.73297243550793,"AUS":18.3860838677391,"AUT":8.53656778435533,"AZE":3.45974977884494,"BDI":0.0463382892297985,"BEL":12.4775458374628,"BEN":0.193755376877406,"BFA":0.0686792168149497,"BGD":0.188857889086581,"BGR":6.88582700338848,"BHR":28.4942183247856,"BHS":4.57465564039471,"BIH":2.70235704595051,"BLR":5.98767092373155,"BLZ":0.838910526572902,"BMU":3.54062566994838,"BOL":1.22391648946267,"BRA":1.94230001237588,"BRB":2.63187977259217,"BRN":18.385005682091,"BTN":0.695250555375065,"BWA":2.38185474009256,"CAF":0.0606256512090546,"CAN":17.0401244257494,"CHE":6.370871115208,"CHL":3.62656193409233,"CHN":2.83592410230809,"CIV":0.327935492837592,"CMR":0.391612218148501,"COD":0.0540534826291397,"COG":1.36399620468547,"COL":1.81889553033016,"COM":0.10240090438001,"CPV":0.211922216360759,"CRI":1.36923653616676,"CUB":2.52503191746191,"CYM":3.77552678619793,"CYP":7.23537747608655,"CZE":12.4309173565015,"DEU":11.0498012759607,"DJI":1.63565700820188,"DMA":0.522249869799201,"DNK":11.3599193396804,"DOM":2.020874662259,"DZA":2.70979701859974,"ECU":2.00228810537822,"EGY":1.71747844761215,"ERI":0.293246389799392,"ESP":6.77741218450136,"EST":13.7120930111762,"ETH":0.0558980905165565,"FIN":11.5538028733105,"FJI":1.44978826597005,"FRA":6.81353446656297,"FRO":0.038053453910552,"FSM":0.00179570288300098,"G001":3.97875908587157,"GAB":5.71362078868664,"GBR":9.35942825449444,"GEO":1.29312162978334,"GHA":0.335514122511322,"GIB":11.3273056057866,"GIN":0.11776802495425,"GMB":0.12186026447599,"GNB":0.185435795171764,"GNQ":3.66998506564568,"GRC":8.26968197125715,"GRD":0.748049693893915,"GRL":0.0231729055258467,"GTM":0.781208970706459,"GUM":0.00192015975729181,"GUY":2.29103205139958,"HKG":6.50592172624051,"HND":0.764801150257337,"HRV":4.19835243213188,"HTI":0.191536192242503,"HUN":6.05920964840253,"IDN":1.32606233289908,"IND":0.884093818156602,"IRL":10.7156632269381,"IRN":4.75902620927922,"IRQ":4.11929979021953,"ISL":9.88224647596945,"ISR":8.96062636074359,"ITA":7.7754334354466,"JAM":3.85354760177699,"JOR":2.87288615420841,"JPN":9.37017721518987,"KAZ":9.04827104922518,"KEN":0.269419296701055,"KGZ":1.29104228021929,"KHM":0.165381604659346,"KIR":0.224149806787536,"KNA":0.931860539115414,"KOR":8.50386342645069,"KWT":25.1193134313144,"LAO":0.103996253238689,"LBN":3.93314871686452,"LBR":0.108272125189692,"LBY":9.0292107851376,"LCA":0.560522896099614,"LKA":0.487991962573893,"LSO":0.0633117606224872,"LTU":4.48670467758572,"LUX":18.3807393454203,"LVA":3.49279404021296,"MAC":3.85792090930618,"MAR":1.12986017344077,"MDA":2.99394220617349,"MDG":0.10746083570636,"MDV":1.25878638765341,"MEX":4.01785211222843,"MHL":0.00201138443590723,"MKD":5.06479875946627,"MLI":0.0374739928017332,"MLT":6.1875952212247,"MMR":0.190370992968402,"MNG":3.69922829285884,"MNP":0.00163033731679084,"MOZ":0.0747615519400173,"MRT":0.985997621482787,"MUS":1.55331556392034,"MWI":0.247116709207073,"MYS":5.05105900643332,"NAM":1.20837168769784,"NCL":8.17343854387121,"NER":0.0646190589636578,"NGA":0.762241596637639,"NIC":0.73545326195237,"NLD":11.5143371429004,"NOR":10.1779682741415,"NPL":0.108300732121564,"NRU":0,"NZL":7.981625163827,"OMN":9.96558363168502,"PAK":0.682884187311321,"PAN":1.97638907030409,"PER":1.05969381183806,"PHL":0.997227587266798,"PLW":123.018786439214,"PNG":0.63698249648207,"POL":8.64038341503705,"PRI":6.13220858157452,"PRK":2.69688468778843,"PRT":5.71047054604065,"PRY":0.902383151106372,"PYF":3.24228931130872,"QAT":51.7469941778344,"ROU":4.84219728458409,"RUS":10.9244418990828,"RWA":0.0615218541786047,"SAU":16.7202591309517,"SDN":0.186035004574436,"SEN":0.385859046746737,"SGP":10.4558881832995,"SLB":0.434771196288934,"SLE":0.152288813336794,"SLV":0.997809644671345,"SOM":0.0512542767586256,"STP":0.397865734524089,"SUR":2.84779823614032,"SVK":8.28618262147817,"SVN":8.0904145024119,"SWE":7.11836911960198,"SWZ":1.15598149566568,"SYC":4.81571671359359,"SYR":2.90859031303418,"TCA":0.331164303973972,"TCD":0.0203808113024069,"TGO":0.215288773940204,"THA":2.71491319535592,"TJK":0.52059477394345,"TKM":7.39325433561266,"TLS":0.201054608341379,"TON":1.45875251509054,"TTO":13.7026083306302,"TUN":2.01021477693573,"TUR":3.23222867004141,"TUV":0,"TZA":0.087932132235763,"UGA":0.0602865382656077,"UKR":7.23726373211481,"URY":1.82271986367341,"USA":20.8257864667542,"UZB":5.11435935858771,"VCT":0.590210284502562,"VEN":5.74365765803861,"VGB":1.28391724711508,"VIR":0.00184268958972516,"VNM":0.662583337029676,"VUT":0.301155832721114,"WSM":0.787568821441547,"YEM":0.709313172445449,"ZAF":7.72882761031744,"ZMB":0.247226231986643,"ZWE":1.29139351872735}}