{"schemaVersion":1,"dataKind":"ranking-year","indicatorId":"EN.GHG.CO2.PC.CE.AR5","year":1999,"valuesByCountry":{"ABW":3.96948437970533,"AFG":0.068549614750964,"AGO":1.15090505759312,"ALB":0.992962508098037,"ARE":27.2970466401042,"ARG":3.80302240416156,"ARM":0.980113573576873,"ASM":0.00177784098990186,"ATG":2.72174408818179,"AUS":18.5055078963383,"AUT":8.28616307346899,"AZE":3.4314991700855,"BDI":0.0471820556700917,"BEL":12.0249522340127,"BEN":0.205845703829516,"BFA":0.0698146891280879,"BGD":0.197803215117866,"BGR":6.10426199031888,"BHR":27.9004942116527,"BHS":4.05645559956698,"BIH":2.63714180914,"BLR":5.80063027477132,"BLZ":0.846566749192265,"BMU":3.5583404227472,"BOL":1.04933848364844,"BRA":1.95707166300643,"BRB":2.75601199160435,"BRN":18.8108737645228,"BTN":0.687632063634288,"BWA":2.45627732571984,"CAF":0.0614835967770047,"CAN":17.2178440083094,"CHE":6.37807354460553,"CHL":3.74659751387024,"CHN":2.75219491752047,"CIV":0.423863124483219,"CMR":0.36724602998663,"COD":0.0483000715699727,"COG":1.37460375867906,"COL":1.5665300900955,"COM":0.104775559722069,"CPV":0.217683905948011,"CRI":1.3384424695263,"CUB":2.5868772595945,"CYM":3.68822484588862,"CYP":7.38568394195229,"CZE":11.6412903326183,"DEU":10.604888221829,"DJI":1.64812252664253,"DMA":0.898794830840714,"DNK":10.7626950961508,"DOM":2.15563007683448,"DZA":2.78775720725696,"ECU":1.74101971847023,"EGY":1.80938162541848,"ERI":0.306989397951898,"ESP":7.29748464074034,"EST":12.5302464891055,"ETH":0.053477988173412,"FIN":11.402244982745,"FJI":1.53361031367061,"FRA":6.67500237099655,"FRO":0.0376556062552607,"FSM":0.00179083094555874,"G001":3.9479945883101,"GAB":5.3019430160191,"GBR":9.27036024696031,"GEO":1.17598609830867,"GHA":0.357323686476311,"GIB":11.7615195724397,"GIN":0.120494274555866,"GMB":0.123677494863252,"GNB":0.189802397277819,"GNQ":3.85603419592515,"GRC":8.2611684512983,"GRD":0.752386931142073,"GRL":0.0231729055258467,"GTM":0.756835024881894,"GUM":0.00189526751701003,"GUY":2.27290861928911,"HKG":6.89319609475517,"HND":0.754851641201582,"HRV":4.4183205369325,"HTI":0.196655844665683,"HUN":6.11620185728393,"IDN":1.38611985724181,"IND":0.926189927757172,"IRL":10.978175587104,"IRN":5.1318541285818,"IRQ":3.1435540424361,"ISL":9.88171504176566,"ISR":8.97057959183674,"ITA":7.89504352504046,"JAM":3.92309043766012,"JOR":2.81699189833153,"JPN":9.67513168181567,"KAZ":8.38873298268348,"KEN":0.26866412353404,"KGZ":1.01518008140613,"KHM":0.158384363720352,"KIR":0.220370497899594,"KNA":0.93047241093249,"KOR":9.23725644365427,"KWT":26.2574275143024,"LAO":0.0989742329965039,"LBN":3.98249044656787,"LBR":0.107666202168634,"LBY":9.15167731626332,"LCA":0.560299166570944,"LKA":0.529334515227479,"LSO":0.0658435310103562,"LTU":3.7828602949063,"LUX":18.9702073291132,"LVA":3.29071710224131,"MAC":4.02152550304165,"MAR":1.17224427046332,"MDA":2.54198596748404,"MDG":0.106721624928612,"MDV":1.23570717921359,"MEX":3.84179255370092,"MHL":0.00199195251185212,"MKD":4.64355013182017,"MLI":0.0379606525633906,"MLT":6.23797016342517,"MMR":0.20641370389797,"MNG":3.67186535376375,"MNP":0.00151708234722981,"MOZ":0.0727395507943666,"MRT":0.990597624107978,"MUS":1.87965798410063,"MWI":0.248338945911785,"MYS":5.334257522142,"NAM":1.12178332417607,"NCL":7.61324687567211,"NER":0.0612102943751922,"NGA":0.73132271389576,"NIC":0.731325562402074,"NLD":11.1402681290415,"NOR":10.4707330689774,"NPL":0.138286942213409,"NRU":0,"NZL":8.35222028108785,"OMN":11.1940606566888,"PAK":0.727785512070282,"PAN":1.695901717651,"PER":1.11945450984981,"PHL":0.951638591808443,"PLW":128.03026294905,"PNG":0.501613939532274,"POL":8.39754589407819,"PRI":6.617753674198,"PRK":2.91801728338287,"PRT":6.33573984608079,"PRY":0.883126279822551,"PYF":3.18645787104546,"QAT":53.1144489795918,"ROU":4.14686428112446,"RUS":11.2822316151199,"RWA":0.0630468272116832,"SAU":16.4371876428986,"SDN":0.20064050893358,"SEN":0.415809987311537,"SGP":10.4599892440062,"SLB":0.42253193960511,"SLE":0.157571381294721,"SLV":0.985187439760564,"SOM":0.0513303075261253,"STP":0.409991435110431,"SUR":2.7317547481774,"SVK":8.13349468682473,"SVN":7.80264693942901,"SWE":6.9638944965801,"SWZ":1.22761165794513,"SYC":4.92724785474443,"SYR":2.78581033186898,"TCA":0.322957848432541,"TCD":0.0203582640992228,"TGO":0.27080543066783,"THA":2.80177979620008,"TJK":0.482542116529782,"TKM":8.58413639733136,"TLS":0.363964408641699,"TON":1.44640652254865,"TTO":14.0348275054233,"TUN":2.08828472105786,"TUR":3.16718237356086,"TUV":0,"TZA":0.0800232310010141,"UGA":0.0600887094239434,"UKR":7.29072251356169,"URY":2.11670812826616,"USA":20.6489080418578,"UZB":5.07541099022357,"VCT":0.596298713900111,"VEN":5.48198076894391,"VGB":1.27217435377598,"VIR":0.00184163758413982,"VNM":0.66988474067793,"VUT":0.294427843206187,"WSM":0.780474275412564,"YEM":0.774616357198485,"ZAF":7.29218825416081,"ZMB":0.198049179646212,"ZWE":1.43037807747098}}