{"schemaVersion":1,"dataKind":"ranking-year","indicatorId":"EN.GHG.CO2.PC.CE.AR5","year":2000,"valuesByCountry":{"ABW":2.9683843334658,"AFG":0.0501382814099344,"AGO":1.0195821898899,"ALB":1.04657550743325,"ARE":25.3198800655489,"ARG":3.67485781688948,"ARM":1.10822389866816,"ASM":0.00175886025855246,"ATG":1.81145877829987,"AUS":18.5978917642845,"AUT":8.32478943567338,"AZE":3.57759113386179,"BDI":0.0452072998120304,"BEL":12.1836556517498,"BEN":0.214093266343738,"BFA":0.0731706539893436,"BGD":0.200508674079581,"BGR":5.89680364134317,"BHR":27.8732774764658,"BHS":3.07965476245619,"BIH":3.43316975862373,"BLR":5.63748483157157,"BLZ":0.580151910929863,"BMU":2.44354183590577,"BOL":0.953345248599693,"BRA":2.00787868943563,"BRB":2.24373528502688,"BRN":18.6101512143715,"BTN":0.679217843960842,"BWA":2.44404673473305,"CAF":0.0668855141210868,"CAN":17.6990281801997,"CHE":6.23089396944705,"CHL":3.47382404191017,"CHN":2.88907594771294,"CIV":0.393649269755518,"CMR":0.383989921027349,"COD":0.0371727398112935,"COG":1.43173787700172,"COL":1.62232046746357,"COM":0.168071929562752,"CPV":0.618110505452035,"CRI":1.30313360027163,"CUB":2.6101013141558,"CYM":3.32963653778293,"CYP":7.52680002574744,"CZE":12.902573099746,"DEU":10.5993032021746,"DJI":0.981643691172968,"DMA":0.791113835734408,"DNK":9.95378693898587,"DOM":2.21497893219978,"DZA":2.84556706172908,"ECU":1.73867458688905,"EGY":1.75027301728806,"ERI":0.298304740789068,"ESP":7.64971752025199,"EST":12.7571162181412,"ETH":0.0575065136518114,"FIN":11.1139059493154,"FJI":1.71635694230886,"FRA":6.58034817935345,"FRO":0.0393408226603138,"FSM":0.00178501303059512,"G001":4.00941219065332,"GAB":5.17720677468618,"GBR":9.37230154582975,"GEO":1.27849706080084,"GHA":0.306420193585739,"GIB":12.3136886932044,"GIN":0.173226848037783,"GMB":0.182944764700869,"GNB":0.16286816425469,"GNQ":3.90257636016432,"GRC":8.89024680060945,"GRD":0.53419698281077,"GRL":0.0231378481801192,"GTM":0.827443802109015,"GUM":0.00187423859057258,"GUY":2.17315698087946,"HKG":6.28672168042011,"HND":0.760181295401954,"HRV":4.33677043315335,"HTI":0.20415141191579,"HUN":5.82337370265766,"IDN":1.38408579613851,"IND":0.942309744278839,"IRL":11.5177387420391,"IRN":5.32891818848676,"IRQ":3.6362101364327,"ISL":10.1434896250067,"ISR":9.42660200349817,"ITA":7.97861399862471,"JAM":3.9283295741357,"JOR":3.05659330102683,"JPN":9.80406329083986,"KAZ":8.52997364123056,"KEN":0.290677543795641,"KGZ":0.979490695052754,"KHM":0.160595894702245,"KIR":0.365634839131956,"KNA":1.09839108910891,"KOR":9.9217579706617,"KWT":28.6596112260188,"LAO":0.172061042728584,"LBN":3.53598931938817,"LBR":0.136333350067637,"LBY":9.29018000117247,"LCA":0.610278912593938,"LKA":0.594343435725624,"LSO":0.175057500001248,"LTU":3.33092730007635,"LUX":20.1714416685767,"LVA":3.05416992249372,"MAC":3.38875986994891,"MAR":1.18101840963276,"MDA":2.3577376987747,"MDG":0.10257721778278,"MDV":2.22609114988706,"MEX":4.02272121123337,"MHL":0.00197215319686033,"MKD":4.4599896365386,"MLI":0.0688623609235515,"MLT":5.47313804356464,"MMR":0.221722533260091,"MNG":3.78533006126955,"MNP":0.00146292936977003,"MOZ":0.0866536165915586,"MRT":0.404906787641274,"MUS":2.05860273171603,"MWI":0.273808402340698,"MYS":5.69323613529471,"NAM":1.05320053864219,"NCL":9.66750038099848,"NER":0.0609576502459245,"NGA":0.792790969926579,"NIC":0.750642143274255,"NLD":11.1051053739996,"NOR":9.30078087859475,"NPL":0.139302904539297,"NRU":0,"NZL":8.55385333229644,"OMN":11.5318533423366,"PAK":0.722433695019472,"PAN":1.72414079469992,"PER":1.08978642306542,"PHL":0.932672272893032,"PLW":110.647617061216,"PNG":0.526361985340968,"POL":8.18187708712719,"PRI":6.60892430467078,"PRK":3.11867576611252,"PRT":6.24348268563984,"PRY":0.714113754757033,"PYF":2.95293691774467,"QAT":49.2290566195703,"ROU":4.34452283523425,"RUS":11.4678581573253,"RWA":0.0828470558128623,"SAU":16.3953985610582,"SDN":0.215697415351796,"SEN":0.400180171865501,"SGP":11.3010369953278,"SLB":0.528527546774007,"SLE":0.0975673493894468,"SLV":0.975676073120854,"SOM":0.0707455938438096,"STP":0.37981363440681,"SUR":3.10546887293005,"SVK":7.73551047373031,"SVN":7.58902422162726,"SWE":6.53554865027019,"SWZ":1.05395164651138,"SYC":9.29977443887047,"SYR":2.75886578873472,"TCA":0.945008008542445,"TCD":0.0282421726360368,"TGO":0.243402917138534,"THA":2.77493831519154,"TJK":0.443073574303451,"TKM":8.58454567057639,"TLS":0.469206321937811,"TON":0.971980092912726,"TTO":14.5243806894211,"TUN":2.16396729727336,"TUR":3.47043278431936,"TUV":0,"TZA":0.090834424226942,"UGA":0.0589121317991763,"UKR":7.28514189616492,"URY":1.70552622829056,"USA":21.0118753202743,"UZB":5.30608034339216,"VCT":0.369016689418292,"VEN":5.61613486816086,"VGB":1.37344992836322,"VIR":0.00184090867252076,"VNM":0.732762940866418,"VUT":0.450931657012793,"WSM":1.02374989679941,"YEM":0.802338303623073,"ZAF":7.36397941641679,"ZMB":0.194876413395542,"ZWE":1.23243627783423}}