{"schemaVersion":1,"dataKind":"ranking-year","indicatorId":"EN.GHG.CO2.PC.CE.AR5","year":2001,"valuesByCountry":{"ABW":2.97356707750522,"AFG":0.0463511028500998,"AGO":0.966865641126569,"ALB":1.12398874181296,"ARE":27.1939982651151,"ARG":3.49042420795313,"ARM":1.13126595678436,"ASM":0.00175275620913887,"ATG":1.74315424154386,"AUS":18.6995326153179,"AUT":8.87460827403329,"AZE":3.41713926422724,"BDI":0.0355422108973504,"BEL":12.225212096938,"BEN":0.249449473218799,"BFA":0.0829849464835342,"BGD":0.238535190866528,"BGR":6.2958054683011,"BHR":27.8270902261551,"BHS":3.02803840944863,"BIH":3.3728936761354,"BLR":5.53944992364947,"BLZ":0.573720000483133,"BMU":2.40354308435838,"BOL":0.906722195208447,"BRA":1.9928207750233,"BRB":2.15261503286653,"BRN":17.5847845325414,"BTN":0.719064037957151,"BWA":2.31028807641857,"CAF":0.0697029993976253,"CAN":17.2263337035681,"CHE":6.38860757077529,"CHL":3.29401921683893,"CHN":3.00747564571294,"CIV":0.384346412791568,"CMR":0.372337680745734,"COD":0.0350106917650027,"COG":1.34418648284191,"COL":1.58737525769177,"COM":0.177442344943533,"CPV":0.705637496116604,"CRI":1.379963366939,"CUB":2.49667717503705,"CYM":3.1833337389569,"CYP":7.25889846462136,"CZE":12.9423815445542,"DEU":10.7525841705381,"DJI":0.978850349987618,"DMA":0.798090440487348,"DNK":10.2155097528674,"DOM":2.19583469940138,"DZA":2.73923253741053,"ECU":1.88347840635006,"EGY":1.89148509278964,"ERI":0.318025465392835,"ESP":7.60182785916578,"EST":13.1461730476221,"ETH":0.0688999021151379,"FIN":12.2543758606386,"FJI":1.84040414502893,"FRA":6.59967427030181,"FRO":0.0385976198134448,"FSM":0.0017799136741868,"G001":4.00897208423349,"GAB":5.14741647952144,"GBR":9.52500193970965,"GEO":0.966228100876525,"GHA":0.322486128251954,"GIB":12.6550240445457,"GIN":0.184473931962211,"GMB":0.199463415319352,"GNB":0.167687725020674,"GNQ":4.80185000453432,"GRC":9.03332789548129,"GRD":0.539879800346338,"GRL":0.0248319409709289,"GTM":0.849690152122634,"GUM":0.00185955407893187,"GUY":2.1525827461127,"HKG":6.23399311916358,"HND":0.871087022434027,"HRV":4.77793267439475,"HTI":0.204353921123644,"HUN":5.9881860022443,"IDN":1.45853518944239,"IND":0.939789720011458,"IRL":11.9109688656404,"IRN":5.45816095459282,"IRQ":3.99450111596867,"ISL":10.3787091884001,"ISR":9.19913029973598,"ITA":7.96252086434695,"JAM":3.92801715285343,"JOR":3.00198549017311,"JPN":9.67360734256659,"KAZ":8.37700755350533,"KEN":0.26100621869581,"KGZ":0.815154801557025,"KHM":0.172816902877153,"KIR":0.32324126861128,"KNA":1.11011560062062,"KOR":10.0719727295012,"KWT":29.3184026261366,"LAO":0.186381120141295,"LBN":3.7525460492449,"LBR":0.152619706314848,"LBY":9.0214945891093,"LCA":0.646542309204491,"LKA":0.58030560864131,"LSO":0.182472175617099,"LTU":3.57013822101879,"LUX":21.1410452409263,"LVA":3.28140443356709,"MAC":3.5946070523162,"MAR":1.28395135764826,"MDA":2.46105817585547,"MDG":0.100417197525336,"MDV":1.93432298695457,"MEX":3.94395058441036,"MHL":0.0019560667409972,"MKD":4.53166326106379,"MLI":0.069953739700229,"MLT":6.3478937887377,"MMR":0.191710326457028,"MNG":3.72755507080754,"MNP":0.00147093433749117,"MOZ":0.102310266807763,"MRT":0.436955904970957,"MUS":2.15968241734634,"MWI":0.273146222506607,"MYS":5.88304152527669,"NAM":1.31962124834684,"NCL":9.6791051658491,"NER":0.0592333620817729,"NGA":0.818897081180304,"NIC":0.784932657864608,"NLD":11.3084173304799,"NOR":9.367707700314,"NPL":0.146516090995107,"NRU":0,"NZL":8.99577374049736,"OMN":12.3287119781389,"PAK":0.715614685361213,"PAN":2.02167297543571,"PER":0.999072821437261,"PHL":0.880719772591872,"PLW":122.137246796197,"PNG":0.61844116237681,"POL":8.09869495134866,"PRI":6.51078068510993,"PRK":3.21947711220633,"PRT":6.12752132113551,"PRY":0.729978223444004,"PYF":3.39946824418162,"QAT":47.8365600914555,"ROU":4.71753757121485,"RUS":11.5380010322485,"RWA":0.0839377470558437,"SAU":16.1835734476463,"SDN":0.229633299984535,"SEN":0.441919674076285,"SGP":11.0938779297885,"SLB":0.568883940996382,"SLE":0.117075058452291,"SLV":1.01143420139878,"SOM":0.0720444098832276,"STP":0.381212638770282,"SUR":3.12520552449852,"SVK":7.80433872040338,"SVN":8.51691214120057,"SWE":6.52637826608933,"SWZ":1.05797553716995,"SYC":10.3224058520726,"SYR":2.69850964188265,"TCA":0.939926440539436,"TCD":0.0276234182980612,"TGO":0.213439163585278,"THA":2.88330259468562,"TJK":0.427928620401141,"TKM":8.61697874988049,"TLS":0.326993323475929,"TON":0.916853845558051,"TTO":16.3937394337668,"TUN":2.23029588506291,"TUR":3.1206808144442,"TUV":0,"TZA":0.093385194551589,"UGA":0.0580990392018387,"UKR":7.33438335645808,"URY":1.53241153472962,"USA":20.6255077855762,"UZB":5.28624567526799,"VCT":0.4273090104933,"VEN":5.73575850236842,"VGB":1.33198692056165,"VIR":0.00184248588195193,"VNM":0.796360252330399,"VUT":0.511435316781046,"WSM":1.09681927868709,"YEM":0.829144572122412,"ZAF":7.51319828115408,"ZMB":0.19058254162032,"ZWE":1.21917145823374}}