{"schemaVersion":1,"dataKind":"ranking-year","indicatorId":"EN.GHG.CO2.PC.CE.AR5","year":2002,"valuesByCountry":{"ABW":3.22566631187957,"AFG":0.0439140640871224,"AGO":0.918500488726172,"ALB":1.31323725585954,"ARE":26.1619793238318,"ARG":3.26103662726385,"ARM":0.969248078004875,"ASM":0.00175247975885879,"ATG":1.94854086613356,"AUS":18.9093269577501,"AUT":9.05961266559572,"AZE":3.36350565042615,"BDI":0.0326341870292075,"BEL":11.4676730426502,"BEN":0.279189715333064,"BFA":0.0853882812864106,"BGD":0.247202877217844,"BGR":6.07329618467708,"BHR":27.0590652632527,"BHS":3.27760589118674,"BIH":3.54063823274201,"BLR":5.59425588928258,"BLZ":0.555449222488272,"BMU":2.66486434295645,"BOL":0.951411488642869,"BRA":1.96879630651915,"BRB":2.29454699638082,"BRN":16.3425943622298,"BTN":0.764562970745137,"BWA":2.39310439297486,"CAF":0.069694117212425,"CAN":17.6683722055528,"CHE":6.11934268739105,"CHL":3.29162863363271,"CHN":3.22795454545455,"CIV":0.396005933281089,"CMR":0.357348891560271,"COD":0.0356238387555068,"COG":0.853385683474042,"COL":1.50246201581761,"COM":0.179631183544066,"CPV":0.773585471238379,"CRI":1.38535541703828,"CUB":2.3766937945776,"CYM":3.36830220633203,"CYP":7.31170524942941,"CZE":12.4942776816049,"DEU":10.546202837135,"DJI":0.984069363754974,"DMA":0.719645442976875,"DNK":10.0932099016896,"DOM":2.374394715007,"DZA":2.82473516050838,"ECU":1.84934747358749,"EGY":1.90141842765088,"ERI":0.30322050599713,"ESP":7.93091826283723,"EST":12.7007648530105,"ETH":0.068704745999111,"FIN":12.6383158244494,"FJI":1.50783929589103,"FRA":6.46436747006761,"FRO":0.0380268300411957,"FSM":0.00177859988616961,"G001":4.01471766775148,"GAB":4.81148732283377,"GBR":9.21604321231769,"GEO":0.903226455096939,"GHA":0.370502978669703,"GIB":12.7986777334627,"GIN":0.195755946519199,"GMB":0.201668174131384,"GNB":0.17319381652314,"GNQ":4.02553019774249,"GRC":8.99722088251152,"GRD":0.584849267554703,"GRL":0.0247371675943105,"GTM":0.868651411396258,"GUM":0.00184825801681915,"GUY":2.12623027242775,"HKG":6.07216678281757,"HND":0.896055100701715,"HRV":4.96469924275494,"HTI":0.226717169082679,"HUN":5.90458850267675,"IDN":1.46310550665851,"IND":0.957620477500199,"IRL":11.4404136169689,"IRN":5.65089777632155,"IRQ":3.65491643857998,"ISL":10.8822598539943,"ISR":9.51086757990868,"ITA":8.07424104162591,"JAM":3.88537029098241,"JOR":3.06397752448066,"JPN":9.92193416768018,"KAZ":9.29533131455672,"KEN":0.245465741018151,"KGZ":1.00955696831549,"KHM":0.17486253272109,"KIR":0.468221624902454,"KNA":1.26032159930465,"KOR":10.3782797747059,"KWT":29.894552067162,"LAO":0.20574279762084,"LBN":3.68898515605677,"LBR":0.150446784296923,"LBY":9.05829449877551,"LCA":0.603188547460112,"LKA":0.600769917749147,"LSO":0.193214045969301,"LTU":3.62197424563623,"LUX":22.4851235501765,"LVA":3.31793333226559,"MAC":3.90351277372263,"MAR":1.3109395796486,"MDA":2.51059203781018,"MDG":0.0664561698966827,"MDV":2.30474322396576,"MEX":3.94830756150866,"MHL":0.00194457948468644,"MKD":4.30169536328117,"MLI":0.0710527707813689,"MLT":5.86965141210549,"MMR":0.191306347918213,"MNG":3.94360699167465,"MNP":0.00149749917637545,"MOZ":0.104824589581639,"MRT":0.474576023632038,"MUS":2.18923628261503,"MWI":0.263500341738185,"MYS":6.08030867532827,"NAM":1.1277956792965,"NCL":10.5629618147057,"NER":0.0593968294482597,"NGA":0.720895078592108,"NIC":0.802480199164684,"NLD":11.2597436028111,"NOR":9.16323116929134,"NPL":0.117821557843168,"NRU":0,"NZL":8.864910725592,"OMN":13.0297714300384,"PAK":0.694336050345593,"PAN":1.72892465641361,"PER":1.02982177252548,"PHL":0.878079638214495,"PLW":74.0450187150695,"PNG":0.68600572957171,"POL":7.912937998707,"PRI":5.26808973818821,"PRK":3.06728962649599,"PRT":6.50103636107651,"PRY":0.75363102243388,"PYF":3.54273029966704,"QAT":50.8998108843442,"ROU":4.75824850017229,"RUS":11.5293860535362,"RWA":0.0974383882250142,"SAU":16.3991276825131,"SDN":0.273652013650817,"SEN":0.447200869387918,"SGP":10.8280032088507,"SLB":0.585136484505245,"SLE":0.116626285971757,"SLV":1.01123653687692,"SOM":0.0773188616661482,"STP":0.429556702818799,"SUR":2.25193383962574,"SVK":7.8021734408151,"SVN":8.66214095551333,"SWE":6.65422739244263,"SWZ":1.02176525167518,"SYC":9.06083155166442,"SYR":2.62348460059037,"TCA":1.25746467932223,"TCD":0.0289046128032407,"TGO":0.22149257547281,"THA":3.03535576431598,"TJK":0.421852362696273,"TKM":9.06185494599499,"TLS":0.283452708781915,"TON":1.00698923696016,"TTO":17.6399444148735,"TUN":2.183950984379,"TUR":3.24208511129842,"TUV":0,"TZA":0.103523394393514,"UGA":0.0641643497186176,"UKR":7.40706121198512,"URY":1.40548549239722,"USA":19.9103793387111,"UZB":5.38898455825556,"VCT":0.490529083257607,"VEN":5.8223547552569,"VGB":1.44190387307513,"VIR":0.00184316508308067,"VNM":0.927761034143203,"VUT":0.490649076139955,"WSM":1.12538014105198,"YEM":0.807128897860081,"ZAF":7.72131022420827,"ZMB":0.194197023295284,"ZWE":1.1029519129975}}