{"schemaVersion":1,"dataKind":"ranking-year","indicatorId":"EN.GHG.CO2.PC.CE.AR5","year":2003,"valuesByCountry":{"ABW":3.67666008074908,"AFG":0.0447454276810823,"AGO":0.965781216283453,"ALB":1.38556975617973,"ARE":25.956044391153,"ARG":3.51848864736106,"ARM":1.09058915946583,"ASM":0.0017552790015973,"ATG":2.10184376765446,"AUS":18.6676694689453,"AUT":9.625074325029,"AZE":3.61612076608251,"BDI":0.026280839521612,"BEL":11.8899015654483,"BEN":0.303295686756215,"BFA":0.0921992776321892,"BGD":0.255292689169796,"BGR":6.87596804610276,"BHR":26.0244049510998,"BHS":2.4122663265975,"BIH":3.63494469217951,"BLR":5.69894155704101,"BLZ":0.567518386534233,"BMU":2.74099958323983,"BOL":0.996508557349155,"BRA":1.91839410561756,"BRB":2.39750767563663,"BRN":18.6157276920813,"BTN":0.777840332589471,"BWA":2.32883716948916,"CAF":0.0644393025152288,"CAN":18.1301542885681,"CHE":6.24858887469834,"CHL":3.37761857406592,"CHN":3.70467882645141,"CIV":0.304012299363856,"CMR":0.354943027188784,"COD":0.0419088893806427,"COG":1.03507128920732,"COL":1.46690208610805,"COM":0.228853032127175,"CPV":0.767243437132301,"CRI":1.46632440832863,"CUB":2.30143800064642,"CYM":3.43242135931169,"CYP":7.84731740013405,"CZE":12.8180719674459,"DEU":10.6369632865784,"DJI":1.01644829438526,"DMA":0.817148443769973,"DNK":11.0731621530472,"DOM":2.09259494333353,"DZA":2.9993425497372,"ECU":1.86512333773995,"EGY":1.89914658738482,"ERI":0.28084492460212,"ESP":7.96364196200096,"EST":14.2657873234504,"ETH":0.0712516626956825,"FIN":14.2135432592354,"FJI":1.76073490740933,"FRA":6.49767617932604,"FRO":0.0395569620253165,"FSM":0.00178118181413368,"G001":4.15283206035147,"GAB":5.31146236481354,"GBR":9.40083618149317,"GEO":1.00105371411451,"GHA":0.338470199967554,"GIB":12.8209662587536,"GIN":0.202721722021996,"GMB":0.200049315071966,"GNB":0.200560203699407,"GNQ":4.23488728118491,"GRC":9.31960538320124,"GRD":0.639212372800411,"GRL":0.0246691688252189,"GTM":0.848429989776336,"GUM":0.00183894518104415,"GUY":2.12252375504684,"HKG":6.61398347893267,"HND":0.966806302887693,"HRV":5.28621677887642,"HTI":0.221166605326629,"HUN":6.18793407645274,"IDN":1.57132250644049,"IND":0.969744882653011,"IRL":11.1268025365061,"IRN":5.89791758943739,"IRQ":3.09254764611228,"ISL":10.7073407455763,"ISR":9.6043768778869,"ITA":8.37573927880229,"JAM":3.97384197908397,"JOR":3.07334179985886,"JPN":9.95886797475689,"KAZ":10.2972430969469,"KEN":0.214880306718519,"KGZ":1.12225943765481,"KHM":0.18528127568775,"KIR":0.474648261215822,"KNA":1.30587318087318,"KOR":10.5024332706302,"KWT":30.7689391013048,"LAO":0.210602243440398,"LBN":3.63952510966725,"LBR":0.161626808123783,"LBY":9.57214634023075,"LCA":0.696421559002553,"LKA":0.644522289804371,"LSO":0.197475238771241,"LTU":3.65786848433758,"LUX":23.1479308283329,"LVA":3.45946489332177,"MAC":3.95897204688909,"MAR":1.28858561553446,"MDA":2.7110792994484,"MDG":0.0857465979970843,"MDV":1.94778256338304,"MEX":4.08541432161845,"MHL":0.00193652084664691,"MKD":4.66800973933679,"MLI":0.0707058085740154,"MLT":6.55699454566438,"MMR":0.234820213738165,"MNG":3.77463237398876,"MNP":0.00152856116537503,"MOZ":0.130236083841799,"MRT":0.486430272736422,"MUS":2.27589276148248,"MWI":0.25920295685927,"MYS":6.34316955354466,"NAM":1.18656725758606,"NCL":11.4822670463668,"NER":0.062264671113131,"NGA":0.7843536892773,"NIC":0.868783754557459,"NLD":11.3578841244373,"NOR":9.73649765436142,"NPL":0.131890377884365,"NRU":0,"NZL":8.91989471593166,"OMN":13.6147958622487,"PAK":0.703114269808277,"PAN":1.71837982674187,"PER":0.999006906693826,"PHL":0.882480593038024,"PLW":87.3950862200519,"PNG":0.739598664075113,"POL":8.25299957570521,"PRI":6.83051518584876,"PRK":3.11253288657132,"PRT":6.00482597417051,"PRY":0.768337402345583,"PYF":3.71249061147605,"QAT":51.3901235695236,"ROU":4.99887690581852,"RUS":12.0101555342893,"RWA":0.0825096440788995,"SAU":16.4119297375647,"SDN":0.274762188363775,"SEN":0.423806119776413,"SGP":10.314555220561,"SLB":0.596369440142099,"SLE":0.119145865711852,"SLV":1.09683944534382,"SOM":0.075929768798698,"STP":0.474599191230967,"SUR":2.43832121544823,"SVK":7.89001472817638,"SVN":8.58065683134969,"SWE":6.65964221276326,"SWZ":0.941876816349489,"SYC":9.24366702504198,"SYR":2.57035827457939,"TCA":1.27491140056151,"TCD":0.0418746830809522,"TGO":0.258889907310065,"THA":3.12835266531198,"TJK":0.422958365716388,"TKM":9.90000750432012,"TLS":0.287824552448635,"TON":1.20137080716802,"TTO":20.2752801392984,"TUN":2.14118228306991,"TUR":3.38625448591684,"TUV":0,"TZA":0.106641883408954,"UGA":0.0656873047500839,"UKR":8.13374301585325,"URY":1.40046922058061,"USA":19.9681657791826,"UZB":5.01609431105649,"VCT":0.531195587806365,"VEN":5.52282625726638,"VGB":1.55417005511882,"VIR":0.00184323303073591,"VNM":0.975900126008347,"VUT":0.558915246131928,"WSM":1.15569217494472,"YEM":0.910498458290656,"ZAF":8.11491084558816,"ZMB":0.203867677204048,"ZWE":0.893403485176119}}