{"schemaVersion":1,"dataKind":"ranking-year","indicatorId":"EN.GHG.CO2.PC.CE.AR5","year":2004,"valuesByCountry":{"ABW":3.67255986041329,"AFG":0.038301143932592,"AGO":0.951069768682142,"ALB":1.45837098137756,"ARE":25.9698706267172,"ARG":3.85579719412006,"ARM":1.18777844481658,"ASM":0.00176000563201802,"ATG":2.11384799095517,"AUS":19.1634087908315,"AUT":9.7416827235943,"AZE":3.55156804911816,"BDI":0.0299699507130413,"BEL":11.7049703885478,"BEN":0.313564226616338,"BFA":0.0791894660751542,"BGD":0.265286510438952,"BGR":6.66896898479433,"BHR":24.1830866740881,"BHS":2.57223749345168,"BIH":3.87204789582773,"BLR":6.08289947550633,"BLZ":0.504991019110156,"BMU":2.76556630165454,"BOL":1.02693451431925,"BRA":1.99978275095698,"BRB":2.35953879191015,"BRN":17.7642521768945,"BTN":0.770124695639342,"BWA":2.24298424145033,"CAF":0.0611282223493176,"CAN":17.5256514747091,"CHE":6.27946614341052,"CHL":3.61395788630139,"CHN":4.24069749050016,"CIV":0.305981117632049,"CMR":0.33936994141111,"COD":0.0388664526195872,"COG":1.01524195118066,"COL":1.44656025415104,"COM":0.241431090538381,"CPV":0.81252477209671,"CRI":1.47144886356872,"CUB":2.25263365447208,"CYM":3.08475921679308,"CYP":7.65231487166892,"CZE":12.8990092380177,"DEU":10.4632650583049,"DJI":0.958088616236788,"DMA":0.871097903829626,"DNK":10.0130575815849,"DOM":1.91386125173149,"DZA":2.96141820014695,"ECU":1.96681520153907,"EGY":2.0184066565906,"ERI":0.276105306425318,"ESP":8.21253115688392,"EST":14.7118270889142,"ETH":0.0753366257956424,"FIN":13.4759720988521,"FJI":2.26335424753479,"FRA":6.46668310699496,"FRO":0.0392691798941799,"FSM":0.00178691087781997,"G001":4.28299230672157,"GAB":4.66035316321154,"GBR":9.35478076788979,"GEO":1.09804600569342,"GHA":0.307147817356431,"GIB":13.7140867142608,"GIN":0.201970135696478,"GMB":0.201565152173055,"GNB":0.199842467524673,"GNQ":6.97831022194269,"GRC":9.27329917524567,"GRD":0.607374477465858,"GRL":10.6137298323315,"GTM":0.846049807759606,"GUM":0.001831390025029,"GUY":2.19499014976037,"HKG":6.00745927618486,"HND":1.07270947201765,"HRV":5.27995632579101,"HTI":0.200981721863878,"HUN":6.01747516064377,"IDN":1.58011931285841,"IND":1.02822643182898,"IRL":11.0536619018628,"IRN":6.19124691935171,"IRQ":3.27515771880636,"ISL":10.8729294630813,"ISR":9.4006168306653,"ITA":8.51073142040319,"JAM":3.96703121930227,"JOR":3.23277844279412,"JPN":9.91730575058116,"KAZ":11.0129179145774,"KEN":0.231964810186713,"KGZ":1.09912153729309,"KHM":0.182676416757728,"KIR":0.482905760524536,"KNA":1.41206952391234,"KOR":10.8037309775721,"KWT":31.975599354755,"LAO":0.217585848686857,"LBN":3.62889487678395,"LBR":0.172701505151269,"LBY":9.27889988186574,"LCA":0.669755660957507,"LKA":0.661039481809803,"LSO":0.206480651443919,"LTU":3.86899905983728,"LUX":25.9341402984097,"LVA":3.51629297934446,"MAC":4.47503848691445,"MAR":1.42987260916412,"MDA":2.72501288836449,"MDG":0.0900701514214735,"MDV":2.45145365329299,"MEX":4.12339368005276,"MHL":0.00193083740418219,"MKD":4.56366624904647,"MLI":0.0697657965035285,"MLT":6.49665560174248,"MMR":0.225863126405762,"MNG":3.81795335056602,"MNP":0.00156401513966655,"MOZ":0.140133877928236,"MRT":0.518255187780793,"MUS":2.28082977683101,"MWI":0.251729158048841,"MYS":6.71466646648273,"NAM":1.23455137321699,"NCL":10.1070366864298,"NER":0.0627702618968002,"NGA":0.736921009510727,"NIC":0.880651905436692,"NLD":11.4700426777688,"NOR":9.7760844615857,"NPL":0.112501007047178,"NRU":0,"NZL":8.69032415902141,"OMN":13.2140812143607,"PAK":0.767369779199701,"PAN":1.69444397452598,"PER":1.1424738952305,"PHL":0.876070774131651,"PLW":76.7810292633703,"PNG":0.761531096274503,"POL":8.31504253471681,"PRI":6.84176501053862,"PRK":3.1550105065182,"PRT":6.15858031692713,"PRY":0.768516241584581,"PYF":3.45506035501107,"QAT":53.2363848903188,"ROU":4.92175276345778,"RUS":12.0698465708905,"RWA":0.0778850119158284,"SAU":16.6257165924061,"SDN":0.302186395708402,"SEN":0.471678172078985,"SGP":10.6855268387372,"SLB":0.603652254161829,"SLE":0.114363772394994,"SLV":1.13733125428521,"SOM":0.0721817084294735,"STP":0.523762721537047,"SUR":2.71227401770304,"SVK":7.78810858704312,"SVN":8.71266672408578,"SWE":6.45636291240893,"SWZ":0.926703312370301,"SYC":12.8705668384359,"SYR":2.61941034118409,"TCA":1.22506125306265,"TCD":0.0459171720747788,"TGO":0.241902583126364,"THA":3.37869799549585,"TJK":0.493642117490682,"TKM":10.3515202316697,"TLS":0.555176444502806,"TON":1.06404240941839,"TTO":21.4812172025747,"TUN":2.24425872376825,"TUR":3.43889343076092,"TUV":0,"TZA":0.142837770195217,"UGA":0.0667402824171229,"UKR":7.68697352392554,"URY":1.7528908230759,"USA":20.0815597947275,"UZB":5.07679600143684,"VCT":0.569858643151504,"VEN":5.68334234468926,"VGB":1.55150561601329,"VIR":0.00184389578301034,"VNM":1.14424418007545,"VUT":0.42486789719558,"WSM":1.13074432614403,"YEM":0.925129916420184,"ZAF":8.69023374521021,"ZMB":0.203153975614114,"ZWE":0.838216656520482}}