{"schemaVersion":1,"dataKind":"ranking-year","indicatorId":"EN.GHG.CO2.PC.CE.AR5","year":2005,"valuesByCountry":{"ABW":3.94633072156501,"AFG":0.052297588398106,"AGO":0.810676972733782,"ALB":1.3776914859669,"ARE":26.2522643034306,"ARG":3.91742679391727,"ARM":1.41835113145182,"ASM":0.00176625395199322,"ATG":2.16678599690997,"AUS":19.0378039300894,"AUT":9.77338007389313,"AZE":3.72019280611546,"BDI":0.0242510542948156,"BEL":11.3572144110239,"BEN":0.332477109339693,"BFA":0.0817032694873567,"BGD":0.279053178068632,"BGR":6.8534654520215,"BHR":26.2934535823821,"BHS":2.50251530995016,"BIH":4.11237124047325,"BLR":6.21065065245296,"BLZ":0.539446825700405,"BMU":2.9659868284671,"BOL":1.06158115040733,"BRA":1.99935674253319,"BRB":2.40299807224253,"BRN":16.7426361599929,"BTN":0.82025790757934,"BWA":2.38640952628899,"CAF":0.0588974564039908,"CAN":18.0601166179094,"CHE":6.32417274709346,"CHL":3.6175914799259,"CHN":4.78299420120885,"CIV":0.318684175934195,"CMR":0.320435144753662,"COD":0.0422504365918147,"COG":1.17157455930687,"COL":1.46901976755809,"COM":0.228961137347999,"CPV":1.25186811374623,"CRI":1.49160807652233,"CUB":2.32679017565643,"CYM":3.14396853894161,"CYP":7.63016201306566,"CZE":12.6378778002542,"DEU":10.2067903422435,"DJI":0.898629235897026,"DMA":0.856926702941776,"DNK":9.34585026622716,"DOM":2.03684886147845,"DZA":3.06259438261496,"ECU":2.08473639953538,"EGY":2.1995658648073,"ERI":0.227039153168759,"ESP":8.42628442319919,"EST":14.813456108948,"ETH":0.0698363747100678,"FIN":11.1028086409399,"FJI":1.96151540324509,"FRA":6.45391402908229,"FRO":0.0392894807584938,"FSM":0.00179513876422647,"G001":4.38817337084941,"GAB":4.36742182241825,"GBR":9.2634507993102,"GEO":1.27593582421795,"GHA":0.316524627476198,"GIB":13.9320371703871,"GIN":0.189522990005023,"GMB":0.199035774250961,"GNB":0.199263888939153,"GNQ":6.75102679320686,"GRC":9.43267845080244,"GRD":0.649753039167441,"GRL":10.728023184333,"GTM":0.898994004185174,"GUM":0.00182520609618836,"GUY":1.94949757791288,"HKG":6.3120706863148,"HND":0.948804917659031,"HRV":5.30160818255534,"HTI":0.201859054461774,"HUN":6.06869292504807,"IDN":1.57055662745946,"IND":1.05460489385527,"IRL":11.3160512452902,"IRN":6.52930513401687,"IRQ":3.07089535110651,"ISL":10.5394056629844,"ISR":8.92812513527943,"ITA":8.4768648141216,"JAM":3.95557831478646,"JOR":3.36910305797064,"JPN":10.0074734098753,"KAZ":11.7482167747143,"KEN":0.252147669028053,"KGZ":1.0872925479987,"KHM":0.201001517798453,"KIR":0.628347018921814,"KNA":1.30930077309042,"KOR":10.7084009751588,"KWT":34.5288422505843,"LAO":0.221926040668041,"LBN":3.54858446679178,"LBR":0.206360770853813,"LBY":9.85289132685578,"LCA":0.697491689332124,"LKA":0.713777502007764,"LSO":0.208850039629794,"LTU":4.20098792244941,"LUX":26.0434089062211,"LVA":3.58674450006454,"MAC":4.32397043294615,"MAR":1.47108136782011,"MDA":2.88374636766892,"MDG":0.093326061823388,"MDV":2.23477542921851,"MEX":4.22758379844974,"MHL":0.00192655954995569,"MKD":4.81870814279944,"MLI":0.0697854076555803,"MLT":6.52471064843475,"MMR":0.236985402005318,"MNG":4.38774218806367,"MNP":0.00160374635147705,"MOZ":0.131290646947492,"MRT":0.523398815743406,"MUS":2.42563834516313,"MWI":0.277904313470894,"MYS":7.01024161142768,"NAM":1.30663252282386,"NCL":11.0495496785757,"NER":0.0580683956722907,"NGA":0.710050686175941,"NIC":0.825573439683421,"NLD":11.1632826932179,"NOR":9.3683698473663,"NPL":0.124510356693779,"NRU":0,"NZL":8.75495294999879,"OMN":13.4330730684827,"PAK":0.763286111855279,"PAN":2.1436596030336,"PER":1.13303782972815,"PHL":0.896249932483837,"PLW":87.552348756244,"PNG":0.800164629075851,"POL":8.30851048638369,"PRI":6.88558163293611,"PRK":3.2684040326715,"PRT":6.4581042393222,"PRY":0.701070483877214,"PYF":3.62726246305495,"QAT":52.7739009071877,"ROU":4.90116528457151,"RUS":12.1189832296134,"RWA":0.0819369049386119,"SAU":16.8475463633317,"SDN":0.347656760296796,"SEN":0.511647396744881,"SGP":9.78289459186893,"SLB":0.618738097209572,"SLE":0.103149710490117,"SLV":1.17101134978182,"SOM":0.0708740925128624,"STP":0.552465679693638,"SUR":3.25198868505121,"SVK":7.86263120934737,"SVN":8.81606059363931,"SWE":6.03944461597958,"SWZ":0.918331600282478,"SYC":11.6379830553477,"SYR":3.12583265383377,"TCA":1.40070035017509,"TCD":0.04656232729143,"TGO":0.22434264883446,"THA":3.47218658348054,"TJK":0.460827296988181,"TKM":10.4702314233025,"TLS":0.368655430549683,"TON":1.1469561185188,"TTO":27.0529643242842,"TUN":2.28632090263617,"TUR":3.5495611200862,"TUV":0,"TZA":0.157543974954262,"UGA":0.0794505968164188,"UKR":7.50423510865356,"URY":1.69451857722282,"USA":19.9249914215479,"UZB":4.76265580553155,"VCT":0.589595375722543,"VEN":5.82165836799224,"VGB":1.57616733572787,"VIR":0.00184411680635851,"VNM":1.23999989986226,"VUT":0.423230214461947,"WSM":1.16484292269679,"YEM":0.966350059686043,"ZAF":8.81501533854301,"ZMB":0.211070757215382,"ZWE":0.922182297304139}}