{"schemaVersion":1,"dataKind":"ranking-year","indicatorId":"EN.GHG.CO2.PC.CE.AR5","year":2006,"valuesByCountry":{"ABW":4.26739097630904,"AFG":0.0557935319150409,"AGO":0.815392081219552,"ALB":1.3817995172674,"ARE":25.3932243317163,"ARG":4.1027920897206,"ARM":1.42166863867481,"ASM":0.00177386738567425,"ATG":2.43412237606074,"AUS":19.0793285754815,"AUT":9.4660900140664,"AZE":3.76443064157793,"BDI":0.0292923047818543,"BEL":11.0047176903814,"BEN":0.443919541179229,"BFA":0.0799863250308358,"BGD":0.297067114877888,"BGR":7.10899139615699,"BHR":26.4976718615945,"BHS":3.1443128812343,"BIH":4.59986434577848,"BLR":6.50329976582844,"BLZ":0.606159553699831,"BMU":3.68590253684311,"BOL":1.13232011673559,"BRA":2.00204169117872,"BRB":2.58479566818024,"BRN":23.6259231125724,"BTN":0.847645867092825,"BWA":2.21315795650717,"CAF":0.0611753665667713,"CAN":17.6443460330114,"CHE":6.22760703127526,"CHL":3.65616252034094,"CHN":5.28052516361306,"CIV":0.305580401271205,"CMR":0.317753314780677,"COD":0.0421028090513797,"COG":1.25545648118301,"COL":1.38318811487663,"COM":0.26738188979633,"CPV":1.34616325133271,"CRI":1.59797655356903,"CUB":2.3753319353995,"CYM":3.4105987725991,"CYP":7.59803038263763,"CZE":12.7739538554172,"DEU":10.3846207212787,"DJI":0.845443369901048,"DMA":0.908351015899776,"DNK":10.777426621291,"DOM":2.20308284293328,"DZA":3.13780186991803,"ECU":2.19912763838417,"EGY":2.28386190572735,"ERI":0.200998556686845,"ESP":8.07106843546116,"EST":14.4285385466398,"ETH":0.071814738123469,"FIN":13.2647256083435,"FJI":2.08992941097191,"FRA":6.24021668362979,"FRO":0.0413778835212579,"FSM":0.00180621156156021,"G001":4.47772210317331,"GAB":3.78376980741041,"GBR":9.20229684969568,"GEO":1.46419894921769,"GHA":0.375018955585641,"GIB":14.3610191254984,"GIN":0.196659927036593,"GMB":0.214426258180175,"GNB":0.204267213451819,"GNQ":6.44857387793926,"GRC":9.29067484353055,"GRD":0.738184954828165,"GRL":11.001321003963,"GTM":0.892331145358291,"GUM":0.00121330510376792,"GUY":1.75844504233391,"HKG":6.18806784209068,"HND":1.06403013674585,"HRV":5.34348188039458,"HTI":0.200877507252704,"HUN":6.02496979060446,"IDN":1.63888306289882,"IND":1.10810989189174,"IRL":11.1588123430623,"IRN":6.89507643037261,"IRQ":2.96556027175217,"ISL":10.6711391721695,"ISR":9.22039497001574,"ITA":8.34804384209065,"JAM":4.55799550383418,"JOR":3.19629907780335,"JPN":9.82400472413847,"KAZ":13.0524097667892,"KEN":0.270940760689191,"KGZ":1.07127259780012,"KHM":0.220536243491838,"KIR":0.661887479128548,"KNA":1.48811441087419,"KOR":10.8117127664204,"KWT":33.802251670696,"LAO":0.28652401395224,"LBN":3.39584048951661,"LBR":0.205397808574399,"LBY":9.61121605909892,"LCA":0.768127509166522,"LKA":0.648296656351918,"LSO":0.21305222504361,"LTU":4.34082416360822,"LUX":25.2671712117333,"LVA":3.84969596868313,"MAC":4.07757065544197,"MAR":1.47482491570521,"MDA":2.81572124915002,"MDG":0.0868890531095146,"MDV":2.66527747243119,"MEX":4.32571227914951,"MHL":0.00192337282658871,"MKD":4.83751837122741,"MLI":0.0811071283852147,"MLT":6.56142982620624,"MMR":0.218804446194408,"MNG":4.95386355704029,"MNP":0.001647935137273,"MOZ":0.136002702062102,"MRT":0.560912644425715,"MUS":2.69231018577046,"MWI":0.286891869131667,"MYS":7.10605067191351,"NAM":1.27020193906485,"NCL":10.9987194350972,"NER":0.0561793776129525,"NGA":0.621989926382773,"NIC":0.861159783755055,"NLD":10.8698765534362,"NOR":9.44326328556989,"NPL":0.102106403341938,"NRU":0,"NZL":8.67562013095636,"OMN":16.7589405895908,"PAK":0.808708952431645,"PAN":2.21959903099948,"PER":1.11175872498468,"PHL":0.792914802989724,"PLW":86.6533966212423,"PNG":0.78804396151589,"POL":8.67173342720891,"PRI":4.45924986084882,"PRK":3.31295140815675,"PRT":5.98192142241307,"PRY":0.747663823025285,"PYF":3.36406772964369,"QAT":50.3550976479985,"ROU":5.22993560368712,"RUS":12.4166473767424,"RWA":0.0800710079075228,"SAU":17.0903135744837,"SDN":0.415110634748496,"SEN":0.488187313947173,"SGP":9.5355418148688,"SLB":0.609852846047755,"SLE":0.126518677506451,"SLV":1.23104086937065,"SOM":0.0710126971868804,"STP":0.574747340586097,"SUR":2.91696904934695,"SVK":7.86450312987735,"SVN":8.94159456426631,"SWE":6.06777926998554,"SWZ":0.921123975965387,"SYC":12.4054373522459,"SYR":3.13534302706388,"TCA":1.69963778211201,"TCD":0.0464674292742376,"TGO":0.203255278780994,"THA":3.49792985897197,"TJK":0.494462255117416,"TKM":10.6776333492322,"TLS":0.349069268080897,"TON":1.25267051283258,"TTO":29.7041320734947,"TUN":2.34264831956205,"TUR":3.91176721812036,"TUV":0,"TZA":0.163876810024256,"UGA":0.0895533698457974,"UKR":7.53783934894648,"URY":1.97248462231107,"USA":19.4048177077015,"UZB":5.03472727468172,"VCT":0.652596996803971,"VEN":5.83970371595838,"VGB":1.82909402686482,"VIR":0.00184554623554707,"VNM":1.25547815833719,"VUT":0.371891831810414,"WSM":1.16510130041714,"YEM":0.974638708108025,"ZAF":8.81243167639557,"ZMB":0.198597590529511,"ZWE":0.848775110404865}}