{"schemaVersion":1,"dataKind":"ranking-year","indicatorId":"EN.GHG.CO2.PC.CE.AR5","year":2007,"valuesByCountry":{"ABW":4.57413879181228,"AFG":0.0796685368947688,"AGO":0.820841250748789,"ALB":1.42962144661125,"ARE":24.382755503246,"ARG":4.32534235715168,"ARM":1.65871789920834,"ASM":0.00178211822572309,"ATG":2.62655439146186,"AUS":19.2389222350972,"AUT":9.09435455688135,"AZE":3.37022362579096,"BDI":0.0456757847523743,"BEL":10.6264716677489,"BEN":0.49124583746046,"BFA":0.110310889211461,"BGD":0.312314517812567,"BGR":7.63903485834564,"BHR":24.8744581663532,"BHS":3.71829487114175,"BIH":4.91480591136147,"BLR":6.38627760224321,"BLZ":0.568726781492739,"BMU":4.3977146484685,"BOL":1.23849365473324,"BRA":2.08496718576573,"BRB":2.47559788859072,"BRN":22.0679316100121,"BTN":0.850670678606214,"BWA":2.3141992914403,"CAF":0.0600972042027709,"CAN":18.0804998989628,"CHE":5.90856955335217,"CHL":4.06392771027535,"CHN":5.7076324565497,"CIV":0.296468595840396,"CMR":0.373237607574027,"COD":0.0451232624374833,"COG":1.07141690721857,"COL":1.41654840316635,"COM":0.17360238731649,"CPV":1.50950240835164,"CRI":1.76101901079574,"CUB":2.44623324395833,"CYM":4.13387807676052,"CYP":7.74568058214957,"CZE":12.8496660008304,"DEU":10.0478127320359,"DJI":0.857834168831644,"DMA":1.09808706261711,"DNK":9.86357439194586,"DOM":2.19492921592553,"DZA":3.18566716670446,"ECU":2.20911448593679,"EGY":2.39637572755543,"ERI":0.1932399200648,"ESP":8.21432370534791,"EST":17.1806098397828,"ETH":0.0764266442296692,"FIN":12.8705811614152,"FJI":1.92029243778346,"FRA":6.09003030294036,"FRO":0.04134110546116,"FSM":0.0018201674554059,"G001":4.58801760972481,"GAB":3.3257145280571,"GBR":8.97579081257711,"GEO":1.70871244130422,"GHA":0.385855356837638,"GIB":14.0571885622875,"GIN":0.200760048274315,"GMB":0.219337242478369,"GNB":0.211787019309628,"GNQ":6.88812444259124,"GRC":9.59465620271688,"GRD":0.818841497620383,"GRL":10.8796746529927,"GTM":0.930212627563353,"GUM":0.00181524442266151,"GUY":2.12324323752974,"HKG":6.42411404941949,"HND":1.10621869255595,"HRV":5.68549100892136,"HTI":0.232981013295643,"HUN":5.88170186698595,"IDN":1.69488500402322,"IND":1.18862350046436,"IRL":10.6718615521641,"IRN":7.21864993317663,"IRQ":2.76243609599133,"ISL":11.1536560471939,"ISR":9.38933998133731,"ITA":8.17482777618523,"JAM":4.50876999041934,"JOR":3.12567606145218,"JPN":10.0916024093562,"KAZ":13.5081878112695,"KEN":0.262922185302275,"KGZ":1.27961415120573,"KHM":0.267119017293309,"KIR":0.603519222479132,"KNA":1.63790519419347,"KOR":11.1126206303646,"KWT":31.1914372537519,"LAO":0.298205023714399,"LBN":3.08582491177961,"LBR":0.182417792071517,"LBY":8.80448137239163,"LCA":0.824997913661346,"LKA":0.689226252766555,"LSO":0.274309516154465,"LTU":4.81800789405111,"LUX":23.6288862545912,"LVA":4.05135604967448,"MAC":3.70071030908044,"MAR":1.47563680503993,"MDA":2.79219385317951,"MDG":0.0887561893464716,"MDV":2.70587618921409,"MEX":4.32899168517287,"MHL":0.00192178341500913,"MKD":5.2251891516254,"MLI":0.0935206143407267,"MLT":6.69594122795803,"MMR":0.226987849132935,"MNG":5.07731037530988,"MNP":0.00169661186610339,"MOZ":0.152388933763661,"MRT":0.608071168380558,"MUS":2.75428958640885,"MWI":0.300478560389937,"MYS":7.58861945429411,"NAM":1.28732785098583,"NCL":11.1345099212284,"NER":0.0588032243486555,"NGA":0.550572897626193,"NIC":0.880041140622672,"NLD":10.9184543529559,"NOR":9.5358549616035,"NPL":0.104220125567352,"NRU":0,"NZL":8.30766134760169,"OMN":17.7305116307301,"PAK":0.877889118869624,"PAN":2.17542451032585,"PER":1.20481100024924,"PHL":0.845028213173854,"PLW":71.6868718267537,"PNG":0.758816344730873,"POL":8.66464448581028,"PRI":4.74692670754257,"PRK":2.7584412690495,"PRT":5.8179179972539,"PRY":0.703512941896821,"PYF":3.55917699427259,"QAT":46.4568362437376,"ROU":5.12802242514982,"RUS":12.4578591772281,"RWA":0.0709743199245482,"SAU":17.3405924711443,"SDN":0.439520225392796,"SEN":0.528404267538825,"SGP":9.44913687162465,"SLB":0.647198074200849,"SLE":0.11604786069804,"SLV":1.29431410969772,"SOM":0.0697367437921845,"STP":0.57631113730112,"SUR":2.66432649863658,"SVK":7.69077341625141,"SVN":8.88722287354283,"SWE":5.77642857111625,"SWZ":0.946543749226418,"SYC":10.2019216069056,"SYR":3.11350367803296,"TCA":1.99847735059003,"TCD":0.0512558587792804,"TGO":0.196805478169927,"THA":3.54477665878806,"TJK":0.562973514266569,"TKM":11.591660332499,"TLS":0.311775728463542,"TON":1.07002979592602,"TTO":30.2514295711747,"TUN":2.39258887104803,"TUR":4.28079364507414,"TUV":0,"TZA":0.150653381572792,"UGA":0.104854649192353,"UKR":7.81301613219001,"URY":1.85654505268799,"USA":19.4956606869752,"UZB":4.85281286665302,"VCT":0.701150352816706,"VEN":5.64100518337439,"VGB":1.91595048490105,"VIR":0.00184609136306156,"VNM":1.36684666856981,"VUT":0.592020824671451,"WSM":1.2614369043141,"YEM":1.00023924584184,"ZAF":9.10281000552084,"ZMB":0.174189032545343,"ZWE":0.825339903958573}}