{"schemaVersion":1,"dataKind":"ranking-year","indicatorId":"EN.GHG.CO2.PC.CE.AR5","year":2008,"valuesByCountry":{"ABW":4.50370106126817,"AFG":0.14737589049906,"AGO":0.88603761448524,"ALB":1.42332985219763,"ARE":26.0607102012736,"ARG":4.43359004127929,"ARM":1.82971073175472,"ASM":0.00179121587733754,"ATG":2.78729255113856,"AUS":19.02811960112,"AUT":9.04182372977167,"AZE":3.67789898897688,"BDI":0.0259474981121343,"BEL":10.6675992553856,"BEN":0.47312305208688,"BFA":0.124543742130815,"BGD":0.343404266569929,"BGR":7.28226303396129,"BHR":25.0739468018008,"BHS":3.80207751591645,"BIH":5.48500536029491,"BLR":6.79739735106636,"BLZ":0.534891132569547,"BMU":4.40600315955766,"BOL":1.30378490888814,"BRA":2.16839391882541,"BRB":2.90450801939028,"BRN":23.5785205125558,"BTN":0.844611576292597,"BWA":2.31254839818048,"CAF":0.0439790970970725,"CAN":17.3072079421311,"CHE":6.01237631044729,"CHL":4.23564646521513,"CHN":5.85225866357655,"CIV":0.321574734065806,"CMR":0.3805792337441,"COD":0.0449242144792916,"COG":1.07747214852886,"COL":1.39852072752987,"COM":0.16939268115562,"CPV":1.44687895802376,"CRI":1.71851436108013,"CUB":2.36176603793102,"CYM":4.35768606674356,"CYP":7.78551565223927,"CZE":12.1449804099396,"DEU":10.1072965484379,"DJI":0.903852659358779,"DMA":1.06892845731548,"DNK":9.21101037002735,"DOM":2.16443315822516,"DZA":3.26590250079552,"ECU":2.24142348078606,"EGY":2.35283522329508,"ERI":0.164434030565343,"ESP":7.40131034210523,"EST":15.6166002288552,"ETH":0.0802467343345623,"FIN":11.2598169269803,"FJI":1.42982226015304,"FRA":5.94290191259616,"FRO":0.041197190351618,"FSM":0.00183594036865683,"G001":4.56130977188499,"GAB":3.43403798590695,"GBR":8.63835719565399,"GEO":1.47617910488095,"GHA":0.356759557320251,"GIB":14.17485943511,"GIN":0.208306604693263,"GMB":0.215089017147711,"GNB":0.195960630460991,"GNQ":6.0917632522844,"GRC":9.19276599113492,"GRD":0.891826576251623,"GRL":11.2253231075131,"GTM":0.829648772236357,"GUM":0.00181057739313067,"GUY":2.12760036363347,"HKG":6.19885596021731,"HND":1.08143599564036,"HRV":5.41153048758558,"HTI":0.226980515958095,"HUN":5.76183669801761,"IDN":1.6541425247205,"IND":1.25815998206335,"IRL":10.3087084122575,"IRN":7.35172418688277,"IRQ":3.12972584066376,"ISL":11.9081073928686,"ISR":9.27417633537653,"ITA":7.85286143845028,"JAM":3.62135795878759,"JOR":2.93181586027543,"JPN":9.53253711064086,"KAZ":15.1238317294741,"KEN":0.269606829771024,"KGZ":1.47100933324484,"KHM":0.291564814662618,"KIR":0.658210358657481,"KNA":1.71666488737056,"KOR":11.2602688410662,"KWT":31.5351654829618,"LAO":0.343065642386553,"LBN":3.71794595880824,"LBR":0.146715404306147,"LBY":9.16430783442361,"LCA":0.886213923510734,"LKA":0.64492492211835,"LSO":0.22196333562331,"LTU":4.95001768164964,"LUX":22.9460759234626,"LVA":3.89409559082212,"MAC":2.95431847604957,"MAR":1.56522177671636,"MDA":2.76331874319628,"MDG":0.0893717405600502,"MDV":2.84350179968468,"MEX":4.27910076303278,"MHL":0.00192196809532962,"MKD":5.14447680006979,"MLI":0.10451260181696,"MLT":6.675232486278,"MMR":0.172766335943286,"MNG":4.99621481680735,"MNP":0.00174978127734033,"MOZ":0.144341849016611,"MRT":0.660578794943186,"MUS":2.80350544681747,"MWI":0.306502016933238,"MYS":7.83922878075814,"NAM":1.44803073291595,"NCL":10.6270067960209,"NER":0.0592504254840624,"NGA":0.581139578438694,"NIC":0.833501745599867,"NLD":10.9418188812042,"NOR":9.87892316868461,"NPL":0.114316256772823,"NRU":0,"NZL":8.49532841917461,"OMN":17.0293950685486,"PAK":0.825212305875015,"PAN":2.07330185725614,"PER":1.3577960350417,"PHL":0.838866873511548,"PLW":73.533589352412,"PNG":0.710287982656834,"POL":8.5133492030939,"PRI":4.09389752253869,"PRK":3.00746007873007,"PRT":5.61287237370618,"PRY":0.813688391744725,"PYF":3.61391912183889,"QAT":43.3504469009866,"ROU":5.13050644236563,"RUS":12.3604193305861,"RWA":0.0691331500594282,"SAU":18.0563174565032,"SDN":0.457313500662325,"SEN":0.534842885597005,"SGP":8.86794550394306,"SLB":0.64545293736119,"SLE":0.109725276272571,"SLV":1.17600775015727,"SOM":0.065428663636479,"STP":0.602440834786211,"SUR":2.7177544695623,"SVK":7.65205745874923,"SVN":9.34821670634379,"SWE":5.60895184918886,"SWZ":0.922510065194961,"SYC":10.5938635631814,"SYR":3.08179246945125,"TCA":2.14387282604733,"TCD":0.0422348813589332,"TGO":0.249512781975665,"THA":3.53401361701146,"TJK":0.516570158384597,"TKM":11.5880007386302,"TLS":0.301134509007399,"TON":1.15585871799664,"TTO":29.5374323602481,"TUN":2.41189228309621,"TUR":4.21593984029483,"TUV":0,"TZA":0.147505111963319,"UGA":0.11396368506114,"UKR":7.52327011315342,"URY":2.39732758116842,"USA":18.7089026291301,"UZB":4.99330891026782,"VCT":0.73404906870339,"VEN":5.84962138322166,"VGB":2.08840535605599,"VIR":0.0018450695129939,"VNM":1.47684691804671,"VUT":0.567220224243706,"WSM":1.28453975918825,"YEM":1.0053703136687,"ZAF":9.54569945858325,"ZMB":0.200263813418666,"ZWE":0.641176361194705}}