{"schemaVersion":1,"dataKind":"ranking-year","indicatorId":"EN.GHG.CO2.PC.CE.AR5","year":2009,"valuesByCountry":{"ABW":4.85512381402307,"AFG":0.224491273806937,"AGO":0.940848252177258,"ALB":1.46321851369709,"ARE":24.6511808903397,"ARG":4.03429401041948,"ARM":1.46836268754077,"ASM":0.00180089324304855,"ATG":3.16847445142742,"AUS":18.9151698120932,"AUT":8.15744518101481,"AZE":3.12751089916749,"BDI":0.0248556994767115,"BEL":9.93765290266015,"BEN":0.492616639306086,"BFA":0.117256031897002,"BGD":0.365403611658953,"BGR":6.25111912335147,"BHR":23.4684724821052,"BHS":3.12119291089,"BIH":5.58279640620095,"BLR":6.48177831683936,"BLZ":0.629210464022725,"BMU":3.84960276881932,"BOL":1.36372054481332,"BRA":2.00746250710986,"BRB":2.91365554878649,"BRN":20.8361042415678,"BTN":1.1543427263872,"BWA":2.0736203284015,"CAF":0.0431878936120557,"CAN":16.140062037934,"CHE":5.76174764144517,"CHL":4.01098641712794,"CHN":6.24909018523805,"CIV":0.291450017592556,"CMR":0.403568614250496,"COD":0.0423191311503679,"COG":1.14836451954455,"COL":1.47547382640238,"COM":0.206714884562121,"CPV":1.3990172698912,"CRI":1.62647554075289,"CUB":2.38540684367623,"CYM":4.32551598312365,"CYP":7.47035932974632,"CZE":11.4624026803688,"DEU":9.37864424258525,"DJI":0.798988949312527,"DMA":1.0891031598513,"DNK":8.7648139313193,"DOM":2.04647320109352,"DZA":3.27099589762822,"ECU":2.38705043871039,"EGY":2.40386934022582,"ERI":0.166523251445262,"ESP":6.47936608687463,"EST":13.0675938449549,"ETH":0.0785136417026359,"FIN":10.6915488312042,"FJI":1.17223796596046,"FRA":5.71717317269645,"FRO":0.04099116640364,"FSM":0.0018525894569134,"G001":4.44982588000567,"GAB":3.27951630880933,"GBR":7.76330695463938,"GEO":1.69653622216123,"GHA":0.398915417913382,"GIB":15.3035071213055,"GIN":0.215694056923356,"GMB":0.232016081888532,"GNB":0.202505671927709,"GNQ":4.82339546682892,"GRC":8.6627939796977,"GRD":0.955471263954555,"GRL":9.77220673614687,"GTM":0.858176268329233,"GUM":0.00180534743911466,"GUY":2.1659526601728,"HKG":6.47451525929325,"HND":0.997594720032567,"HRV":5.03419020013328,"HTI":0.219132282396937,"HUN":5.15845609694043,"IDN":1.69126327047376,"IND":1.32284533301467,"IRL":9.0783011327619,"IRN":7.49713453135765,"IRQ":3.22209515764181,"ISL":12.0169922040572,"ISR":8.95687720423213,"ITA":6.94826035580217,"JAM":2.94092608864832,"JOR":2.94909387093057,"JPN":9.03961045553586,"KAZ":13.5068941072017,"KEN":0.308699389943664,"KGZ":1.30648727568783,"KHM":0.341665960393113,"KIR":0.545708999032564,"KNA":1.92897945263876,"KOR":11.2836813865383,"KWT":30.5211548340109,"LAO":0.423077773444872,"LBN":4.31860187525276,"LBR":0.132537734959021,"LBY":9.46592937047626,"LCA":0.949555245512719,"LKA":0.615577771423657,"LSO":0.25857155622013,"LTU":4.17668379432144,"LUX":21.3143076400761,"LVA":3.61956025884485,"MAC":3.16579439252336,"MAR":1.52837686302843,"MDA":2.7251028108556,"MDG":0.0824187554067149,"MDV":2.82592778694997,"MEX":4.12122098054155,"MHL":0.0019223745170034,"MKD":4.65666929755328,"MLI":0.130044049644136,"MLT":6.10579498978125,"MMR":0.160062197522633,"MNG":5.17581002669897,"MNP":0.00180750112968821,"MOZ":0.151975649954928,"MRT":0.638554789115249,"MUS":2.75622901183154,"MWI":0.288827537610307,"MYS":7.03693732266971,"NAM":1.47083316886445,"NCL":10.5434402332362,"NER":0.071125383576873,"NGA":0.499337659024901,"NIC":0.803556764919428,"NLD":10.5716574831758,"NOR":9.34509433751263,"NPL":0.149560032583773,"NRU":0,"NZL":7.7665829963278,"OMN":17.5455802766757,"PAK":0.823532021617383,"PAN":2.43388683757432,"PER":1.4525720502515,"PHL":0.833249191469975,"PLW":116.190068950772,"PNG":0.668364468858039,"POL":8.16161512269878,"PRI":3.73563325945551,"PRK":2.88086837976115,"PRT":5.53453188594097,"PRY":0.831000508531121,"PYF":3.4662926143216,"QAT":39.7629937914219,"ROU":4.20729371276879,"RUS":11.6405620274147,"RWA":0.0692316194771755,"SAU":18.3345628771474,"SDN":0.460761026758193,"SEN":0.534391839310571,"SGP":8.77394676729544,"SLB":0.632839323659004,"SLE":0.107783711267138,"SLV":1.14057238430965,"SOM":0.064842986920795,"STP":0.644352358408348,"SUR":2.6712389250287,"SVK":6.91125028451253,"SVN":8.28055924760341,"SWE":5.04604229815191,"SWZ":0.949461296309199,"SYC":11.6864074778345,"SYR":2.83975010384735,"TCA":2.28417517839653,"TCD":0.0418370852465925,"TGO":0.413729525867825,"THA":3.40595891903064,"TJK":0.407197108767021,"TKM":10.0209076541311,"TLS":0.31847915812698,"TON":1.22011510871897,"TTO":28.5737184624756,"TUN":2.38155663473538,"TUR":4.1835136272879,"TUV":0,"TZA":0.139276768276615,"UGA":0.121798404134717,"UKR":6.26790678763997,"URY":2.36627935606604,"USA":17.1890632001903,"UZB":4.45651377155528,"VCT":1.12299562022659,"VEN":5.81077320450049,"VGB":2.32934087736057,"VIR":0.00184495037083502,"VNM":1.62877944346484,"VUT":0.620029132345927,"WSM":1.29599557210215,"YEM":1.0658436506035,"ZAF":8.83353970564321,"ZMB":0.213107272147601,"ZWE":0.604392218090679}}