{"schemaVersion":1,"dataKind":"ranking-year","indicatorId":"EN.GHG.CO2.PC.CE.AR5","year":2010,"valuesByCountry":{"ABW":4.74086293917791,"AFG":0.278191742360873,"AGO":0.976178185498281,"ALB":1.56778821711206,"ARE":25.0301244367043,"ARG":4.2945461050427,"ARM":1.41194823962165,"ASM":0.00181067574418773,"ATG":3.26887013595874,"AUS":18.8509537372201,"AUT":8.82413428790478,"AZE":2.94181834728393,"BDI":0.034117411675471,"BEL":10.5458393885377,"BEN":0.518653564527383,"BFA":0.121305612623944,"BGD":0.399267470769648,"BGR":6.69444084245238,"BHR":23.4711361344292,"BHS":3.49136546949749,"BIH":5.82913897832648,"BLR":6.97190461749866,"BLZ":0.72850473855954,"BMU":4.84896037661828,"BOL":1.45277929592839,"BRA":2.27112813109879,"BRB":2.98063892633055,"BRN":18.8093247555642,"BTN":1.28984994983125,"BWA":1.66355894980648,"CAF":0.044491480627065,"CAN":16.5297747432196,"CHE":5.92014552501505,"CHL":4.2093619030369,"CHN":6.80718476794211,"CIV":0.325279209216089,"CMR":0.398005579196246,"COD":0.0429619235950426,"COG":1.18584852172315,"COL":1.52200045741908,"COM":0.238074876763037,"CPV":1.47081901354299,"CRI":1.58829243966477,"CUB":2.49451002437816,"CYM":4.56940054344812,"CYP":7.01719074742689,"CZE":11.551447766509,"DEU":9.96567124737992,"DJI":0.872452703625151,"DMA":1.12258383072656,"DNK":8.75320381499808,"DOM":2.13109236851685,"DZA":3.27777236779378,"ECU":2.53722052479008,"EGY":2.37407988100642,"ERI":0.175472788475838,"ESP":6.17799635729276,"EST":16.6849546555512,"ETH":0.0760019100821557,"FIN":12.2771915772077,"FJI":1.86342771844612,"FRA":5.80194807906,"FRO":0.0411040549150174,"FSM":0.00185977310768086,"G001":4.67104781262243,"GAB":3.46431347786676,"GBR":7.97797355319206,"GEO":1.66699456914275,"GHA":0.436820497903925,"GIB":15.194572452637,"GIN":0.241465874753248,"GMB":0.22879328153304,"GNB":0.200338749970473,"GNQ":4.8069734291493,"GRC":8.01145293539691,"GRD":1.06464968723675,"GRL":11.3701489369229,"GTM":0.812345449469632,"GUM":0.00180156375734137,"GUY":2.35059846033932,"HKG":6.01174510976339,"HND":0.95425728178202,"HRV":4.87506829937978,"HTI":0.26510476988653,"HUN":5.23461796037869,"IDN":1.80134962735397,"IND":1.39129863287623,"IRL":8.97445371922665,"IRN":7.44954181717631,"IRQ":3.59130892513878,"ISL":11.7481708333202,"ISR":9.43716879164699,"ITA":7.08186391750757,"JAM":2.79862095462073,"JOR":2.82145795221434,"JPN":9.50311626454283,"KAZ":14.3850527504913,"KEN":0.324116934124197,"KGZ":1.20827304040436,"KHM":0.355795978766856,"KIR":0.562076832499264,"KNA":2.10690347094736,"KOR":12.3690482033055,"KWT":29.4966453441835,"LAO":0.467525939369713,"LBN":4.09800035229092,"LBR":0.1956938966072,"LBY":9.79867306653797,"LCA":1.06666822697857,"LKA":0.647461199097336,"LSO":0.261640445014179,"LTU":4.53332954506564,"LUX":22.1192102620953,"LVA":4.23345275809216,"MAC":3.20335195530726,"MAR":1.60291293785669,"MDA":2.97129565385693,"MDG":0.0887332565790363,"MDV":2.92051930198009,"MEX":4.19755809286418,"MHL":0.00192145107985551,"MKD":4.71412907992507,"MLI":0.124608048140889,"MLT":6.25971030715933,"MMR":0.176083810704641,"MNG":5.44277377454793,"MNP":0.00184873638867834,"MOZ":0.156770431712185,"MRT":0.621327557199794,"MUS":2.93961932181702,"MWI":0.302506403583916,"MYS":7.52034773024468,"NAM":1.27238885378833,"NCL":13.4481730394293,"NER":0.0871239576683192,"NGA":0.566502430832841,"NIC":0.814142171173605,"NLD":11.2017265434693,"NOR":9.81436424221947,"NPL":0.175005793295226,"NRU":0,"NZL":7.68715379134392,"OMN":18.6742369569522,"PAK":0.781255493557947,"PAN":2.52989154024971,"PER":1.57630028365174,"PHL":0.881994350568382,"PLW":114.73689932594,"PNG":0.554318104497753,"POL":8.65823367232175,"PRI":3.60688045128629,"PRK":2.76311230307863,"PRT":5.03622400242124,"PRY":0.913894475939317,"PYF":3.65769827777367,"QAT":44.6630200292918,"ROU":4.11641877898071,"RUS":12.2289345872818,"RWA":0.0708695172198292,"SAU":20.3047423300728,"SDN":0.47757128392889,"SEN":0.552265288044008,"SGP":9.62940332481604,"SLB":0.672648264060882,"SLE":0.114146335505697,"SLV":1.10817799335525,"SOM":0.0643056345273874,"STP":0.679860507585175,"SUR":3.18171816781622,"SVK":7.40271408613822,"SVN":8.37691223640926,"SWE":5.63902638970728,"SWZ":0.769666711644852,"SYC":10.2149938732316,"SYR":2.78848083131261,"TCA":2.46477689229631,"TCD":0.042606847064891,"TGO":0.375041403085588,"THA":3.59232409675161,"TJK":0.401325589792452,"TKM":11.0800243550197,"TLS":0.308293974530714,"TON":1.17504655493482,"TTO":31.1317933937106,"TUN":2.57579895188362,"TUR":4.26801919276368,"TUV":0,"TZA":0.163841548892358,"UGA":0.117311081090243,"UKR":6.8001696142477,"URY":1.94598292040572,"USA":17.847084306938,"UZB":4.78418105352781,"VCT":0.882146982056949,"VEN":6.13592407148401,"VGB":2.54742547425474,"VIR":0.00184575062063365,"VNM":1.79273486369334,"VUT":0.650162855511904,"WSM":1.36304999922289,"YEM":0.984687109444892,"ZAF":8.87117430020844,"ZMB":0.230036760341164,"ZWE":0.753832502230367}}