{"schemaVersion":1,"dataKind":"ranking-year","indicatorId":"EN.GHG.CO2.PC.CE.AR5","year":2011,"valuesByCountry":{"ABW":2.83358189314852,"AFG":0.392640542832169,"AGO":0.976536306021153,"ALB":1.72129581663193,"ARE":24.9498559934509,"ARG":4.42921822947444,"ARM":1.61963737243634,"ASM":0.0018216595318335,"ATG":2.46490293286383,"AUS":18.480821685778,"AUT":8.6022725227944,"AZE":3.21257348402642,"BDI":0.0427455176375168,"BEL":9.46659728377578,"BEN":0.491508351362043,"BFA":0.133063992431119,"BGD":0.425203089273234,"BGR":7.4553286135295,"BHR":24.2703050994962,"BHS":2.29791057463905,"BIH":6.75293000851462,"BLR":6.65434111179211,"BLZ":0.45829794254777,"BMU":2.40691635416503,"BOL":1.55521407094396,"BRA":2.37418967936326,"BRB":2.45854442871163,"BRN":19.6830658831365,"BTN":1.55939648452092,"BWA":1.93548698237551,"CAF":0.0476449067813708,"CAN":16.7674945217889,"CHE":5.34446068056738,"CHL":4.55717718537356,"CHN":7.40185065816131,"CIV":0.307997563310417,"CMR":0.367209784906356,"COD":0.0475516268605633,"COG":1.05242743383335,"COL":1.61663552853102,"COM":0.210760774545846,"CPV":1.70437992597473,"CRI":1.66999542065841,"CUB":2.45522503021925,"CYM":3.58954069704708,"CYP":6.67871500305715,"CZE":11.253602294493,"DEU":9.81776726131477,"DJI":0.661108756660109,"DMA":0.861656988110582,"DNK":7.80618220175594,"DOM":2.12429168575798,"DZA":3.38189926038203,"ECU":2.50021091296638,"EGY":2.40787061503775,"ERI":0.205637180109289,"ESP":6.19393014485236,"EST":16.8260839104471,"ETH":0.0854374939680603,"FIN":10.8053750812877,"FJI":1.36409091456743,"FRA":5.56604040689413,"FRO":0.0412005850483077,"FSM":0.00185704469906591,"G001":4.76232754519287,"GAB":3.26602075775049,"GBR":7.25917227971883,"GEO":2.01914524945287,"GHA":0.459557752784739,"GIB":14.5041061276058,"GIN":0.248995712600675,"GMB":0.233694797417461,"GNB":0.19800059201182,"GNQ":4.80007408391614,"GRC":7.75736006243731,"GRD":0.819957351510988,"GRL":12.0038671119705,"GTM":0.820889438069957,"GUM":0.00180133659175108,"GUY":2.45713680706236,"HKG":6.38924712936252,"HND":1.11128244992174,"HRV":4.77830091047516,"HTI":0.296967070987273,"HUN":5.15825393134008,"IDN":2.00399300866727,"IND":1.46337391608571,"IRL":8.10989492769128,"IRN":7.47503068180157,"IRQ":3.60389826022629,"ISL":11.2966829041986,"ISR":9.16057585825028,"ITA":6.9053125750862,"JAM":2.75432585616922,"JOR":2.80918568252281,"JPN":9.93397401297005,"KAZ":15.389052456457,"KEN":0.324518228099931,"KGZ":1.42500243843647,"KHM":0.364412931860331,"KIR":0.515151789022748,"KNA":1.65934394062193,"KOR":12.9702684429817,"KWT":29.3265415693367,"LAO":0.486447711772495,"LBN":4.11737002602031,"LBR":0.209775565020002,"LBY":6.97396882931226,"LCA":0.821881129911933,"LKA":0.757197565544141,"LSO":0.270207332737838,"LTU":4.72911365651569,"LUX":21.3951272024339,"LVA":3.99736079222842,"MAC":3.07296215429403,"MAR":1.70993845880488,"MDA":2.98346662826114,"MDG":0.100533250373538,"MDV":3.06229494158009,"MEX":4.22179978144365,"MHL":0.00192652243435375,"MKD":5.28745255234082,"MLI":0.131495145833861,"MLT":6.20225431693044,"MMR":0.185603670753961,"MNG":5.82704695840423,"MNP":0.00186539322489181,"MOZ":0.179664805829954,"MRT":0.646623526076628,"MUS":2.9195850540241,"MWI":0.375983735889801,"MYS":7.48482299197254,"NAM":1.32617380871956,"NCL":13.2999178368969,"NER":0.0858043617469507,"NGA":0.606966647220167,"NIC":0.838899676253052,"NLD":10.4278277326273,"NOR":9.47669413505272,"NPL":0.195186556140448,"NRU":0,"NZL":7.46138229927007,"OMN":19.4168676625401,"PAK":0.761925389822866,"PAN":2.7068055952273,"PER":1.67824036552445,"PHL":0.860953621187979,"PLW":131.081978094922,"PNG":0.568647823877457,"POL":8.58934161043243,"PRI":3.15890448641167,"PRK":2.02453403025292,"PRT":4.86833131897901,"PRY":0.937463561714889,"PYF":3.52228523481288,"QAT":51.1981146765586,"ROU":4.45806056206995,"RUS":12.8138402250147,"RWA":0.0720464570081352,"SAU":20.2940259487267,"SDN":0.449334195811792,"SEN":0.577132451936303,"SGP":9.90350885315629,"SLB":0.674208103880133,"SLE":0.135958333248529,"SLV":1.15322718229029,"SOM":0.0638360071358987,"STP":0.685702589294852,"SUR":3.51736300243228,"SVK":7.01956363237591,"SVN":7.83269836027402,"SWE":5.12869166987769,"SWZ":0.733025416139978,"SYC":8.9397422261868,"SYR":2.56219288858715,"TCA":1.81222848991766,"TCD":0.05359468136292,"TGO":0.335011741531885,"THA":3.57565835731247,"TJK":0.393927756481488,"TKM":11.6373653384927,"TLS":0.333991769102519,"TON":1.11555266338198,"TTO":31.0660464948167,"TUN":2.41262314515799,"TUR":4.48332295905392,"TUV":0,"TZA":0.193059357083924,"UGA":0.127802680432468,"UKR":7.19759562163247,"URY":2.34076033455321,"USA":17.0203888981196,"UZB":4.81134014423661,"VCT":0.631007142269248,"VEN":5.92634036716951,"VGB":1.9226750261233,"VIR":0.00184689260319512,"VNM":1.77200618969635,"VUT":0.738066487592104,"WSM":1.37484400117095,"YEM":0.833886302805684,"ZAF":8.37758623633968,"ZMB":0.239454830917406,"ZWE":1.16578931263931}}