{"schemaVersion":1,"dataKind":"ranking-year","indicatorId":"EN.GHG.CO2.PC.CE.AR5","year":2012,"valuesByCountry":{"ABW":3.60580155604649,"AFG":0.323442048526517,"AGO":0.981682218580684,"ALB":1.58649537107597,"ARE":25.0303188225095,"ARG":4.47886128746974,"ARM":1.87480572732383,"ASM":0.00183523279928059,"ATG":2.59912903965162,"AUS":18.1834489375025,"AUT":8.18751763791919,"AZE":3.47266029417207,"BDI":0.0396483854478411,"BEL":9.27476642514783,"BEN":0.454419683203629,"BFA":0.15032942321544,"BGD":0.450583313929743,"BGR":6.83236589446759,"BHR":24.9936309104324,"BHS":2.70887876229462,"BIH":6.35152105670861,"BLR":6.80323020321301,"BLZ":0.487120754513866,"BMU":2.79200578198159,"BOL":1.62055085263547,"BRA":2.52901988702936,"BRB":2.32398587409456,"BRN":18.7948919633985,"BTN":1.47097572910959,"BWA":1.67156956431633,"CAF":0.047952133750668,"CAN":16.3390529794046,"CHE":5.45216429296445,"CHL":4.64341271955513,"CHN":7.58441651466929,"CIV":0.384376785213736,"CMR":0.360945218894671,"COD":0.0411769262109865,"COG":0.944931388370302,"COL":1.61000537888315,"COM":0.213312207502604,"CPV":1.46106591399635,"CRI":1.63797343615926,"CUB":2.55579516374824,"CYM":3.34290114813778,"CYP":6.11139379970946,"CZE":10.8487615339863,"DEU":9.94745307113612,"DJI":0.82337985015728,"DMA":0.785613009635695,"DNK":6.9026384708987,"DOM":2.17318836341436,"DZA":3.72600758334859,"ECU":2.48269447452299,"EGY":2.50058176167515,"ERI":0.208858250345408,"ESP":6.09265740713323,"EST":16.0506269014195,"ETH":0.0938018335872736,"FIN":9.66512380653683,"FJI":1.31727652095598,"FRA":5.55949763606406,"FRO":0.0414155846845168,"FSM":0.00185373992028918,"G001":4.77385868425967,"GAB":3.1891467218658,"GBR":7.55583494216069,"GEO":2.21884676178385,"GHA":0.541462365829504,"GIB":14.6304911174248,"GIN":0.229920924452238,"GMB":0.217513242170943,"GNB":0.193894092164487,"GNQ":4.3371269664928,"GRC":7.38387675666416,"GRD":0.843272001773443,"GRL":9.48600598486182,"GTM":0.833631164466604,"GUM":0.001803632515887,"GUY":2.68341444589756,"HKG":6.24424833219116,"HND":1.13935896829815,"HRV":4.40975990806428,"HTI":0.273948632992746,"HUN":4.80352430687509,"IDN":1.9954892890649,"IND":1.57607553513255,"IRL":8.17522126702863,"IRN":7.46470417628295,"IRQ":3.95321422100273,"ISL":11.3655071776899,"ISR":9.80845711396245,"ITA":6.55333989010063,"JAM":2.52991058385604,"JOR":3.23339783293465,"JPN":10.2516011251361,"KAZ":14.9547390961317,"KEN":0.293759364539568,"KGZ":1.84730353944285,"KHM":0.376906521441665,"KIR":0.496954151971786,"KNA":1.69668105372823,"KOR":12.8528563619499,"KWT":27.5578052739662,"LAO":0.511690636170271,"LBN":4.47632828355561,"LBR":0.223437089459216,"LBY":10.1719960487613,"LCA":0.845370740554039,"LKA":0.845279080834285,"LSO":0.283333185866373,"LTU":4.8479177448757,"LUX":20.4689365773544,"LVA":3.94598880509891,"MAC":3.06920232435288,"MAR":1.75533733964027,"MDA":2.92022861745732,"MDG":0.121500587449608,"MDV":3.72836837996164,"MEX":4.33350424276325,"MHL":0.00194480639452343,"MKD":4.98507374518155,"MLI":0.133938525684299,"MLT":6.48623425104993,"MMR":0.251973184982232,"MNG":6.21877976761671,"MNP":0.00187849870383589,"MOZ":0.193192939095761,"MRT":0.698114469220239,"MUS":2.98093292204204,"MWI":0.361753852443003,"MYS":7.40984230399317,"NAM":1.36313058914982,"NCL":13.1331612874724,"NER":0.11521705528619,"NGA":0.580337328542393,"NIC":0.82136320433153,"NLD":10.2418555171895,"NOR":9.2436037096601,"NPL":0.226080233042303,"NRU":0,"NZL":7.89151788752524,"OMN":19.0117803076649,"PAK":0.756547286914094,"PAN":2.77914034053547,"PER":1.6622975160443,"PHL":0.893452882976031,"PLW":202.865184351252,"PNG":0.527248406524125,"POL":8.39990338165267,"PRI":3.09679340188389,"PRK":1.94440063767148,"PRT":4.73413585593852,"PRY":0.91780441878322,"PYF":3.38577141099442,"QAT":53.5992587251326,"ROU":4.36901221879411,"RUS":12.6922981666833,"RWA":0.0782278619167433,"SAU":20.6100945700312,"SDN":0.474625992378013,"SEN":0.553255156926921,"SGP":9.44039430491129,"SLB":0.648354445385857,"SLE":0.148738833902196,"SLV":1.14454180790729,"SOM":0.062458069714216,"STP":0.701017213984449,"SUR":4.34546142867553,"SVK":6.67699907851554,"SVN":7.54292692008736,"SWE":4.80375075083719,"SWZ":0.72161820435409,"SYC":10.0404289774979,"SYR":2.0319939183901,"TCA":1.80533507641548,"TCD":0.0915222301903308,"TGO":0.316333405438535,"THA":3.81363739650232,"TJK":0.436993173518022,"TKM":11.7581405053864,"TLS":0.554064949312045,"TON":1.0999441652708,"TTO":28.5171293459977,"TUN":2.56515036313153,"TUR":4.57803809727294,"TUV":0,"TZA":0.223794524706032,"UGA":0.126072306268161,"UKR":7.03131803172885,"URY":2.66279826623545,"USA":16.1854221004814,"UZB":4.20977063590157,"VCT":0.80562095350206,"VEN":6.55732695996789,"VGB":1.88169385401219,"VIR":0.00184863385957777,"VNM":1.74532095481779,"VUT":0.593451541487366,"WSM":1.36439047725677,"YEM":0.773829681433409,"ZAF":8.57667504044573,"ZMB":0.289620990303567,"ZWE":0.922261124294909}}