{"schemaVersion":1,"dataKind":"ranking-year","indicatorId":"EN.GHG.CO2.PC.CE.AR5","year":2013,"valuesByCountry":{"ABW":3.90631653655075,"AFG":0.266539509081829,"AGO":1.09052642360471,"ALB":1.69345614437421,"ARE":25.3545579109196,"ARG":4.53658672333476,"ARM":1.81763732627399,"ASM":0.00185164611339481,"ATG":2.95012718023256,"AUS":17.5432435542019,"AUT":8.2087562440867,"AZE":3.52686650169203,"BDI":0.0433169105214592,"BEL":9.35170659157785,"BEN":0.464168181148386,"BFA":0.171824228532949,"BGD":0.460477953853579,"BGR":6.20837555281037,"BHR":25.6391882801584,"BHS":2.87924887782918,"BIH":6.42871959276172,"BLR":6.82283812148219,"BLZ":0.602118684998551,"BMU":3.1144807625759,"BOL":1.69450194184791,"BRA":2.63744450973958,"BRB":2.63158842490051,"BRN":18.9425148710366,"BTN":1.52604605438228,"BWA":2.57945832216088,"CAF":0.0320522555159282,"CAN":16.396768369606,"CHE":5.51425294455201,"CHL":4.82901967693119,"CHN":7.89327631231478,"CIV":0.409402344006993,"CMR":0.382158504270741,"COD":0.0439415039531586,"COG":1.11984540566293,"COL":1.8121783209001,"COM":0.250792884721456,"CPV":1.42808336180389,"CRI":1.68258114091864,"CUB":2.56876181773557,"CYM":3.69448469866167,"CYP":5.440262861149,"CZE":10.41753532722,"DEU":10.1408601249876,"DJI":0.888889791475431,"DMA":0.859212508068565,"DNK":7.18355983652162,"DOM":2.10753894045547,"DZA":3.79361564251901,"ECU":2.60378102840693,"EGY":2.39951090462348,"ERI":0.193080836336668,"ESP":5.5007234648845,"EST":17.9337282254815,"ETH":0.106072048801188,"FIN":9.80540072646081,"FJI":1.49844164687806,"FRA":5.45712098979101,"FRO":0.0414542138208349,"FSM":0.0018497794138049,"G001":4.80903716920815,"GAB":3.17695376880692,"GBR":7.33126023168431,"GEO":2.46103202330063,"GHA":0.562243171221352,"GIB":15.4225938840374,"GIN":0.20281681180621,"GMB":0.212137920544533,"GNB":0.194283753338054,"GNQ":4.25139167653382,"GRC":6.73744445045335,"GRD":1.08029994624935,"GRL":9.51436715471912,"GTM":0.87963888748261,"GUM":0.0018075991468132,"GUY":2.63645951246698,"HKG":6.43354831520149,"HND":1.13847266335916,"HRV":4.34143567122871,"HTI":0.291263408593826,"HUN":4.5374057479924,"IDN":1.85640226795234,"IND":1.59945855716817,"IRL":7.8579683966663,"IRN":7.61840318570665,"IRQ":4.09302888224357,"ISL":11.4608171384095,"ISR":8.47298219492524,"ITA":5.99742374656768,"JAM":2.68841288550042,"JOR":3.015399892565,"JPN":10.3847926556554,"KAZ":15.7272046561439,"KEN":0.308839543589584,"KGZ":1.67670910396995,"KHM":0.375413441925121,"KIR":0.527943217554771,"KNA":1.93333191697295,"KOR":12.7317329769662,"KWT":26.7612812884495,"LAO":0.596607216188438,"LBN":4.02278357415317,"LBR":0.202986909648455,"LBY":9.93067314994636,"LCA":0.96153291534242,"LKA":0.720767549186301,"LSO":0.2825669193933,"LTU":4.51309413254538,"LUX":18.9995583038869,"LVA":3.86525804077913,"MAC":3.0667342456496,"MAR":1.73118097184317,"MDA":2.62071970563283,"MDG":0.126490659824491,"MDV":4.05254080535906,"MEX":4.17443117084187,"MHL":0.00197312602355912,"MKD":4.57514266277495,"MLI":0.157002316488651,"MLT":5.60886043172242,"MMR":0.28292574578925,"MNG":6.61573895373284,"MNP":0.00189544713597938,"MOZ":0.204274287988904,"MRT":0.620006116243983,"MUS":3.06387900172131,"MWI":0.310800469452195,"MYS":7.85952532729463,"NAM":1.37810831304484,"NCL":14.1805925829594,"NER":0.109995206237097,"NGA":0.63302873569183,"NIC":0.775237326501605,"NLD":10.0780436970437,"NOR":9.22857857758341,"NPL":0.228209529280106,"NRU":0,"NZL":7.78476396299048,"OMN":18.4231097575767,"PAK":0.761812998094914,"PAN":2.68272349907681,"PER":1.68769322902782,"PHL":0.955039177738511,"PLW":103.371486854034,"PNG":0.551230455449542,"POL":8.28307772126095,"PRI":3.01209414370714,"PRK":1.49661356655539,"PRT":4.60337018320703,"PRY":0.942925509553368,"PYF":3.61739611543053,"QAT":53.2936831372565,"ROU":3.9798049339529,"RUS":12.2682756012668,"RWA":0.0850149729477326,"SAU":19.8087286694572,"SDN":0.466404764386795,"SEN":0.571875600117834,"SGP":9.74704963473961,"SLB":0.660733345099127,"SLE":0.167216483759209,"SLV":1.080823263161,"SOM":0.060817769387286,"STP":0.690662082962288,"SUR":4.02147551931391,"SVK":6.72042469482633,"SVN":7.52978344651553,"SWE":4.579871273832,"SWZ":0.851954442074709,"SYC":8.91949882711314,"SYR":1.43975259608924,"TCA":1.99387870323597,"TCD":0.096069856875415,"TGO":0.265104025260238,"THA":3.95099362283237,"TJK":0.437388428770396,"TKM":10.99020918314,"TLS":0.654615753067028,"TON":1.11507499206186,"TTO":27.8473798577755,"TUN":2.53281443802063,"TUR":4.38456228128668,"TUV":0,"TZA":0.23745636583617,"UGA":0.124837840133874,"UKR":6.83496373147307,"URY":2.28942554965314,"USA":16.495975221911,"UZB":4.0848046860347,"VCT":0.762935219864059,"VEN":6.45112739625486,"VGB":2.06289625587484,"VIR":0.00185114910080432,"VNM":1.80141667663283,"VUT":0.59336220243475,"WSM":1.4061774971251,"YEM":0.982094877377072,"ZAF":8.68872722515024,"ZMB":0.307539510527861,"ZWE":0.907590570671441}}