{"schemaVersion":1,"dataKind":"ranking-year","indicatorId":"EN.GHG.CO2.PC.CE.AR5","year":2014,"valuesByCountry":{"ABW":4.12987912777252,"AFG":0.242701667084292,"AGO":1.13720270585859,"ALB":1.83944794209463,"ARE":24.5815838321273,"ARG":4.41674615124171,"ARM":1.91144070608534,"ASM":0.00187034751056746,"ATG":3.15101672956683,"AUS":16.8873574131124,"AUT":7.71395434498633,"AZE":3.64178419497101,"BDI":0.0375470437605934,"BEL":8.72331187181937,"BEN":0.494995287399714,"BFA":0.15105767526533,"BGD":0.485260877115325,"BGR":6.68898259606321,"BHR":25.3239482048013,"BHS":2.97228863347441,"BIH":5.83357574795313,"BLR":6.77047133861776,"BLZ":0.586089194464108,"BMU":4.28150923200428,"BOL":1.7940087500212,"BRA":2.7310345760982,"BRB":2.39628091453864,"BRN":19.4524295140972,"BTN":1.54036274158106,"BWA":3.29095543184208,"CAF":0.0349759105308854,"CAN":16.3774543965685,"CHE":4.9941693678652,"CHL":4.4057176939683,"CHN":7.93164331637339,"CIV":0.426425227791211,"CMR":0.402109837976095,"COD":0.0473985501773001,"COG":1.0605360257884,"COL":1.82364474726519,"COM":0.217145957220138,"CPV":1.51095201102423,"CRI":1.68785381694898,"CUB":2.38402768086374,"CYM":3.85804521276596,"CYP":5.67256975156453,"CZE":10.1886522126064,"DEU":9.61630846170469,"DJI":0.881106034903168,"DMA":0.950648686285933,"DNK":6.41399137942491,"DOM":2.10372169025182,"DZA":3.95441595238121,"ECU":2.71026279559796,"EGY":2.39012321445552,"ERI":0.192428662307406,"ESP":5.49369292128904,"EST":17.3074333704818,"ETH":0.122678387639653,"FIN":9.05273118506377,"FJI":1.70000599399511,"FRA":4.93048874498212,"FRO":0.0412984224002643,"FSM":0.00184508653455847,"G001":4.77690089127195,"GAB":3.16776342891399,"GBR":6.66445837202105,"GEO":2.64568558380433,"GHA":0.529042716262329,"GIB":16.3746076250267,"GIN":0.206869669841795,"GMB":0.223512932149642,"GNB":0.195965590004606,"GNQ":4.08471612226645,"GRC":6.51907892218189,"GRD":0.963796306031612,"GRL":8.54072297717382,"GTM":0.926919710682339,"GUM":0.00120856144930689,"GUY":2.73802784035087,"HKG":6.57781312677225,"HND":1.09616752372968,"HRV":4.20723258150827,"HTI":0.311214389725095,"HUN":4.55934371452648,"IDN":1.95102470107868,"IND":1.70517686000076,"IRL":7.75893459059544,"IRN":7.8101095500119,"IRQ":3.78352330429891,"ISL":10.5804768682839,"ISR":8.02420974475699,"ITA":5.68586837020992,"JAM":2.58240808318858,"JOR":2.93907556095458,"JPN":10.0063625506773,"KAZ":13.07867493139,"KEN":0.341036024063525,"KGZ":1.68334843700684,"KHM":0.456810037844296,"KIR":0.526334044361202,"KNA":2.06629998513453,"KOR":12.4261677995393,"KWT":25.1870221469575,"LAO":0.654511028510084,"LBN":3.93405377982319,"LBR":0.259010541172532,"LBY":9.61533793913791,"LCA":1.02102929860226,"LKA":0.860549619790163,"LSO":0.288016522369956,"LTU":4.49797821297655,"LUX":17.6515632218206,"LVA":3.79876034591545,"MAC":3.36030239665434,"MAR":1.73842954113431,"MDA":2.81365308811102,"MDG":0.126540783548996,"MDV":5.30224821513622,"MEX":4.01481960973153,"MHL":0.0020081934291911,"MKD":4.35528122501704,"MLI":0.16153478747013,"MLT":5.4659835148484,"MMR":0.350073559191087,"MNG":6.59114249102211,"MNP":0.00191651653953774,"MOZ":0.224549920070884,"MRT":0.697074247358851,"MUS":3.16403004104002,"MWI":0.299117927594907,"MYS":8.18962008151058,"NAM":1.38659483707511,"NCL":17.031263334566,"NER":0.114592549329829,"NGA":0.660183629190404,"NIC":0.809215605987777,"NLD":9.59164086966339,"NOR":9.1470465028638,"NPL":0.265694626083707,"NRU":0,"NZL":7.81374958485553,"OMN":18.7456448430569,"PAK":0.78969023760602,"PAN":2.76763115859532,"PER":1.76825633140529,"PHL":1.00237329489598,"PLW":71.5608241603161,"PNG":0.64972585602458,"POL":7.95991816737647,"PRI":3.21103079845925,"PRK":1.63490910588245,"PRT":4.58326274759251,"PRY":0.980244689661672,"PYF":3.55841627862381,"QAT":51.4766852020105,"ROU":3.96756659394738,"RUS":12.1341694161707,"RWA":0.0844012766836986,"SAU":20.6973806780556,"SDN":0.4769298698272,"SEN":0.592328969929697,"SGP":9.84749870377372,"SLB":0.607059723654094,"SLE":0.175528275394702,"SLV":1.10571957770258,"SOM":0.057963231130783,"STP":0.668811335234058,"SUR":4.55565346305788,"SVK":6.27281818770694,"SVN":6.85069690297675,"SWE":4.41199615103377,"SWZ":0.865001201268328,"SYC":10.1369323219387,"SYR":1.52845127759128,"TCA":2.16833095577746,"TCD":0.0989591842171624,"TGO":0.232146083279246,"THA":3.88118627669814,"TJK":0.565921378207624,"TKM":10.4055728761936,"TLS":0.629577892602016,"TON":1.23629337110375,"TTO":27.651535705021,"TUN":2.67906940110098,"TUR":4.60446003106117,"TUV":0,"TZA":0.223568261465515,"UGA":0.133324031827087,"UKR":5.85851548255714,"URY":2.00617697761903,"USA":16.4248953102317,"UZB":3.74415254822206,"VCT":0.857395266657367,"VEN":6.34368674716556,"VGB":2.12365754505188,"VIR":0.00185387738454979,"VNM":1.95182181139621,"VUT":0.673608976329542,"WSM":1.43223503651824,"YEM":0.938116526235472,"ZAF":8.75262375978144,"ZMB":0.346397664972352,"ZWE":0.886871374194176}}