{"schemaVersion":1,"dataKind":"ranking-year","indicatorId":"EN.GHG.CO2.PC.CE.AR5","year":2015,"valuesByCountry":{"ABW":4.28613793486924,"AFG":0.24909135686806,"AGO":1.17503861630089,"ALB":1.78508860089342,"ARE":24.3205333372838,"ARG":4.51258701954955,"ARM":1.86953338214737,"ASM":0.00189114565603843,"ATG":3.25470590209039,"AUS":16.8219551608068,"AUT":7.79423187131705,"AZE":3.57774691556657,"BDI":0.0393751391707505,"BEL":9.08415110044211,"BEN":0.511448213359745,"BFA":0.209618038878152,"BGD":0.536099232905876,"BGR":7.138544362474,"BHR":24.4242594076429,"BHS":2.90751688093298,"BIH":5.92032322488213,"BLR":6.25386583936119,"BLZ":0.693733109198418,"BMU":3.63513172822387,"BOL":1.81142391012742,"BRA":2.56818858918394,"BRB":2.57894548191691,"BRN":17.4445539207791,"BTN":1.76825299952202,"BWA":3.21839372606118,"CAF":0.0504177719405874,"CAN":16.0870291468599,"CHE":4.85628796304837,"CHL":4.67539634716479,"CHN":7.79057049265868,"CIV":0.44620325590139,"CMR":0.403515922523748,"COD":0.0443348733039091,"COG":1.12810370252086,"COL":1.83556759919216,"COM":0.235591359081414,"CPV":1.54334359887118,"CRI":1.61015749564449,"CUB":2.61116898217438,"CYM":4.07027675935239,"CYP":5.62213100101517,"CZE":10.2684424579836,"DEU":9.60884887243027,"DJI":0.800048612533605,"DMA":1.02826303081949,"DNK":5.99477468305967,"DOM":2.28789566173054,"DZA":4.11245469680565,"ECU":2.66047592480738,"EGY":2.40381816615146,"ERI":0.185989838823833,"ESP":5.84933711711804,"EST":15.9815175075091,"ETH":0.130068091316854,"FIN":8.39046261440988,"FJI":1.76054728068819,"FRA":4.99116340691761,"FRO":0.0409006319147631,"FSM":0.0018396556164686,"G001":4.6979632206542,"GAB":3.15596997338055,"GBR":6.38957565142576,"GEO":2.8580432698141,"GHA":0.543997874552012,"GIB":17.6904769077818,"GIN":0.243671534205201,"GMB":0.228812481203886,"GNB":0.202915603342258,"GNQ":3.71883517902943,"GRC":6.41834866895798,"GRD":1.02113781436395,"GRL":9.24546458994191,"GTM":1.06172507283645,"GUM":0.00121281950213759,"GUY":2.73412223026143,"HKG":6.06825943247432,"HND":1.17120740302502,"HRV":4.34144843408463,"HTI":0.332026955191185,"HUN":4.85223400666785,"IDN":1.95721455259026,"IND":1.71550269097521,"IRL":8.00687883789665,"IRN":7.61916074830014,"IRQ":3.67151586099612,"ISL":10.9704819914454,"ISR":8.11347119962769,"ITA":5.87319309166979,"JAM":2.53581223278647,"JOR":2.68560794130457,"JPN":9.69456115651128,"KAZ":11.2116791211142,"KEN":0.361032749251909,"KGZ":1.70796995249697,"KHM":0.54531544042914,"KIR":0.533321919274066,"KNA":2.16407925754455,"KOR":12.6198190502874,"KWT":24.9282188842881,"LAO":1.31255012574164,"LBN":4.15689901334406,"LBR":0.264624586135088,"LBY":8.3409996510926,"LCA":1.04285183385266,"LKA":0.939966618979494,"LSO":0.283472812790582,"LTU":4.69257592209704,"LUX":16.3436352272807,"LVA":3.86745667695055,"MAC":4.29149167833256,"MAR":1.76683506518859,"MDA":2.92639787755758,"MDG":0.134437411505432,"MDV":3.7098800898742,"MEX":4.05069677949307,"MHL":0.00204918032786885,"MKD":4.14802110404041,"MLI":0.189920713265439,"MLT":3.76435099725361,"MMR":0.386395865290602,"MNG":5.95530555717072,"MNP":0.00194121986256163,"MOZ":0.243268951299953,"MRT":0.695166036764374,"MUS":3.16000186874594,"MWI":0.287318193984204,"MYS":8.09596053481984,"NAM":1.50195847197069,"NCL":16.1165809696011,"NER":0.108819188928427,"NGA":0.621244733321397,"NIC":0.893922139285724,"NLD":9.99734178248626,"NOR":9.24221086700149,"NPL":0.263161214520219,"NRU":0,"NZL":7.67750683386124,"OMN":18.9549319636454,"PAK":0.820485873767654,"PAN":2.68464798922232,"PER":1.80255174406388,"PHL":1.07477147738809,"PLW":67.2706809229038,"PNG":0.683258826298608,"POL":8.05009433373176,"PRI":3.42193169375025,"PRK":1.27678018091639,"PRT":4.99335011637296,"PRY":1.08148865183778,"PYF":3.61973037363333,"QAT":48.6591283555913,"ROU":4.0525613738175,"RUS":12.1481277789029,"RWA":0.0951200951338408,"SAU":20.5071259148746,"SDN":0.538628519166206,"SEN":0.631685802233911,"SGP":9.9683071478565,"SLB":0.521726890986292,"SLE":0.145275663555545,"SLV":1.17485133438427,"SOM":0.0595713916231977,"STP":0.702477894663265,"SUR":4.68702450195744,"SVK":6.36564652722325,"SVN":6.92739774687175,"SWE":4.37800649972355,"SWZ":0.858320652635208,"SYC":10.5631616694677,"SYR":1.44845576885991,"TCA":2.18549378500205,"TCD":0.110147579596714,"TGO":0.201743528645689,"THA":3.99014074054595,"TJK":0.589055327261958,"TKM":10.9255651351321,"TLS":0.57686674726648,"TON":1.26961685282059,"TTO":27.2353106358828,"TUN":2.69429825515354,"TUR":4.70276339686943,"TUV":0,"TZA":0.253809224058563,"UGA":0.149085649404502,"UKR":4.93846267555134,"URY":2.04722838394224,"USA":15.9501022949136,"UZB":3.49764512064744,"VCT":0.889117427075542,"VEN":5.75436845431794,"VGB":2.0783813554409,"VIR":0.00185680332739156,"VNM":2.16344818077591,"VUT":0.598269078282306,"WSM":1.62948132142609,"YEM":0.457400001457025,"ZAF":8.14948651738695,"ZMB":0.356605174836236,"ZWE":0.881442359972868}}