{"schemaVersion":1,"dataKind":"ranking-year","indicatorId":"EN.GHG.CO2.PC.CE.AR5","year":2016,"valuesByCountry":{"ABW":4.46439246921188,"AFG":0.219353479990497,"AGO":1.07167614647808,"ALB":1.68739628528903,"ARE":23.7748451471417,"ARG":4.4223010437306,"ARM":1.79624369214317,"ASM":0.00191405876160398,"ATG":3.50009447698652,"AUS":16.8911897350521,"AUT":7.75747687791272,"AZE":3.52696895574541,"BDI":0.043231648947978,"BEL":8.94429666461985,"BEN":0.610993036151454,"BFA":0.203332261693596,"BGD":0.584484613989962,"BGR":6.83625613002581,"BHR":23.4996762017411,"BHS":3.20959657780469,"BIH":6.7682636611601,"BLR":6.23725167194174,"BLZ":0.715098504270575,"BMU":4.91260697568126,"BOL":1.91061375561046,"BRA":2.37533549789759,"BRB":2.76396826872867,"BRN":18.4753627527107,"BTN":1.90461927671535,"BWA":3.02151088073257,"CAF":0.0533555326292949,"CAN":15.8982424179268,"CHE":4.87123534246438,"CHL":4.86474105721938,"CHN":7.76322483949301,"CIV":0.43877495464017,"CMR":0.413632361438979,"COD":0.0356208635159088,"COG":1.07043781028987,"COL":1.8654751539246,"COM":0.270175168960594,"CPV":1.62012197739165,"CRI":1.69149442839303,"CUB":2.42368545978683,"CYM":4.17115689381933,"CYP":5.83770911607033,"CZE":10.3928969863904,"DEU":9.58423383867929,"DJI":0.718448267388038,"DMA":1.11628307904491,"DNK":6.2287600754887,"DOM":2.35715917178999,"DZA":3.93495625205734,"ECU":2.548787986578,"EGY":2.46076060182603,"ERI":0.191122470075508,"ESP":5.66204126256542,"EST":15.6467217413113,"ETH":0.15021997848876,"FIN":8.88160307084068,"FJI":1.73254885406989,"FRA":5.01727531627851,"FRO":0.0404334465469837,"FSM":0.00183360073344029,"G001":4.64960332789754,"GAB":3.12287828535461,"GBR":5.97285960339598,"GEO":2.95779616660474,"GHA":0.546382156439567,"GIB":18.1918117535207,"GIN":0.267497057490953,"GMB":0.224978971165648,"GNB":0.206780636205281,"GNQ":3.57336561935995,"GRC":6.32529541885367,"GRD":1.10831234256927,"GRL":9.18200263410814,"GTM":1.10787792062825,"GUM":0.00182667308031882,"GUY":3.21708654858634,"HKG":6.14445383420113,"HND":1.03396802934008,"HRV":4.44976669563441,"HTI":0.335286924737644,"HUN":4.94531881179394,"IDN":1.91626591013332,"IND":1.7202923565219,"IRL":8.29636917712182,"IRN":7.66363471449536,"IRQ":4.03030161950881,"ISL":9.4768348343514,"ISR":7.90452843435525,"ITA":5.80834075921169,"JAM":2.71374756887664,"JOR":2.52192429080405,"JPN":9.66865261733136,"KAZ":11.7692010281208,"KEN":0.384366853070731,"KGZ":1.57746831023662,"KHM":0.668405454858677,"KIR":0.57225814075187,"KNA":2.36856080722252,"KOR":12.6677788190173,"KWT":24.5748353685826,"LAO":2.29721448088974,"LBN":4.40699597979459,"LBR":0.291277161616349,"LBY":7.71283597446731,"LCA":1.11815811347825,"LKA":1.10736008298364,"LSO":0.308624300725396,"LTU":4.69887829841954,"LUX":15.5348496771555,"LVA":3.81753444818853,"MAC":4.02436781609195,"MAR":1.74200393753249,"MDA":3.00493795274377,"MDG":0.124571110322348,"MDV":3.91172728667202,"MEX":4.06104469144067,"MHL":0.00209604057934562,"MKD":3.99771705905588,"MLI":0.238623888160926,"MLT":3.00436738869759,"MMR":0.446262538135226,"MNG":6.18895798314975,"MNP":0.00196955074547496,"MOZ":0.304783553342609,"MRT":0.642260899312078,"MUS":3.21654571682465,"MWI":0.279415248170622,"MYS":7.78504411100645,"NAM":1.59834340010487,"NCL":17.1997332608857,"NER":0.104777428213515,"NGA":0.631791150085677,"NIC":0.918114335021321,"NLD":10.028805106001,"NOR":9.04975223129384,"NPL":0.385041034199327,"NRU":0,"NZL":7.36993275492671,"OMN":18.3626186750392,"PAK":0.893970251114536,"PAN":2.64685340546218,"PER":1.86289055051085,"PHL":1.13642556715245,"PLW":64.3029724110805,"PNG":0.738809232783268,"POL":8.34151367627891,"PRI":3.26088830352094,"PRK":1.40192400080846,"PRT":4.89305456071076,"PRY":1.20212010447541,"PYF":3.61024149467365,"QAT":46.043357731359,"ROU":3.99479410161277,"RUS":11.961746699283,"RWA":0.101567364138968,"SAU":19.6907023725829,"SDN":0.580134819548243,"SEN":0.684897111121798,"SGP":9.44707088976961,"SLB":0.48854205824762,"SLE":0.146932936293809,"SLV":1.18183137659657,"SOM":0.0583884020478453,"STP":0.718742789252242,"SUR":5.03728581709788,"SVK":6.5265914880281,"SVN":7.27283028626052,"SWE":4.2819344992006,"SWZ":0.910738255617408,"SYC":11.6216187669656,"SYR":1.34820380336727,"TCA":2.29936056374788,"TCD":0.111858325578718,"TGO":0.270784136343166,"THA":3.91990436444812,"TJK":0.644680564756192,"TKM":10.5800733045589,"TLS":0.538055477761351,"TON":1.35703726166559,"TTO":24.9048855339594,"TUN":2.59021982927091,"TUR":4.93533246982308,"TUV":0,"TZA":0.262646711236488,"UGA":0.154688947840922,"UKR":4.98162827265164,"URY":2.0209020670953,"USA":15.5045482189269,"UZB":3.64421845300852,"VCT":0.951583935909129,"VEN":5.29608278304555,"VGB":2.27876498022315,"VIR":0.00186018825105101,"VNM":2.38090235568537,"VUT":0.609731446191843,"WSM":1.74054909360734,"YEM":0.331047266795208,"ZAF":8.03701551903542,"ZMB":0.374035815469437,"ZWE":0.771813225130946}}