{"schemaVersion":1,"dataKind":"ranking-year","indicatorId":"EN.GHG.CO2.PC.CE.AR5","year":2017,"valuesByCountry":{"ABW":4.29576493309422,"AFG":0.2913283907183,"AGO":0.92592191412033,"ALB":2.0244422333699,"ARE":22.1639068763908,"ARG":4.32102910494897,"ARM":1.90951198227831,"ASM":0.00193851044857132,"ATG":3.06406685236769,"AUS":16.7209445382487,"AUT":7.96641934826064,"AZE":3.47329869912147,"BDI":0.0474764316842566,"BEL":8.77081443615992,"BEN":0.601713652575047,"BFA":0.228245053999348,"BGD":0.622997104678737,"BGR":7.2438350558862,"BHR":22.4846714044751,"BHS":3.51818891890854,"BIH":6.99679935322086,"BLR":6.3666212107869,"BLZ":0.762857648136934,"BMU":4.48740130233729,"BOL":1.92014923064189,"BRA":2.41694955353585,"BRB":2.43387074322467,"BRN":18.188792250885,"BTN":1.95350871960071,"BWA":3.28258954351765,"CAF":0.0552204845258517,"CAN":16.196245321702,"CHE":4.71119898152355,"CHL":4.83609776199712,"CHN":7.87802652170332,"CIV":0.461221278034062,"CMR":0.408780434472765,"COD":0.0373745177008366,"COG":1.03367382350737,"COL":1.68289187289759,"COM":0.344536382486926,"CPV":1.73155024537282,"CRI":1.70887391193112,"CUB":2.35681925818751,"CYM":4.35422638878128,"CYP":5.87048294831676,"CZE":10.4187499138699,"DEU":9.36976518940283,"DJI":0.641423683758974,"DMA":1.01027797243635,"DNK":5.81887534735593,"DOM":2.23015375777069,"DZA":3.98952018838216,"ECU":2.44983761168802,"EGY":2.52378641552398,"ERI":0.186042997803099,"ESP":5.97761510797052,"EST":16.6729670316324,"ETH":0.144744318001779,"FIN":8.36494370044446,"FJI":1.67682711135347,"FRA":5.06155143263354,"FRO":0.0398565165404544,"FSM":0.00182680099743334,"G001":4.67177747634658,"GAB":2.66535305299272,"GBR":5.77133371736955,"GEO":2.99648283639181,"GHA":0.578922122819532,"GIB":18.9750328515112,"GIN":0.264023093159597,"GMB":0.223551557965647,"GNB":0.163339498964344,"GNQ":3.12788819223808,"GRC":6.35852543809071,"GRD":1.10882031913235,"GRL":8.95641956846828,"GTM":1.02957279184604,"GUM":0.00183497461618448,"GUY":3.21257965409595,"HKG":5.96964778445058,"HND":0.974871343619725,"HRV":4.65112768894595,"HTI":0.331556809297013,"HUN":5.2571073027842,"IDN":2.00394276108737,"IND":1.79545339877531,"IRL":7.92618041220563,"IRN":7.83730730212281,"IRQ":4.25410677734214,"ISL":9.69685497961561,"ISR":7.78383620442312,"ITA":5.7611454316748,"JAM":2.59524590839289,"JOR":2.59425578446284,"JPN":9.55283290804272,"KAZ":12.1409198865254,"KEN":0.391204755110222,"KGZ":1.5280901441896,"KHM":0.735875459113371,"KIR":0.574516732488048,"KNA":2.21041445270988,"KOR":12.952944838832,"KWT":23.4582455235038,"LAO":2.74206282655521,"LBN":4.75585896916428,"LBR":0.253788210788989,"LBY":8.22031320255774,"LCA":1.11317780222522,"LKA":1.09125530228872,"LSO":0.333455410247971,"LTU":4.91240709777077,"LUX":15.408092082316,"LVA":3.82654532273942,"MAC":4.45172732880938,"MAR":1.80163893690506,"MDA":3.01460262798668,"MDG":0.132624692613867,"MDV":3.50893653976657,"MEX":4.05743329599921,"MHL":0.00214919727481786,"MKD":4.20312884317705,"MLI":0.260490442366382,"MLT":3.33585952653145,"MMR":0.650427600472324,"MNG":6.69287250187922,"MNP":0.00200164134590364,"MOZ":0.295110559594905,"MRT":0.90462166912079,"MUS":3.32606786218848,"MWI":0.299783006549716,"MYS":7.35056919281223,"NAM":1.49737539456841,"NCL":15.4923716081341,"NER":0.0920857909837752,"NGA":0.579461406473008,"NIC":0.899666272497,"NLD":9.81688717537774,"NOR":8.98402264330578,"NPL":0.471231959664218,"NRU":0,"NZL":7.53415323250789,"OMN":17.9309674535791,"PAK":0.955309760765795,"PAN":2.47597596022355,"PER":1.76274029927306,"PHL":1.25459105770861,"PLW":67.1682012126656,"PNG":0.629630686826063,"POL":8.69581601242887,"PRI":3.40966161678204,"PRK":2.84853702549672,"PRT":5.35359164296186,"PRY":1.33605525458062,"PYF":3.14473717095045,"QAT":44.8208042988114,"ROU":4.17578692629915,"RUS":12.1357322425004,"RWA":0.107481851425087,"SAU":19.4764691820848,"SDN":0.553975991088325,"SEN":0.659314939022302,"SGP":10.1364104576184,"SLB":0.425713752348061,"SLE":0.14155816155437,"SLV":1.06736376872868,"SOM":0.0560917617512643,"STP":0.720394260037687,"SUR":4.12724666631857,"SVK":6.93642043582623,"SVN":7.42566255708028,"SWE":4.15961982553065,"SWZ":0.916771355428058,"SYC":12.0280041317571,"SYR":1.61670932366686,"TCA":2.21231177811741,"TCD":0.141485892472642,"TGO":0.205457519665787,"THA":3.94997556709625,"TJK":0.763156637734805,"TKM":11.091151596704,"TLS":0.496763209802964,"TON":1.47025323664528,"TTO":23.9896125186399,"TUN":2.60042961253673,"TUR":5.39416444458135,"TUV":0,"TZA":0.255108045601944,"UGA":0.155657206984187,"UKR":4.52463056805499,"URY":1.89093027524777,"USA":15.1847127213968,"UZB":3.71680877488413,"VCT":1.03252794261,"VEN":4.97170927982669,"VGB":2.05205052142267,"VIR":0.00186426301022548,"VNM":2.40871172027244,"VUT":0.597471517771546,"WSM":1.54078329235937,"YEM":0.296939453573988,"ZAF":8.14751418587147,"ZMB":0.46088254788055,"ZWE":0.714789054258429}}