{"schemaVersion":1,"dataKind":"ranking-year","indicatorId":"EN.GHG.CO2.PC.CE.AR5","year":2018,"valuesByCountry":{"ABW":4.27241341315606,"AFG":0.321418704642259,"AGO":0.824809795011719,"ALB":2.04549315439886,"ARE":20.0375833141554,"ARG":4.25075806940885,"ARM":2.00458066689121,"ASM":0.00196432780702444,"ATG":3.15861249807536,"AUS":16.3939979308791,"AUT":7.60710822359904,"AZE":3.49731397232391,"BDI":0.0654752338347002,"BEL":8.79128601300038,"BEN":0.666298053345352,"BFA":0.264797129779167,"BGD":0.643225929977613,"BGR":6.90134019828938,"BHR":22.5016316377385,"BHS":3.08262692982478,"BIH":7.10487156775908,"BLR":6.722115187495,"BLZ":0.748502206582401,"BMU":4.71401043380176,"BOL":1.90865464156169,"BRA":2.28562350357953,"BRB":2.77224618914114,"BRN":18.3419748292638,"BTN":2.30402009058136,"BWA":3.57037693642974,"CAF":0.0601599989505309,"CAN":16.5238820455635,"CHE":4.52389143055195,"CHL":4.75406192633103,"CHN":8.2177362485386,"CIV":0.449429152663727,"CMR":0.425229264580814,"COD":0.0462188660927098,"COG":1.17123140519682,"COL":1.74191600051117,"COM":0.268666001373787,"CPV":1.55059746988304,"CRI":1.70246265595066,"CUB":2.38546526365894,"CYM":4.68904020260536,"CYP":5.67702050070156,"CZE":10.2865042924091,"DEU":9.00657809367265,"DJI":0.686269570717672,"DMA":1.04878692756769,"DNK":5.78874820578994,"DOM":2.37696846787898,"DZA":4.1125786627396,"ECU":2.47598953802116,"EGY":2.42443152195678,"ERI":0.205182976484296,"ESP":5.80969253331158,"EST":17.8889647853178,"ETH":0.155059082147088,"FIN":8.6010307269027,"FJI":1.80433502693037,"FRA":4.89217066506758,"FRO":0.0411797003686564,"FSM":0.00181968719577105,"G001":4.73428080473987,"GAB":2.44580571147547,"GBR":5.64018313747379,"GEO":2.98855589984192,"GHA":0.621997458350585,"GIB":19.7882595971768,"GIN":0.294495596694597,"GMB":0.191821079232149,"GNB":0.183438700467389,"GNQ":3.28825022178614,"GRC":6.19923893694163,"GRD":1.24037306272744,"GRL":9.0730592792246,"GTM":1.11243324329049,"GUM":0.00184412247432059,"GUY":3.26041366624724,"HKG":5.91190993747149,"HND":0.922263832523827,"HRV":4.45402410514506,"HTI":0.32453772280098,"HUN":5.28069332491601,"IDN":2.20953925241911,"IND":1.85989309419052,"IRL":7.76337876800063,"IRN":7.68073939665899,"IRQ":4.4937314270853,"ISL":9.34052693205111,"ISR":7.14844418426622,"ITA":5.65886939655412,"JAM":3.08184434790718,"JOR":2.4097651129684,"JPN":9.17213648658239,"KAZ":12.1155235587562,"KEN":0.381159185292234,"KGZ":1.78020784661392,"KHM":0.756550637862052,"KIR":0.621703089675961,"KNA":2.36342750170184,"KOR":13.1917269531809,"KWT":22.9164695855109,"LAO":2.78650036580858,"LBN":4.59444406102218,"LBR":0.129815079743549,"LBY":8.36151848685695,"LCA":1.46426614392968,"LKA":1.01443931702815,"LSO":0.346995310044912,"LTU":4.97247446083995,"LUX":15.6999753269183,"LVA":4.20714476222697,"MAC":3.22598269843679,"MAR":1.81912490485427,"MDA":3.27363703423792,"MDG":0.11912379760542,"MDV":2.93025349873916,"MEX":3.83831705872518,"MHL":0.0022082367229767,"MKD":3.99285143704431,"MLI":0.28284862119858,"MLT":3.23907890630974,"MMR":0.641233195886911,"MNG":7.1556569765684,"MNP":0.00203761436110602,"MOZ":0.277593949600126,"MRT":1.02255004685679,"MUS":3.29636205462015,"MWI":0.294590681031673,"MYS":7.72644571640815,"NAM":1.47819814870212,"NCL":21.2498368842601,"NER":0.0913914590764974,"NGA":0.592412108680957,"NIC":0.809411757353033,"NLD":9.46486529650368,"NOR":8.78033462878555,"NPL":0.531555032536151,"NRU":0,"NZL":7.27125249969391,"OMN":18.3513173579893,"PAK":0.891523323526385,"PAN":2.38158191493956,"PER":1.73514081818861,"PHL":1.29114721089618,"PLW":69.0748849219715,"PNG":0.522006835266501,"POL":8.68031784277711,"PRI":4.16800123986155,"PRK":2.56049221424721,"PRT":4.96972818082616,"PRY":1.3602583446884,"PYF":2.79792005432161,"QAT":44.520899868022,"ROU":4.26219717910626,"RUS":12.5939247104085,"RWA":0.116840203984691,"SAU":19.2090840590601,"SDN":0.53463218085508,"SEN":0.674573586926839,"SGP":9.61426051080076,"SLB":0.458608858258556,"SLE":0.160273995994209,"SLV":1.14186822838715,"SOM":0.0554085565643899,"STP":0.725544396180544,"SUR":3.58824579283518,"SVK":6.83757404157436,"SVN":7.44975394113682,"SWE":3.89655686848453,"SWZ":0.908609504939992,"SYC":10.3894090655423,"SYR":1.73689698738549,"TCA":4.56459491325585,"TCD":0.149407072594977,"TGO":0.234453571702739,"THA":3.87600024932723,"TJK":0.881498491565736,"TKM":11.1534118125034,"TLS":0.522430579665961,"TON":1.39626966760446,"TTO":24.00159506413,"TUN":2.56581225435625,"TUR":5.27401972926131,"TUV":0,"TZA":0.259781366222155,"UGA":0.164969635756831,"UKR":4.82875863377984,"URY":2.0241364499516,"USA":15.5796456645972,"UZB":3.48417486035642,"VCT":1.05026399557784,"VEN":4.62269142706999,"VGB":1.91880428196324,"VIR":0.00186914140989337,"VNM":2.93126723532271,"VUT":0.802078111470628,"WSM":1.66054860247998,"YEM":0.35186257770312,"ZAF":8.077016906198,"ZMB":0.506471474864007,"ZWE":0.816285156253118}}