{"schemaVersion":1,"dataKind":"ranking-year","indicatorId":"EN.GHG.CO2.PC.CE.AR5","year":2019,"valuesByCountry":{"ABW":4.66562273930203,"AFG":0.319752781855278,"AGO":0.833846270553112,"ALB":1.94096037816015,"ARE":20.945786930361,"ARG":4.07504069344001,"ARM":2.16867510548523,"ASM":0.00199167479933876,"ATG":3.74983582154897,"AUS":16.1007065925773,"AUT":7.74519365039325,"AZE":3.68923143929596,"BDI":0.0624381085920451,"BEL":8.73127988733552,"BEN":0.639872457668903,"BFA":0.271887847085997,"BGD":0.662908100271382,"BGR":6.74590424327681,"BHR":24.8338675631303,"BHS":3.67517577753848,"BIH":6.75452909895075,"BLR":6.50202478662403,"BLZ":1.03206342706225,"BMU":4.71867346779603,"BOL":1.88492609189688,"BRA":2.25869881785082,"BRB":3.08882780300633,"BRN":17.1760639739767,"BTN":2.36171982050772,"BWA":3.14825844534693,"CAF":0.0611563525655636,"CAN":16.190860373335,"CHE":4.47745146514166,"CHL":4.96139546396702,"CHN":8.39147587098516,"CIV":0.467605284700189,"CMR":0.402691984014017,"COD":0.0478324083410493,"COG":1.28891524697681,"COL":1.72438739011403,"COM":0.287320520024715,"CPV":1.62982587180804,"CRI":1.63874650393745,"CUB":1.98985150737589,"CYM":5.84460914640486,"CYP":5.60889302704421,"CZE":9.72456561033821,"DEU":8.38218043063623,"DJI":0.765677513458601,"DMA":1.26988803771361,"DNK":5.17323991963432,"DOM":2.61257459696093,"DZA":4.19651934911155,"ECU":2.41784020907472,"EGY":2.20383858928624,"ERI":0.207888786905969,"ESP":5.3981216422823,"EST":11.6534202327534,"ETH":0.159693432847017,"FIN":7.99426833424913,"FJI":1.76959423936413,"FRA":4.79214044818249,"FRO":0.0405468025949954,"FSM":0.0018135325801128,"G001":4.70069318784206,"GAB":2.49273935862938,"GBR":5.38807912233045,"GEO":3.20488817553864,"GHA":0.648665525979844,"GIB":20.2118667943878,"GIN":0.369331917381969,"GMB":0.189267206220664,"GNB":0.181227181434531,"GNQ":3.0669803260373,"GRC":5.7354129269356,"GRD":1.55542718203844,"GRL":9.31791907514451,"GTM":1.14962736649855,"GUM":0.00247206565806388,"GUY":3.45861217212582,"HKG":5.79498927796055,"HND":1.02100509944404,"HRV":4.5506268056586,"HTI":0.323714293972993,"HUN":5.31240175169761,"IDN":2.33979466524606,"IND":1.83688223212799,"IRL":7.30821291296457,"IRN":8.18571981543646,"IRQ":4.70108992313127,"ISL":8.81066554249882,"ISR":7.21388336646786,"ITA":5.56784056329278,"JAM":2.98926316318908,"JOR":2.18238735759201,"JPN":8.87456666113888,"KAZ":11.3909406022159,"KEN":0.380387200105182,"KGZ":1.55180160392437,"KHM":0.953249815669925,"KIR":0.614100919133964,"KNA":2.77304481172261,"KOR":12.6531894575046,"KWT":21.7968059903888,"LAO":2.67630204116372,"LBN":4.66025747446672,"LBR":0.20014984968439,"LBY":8.26849764632106,"LCA":1.65877710921361,"LKA":1.09952758794661,"LSO":0.354575100536117,"LTU":5.08575146500164,"LUX":15.63174898105,"LVA":4.13194121501373,"MAC":3.34419642857143,"MAR":1.9847450344921,"MDA":3.41941968843461,"MDG":0.142139028845034,"MDV":3.10683553024106,"MEX":3.92542377851696,"MHL":0.00227236575999273,"MKD":4.62504703500897,"MLI":0.290188080208255,"MLT":3.32002413119751,"MMR":0.653317518704581,"MNG":7.75337679137417,"MNP":0.00207774938186956,"MOZ":0.288756199727081,"MRT":1.00413903504884,"MUS":3.32168232640987,"MWI":0.294726852321002,"MYS":7.63039929073035,"NAM":1.45542679968338,"NCL":20.3934331431634,"NER":0.103413157111608,"NGA":0.60197968413501,"NIC":0.821126102136495,"NLD":9.10784361996519,"NOR":8.47933467666537,"NPL":0.473751308506942,"NRU":0,"NZL":7.49357181659055,"OMN":18.6062766036459,"PAK":0.861524807145574,"PAN":3.10862634897395,"PER":1.79270106356368,"PHL":1.33500133744347,"PLW":71.2608158220025,"PNG":0.52413307926623,"POL":8.21985501300853,"PRI":3.8228523346568,"PRK":2.81942305659747,"PRT":4.51358282400518,"PRY":1.30801598389454,"PYF":2.81327723503229,"QAT":44.592192164423,"ROU":4.18922540818417,"RUS":12.7738739166789,"RWA":0.118588586832777,"SAU":19.2859458646594,"SDN":0.515296167190014,"SEN":0.674423812453823,"SGP":9.79870673958709,"SLB":0.438510355738608,"SLE":0.156143482319108,"SLV":1.30285851671355,"SOM":0.0528040378839186,"STP":0.745576216540451,"SUR":4.39326606885805,"SVK":6.3818228588265,"SVN":7.0993135844205,"SWE":3.8423518032643,"SWZ":0.962899428244033,"SYC":9.16568501920615,"SYR":1.63691966220706,"TCA":5.12208682759579,"TCD":0.141712220447998,"TGO":0.24876321447494,"THA":4.00533143026177,"TJK":0.948639271115973,"TKM":10.7659028351791,"TLS":0.559823820376726,"TON":1.56621147167097,"TTO":24.3573792966931,"TUN":2.54693841667269,"TUR":5.01913672458907,"TUV":0,"TZA":0.287346536895184,"UGA":0.1642944102063,"UKR":4.62458753784522,"URY":2.10646631378845,"USA":15.0439662080505,"UZB":3.49213238730726,"VCT":1.11839642113145,"VEN":4.15965140487118,"VGB":2.40142876768787,"VIR":0.0018749589852722,"VNM":3.46316479458409,"VUT":0.750038529376509,"WSM":1.78043664791687,"YEM":0.351518230200281,"ZAF":8.01412233375962,"ZMB":0.487959304388463,"ZWE":0.731473434469001}}