{"schemaVersion":1,"dataKind":"ranking-year","indicatorId":"EN.GHG.CO2.PC.CE.AR5","year":2020,"valuesByCountry":{"ABW":4.50053873852303,"AFG":0.310824605884889,"AGO":0.613970253682297,"ALB":1.80646079858255,"ARE":20.8141058466097,"ARG":3.72002854932287,"ARM":2.33479655579943,"ASM":0.00200960591627982,"ATG":3.54941968076998,"AUS":15.3043785143331,"AUT":7.05586627765098,"AZE":3.50800312410799,"BDI":0.0733769801401851,"BEL":7.96694296814415,"BEN":0.666089321415813,"BFA":0.265430526722067,"BGD":0.626122292349066,"BGR":6.01693316252197,"BHR":25.0238418045325,"BHS":2.96390417897101,"BIH":6.83055960433407,"BLR":6.20046882969124,"BLZ":0.815225735136076,"BMU":3.32701686806872,"BOL":1.57121108732946,"BRA":2.1466461829,"BRB":2.38766338419158,"BRN":22.6370349840413,"BTN":1.83518050508697,"BWA":2.57488289838852,"CAF":0.0633426623175616,"CAN":14.4219048812634,"CHE":4.16061648264036,"CHL":4.51770681212954,"CHN":8.47858302033874,"CIV":0.459550187168112,"CMR":0.39632883817277,"COD":0.0482487769194453,"COG":1.28685363330599,"COL":1.66507219030647,"COM":0.334969326682981,"CPV":1.22076090145508,"CRI":1.42529676301864,"CUB":1.6536430395816,"CYM":4.83227534797042,"CYP":5.22358661605671,"CZE":8.86715826663618,"DEU":7.72103264767393,"DJI":0.674907798492202,"DMA":1.14098826454353,"DNK":4.76521606117498,"DOM":2.44597258432274,"DZA":3.90423106841135,"ECU":2.08585799722046,"EGY":2.25205800434348,"ERI":0.204024524264334,"ESP":4.52823497177668,"EST":9.12576098778358,"ETH":0.151498089800296,"FIN":7.13874546232844,"FJI":1.17414583977713,"FRA":4.24677642127474,"FRO":0.0399505374298488,"FSM":0.00180316636012839,"G001":4.47400584361336,"GAB":2.3804551828839,"GBR":4.78988972791562,"GEO":3.1000484592432,"GHA":0.71957907173867,"GIB":17.6761673071075,"GIN":0.403359971963588,"GMB":0.167744351248722,"GNB":0.167042923027634,"GNQ":2.86058347723348,"GRC":4.89415483279633,"GRD":1.3202568312117,"GRL":9.35831248780315,"GTM":1.01505848395418,"GUM":0.0024667299794028,"GUY":4.12368835923074,"HKG":4.55312124047587,"HND":0.91129723982276,"HRV":4.39207849561316,"HTI":0.306345301003713,"HUN":5.13443109342005,"IDN":2.16976580881181,"IND":1.68040016064392,"IRL":6.80456776897729,"IRN":8.38853190019001,"IRQ":4.3658386045124,"ISL":8.38201946717677,"ISR":6.66216318867945,"ITA":4.96667406979317,"JAM":2.09235114929352,"JOR":1.9279853124113,"JPN":8.39710520271501,"KAZ":11.5744967551524,"KEN":0.367016056392308,"KGZ":1.38383515228208,"KHM":1.1140611022444,"KIR":0.584461415237234,"KNA":2.55173885214423,"KOR":11.9094442789339,"KWT":21.1232409306072,"LAO":2.645846687138,"LBN":3.82658313221911,"LBR":0.162113991303559,"LBY":6.48685759316115,"LCA":1.55736325385694,"LKA":1.03172589990419,"LSO":0.314528562744915,"LTU":5.07196741780172,"LUX":12.6787105084079,"LVA":3.82914774350693,"MAC":3.25780566092793,"MAR":1.84742826740981,"MDA":3.35786090249817,"MDG":0.108038542830456,"MDV":2.40580899310521,"MEX":3.46247141559905,"MHL":0.00234159134547839,"MKD":4.08399438830595,"MLI":0.315153895424097,"MLT":3.14341694310268,"MMR":0.654863780011824,"MNG":6.76709333121744,"MNP":0.00210402289176906,"MOZ":0.258364105041605,"MRT":1.00766695557148,"MUS":2.95810314893832,"MWI":0.266526561430064,"MYS":7.46778698028461,"NAM":1.29890404513109,"NCL":19.874303248691,"NER":0.101595383987419,"NGA":0.555700571123744,"NIC":0.72292566319085,"NLD":8.15069804775965,"NOR":8.12493784244745,"NPL":0.568109987739662,"NRU":0,"NZL":6.83500906868543,"OMN":18.1682818142278,"PAK":0.947225728271823,"PAN":2.2623129597758,"PER":1.44746823545562,"PHL":1.21683584867494,"PLW":71.7401079136691,"PNG":0.557716143021631,"POL":7.91347409626485,"PRI":3.79870733394483,"PRK":2.64172695826404,"PRT":3.94717687468905,"PRY":1.1894625150994,"PYF":2.56080570468717,"QAT":41.2780926421936,"ROU":3.92941176470588,"RUS":12.2840530273686,"RWA":0.111389725740494,"SAU":18.2902881577409,"SDN":0.463108701230845,"SEN":0.644157420306448,"SGP":9.4756645802434,"SLB":0.413298625382472,"SLE":0.155537564463982,"SLV":1.06717705964691,"SOM":0.0474200313959524,"STP":0.708717547772898,"SUR":4.25335243019547,"SVK":5.98002098252976,"SVN":6.44048593548669,"SWE":3.67402454179006,"SWZ":0.805379931233331,"SYC":8.51902256708172,"SYR":1.50831644886899,"TCA":4.84161672599468,"TCD":0.140107110268934,"TGO":0.27934004789082,"THA":3.84739936431244,"TJK":0.96295019852687,"TKM":11.0541399660888,"TLS":0.512347545686334,"TON":1.76436085673201,"TTO":21.8051912418372,"TUN":2.39839346012801,"TUR":5.07395962903497,"TUV":0,"TZA":0.273515412561516,"UGA":0.160149709994918,"UKR":4.45159215930416,"URY":2.03399973168326,"USA":13.4715821678248,"UZB":3.69033904584871,"VCT":1.19583486273979,"VEN":2.69531333359842,"VGB":2.27817422916386,"VIR":0.00188164455734312,"VNM":3.5515331687432,"VUT":0.841536783355306,"WSM":1.47774883931605,"YEM":0.313196150764429,"ZAF":7.4445834618028,"ZMB":0.500068339000267,"ZWE":0.584444223465771}}