{"schemaVersion":1,"dataKind":"ranking-year","indicatorId":"EN.GHG.CO2.PC.CE.AR5","year":2021,"valuesByCountry":{"ABW":4.71123491179201,"AFG":0.312156784785117,"AGO":0.740292552255736,"ALB":2.0532886275877,"ARE":20.8269278649571,"ARG":4.09769704597303,"ARM":2.51946122945009,"ASM":0.00203148806500762,"ATG":3.58964363447357,"AUS":14.9787241100123,"AUT":7.39223990896623,"AZE":3.69156864195704,"BDI":0.0692145551715359,"BEL":8.2875698190821,"BEN":0.502981455061003,"BFA":0.292658735345638,"BGD":0.702428158073895,"BGR":7.04917445804336,"BHR":24.8329361557867,"BHS":3.65514300923625,"BIH":7.09101986590062,"BLR":6.30387145078492,"BLZ":0.850141395132365,"BMU":3.78511322856082,"BOL":1.83202986254917,"BRA":2.41580858865319,"BRB":2.30908001857188,"BRN":22.1070085296012,"BTN":1.99176727595359,"BWA":2.72602991287315,"CAF":0.0631247432561961,"CAN":14.6897593568847,"CHE":4.32303993798183,"CHL":4.57991726498939,"CHN":8.88715660313235,"CIV":0.580322307864011,"CMR":0.384499667443882,"COD":0.0466742294309333,"COG":1.20634406636725,"COL":1.80057803586778,"COM":0.485471305614698,"CPV":1.2540428801759,"CRI":1.59152551349924,"CUB":1.95602152386118,"CYM":4.48023050151195,"CYP":5.25252617267475,"CZE":9.4724309646164,"DEU":8.06128144646434,"DJI":0.731060389851309,"DMA":1.13687092646052,"DNK":5.04788249694838,"DOM":2.66716087668998,"DZA":4.05087238809753,"ECU":2.32777079470983,"EGY":2.35795200966486,"ERI":0.212495854704056,"ESP":4.91513320564969,"EST":9.71169075504984,"ETH":0.156331429015701,"FIN":7.09479866241161,"FJI":1.46469279849375,"FRA":4.66820869200128,"FRO":0.0394025818072651,"FSM":0.00179172937719487,"G001":4.68420055184532,"GAB":2.25718447508796,"GBR":5.04470918428281,"GEO":3.32825506052133,"GHA":0.753155149511826,"GIB":17.4073471159585,"GIN":0.370350839534597,"GMB":0.185403006975905,"GNB":0.16319861514318,"GNQ":2.86038210447434,"GRC":5.08222613106168,"GRD":1.37803373097491,"GRL":9.67998164263146,"GTM":1.14808238131902,"GUM":0.00183228485921945,"GUY":4.07256076774227,"HKG":4.65895509301102,"HND":1.00784489455025,"HRV":4.5132213846884,"HTI":0.299641674870628,"HUN":5.29398400902426,"IDN":2.24993200107532,"IND":1.83702951699406,"IRL":7.11906758228265,"IRN":8.86620624375505,"IRQ":4.6367351965098,"ISL":8.49269837861054,"ISR":6.50617837249504,"ITA":5.58651571090224,"JAM":2.28087572885193,"JOR":1.96480214444574,"JPN":8.5947828493867,"KAZ":12.2524647603581,"KEN":0.404281044163676,"KGZ":1.53476225562031,"KHM":1.08885754085366,"KIR":0.627059364216332,"KNA":2.48487051728931,"KOR":12.3387268331673,"KWT":22.9081845000934,"LAO":3.19548907488521,"LBN":2.92316253483224,"LBR":0.159868484974207,"LBY":8.1793228617378,"LCA":1.58075755369086,"LKA":1.02995125473912,"LSO":0.33799947115729,"LTU":5.10322677130588,"LUX":13.0933781621838,"LVA":3.99598830452802,"MAC":2.99970695970696,"MAR":1.97891230504847,"MDA":3.71857097344219,"MDG":0.138189637609379,"MDV":3.25639247201417,"MEX":3.54662489893704,"MHL":0.00241738583895376,"MKD":4.15543074626833,"MLI":0.326094093296463,"MLT":3.14078934671427,"MMR":0.596355651595398,"MNG":7.35537974094353,"MNP":0.00212861065582494,"MOZ":0.288380146210081,"MRT":0.931619299689918,"MUS":3.14916917653636,"MWI":0.305223786714373,"MYS":7.5232628848407,"NAM":1.31835499696145,"NCL":16.3459717966159,"NER":0.116675523035947,"NGA":0.599006670437755,"NIC":0.781445055571015,"NLD":8.32113351224123,"NOR":8.21471362641264,"NPL":0.589753828751882,"NRU":0,"NZL":6.8263580222633,"OMN":19.4931188705775,"PAK":0.956817705203498,"PAN":2.47873328262843,"PER":1.79843805693361,"PHL":1.28744630350143,"PLW":74.7342968003149,"PNG":0.537976225859132,"POL":8.76145594619199,"PRI":3.88232362596626,"PRK":2.18395218700565,"PRT":3.76014625214405,"PRY":1.19342950266764,"PYF":2.28741350717676,"QAT":47.2839742745248,"ROU":4.22268857135102,"RUS":13.3920757412176,"RWA":0.127784857801346,"SAU":19.1759893319934,"SDN":0.491048688699115,"SEN":0.762104486376905,"SGP":10.2167829269876,"SLB":0.436144669947587,"SLE":0.181898998863687,"SLV":1.20400614983067,"SOM":0.0473151298233482,"STP":0.713188352908844,"SUR":4.40057873816953,"SVK":6.72785720933896,"SVN":6.57475360268757,"SWE":3.88625523254982,"SWZ":0.81982905586225,"SYC":7.9409216385581,"SYR":1.48118445007612,"TCA":4.75211634949053,"TCD":0.153189262919633,"TGO":0.285412460990908,"THA":3.74441224162639,"TJK":0.945809874035157,"TKM":13.4562494897451,"TLS":0.526390245745068,"TON":1.95753151957531,"TTO":20.9747593886329,"TUN":2.57438568493559,"TUR":5.47500634541911,"TUV":0,"TZA":0.30147502454703,"UGA":0.176657279649966,"UKR":4.38244379511425,"URY":2.51768262973273,"USA":14.3161154347115,"UZB":3.9236623289729,"VCT":1.14156805165255,"VEN":2.68692781094409,"VGB":2.23491761220873,"VIR":0.00188910928497214,"VNM":3.39788716841419,"VUT":0.95106385761178,"WSM":1.60679954532484,"YEM":0.302074058238196,"ZAF":7.29340675223128,"ZMB":0.49379688135964,"ZWE":0.68892544949393}}