{"schemaVersion":1,"dataKind":"ranking-year","indicatorId":"EN.GHG.CO2.PC.CE.AR5","year":2022,"valuesByCountry":{"ABW":4.99021526418787,"AFG":0.278420956418618,"AGO":0.748810952279567,"ALB":1.84525761573088,"ARE":19.3731459635094,"ARG":4.2953116708492,"ARM":2.61828101845615,"ASM":0.00206859459683091,"ATG":3.69452822059457,"AUS":14.530502863688,"AUT":6.92858132698714,"AZE":3.91289240245969,"BDI":0.0698215770067585,"BEL":7.6776616173853,"BEN":0.513056396449261,"BFA":0.288261986140856,"BGD":0.713556533909868,"BGR":7.64769654654833,"BHR":25.4678810750754,"BHS":3.53551107063979,"BIH":6.98907452004835,"BLR":6.05700801391753,"BLZ":0.88023578897185,"BMU":3.97689539606789,"BOL":1.93607699297368,"BRA":2.27889577215227,"BRB":2.4401561359885,"BRN":20.9436282583394,"BTN":1.94285158160822,"BWA":2.80246010889007,"CAF":0.0632596180609838,"CAN":14.7892997763968,"CHE":3.92846693573085,"CHL":4.62474983424569,"CHN":8.86482511020235,"CIV":0.605701555801839,"CMR":0.377591519866032,"COD":0.0610125487309351,"COG":1.38493056623382,"COL":1.70753982802254,"COM":0.515231578493098,"CPV":1.3085363671521,"CRI":1.61315999460817,"CUB":1.78698206661591,"CYM":5.00342221787655,"CYP":5.425313774533,"CZE":9.15364691432385,"DEU":7.91182860265874,"DJI":0.762292717589368,"DMA":1.21509592074941,"DNK":4.8270407249692,"DOM":2.85936787390744,"DZA":4.16005852930563,"ECU":2.47809443692364,"EGY":2.29974804261299,"ERI":0.219947692397037,"ESP":4.99422196018416,"EST":11.1341597224282,"ETH":0.146229646781817,"FIN":6.68162198489374,"FJI":1.56000182723494,"FRA":4.51246828877731,"FRO":0.038952366820003,"FSM":0.00178389853185151,"G001":4.66731333968557,"GAB":2.29694822208975,"GBR":4.80733240636649,"GEO":3.62639535278365,"GHA":0.717599050497581,"GIB":16.9028689941238,"GIN":0.371451377528373,"GMB":0.187713116401856,"GNB":0.163331875267451,"GNQ":2.82155421683407,"GRC":5.28092585505901,"GRD":1.44894066528102,"GRL":10.4198655159634,"GTM":1.06185178214753,"GUM":0.00181620050853614,"GUY":4.48373186699236,"HKG":4.37404881501749,"HND":1.01020922274279,"HRV":4.57371420212618,"HTI":0.294629353613119,"HUN":4.95293425120931,"IDN":2.5918955237502,"IND":1.96929618962877,"IRL":6.84581291258731,"IRN":8.84742330027555,"IRQ":5.04369459778254,"ISL":8.48003811488391,"ISR":6.65826837562124,"ITA":5.60897190137329,"JAM":2.64695978787973,"JOR":2.07333464045749,"JPN":8.3956307081074,"KAZ":12.3050866627844,"KEN":0.405006512054817,"KGZ":1.5054865652983,"KHM":1.06878240808886,"KIR":0.580980922671286,"KNA":2.78533045023443,"KOR":11.8737409785064,"KWT":22.3585581710822,"LAO":3.17918742501495,"LBN":1.81652362812428,"LBR":0.161651307373094,"LBY":8.05301361263212,"LCA":1.65621626459187,"LKA":0.937608764257698,"LSO":0.42915695220265,"LTU":4.65112254775415,"LUX":11.1248914795982,"LVA":3.68567769315781,"MAC":2.47822235346228,"MAR":1.93751442575683,"MDA":3.27771217414482,"MDG":0.144033985186775,"MDV":3.4143856395462,"MEX":3.52183828963573,"MHL":0.00249519674626344,"MKD":4.47897922817561,"MLI":0.324748273279521,"MLT":3.3821427831742,"MMR":0.577248041256632,"MNG":7.26765621705495,"MNP":0.00217023308303312,"MOZ":0.333694203552974,"MRT":1.03090119301334,"MUS":3.20778314533676,"MWI":0.272369783877739,"MYS":7.98329915646393,"NAM":1.23886461461583,"NCL":16.0756888162913,"NER":0.127125609686768,"NGA":0.578271036832404,"NIC":0.781677382316785,"NLD":7.52014775225465,"NOR":7.9798582660803,"NPL":0.506315976652673,"NRU":0,"NZL":6.32162465316725,"OMN":19.6830764534295,"PAK":0.965826244537936,"PAN":2.60024772920576,"PER":1.90408262918024,"PHL":1.33112167071071,"PLW":78.7262796328622,"PNG":0.541939469982316,"POL":8.36357881859441,"PRI":4.32211424544981,"PRK":2.27140993081922,"PRT":3.8017191709062,"PRY":1.18410511467852,"PYF":3.30197091069913,"QAT":45.1959539884538,"ROU":3.97277959180202,"RUS":13.1413838368291,"RWA":0.161247905835677,"SAU":19.282874301046,"SDN":0.434223310830335,"SEN":0.823959839790182,"SGP":9.99582758413928,"SLB":0.382810159448753,"SLE":0.177218098718503,"SLV":1.34798885215862,"SOM":0.0467871485830976,"STP":0.62393672256468,"SUR":4.59397526172885,"SVK":6.11012800289851,"SVN":6.3394025593776,"SWE":3.59996303974629,"SWZ":0.883161035575023,"SYC":7.02714426333439,"SYR":1.38747039300249,"TCA":4.8094749929112,"TCD":0.155239823582539,"TGO":0.286520909623578,"THA":3.963374866518,"TJK":0.938950260561987,"TKM":14.0053384467054,"TLS":0.50726833881669,"TON":1.53652824584452,"TTO":20.8660094230143,"TUN":2.50498913554161,"TUR":5.22956172007378,"TUV":0,"TZA":0.323161976851185,"UGA":0.168117583772769,"UKR":2.90739555971061,"URY":2.38667285182486,"USA":14.4177148825165,"UZB":3.68952648984493,"VCT":1.24551672775023,"VEN":3.26104790565291,"VGB":2.30694955505102,"VIR":0.00189729919459649,"VNM":3.45101965872917,"VUT":0.865368028979767,"WSM":1.54417195869201,"YEM":0.287369793942245,"ZAF":6.88263936192025,"ZMB":0.524548827570452,"ZWE":0.719220842842293}}