{"schemaVersion":1,"dataKind":"ranking-year","indicatorId":"EN.GHG.CO2.PC.CE.AR5","year":2023,"valuesByCountry":{"ABW":5.00284093555268,"AFG":0.280995468771367,"AGO":0.743838637301548,"ALB":1.74914408919284,"ARE":18.3804823292732,"ARG":4.16990486776205,"ARM":2.52966973653139,"ASM":0.00210433282127901,"ATG":3.68747053024133,"AUS":14.1596700845561,"AUT":6.40359510066021,"AZE":4.1112835014681,"BDI":0.0693599815916636,"BEL":7.27763098404696,"BEN":0.488426291085402,"BFA":0.272029919860247,"BGD":0.693947563901367,"BGR":5.73490257494032,"BHR":24.5323732339754,"BHS":3.52944121770479,"BIH":6.53950474604507,"BLR":5.86387585149229,"BLZ":0.913632980301917,"BMU":3.99239543726236,"BOL":1.99475521348588,"BRA":2.27447826989363,"BRB":2.44602176130568,"BRN":21.14308997296,"BTN":1.98465128404026,"BWA":2.7096930785842,"CAF":0.0645327701288385,"CAN":14.1478944295361,"CHE":3.78746475067225,"CHL":3.91719041336885,"CHN":9.23027553501428,"CIV":0.575152377678325,"CMR":0.364184752751828,"COD":0.0580434409082674,"COG":1.27244805620677,"COL":1.77360964835025,"COM":0.515412394592109,"CPV":1.24595323654924,"CRI":1.58608566210135,"CUB":1.81740702369189,"CYM":4.92072619732194,"CYP":5.35563459868429,"CZE":7.88005974203708,"DEU":7.07982839106762,"DJI":0.763263436905869,"DMA":1.22387610885581,"DNK":4.4073670007762,"DOM":2.89366632939923,"DZA":4.12827519079225,"ECU":2.60232947756693,"EGY":2.40830000255291,"ERI":0.220205798195592,"ESP":4.57046216901007,"EST":8.37350742837627,"ETH":0.147767891652244,"FIN":5.88954587564164,"FJI":1.55581645737411,"FRA":4.15598361008436,"FRO":0.0385930091520565,"FSM":0.00177572582793217,"G001":4.67693780495436,"GAB":2.06073835645602,"GBR":4.44995911931321,"GEO":3.64859696572424,"GHA":0.687364126711107,"GIB":16.3551766265499,"GIN":0.348923061715176,"GMB":0.17562165357906,"GNB":0.152925294159443,"GNQ":2.57914675064098,"GRC":4.92324127436463,"GRD":1.45113212220599,"GRL":10.2857645300273,"GTM":1.11051475329048,"GUM":0.00180173687434687,"GUY":4.52651590785052,"HKG":4.52746115364711,"HND":1.11312971877201,"HRV":4.83573016043274,"HTI":0.290485897277037,"HUN":4.48048025757632,"IDN":2.74747187282401,"IND":2.09622858892568,"IRL":6.1870780177041,"IRN":9.00722487961339,"IRQ":5.16873911194444,"ISL":8.34925829026897,"ISR":6.14077571327038,"ITA":5.1591446091273,"JAM":2.7128452636924,"JOR":2.10161310922351,"JPN":8.05063579850566,"KAZ":12.5643331681924,"KEN":0.3843202596187,"KGZ":1.44095214620233,"KHM":1.08564797278218,"KIR":0.573455066777333,"KNA":2.7909662517644,"KOR":11.4162657281001,"KWT":22.6972114508944,"LAO":3.35860711157858,"LBN":1.87387427333851,"LBR":0.152830013156671,"LBY":8.65140297405067,"LCA":1.65658030510082,"LKA":0.979275763488678,"LSO":0.428947441284169,"LTU":4.51994281903548,"LUX":10.4160977146887,"LVA":3.66319656422698,"MAC":2.47569239835003,"MAR":1.8573653487086,"MDA":3.33935095165033,"MDG":0.147269201638214,"MDV":3.41106552546227,"MEX":3.66576524934041,"MHL":0.00257552733922271,"MKD":4.38791431960329,"MLI":0.301946302024471,"MLT":3.23421022637843,"MMR":0.577107115225871,"MNG":7.79990491634218,"MNP":0.00221518286334537,"MOZ":0.318684376705804,"MRT":0.961166094335404,"MUS":3.46174699494733,"MWI":0.222924211075164,"MYS":8.03895132928611,"NAM":1.21960315143456,"NCL":16.7820057267051,"NER":0.120906578003627,"NGA":0.552339272252252,"NIC":0.811432301333619,"NLD":6.87570596534106,"NOR":7.53753758650308,"NPL":0.519690203752101,"NRU":0,"NZL":6.11076923076923,"OMN":18.9600910547646,"PAK":0.843982651709012,"PAN":2.85705058290883,"PER":1.92281618030482,"PHL":1.41396992471112,"PLW":78.8571106222147,"PNG":0.529181246501922,"POL":7.64977784033642,"PRI":4.56646374046755,"PRK":2.48536198751437,"PRT":3.53665954067309,"PRY":1.1312441318464,"PYF":3.30181631912578,"QAT":48.6426368357008,"ROU":3.68569180458046,"RUS":13.5462339145189,"RWA":0.163983285357073,"SAU":18.8540744665469,"SDN":0.433700830155536,"SEN":0.758785485197598,"SGP":9.48033745839563,"SLB":0.374747657827139,"SLE":0.16670385905723,"SLV":1.46387486797945,"SOM":0.0462780008186892,"STP":0.63065521438379,"SUR":3.96892282544054,"SVK":5.73978115774848,"SVN":5.95087577654104,"SWE":3.4800778844701,"SWZ":0.876387437363166,"SYC":7.00909219941055,"SYR":1.32899347448781,"TCA":4.78808606433179,"TCD":0.150566300727613,"TGO":0.272055924027687,"THA":3.83577489383729,"TJK":0.897072214775281,"TKM":12.8629910388274,"TLS":0.47995862126757,"TON":1.54688949013834,"TTO":19.7069856893185,"TUN":2.55804077741188,"TUR":5.23215412799609,"TUV":0,"TZA":0.323839316591473,"UGA":0.166813953979235,"UKR":3.22518031774765,"URY":2.41753370123087,"USA":13.7119419860139,"UZB":3.72011269845735,"VCT":1.25835200300031,"VEN":3.40591488864612,"VGB":2.27523406438374,"VIR":0.00190626876483315,"VNM":3.89354026267807,"VUT":0.847978677253136,"WSM":1.53833372564766,"YEM":0.269743195612762,"ZAF":6.75922774879049,"ZMB":0.548090097623693,"ZWE":0.76899436270709}}