{"schemaVersion":1,"dataKind":"ranking-year","indicatorId":"EN.GHG.CO2.PC.CE.AR5","year":2024,"valuesByCountry":{"ABW":5.14838649937497,"AFG":0.2829802981146,"AGO":0.741712294740973,"ALB":1.7852214941728,"ARE":18.2552064370494,"ARG":4.01066531653131,"ARM":2.47028185264546,"ASM":0.0021383513311237,"ATG":3.79857526767052,"AUS":14.0973544987552,"AUT":6.32278424603578,"AZE":3.81144251153847,"BDI":0.0689574855425617,"BEL":7.30661519351762,"BEN":0.487328666439324,"BFA":0.274990879570369,"BGD":0.715539343541092,"BGR":5.30760215797104,"BHR":23.8999918170545,"BHS":3.63633645083395,"BIH":6.44935787372249,"BLR":5.93649429972465,"BLZ":0.932452909809338,"BMU":4.1354663036079,"BOL":2.29073378062186,"BRA":2.31826466114939,"BRB":2.52348061897496,"BRN":20.2426516194424,"BTN":2.01118348906666,"BWA":2.73749285541178,"CAF":0.0632938700243308,"CAN":13.9983582392805,"CHE":3.74568795220564,"CHL":3.93744000373189,"CHN":9.31508933799393,"CIV":0.589054440955677,"CMR":0.353419532873246,"COD":0.0568247825820182,"COG":1.33536271579755,"COL":1.79780371737796,"COM":0.514984514693732,"CPV":1.28830183071462,"CRI":1.63283566378358,"CUB":1.9129886264601,"CYM":4.99617228736049,"CYP":5.40469504859816,"CZE":7.12966532502255,"DEU":6.94395663386317,"DJI":0.765537056716653,"DMA":1.27331772524734,"DNK":4.2782054919933,"DOM":2.99473457012728,"DZA":3.98080005796518,"ECU":2.64474970000791,"EGY":2.50251380967098,"ERI":0.220047329974547,"ESP":4.50540688376633,"EST":7.75936884491537,"ETH":0.146636636122491,"FIN":5.53521221243539,"FJI":1.62222863442953,"FRA":4.00355772602595,"FRO":0.0384045646568278,"FSM":0.00176740897843761,"G001":4.69325586829798,"GAB":2.0474983378969,"GBR":4.22412677317771,"GEO":3.6402736868225,"GHA":0.702085843566409,"GIB":16.1483892293219,"GIN":0.352794025802477,"GMB":0.178370340740612,"GNB":0.155449923501557,"GNQ":2.55052004844345,"GRC":5.04642227577271,"GRD":1.50076360626925,"GRL":10.4528819762123,"GTM":1.1066501528086,"GUM":0.00178808775934723,"GUY":4.55860818422139,"HKG":4.60070971943488,"HND":1.13551979026212,"HRV":4.83151414825927,"HTI":0.298473814991934,"HUN":4.45791782423566,"IDN":2.86503978188758,"IND":2.17365173535787,"IRL":6.03605774131313,"IRN":9.05329342087712,"IRQ":5.18375227496016,"ISL":8.5199194837855,"ISR":5.78134023099134,"ITA":5.07573834102673,"JAM":2.84378384565939,"JOR":2.0898692239058,"JPN":7.84242057238933,"KAZ":12.5678187536661,"KEN":0.38344092060836,"KGZ":1.48784220370685,"KHM":1.10207037315065,"KIR":0.592485763986976,"KNA":2.88410221377794,"KOR":11.3622569893006,"KWT":23.6726718577295,"LAO":3.35435098295083,"LBN":1.89531037233795,"LBR":0.154485706553412,"LBY":8.66457129316627,"LCA":1.71076642335766,"LKA":1.06473352801606,"LSO":0.428078272524913,"LTU":4.49056496639174,"LUX":10.5572722492364,"LVA":3.647774745944,"MAC":2.52532751091703,"MAR":1.83925269318779,"MDA":3.41675873098598,"MDG":0.146494805123461,"MDV":3.56650922036609,"MEX":3.63738680384754,"MHL":0.00266325769681474,"MKD":3.99992545326879,"MLI":0.302799241541437,"MLT":3.17888641409729,"MMR":0.575463259318228,"MNG":7.84665630954259,"MNP":0.00225845792492886,"MOZ":0.292006477521244,"MRT":0.969475151347498,"MUS":3.53634151803811,"MWI":0.221419380007265,"MYS":8.32321620146515,"NAM":1.20450237960009,"NCL":17.0800884366062,"NER":0.118901709547783,"NGA":0.566917637661195,"NIC":0.829841501184187,"NLD":6.60188395966651,"NOR":7.17830173255862,"NPL":0.535964084109792,"NRU":0,"NZL":6.01694562647754,"OMN":18.6519911434889,"PAK":0.811831809174961,"PAN":2.73829900364892,"PER":2.02424185179617,"PHL":1.5030109111702,"PLW":82.8426109070359,"PNG":0.516966762734976,"POL":7.55108565871718,"PRI":4.81694630060609,"PRK":2.49971102490099,"PRT":3.32476489948602,"PRY":1.1581935050359,"PYF":3.45591131519089,"QAT":47.3321641445828,"ROU":3.72055055783694,"RUS":13.9977718566194,"RWA":0.162128792997641,"SAU":18.4845842582552,"SDN":0.433463815698253,"SEN":0.767609570951958,"SGP":9.75144363129176,"SLB":0.383912070097827,"SLE":0.16915022896262,"SLV":1.50569728627702,"SOM":0.0455149206821494,"STP":0.627080361388493,"SUR":4.06111933370217,"SVK":5.51311685631444,"SVN":6.26652251574692,"SWE":3.57381645984766,"SWZ":0.880335237065324,"SYC":7.23667946668425,"SYR":1.27467701221914,"TCA":4.92317610400774,"TCD":0.142508619707364,"TGO":0.276146592685668,"THA":3.96005269352319,"TJK":0.922478268427306,"TKM":10.8623686336296,"TLS":0.499343870436187,"TON":1.62994960403168,"TTO":19.5810522730943,"TUN":2.62113010481539,"TUR":5.37926453268486,"TUV":0,"TZA":0.311205530057348,"UGA":0.165048181856788,"UKR":3.12934781865114,"URY":2.56756948291319,"USA":13.6195685039144,"UZB":4.08501666540206,"VCT":1.31191858153773,"VEN":3.39410515757435,"VGB":2.32575815155431,"VIR":0.00191613094838901,"VNM":4.26605675468195,"VUT":0.869798674098549,"WSM":1.60444731881166,"YEM":0.260706631942251,"ZAF":6.87684962627712,"ZMB":0.542961477377669,"ZWE":0.772821434267465}}