{"schemaVersion":1,"dataKind":"ranking-year","indicatorId":"FI.RES.TOTL.CD","year":1960,"valuesByCountry":{"AFG":50690800,"ARG":527233600,"AUS":892782000,"AUT":720945600,"BEL":1526945820.56681,"BOL":6715418.4,"BRA":432848800,"CAN":2012986400,"CHE":2361508000,"CHL":111888400,"CMR":19240000,"COD":62509200,"COG":5060000,"COL":171352400,"CRI":13460727.6,"CUB":144018160,"CYP":27400000,"DEU":7083840800,"DNK":287547600,"DOM":25973200,"DZA":265802800,"ECU":41077600,"EGY":266967600,"ESP":544061600,"ETH":55049600,"FIN":327964400,"FRA":2300194000,"GAB":9500000,"GBR":3767016800.50312,"GHA":277926000,"GRC":242101200,"GTM":54465080,"GUY":14740000,"HND":13320360,"HTI":4300000,"IDN":352739200,"IND":674536630.92578,"IRL":324568724,"IRN":185218400,"IRQ":259340000,"ISL":12332400,"ISR":213156800,"ITA":3288591200,"JAM":69200000,"JOR":46380000,"JPN":1953371600,"KOR":157015600,"KWT":71700000,"LBN":140193600,"LBY":82390000,"LKA":101260000,"MAR":206112400,"MEX":444341600,"MLT":59300000,"MMR":121690000,"MUS":17120000,"MYS":471000000,"NGA":343000000,"NIC":11736000,"NLD":1885730631.7617,"NOR":308178400,"NPL":19273663.6,"NZL":287599928.8,"PAK":327400600,"PAN":7430000,"PER":76811600,"PHL":126942400,"PRT":801276000,"PRY":1011709.2,"SAU":185058400,"SDN":190600000,"SGP":115000000,"SLE":27200000,"SLV":33573600,"SOM":9300000,"SUR":17501597.906988,"SWE":505439200,"SYR":28330800,"TCD":12240000,"THA":373373600,"TTO":23600000,"TUN":84451418.4,"TUR":205127600,"URY":191463600,"USA":19664164000,"VEN":615486000,"ZAF":272204000}}