{"schemaVersion":1,"dataKind":"ranking-year","indicatorId":"FI.RES.TOTL.CD","year":1961,"valuesByCountry":{"AFG":42444500,"ARG":386407550,"AUS":1320041500,"AUT":847058100,"BEL":1819222317.90634,"BOL":7404270.65,"BRA":471156150,"CAN":2296085100,"CHE":2769871000,"CHL":74114900,"CMR":20300000,"COD":15007100,"COG":3160000,"COL":140367100,"CRI":6263920.65,"CYP":44700000,"DEU":7180500800,"DNK":282882350,"DOM":9022900,"DZA":311729450,"ECU":38397350,"EGY":203625200,"ESP":887873550,"ETH":57280450,"FIN":342971000,"FRA":3374550000,"GAB":10700000,"GBR":3327714600.01562,"GHA":155954000,"GRC":267482900,"GTM":54861645,"GUY":15090000,"HND":12328965,"HTI":3000000,"IDN":133183550,"IND":666357094.860707,"IRL":342337293.5,"IRN":209547100,"IRQ":217949700,"ISL":23919350,"ISR":279512900,"ITA":3809235500,"JAM":76100000,"JOR":51230000,"JPN":1667124550,"KOR":207046579.966885,"KWT":83886000,"LBN":161550900,"LBY":86960000,"LKA":90000000,"MAR":185269350,"MEX":413480000,"MLT":59300000,"MMR":94990000,"MUS":18340000,"MYS":472000000,"NGA":307070650,"NIC":13526650,"NLD":1962252519.49137,"NOR":303430200,"NPL":24149979.65,"NZL":180797777.6,"PAK":261302470,"PAN":4930000,"PER":110623100,"PHL":53690650,"PRT":693999000,"PRY":2520352.9,"SAU":238033550,"SDN":177100000,"SGP":123000000,"SLE":27800000,"SLV":24551105,"SOM":16500000,"SUR":16262115.6300738,"SWE":731316450,"SYR":21086450,"TCD":7690000,"THA":454901550,"TTO":26300000,"TUN":73314576.45,"TUR":195570000,"URY":191754650,"USA":18825530000,"VEN":581329000,"ZAF":394839500}}