{"schemaVersion":1,"dataKind":"ranking-year","indicatorId":"FI.RES.TOTL.CD","year":1962,"valuesByCountry":{"AFG":40592100,"ARG":114741240,"AUS":1358960800,"AUT":1081957340,"BEL":1756067570.04838,"BOL":4005989.98,"BRA":336000900,"CAF":600000,"CAN":2561922010,"CHE":2924334000,"CHL":78890610,"CMR":27710000,"COD":12087170,"COG":8380000,"COL":85129030,"CRI":12599154.97,"CYP":52350000,"DEU":6964883190,"DNK":255803820,"DOM":19716020,"DZA":185716410,"ECU":43348220,"EGY":223227760,"ESP":1045887990,"ETH":65001370,"FIN":304091800,"FRA":4053563700,"GAB":11250000,"GBR":3313161730.51803,"GHA":159611200,"GRC":286669630,"GTM":45845998,"GUY":15090000,"HND":13298717,"HTI":2200000,"IDN":108100020,"IND":512791844.004694,"IRL":359296150.3,"IRN":210768020,"IRQ":193445580,"ISL":31917030,"ISR":419626970,"ITA":4072606720,"JAM":74200000,"JOR":58050000,"JPN":2021337500,"KOR":168650269.905316,"KWT":97298000,"LBN":206563420,"LBY":96165600,"LKA":85000000,"MAR":174203030,"MDG":48000000,"MEX":427198020,"MLT":66700000,"MMR":154184000,"MRT":7900000,"MUS":18550000,"MYS":531546300,"NGA":289024970,"NIC":17241260,"NLD":1946625625.41193,"NOR":303975970,"NPL":24045769.17,"NZL":250806530.88,"PAK":269316859,"PAN":4730000,"PER":116734780,"PHL":75066970,"PRT":808042200,"PRY":2140170.02,"SAU":267921030,"SDN":170200000,"SGP":165000000,"SLE":31800000,"SLV":26364137,"SOM":17900000,"SUR":15778756.3618242,"SWE":801886970,"SYR":33043010,"TCD":10300000,"THA":523663390,"TTO":23300000,"TUN":58506805.01,"TUR":190280000,"URY":202874030,"USA":17252463900,"VEN":583412200,"ZAF":647247500}}