{"schemaVersion":1,"dataKind":"ranking-year","indicatorId":"FI.RES.TOTL.CD","year":1963,"valuesByCountry":{"AFG":45547800,"ARG":269807440,"AUS":1842726000,"AUT":1229910840,"BEL":1973351171.09007,"BOL":10404576.44,"BRA":355042320,"CAF":1760000,"CAN":2615182920,"CHE":3128395600,"CHL":77083480,"CMR":34880000,"COD":32089880,"COG":1690000,"COL":87126680,"CRI":15619750.68,"CYP":65750000,"DEU":7659475440,"DNK":470635320,"DOM":41966880,"DZA":237218040,"ECU":51632720,"EGY":216277440,"ESP":1148505160,"ETH":66080520,"FIN":337893480,"FRA":4914646800,"GAB":7660000,"GBR":3153679120.50507,"GHA":122112800,"GRC":292161880,"GTM":56752800,"GUY":16900000,"HND":12449272,"HTI":2600000,"IDN":58079560,"IND":607862500.361696,"IRL":406071293.2,"IRN":241829560,"IRQ":295073520,"ISL":34507320,"ISR":515211720,"ITA":3624125520,"JAM":89900000,"JOR":62660000,"JPN":2059016360,"KOR":131455308.888067,"KWT":109808800,"LBN":206512480,"LBY":121976000,"LKA":75000000,"MAR":110211320,"MDG":42800000,"MEX":548302680,"MLT":69100000,"MMR":184796000,"MRT":10100000,"MUS":19370000,"MYS":555268400,"NGA":210030680,"NIC":31835560,"NLD":2103079421.93001,"NOR":353954840,"NPL":36256169.6,"NZL":212806686.72,"PAK":307832196,"PAN":7430000,"PER":135311200,"PHL":109064000,"PRT":843136000,"PRY":3220192.88,"SAU":513943320,"SDN":101190000,"SGP":433200000,"SLE":32500000,"SLV":44455720,"SOM":18770000,"SUR":17869541.578922,"SWE":757918680,"SYR":22048440,"TCD":11260000,"THA":576683160,"TTO":24500000,"TUN":61708000,"TUR":178272880,"URY":186186760,"USA":16878648000,"VEN":745526800,"ZAF":774940000}}