{"schemaVersion":1,"dataKind":"ranking-year","indicatorId":"FI.RES.TOTL.CD","year":1964,"valuesByCountry":{"AFG":44619680,"ARG":153293600,"AUS":1906895200,"AUT":1319442160,"BDI":12678000,"BEL":2227003946.66195,"BOL":22546124.32,"BRA":245487600,"CAF":7133000,"CAN":2893026720,"CHE":3330443200,"CHL":88838080,"CMR":35890000,"COD":39834960,"COG":653000,"COL":104193840,"CRI":18612133.52,"CYP":66210000,"DEU":7895954160,"DNK":645440720,"DOM":41420320,"DZA":194924560,"ECU":51638400,"EGY":223742480,"ESP":1515235680,"ETH":61174240,"FIN":384130412.333017,"FRA":5736854800,"GAB":9293000,"GBR":2322326240.01562,"GHA":122719200,"GMB":5850000,"GRC":281585440,"GTM":59627352,"GUY":16550000,"HND":19699408,"HTI":2100000,"IDN":25003680,"IND":499145125.789702,"IRL":446065243.2,"IRN":191508480,"IRQ":251168400,"ISL":43818480,"ISR":545175920,"ITA":3831167440,"JAM":96950000,"JOR":77080000,"JPN":2020624000,"KOR":136361055.508222,"KWT":110363200,"LBN":233028080,"LBY":171922960,"LKA":52000000,"MAR":53111520,"MDG":51080000,"MEX":587594480,"MLT":71500000,"MMR":214887632,"MRT":10450000,"MUS":19090000,"MYS":593424000,"NGA":228053520,"NIC":38926080,"NLD":2351701687.91294,"NOR":387005120,"NPL":49119654.4,"NZL":257817310.08,"PAK":254226648,"PAN":5030000,"PER":160421120,"PHL":123073840,"PRT":955702800,"PRY":5470284.32,"RWA":4150000,"SAU":585032480,"SDN":71100000,"SGP":431000000,"SLE":20444000,"SLV":53500664,"SOM":10200000,"SUR":19967877.2163904,"SWE":965188000,"SYR":33070160,"TCD":14893000,"THA":660812240,"TTO":29940000,"TUN":32112337.84,"TUR":142339680,"URY":186682640,"USA":16725493600,"VEN":832985200,"WSM":5680000,"ZAF":706829200}}