{"schemaVersion":1,"dataKind":"ranking-year","indicatorId":"FI.RES.TOTL.CD","year":1965,"valuesByCountry":{"AFG":45434560,"ARG":236095840,"AUS":1565328400,"AUT":1314046080,"BDI":9220000,"BEL":2339311318.17962,"BHR":22700000,"BOL":36572986.48,"BRA":484251120,"CAF":10163000,"CAN":3040845600,"CHE":3454279200,"CHL":137640480,"CMR":26700000,"COD":21395680,"COG":6193000,"COL":96120000,"CRI":19822133.52,"CYP":83710000,"DEU":7445164400,"DNK":587293840,"DOM":50820320,"DZA":184224560,"ECU":46038400,"EGY":193777600,"ESP":1411897520,"ETH":77165920,"FIN":289463318.597585,"FJI":21820000,"FRA":6359615200,"GAB":17633000,"GBR":3011764240.01562,"GHA":132509200,"GMB":7950000,"GRC":250520560,"GTM":67884400,"GUY":20120000,"HND":23388872,"HTI":1400000,"IDN":21003680,"IND":600850886.234668,"IRL":409042000,"IRN":251965520,"IRQ":235056320,"ISL":53918480,"ISR":643181280,"ITA":4808141120,"JAM":95840000,"JOR":139846640,"JPN":2153610240,"KEN":19950000,"KOR":146287069.461636,"KWT":124077600,"LBN":251644720,"LBY":245992080,"LKA":73000000,"MAR":98872000,"MDG":49882000,"MEX":538031680,"MLT":78900000,"MMR":180797632,"MRT":9850000,"MUS":19950000,"MWI":25227000,"MYS":469857200,"NGA":239053520,"NIC":57326320,"NLD":2419709453.91998,"NOR":476020480,"NPL":59519654.4,"NZL":173296693.76,"PAK":230344688,"PAN":5730000,"PER":174910400,"PHL":193590320,"PRT":1011085200,"PRY":10270284.32,"RWA":3690000,"SAU":726260320,"SDN":59700000,"SGP":430100000,"SLE":22640000,"SLV":56514896,"SOM":8600000,"SUR":24676877.2163904,"SWE":972237520,"SYR":45070160,"TCD":13623000,"THA":739800720,"TTO":28540000,"TUN":36013013.52,"TUR":141387680,"URY":179141120,"USA":15498323200,"VEN":819985200,"WSM":3570000,"ZAF":600866800,"ZMB":203871760}}