{"schemaVersion":1,"dataKind":"ranking-year","indicatorId":"FI.RES.TOTL.CD","year":1966,"valuesByCountry":{"AFG":47114050,"ARG":216174480,"AUS":1569256000,"AUT":1336543420,"BDI":7040000,"BEL":2357973397.68836,"BHR":21545600,"BOL":41219613.49,"BRA":425796620,"BRB":12110000,"CAF":6423000,"CAN":2707536060,"CHE":3560372300,"CHL":172330290,"CMR":33700000,"COD":20543810,"COG":6183000,"COL":77125660,"CRI":17096303.49,"CUB":144018160,"CYP":98210000,"DEU":8052102610,"DNK":597676340,"DOM":43626340,"DZA":273085970,"ECU":61158146.5108428,"EGY":156816540,"ESP":1210578030,"ETH":78676090,"FIN":188909152.828459,"FJI":18040000,"FRA":6761305400,"GAB":11563000,"GBR":3109538540.01562,"GHA":111130400,"GMB":9450000,"GRC":273284990,"GTM":60807566,"GUY":16900000,"HND":27389089,"HTI":2200000,"IDN":23011660,"IND":609694584.532287,"IRL":494124756.6,"IRN":268925660,"IRQ":324963040,"ISL":58050510,"ISR":621344090,"ITA":4923709110,"JAM":87640000,"JOR":167673430,"JPN":2121519420,"KEN":52400000,"KOR":245208677.319273,"KWT":164674800,"LBN":282747660,"LBY":339427460,"LKA":43000000,"MAR":86814000,"MDG":51482000,"MEX":564571660,"MLT":90200000,"MMR":184364834,"MRT":7770000,"MUS":19280000,"MWI":21410000,"MYS":494285700,"NGA":215353490,"NIC":58109750,"NLD":2458087677.91406,"NOR":527729180,"NPL":44983566.82,"NZL":179191433.6,"PAK":208453006,"PAN":5930000,"PER":155236310,"PHL":193733830,"PRT":1080200300,"PRY":11540444.34,"QAT":7200000,"RWA":5130000,"SAU":747859490,"SDN":57200000,"SGP":394300000,"SLE":20000000,"SLV":56991179,"SOM":12300000,"SUR":27048178.9669973,"SWE":1028422000,"SYR":53108170,"TCD":7373000,"THA":923957800,"TTO":29690000,"TUN":27920613.49,"TUR":131543660,"TZA":61300000,"UGA":40910000,"URY":177305340,"USA":14953446600,"VEN":778787400,"WSM":2730000,"ZAF":834478000,"ZMB":217613970,"ZWE":87074890},"yearsByCountry":{"CUB":1960}}