{"schemaVersion":1,"dataKind":"ranking-year","indicatorId":"FI.RES.TOTL.CD","year":1967,"valuesByCountry":{"AFG":38528800,"ARG":727208400,"AUS":1365680000,"AUT":1488335600,"BDI":5050000,"BEL":2597706013.79265,"BHR":28342400,"BOL":37943132.8,"BRA":200149600,"BRB":9250000,"CAF":4753000,"CAN":2722684400,"CHE":3713752000,"CHL":126672800,"CMR":24350000,"COD":67608400,"COG":2623000,"COL":83187200,"CRI":18166899.2,"CYP":103460000,"DEU":8176362000,"DNK":535507200,"DOM":32427200,"DZA":442988000,"ECU":69213239.6675615,"EGY":196019200,"ESP":1053098400,"ETH":64681200,"FIN":184204841.898821,"FJI":18370000,"FRA":7023698000,"GAB":9433000,"GBR":2702371600,"GHA":82732000,"GMB":8370000,"GRC":286873600,"GTM":65213280,"GUY":18850000,"HND":25089680,"HTI":1900000,"IDN":6012800,"IND":663764119.793592,"IRL":439183008,"IRN":325062800,"IRQ":369156000,"ISL":35260800,"ISR":714857200,"ITA":5476253200,"JAM":85040000,"JOR":244064400,"JPN":2032436400,"KEN":75830000,"KOR":356582296.847622,"KWT":184684400,"LBN":282162800,"LBY":385446800,"LKA":55000000,"MAR":75720000,"MDG":42882000,"MEX":586953600,"MLT":89500000,"MMR":155498720,"MRT":8800000,"MUS":13280000,"MWI":22500000,"MYS":457018000,"NGA":112359200,"NIC":32089600,"NLD":2629210307.84317,"NOR":677214400,"NPL":46384505.6,"NZL":218554188.8,"PAK":165486080,"PAN":6730000,"PER":125860400,"PHL":180332800,"PRT":1237714000,"PRY":12260467.2,"QAT":10992800,"RWA":6690000,"SAU":761879200,"SDN":54700000,"SGP":495600000,"SLE":15900000,"SLV":54871040,"SOM":10000000,"SUR":27143651.6951468,"SWE":841824518.78406,"SYR":74113600,"TCD":983000,"THA":1008984000,"TTO":30300000,"TUN":40123433.6,"TUR":119539200,"TZA":61710000,"UGA":34930000,"URY":162627200,"USA":14898992000,"VEN":873902000,"WSM":2160000,"ZAF":781748000,"ZMB":187327600,"ZWE":89052800}}