{"schemaVersion":1,"dataKind":"ranking-year","indicatorId":"FI.RES.TOTL.CD","year":1968,"valuesByCountry":{"AFG":45589800,"ARG":780833300,"AUS":1493121700,"AUT":1650819000,"BDI":2950265.9,"BEL":2486675901.58663,"BHR":51630300,"BHS":44400000,"BOL":41648875.1,"BRA":266422900,"BRB":15520000,"CAF":4697251.47394066,"CAN":3215954000,"CHE":4810243000,"CHL":217559400,"CMR":40850759.3206133,"COD":140290200,"COG":7407366.39793879,"COL":179123400,"CRI":20946024.9,"CUB":144018160,"CYP":158865100,"DEU":10843279100,"DNK":471330200,"DOM":36203400,"DZA":532109700,"ECU":62499909.9779767,"EGY":187040600,"ESP":1303543700,"ETH":67958900,"FIN":346987405.275933,"FJI":18490000,"FRA":4965133000,"GAB":5466940.31633176,"GBR":2712427900.01562,"GHA":97004000,"GMB":6550000,"GRC":349516700,"GTM":69463170,"GUY":23550000,"HND":31572460,"HTI":2500000,"IDN":87276600,"IND":730352744.867941,"IRL":560314166,"IRN":322136600,"IRQ":490617600,"ISL":27955100,"ISR":672002300,"ITA":5918045600,"JAM":120240000,"JOR":290247400,"JPN":2976246800,"KEN":100050000,"KOR":391778858.327841,"KWT":196544900,"LBN":388526600,"LBY":555590300,"LKA":52000000,"MAR":89140000,"MDG":30582000,"MEX":689436600,"MLT":153323100,"MMR":169002340,"MRT":7420000,"MUS":16340000,"MWI":22510000,"MYS":529201000,"NGA":121194900,"NIC":48613700,"NLD":2798136288.68134,"NOR":707150100,"NPL":65316279.5,"NZL":161709283.2,"PAK":258389140,"PAN":11100000,"PER":115115400,"PHL":173204900,"PRT":1531644000,"PRY":12235783.4,"QAT":15051500,"RWA":5780000,"SAU":684960000,"SDN":47700000,"SGP":712420000,"SLE":27500000,"SLV":65447490,"SOM":6750000,"SUR":31456378.0121208,"SWE":859632541.836128,"SYR":72600000,"TCD":-2246152.08320851,"THA":1038538000,"TTO":49410000,"TUN":36228000,"TUR":142104900,"TZA":77540000,"UGA":49030000,"URY":193197100,"USA":17857180000,"VEN":1000929000,"WSM":3060000,"ZAF":1716029000,"ZMB":201207700,"ZWE":37213800},"yearsByCountry":{"CUB":1960}}