{"schemaVersion":1,"dataKind":"ranking-year","indicatorId":"FI.RES.TOTL.CD","year":1969,"valuesByCountry":{"AFG":41373600,"ARG":538310000,"AUS":1262842800,"AUT":1541024000,"BDI":7453827.2,"BEL":2395121264.48791,"BHR":67942400,"BHS":26070000,"BOL":42066867.2,"BRA":656773200,"BRB":12470000,"CAF":1196210.62112778,"CAN":3111279600,"CHE":4440248000,"CHL":343766400,"CMR":48085555.7245495,"COD":199438800,"COG":5741698.4016317,"COL":221153600,"CRI":29156899.2,"CUB":144018160,"CYP":177030800,"DEU":7152711600,"DNK":446662400,"DOM":39827200,"DZA":410627600,"ECU":65130089.8612696,"EGY":145124800,"ESP":1285926800,"ETH":71858800,"FIN":327209700.194512,"FJI":26810000,"FRA":3853168000,"GAB":8286353.3711784,"GBR":2535411000.01562,"GHA":71832000,"GMB":5990000,"GRC":317766800,"GTM":74213280,"GUY":20550000,"HND":30929680,"HTI":3500000,"IDN":121712800,"IND":927764119.793592,"IRL":691353008,"IRN":310902800,"IRQ":477546400,"ISL":38520800,"ISR":412671200,"ITA":5061676400,"JAM":117940000,"JOR":262689200,"JPN":3656226000,"KEN":169660000,"KOR":552934355.297635,"KWT":182617600,"LBN":348892800,"LBY":918062400,"LKA":40000000,"MAR":114120000,"MDG":19382000,"MEX":663370800,"MLT":139294800,"MMR":129698720,"MRT":3570000,"MUS":33050000,"MWI":21010000,"MYS":619980000,"NGA":132459200,"NIC":44212800,"NLD":2540014731.94335,"NOR":710409600,"NPL":83753427.2,"NZL":209849305.6,"PAK":332933120,"PAN":14100000,"PER":167156800,"PHL":121267200,"PRT":1449770000,"PRY":10330467.2,"QAT":15912000,"RWA":3010000,"SAU":607180000,"SDN":36400000,"SGP":826630000,"SLE":35400000,"SLV":63874720,"SOM":14229600,"SUR":32474000.1446783,"SWE":696993134.695452,"SYR":59160000,"TCD":-4810495.80882963,"THA":984984000,"TTO":44720000,"TUN":36924566.4,"TUR":245673600,"TZA":80260000,"UGA":52270000,"URY":185037200,"USA":17031416000,"VEN":935072000,"WSM":5150000,"ZAF":1404632000,"ZMB":369381600,"ZWE":56120400},"yearsByCountry":{"CUB":1960}}