{"schemaVersion":1,"dataKind":"ranking-year","indicatorId":"FI.RES.TOTL.CD","year":1970,"valuesByCountry":{"AFG":49488930,"ARG":681788410,"AUS":1708729730,"AUT":1805764300,"BDI":15395912.57,"BEL":2946532105.06856,"BHR":71656690,"BHS":21680000,"BOL":46379966.09,"BRA":1189904670,"BRB":16580000,"CAF":1388412.39131574,"CAN":4732515670,"CHE":5316981100,"CHL":391661580,"CMR":80807414.2236463,"COD":189252250,"COG":8884792.31531361,"COL":207221820,"CRI":16386168.27,"CYP":209991730,"DEU":13878868480,"DNK":487940280,"DOM":32333820,"DZA":352276530,"ECU":75607786.9050106,"EGY":165038580,"ESP":1851302470,"ETH":71745620,"FIN":455408582.956902,"FJI":27350000,"FRA":5199446700,"GAB":14739646.4310063,"GBR":2918294770.26573,"GHA":42579200,"GMB":8110000,"GRC":318014730,"GRD":3677499.99816125,"GTM":79445000,"GUY":20400000,"HND":20245847,"HTI":4300000,"IDN":160280180,"IND":1023173271.49678,"IRL":697773321.8,"IRN":216875910,"IRQ":471879630,"ISL":53803730,"ISR":451538800,"ITA":5547425490,"JAM":139190000,"JOR":257533890,"JPN":4876114550,"KEN":219830000,"KOR":609950461.684376,"KWT":209112310,"LBN":404917180,"LBY":1595900690,"LKA":42740000,"MAR":141722000,"MDG":37122000,"MEX":756033730,"MLT":158551490,"MMR":98344618,"MRT":3180000,"MUS":46190000,"MWI":29200000,"MYS":667456900,"NGA":223498270,"NIC":49225290,"NLD":3362472585.2396,"NOR":812917900,"NPL":94202508.28,"NZL":257723141.94,"OMN":12639736.76,"PAK":194529622,"PAN":15750000,"PER":332057580,"PHL":254792000,"PRT":1564794900,"PRY":17605427.82,"QAT":18213450,"RWA":7700000,"SAU":669558000,"SDN":21740000,"SGP":1012040000,"SLE":39360000,"SLV":63874517,"SOM":21252110,"SUR":37078136.8013246,"SWE":774815766.875111,"SYR":56896000,"TCD":2308557.60920868,"THA":911040540,"TTO":43020000,"TUN":59897932.18,"TUR":439755730,"TZA":64970000,"UGA":56650000,"URY":186225180,"USA":15236515800,"VEN":1046548900,"WSM":5220000,"ZAF":1056681100,"ZMB":514838710,"ZWE":59433760}}