{"schemaVersion":1,"dataKind":"ranking-year","indicatorId":"FI.RES.TOTL.CD","year":1971,"valuesByCountry":{"AFG":67614026.949059,"ARG":304314527.124963,"AUS":3357977441.39118,"AUT":2455021251.70296,"BDI":17727076.9039863,"BEL":3721848718.73861,"BHR":96340310,"BHS":29500000,"BOL":56353201.3390203,"BRA":1753865277.94276,"BRB":18860581.9485159,"CAF":210643.188787422,"CAN":5828802080.29294,"CHE":7434089300,"CHL":228798098.822617,"CMR":73603091.9369788,"COD":153653420.765702,"COG":10820119.7252881,"COL":205496025.849893,"CRI":29789083.8161299,"CUB":144018160,"CYP":287391028.227429,"DEU":19312523394.8586,"DNK":732048348.249115,"DOM":56552180,"DZA":537318203.552704,"ECU":60390308.3641193,"EGY":163240183.243181,"ESP":3347891154.11526,"ETH":69634045.4187001,"FIN":684060182.962208,"FJI":39617149.9945683,"FRA":8819835375.32277,"GAB":25387173.8714496,"GBR":8956892354.16575,"GHA":43092238.0362754,"GMB":10939434.3434335,"GRC":534814270.994878,"GRD":4447611.01312731,"GTM":96235485.4961394,"GUY":26156006.7340058,"HND":21909547.5584868,"HTI":10386868.252415,"IDN":145119481.521668,"IND":1245821898.02245,"IRL":997966352.619436,"IRN":642577379.345063,"IRQ":623398834.755072,"ISL":70111011.2838019,"ISR":743867526.490708,"ITA":7283733924.50827,"JAM":179050366.46029,"JOR":257685715.191697,"JPN":15469152224.9144,"KEN":170946360.160737,"KOR":437824675.474282,"KWT":301855035.603336,"LBN":598829651.299011,"LBY":2679173185.85533,"LKA":50332571.5216683,"MAR":176838007.60291,"MDG":46345062.7131481,"MEX":981458344.777804,"MLT":200146555.852066,"MMR":75767501.6955577,"MRT":7504576.30064012,"MUS":51697737.3737341,"MWI":31920015.2058195,"MYS":827084341.978892,"NGA":431942650.768961,"NIC":58890779.9913093,"NLD":4102934790.61148,"NOR":1159714542.98572,"NPL":102268064.826314,"NZL":492952622.91866,"OMN":25048556.6706498,"PAK":198501968.272939,"PAN":21021736.0703781,"PER":430223332.541532,"PHL":392507820,"PRT":2092684247.97435,"PRY":21138624.2449464,"QAT":22602091,"RWA":5778576.08341412,"SAU":1462013712.52958,"SDN":27900000,"SGP":1452297171.71717,"SLE":38407453.4593209,"SLV":67645912.9078952,"SOM":26190338.463123,"SUR":43893664.6679634,"SWE":1144687007.38369,"SYR":92904000,"TCD":11224223.1798028,"THA":890056634.2348,"TTO":69382899.96741,"TUN":148480987.507885,"TUR":781035856.944714,"TZA":60253183.8818232,"UGA":26922886.9338504,"URY":204611270,"USA":14831073226.4574,"VEN":1584139131.06324,"WSM":6410858.26001939,"ZAF":777286708.504363,"ZMB":285818117.736488,"ZWE":41695710},"yearsByCountry":{"CUB":1960}}