{"schemaVersion":1,"dataKind":"ranking-year","indicatorId":"FI.RES.TOTL.CD","year":1972,"valuesByCountry":{"AFG":81289660.8667313,"ARG":572449755.175402,"AUS":6339772676.22443,"AUT":3280220048.61508,"BDI":18549238.238545,"BEL":5028350688.4736,"BGD":270471434.777885,"BHR":98895593.4723568,"BHS":37060000,"BOL":70587990.7668282,"BRA":4218805676.74583,"BRB":27988871.9452569,"CAF":1718494.97339513,"CAN":6640230809.89429,"CHE":9792839000,"CHL":184721791.951774,"CMR":43637853.5201198,"COD":217548710.56803,"COG":10338027.3794466,"COL":336885583.002055,"CRI":44482171.1507855,"CUB":144018160,"CYP":331134152.56869,"DEU":26942103304.4957,"DNK":903602411.415166,"DOM":60894564.3314838,"DZA":640169273.520114,"ECU":144133547.302227,"EGY":209341387.161939,"ESP":5397172464.23363,"ETH":99364692.5925895,"FIN":758280979.242718,"FJI":69415439.9913093,"FRA":12723426514.4994,"GAB":23227404.6659069,"GBR":6214060489.48363,"GHA":104041173.889427,"GMB":11384579.55903,"GRC":1125644543.55379,"GRD":5050386.46172116,"GTM":148136483.004229,"GUY":36750300.2063626,"HND":35288349.769738,"HTI":17881732.8119882,"IDN":580054154.045819,"IND":1367601418.5857,"IRL":1139113204.50762,"IRN":1061180295.09067,"IRQ":891753225.556624,"ISL":84930137.5800967,"ISR":1253027076.45269,"ITA":8300403742.10896,"JAM":159691449.983705,"JOR":292676198.446828,"JPN":18932680017.2147,"KEN":201994376.018234,"KOR":529914853.024302,"KWT":429915492.777225,"LBN":922647621.299011,"LBY":2990319033.02921,"LKA":59464611.0567989,"MAR":252590996.198525,"MDG":52241642.7066301,"MEX":1296684257.07604,"MLT":284622299.761047,"MMR":60969731.7258583,"MRT":13459437.6018234,"MUS":70118316.0638601,"MWI":36237163.0281279,"MYS":1014857174.75829,"NGA":390711738.557593,"NIC":80697262.1592239,"NLD":6242203942.667,"NOR":1351223543.76011,"NPL":107173201.631387,"NZL":833644611.586418,"OMN":37308466.7984674,"PAK":323798402.128806,"PAN":43128033.2355769,"PER":513201370.120542,"PHL":600318225.165625,"PRT":3034003805.14824,"PRY":31540396.5906108,"QAT":33680516.9447137,"RWA":6373429.78168767,"SAU":2583652932.52958,"SDN":35587443.6841512,"SGP":1748418886.06495,"SLE":46452033.0183509,"SLV":95389003.0346459,"SOM":31525583.2410085,"SUR":53655594.0167506,"SWE":1733083776.44481,"SYR":157219440.860213,"TCD":10074968.8972227,"THA":1115223906.81001,"TTO":58258900.1846359,"TUN":226181443.736857,"TUR":1493838677.45191,"TZA":119587470.8374,"UGA":35952613.8807368,"URY":298511566.938196,"USA":20573775352.1224,"VEN":2031779425.54568,"WSM":4528858.91169737,"ZAF":1772585939.93695,"ZMB":171375429.13001,"ZWE":97094800},"yearsByCountry":{"CUB":1960}}