{"schemaVersion":1,"dataKind":"ranking-year","indicatorId":"FI.RES.TOTL.CD","year":1973,"valuesByCountry":{"AFG":126230158.218424,"ARE":91723795.1680122,"ARG":1597255505.79733,"AUS":6213814800.04453,"AUT":4335902626.19017,"BDI":21591190.308765,"BEL":8052357419.36886,"BGD":143195868.268889,"BHR":90619113.4453415,"BHS":43150000,"BOL":100471229.424337,"BRA":6508867084.0128,"BRB":32374267.4537116,"CAF":1782983.55184932,"CAN":7305435935.41761,"CHE":14346200000,"CHL":276042030.521003,"CMR":51153204.9737558,"COD":337127040.041501,"COG":7858034.17386184,"COL":564310567.05791,"CRI":55175241.5230483,"CYP":336814867.613196,"DEU":41407633837.3905,"DNK":1450865797.78642,"DOM":93988671.0249534,"DZA":1526311528.86445,"ECU":253707163.629408,"EGY":532593785.436518,"ESP":7771042558.04701,"ETH":194875525.478891,"FIN":666703467.734995,"FJI":73949350.9915427,"FRA":15594821968.3547,"GAB":47857419.6080694,"GBR":7946929575.59681,"GHA":194039305.167838,"GMB":16240624.8907179,"GRC":1291978636.34366,"GRD":5003581.59497202,"GTM":246465603.344238,"GUY":13973635.3276719,"HND":42003962.1090729,"HTI":17031738.9495527,"IDN":811133004.873315,"IND":1629325093.4044,"IRL":1055313026.40639,"IRN":1498630789.8727,"IRQ":1840097013.29342,"ISL":101652029.075453,"ISR":1891389447.38567,"ITA":12211762049.6377,"JAM":127444737.327637,"JOR":360195580.075436,"JPN":13723926171.0616,"KEN":233045794.709654,"KOR":897136978.98677,"KWT":700276757.764417,"LBN":1507046654.00837,"LBY":2297339576.08394,"LKA":86601218.4283747,"MAR":307947925.15061,"MDG":67901725.093916,"MEX":1679817084.57653,"MLT":350038183.302387,"MMR":114339486.714144,"MRT":42243163.0419726,"MUS":66825994.3443947,"MWI":66642983.9074407,"MYS":1461558716.90599,"NGA":622853179.452631,"NIC":117941982.10916,"NLD":10350910074.7624,"NOR":1643357567.15745,"NPL":132121706.911687,"NZL":1047638200.19589,"OMN":48619126.2415602,"PAK":590281469.789527,"PAN":41714880.2855599,"PER":638654426.074634,"PHL":1111431650.72234,"PNG":31260000,"PRT":4767686792.67184,"PRY":57266560.0880692,"QAT":54476551.890683,"ROU":470558568.453694,"RWA":15181419.268872,"SAU":4093816070.16758,"SDN":61330424.0502206,"SGP":2285755202.37802,"SLE":51775197.5544667,"SLV":95802260.5293564,"SOM":35333860.8150034,"SUR":73004545.3405565,"SWE":2934153065.61738,"SYC":4270000,"SYR":468474889.932656,"TCD":1470530.61296784,"THA":1469494603.80581,"TTO":47013305.9998954,"TUN":316200591.06904,"TUR":2386716877.48642,"TZA":144616442.512355,"UGA":29113281.882156,"URY":497496276.26875,"USA":33703588954.2107,"VEN":3193881779.54285,"WSM":5077616.86553787,"ZAF":2580499567.19208,"ZMB":207974126.907563,"ZWE":208907500}}