{"schemaVersion":1,"dataKind":"ranking-year","indicatorId":"FI.RES.TOTL.CD","year":1974,"valuesByCountry":{"AFG":201456356.929144,"ARE":452878020.575417,"ARG":1889579481.31192,"AUS":5329033239.41445,"AUT":6428287967.07299,"BDI":14367912.0433159,"BEL":11403306216.9486,"BGD":138200000,"BHR":175720924.294448,"BHS":49791749.3585897,"BOL":252272315.662618,"BRA":5463238279.69263,"BRB":39152392.3868118,"CAF":1743214.00246234,"CAN":8978681009.82422,"CHE":20962552960.2777,"CHL":309258541.232273,"CMR":78527121.8049495,"COD":212045966.553744,"COG":24101167.4811688,"COL":511097534.81817,"CRI":53239717.2485671,"CUB":144018160,"CYP":329904212.660735,"DEU":49293767750.2605,"DNK":1195732105.90786,"DOM":103166562.575086,"DZA":2474721193.66406,"ECU":390629826.403829,"EGY":705412654.534801,"ESP":8535016960.78679,"ETH":314837566.125116,"FIN":749415388.602784,"FJI":109147359.324253,"FRA":23350057845.1246,"GAB":103292592.947595,"GBR":9959015733.30559,"GHA":101333084.902288,"GMB":28045553.1651838,"GRC":1454967385.07359,"GRD":5363381.05612096,"GTM":272939435.372784,"GUY":62572063.7726408,"HND":44880473.8239536,"HTI":19988172.685709,"IDN":1500130950.68711,"IND":2324650346.59874,"IRL":1330613397.39364,"IRN":8920357631.63647,"IRQ":3861960542.04613,"ISL":52847186.6982372,"ISR":1358324374.6793,"ITA":18789255456.8066,"JAM":190393158.34063,"JOR":461452944.311808,"JPN":16551249546.2839,"KEN":193282885.761395,"KOR":297744267.08905,"KWT":1902721427.6816,"LBN":2997376774.2088,"LBR":18718548.4175995,"LBY":3965710703.3667,"LKA":77591855.6463244,"MAR":504349098.84661,"MDG":49408139.478192,"MEX":1920866299.91621,"MLT":452512814.328785,"MMR":219574804.277472,"MRT":103811969.247284,"MUS":131073692.643376,"MWI":81791077.9301277,"MYS":1856664244.74273,"NGA":5708969927.07708,"NIC":108034729.255964,"NLD":14762567169.2256,"NOR":2069214569.33791,"NPL":145577564.31754,"NZL":642844474.933293,"OMN":98531794.4385075,"PAK":688502075.449753,"PAN":39316004.7049513,"PER":1112278560.78067,"PHL":1655870734.9453,"PNG":32450000,"PRT":6353120252.04109,"PRY":87572216.0452815,"QAT":98541299.3585898,"ROU":696928015.312408,"RWA":13107759.5932775,"SAU":14727449735.135,"SDN":124272496.236805,"SGP":2811935427.80185,"SLE":54623869.9317105,"SLV":168141735.543316,"SOM":42815002.4293754,"SUR":95075139.9199446,"SWE":2566836971.55321,"SWZ":13472680.8383646,"SYC":5040000,"SYR":613249386.441673,"TCD":15267029.2365702,"THA":2194580772.41438,"TTO":390326808.383646,"TUN":436959370.367652,"TUR":2227397998.87672,"TZA":50232420.7870518,"UGA":16758479.8547413,"URY":740015363.943939,"USA":55700252549.1293,"VEN":8119250127.13426,"WSM":5957879.42687923,"ZAF":3780673386.48813,"ZMB":195695676.005514,"ZWE":164413000},"yearsByCountry":{"CUB":1960}}