{"schemaVersion":1,"dataKind":"ranking-year","indicatorId":"FI.RES.TOTL.CD","year":1975,"valuesByCountry":{"AFG":217260903.825979,"ARE":987879902.290252,"ARG":848224746.108479,"ATG":7315757.08013916,"AUS":3989818897.21656,"AUT":6510895769.23948,"BDI":30847714.1590549,"BEL":9983533481.28289,"BGD":148263262.412567,"BHR":310517289.7628,"BHS":53283293.0695292,"BOL":196963507.555758,"BRA":4166486431.37877,"BRB":39579071.4418522,"CAF":3828943.42404235,"CAN":7504993348.50907,"CHE":18687775327.2479,"CHL":237806134.789049,"CMR":28827890.0770217,"COD":84371345.9335607,"COG":13814488.4353576,"COL":632587394.113537,"CRI":57175042.0689812,"CUB":144018160,"CYP":257680412.483614,"DEU":42710976245.1882,"DMA":345257.868423461,"DNK":1056989138.37467,"DOM":124705900.748805,"DZA":1895709477.25852,"ECU":307492486.230088,"EGY":535004016.970939,"ESP":7507064705.72817,"ETH":315252641.746837,"FIN":548653232.834842,"FJI":148591616.451688,"FRA":22613021741.1594,"GAB":146069074.960014,"GBR":7547578527.07813,"GHA":147155059.362711,"GMB":28551676.388286,"GRC":1291435721.84633,"GRD":5752611.47139629,"GTM":352684550.240514,"GUY":100496676.043954,"HND":97403996.2833453,"HTI":12646577.3916726,"IDN":592327932.198302,"IND":2064427967.54988,"IRL":1575311637.76791,"IRN":9267871108.17368,"IRQ":3134222051.93491,"ISL":49803248.17447,"ISR":1291503393.57237,"ITA":12874206632.0235,"JAM":125575299.1091,"JOR":570673410.772862,"JPN":14910844574.1853,"KEN":173405883.888286,"KOR":796941363.308375,"KWT":2050783367.76412,"LBN":2494061145.05357,"LBR":19188682.3130794,"LBY":2436846607.12906,"LCA":3240955.42422485,"LKA":57431406.4440441,"MAR":437657146.742508,"MDG":35577005.9247934,"MEX":1896784592.90344,"MLT":535286332.947107,"MMR":160822338.669664,"MRT":47725239.4020571,"MUS":165977215.01422,"MWI":61458203.2794107,"MYS":1688955830.38929,"NGA":5665692312.30902,"NIC":124114409.86555,"NLD":12503850961.6026,"NOR":2333772999.6723,"NPL":113974569.075979,"NZL":430065727.632707,"OMN":165542392.725871,"PAK":562995171.933785,"PAN":34445388.7844412,"PER":566164817.195095,"PHL":1462602770.84065,"PNG":179670000,"PRT":4285387932.59225,"PRY":115344715.931692,"QAT":123030069.911471,"ROU":903723291.358776,"RWA":24916031.4433412,"SAU":23625313525.3134,"SDN":36369221.0537908,"SGP":3006633951.45388,"SLE":28412394.9387891,"SLV":175110725.180372,"SOM":68737413.4647077,"SUR":112107456.427733,"SWE":3650634590.11819,"SWZ":45611556.7446461,"SYC":6340000,"SYR":812561560.384801,"TCD":3058688.10896881,"THA":2006995025.60676,"TTO":750953201.787307,"TUN":398032737.259315,"TUR":1444445641.15843,"TZA":65446257.4059917,"UGA":31022694.3922206,"URY":554864630.126806,"USA":43154974089.341,"VEN":9970588618.84127,"WSM":6386826.34455623,"ZAF":2978267497.01579,"ZMB":165564753.4106,"ZWE":129177750},"yearsByCountry":{"CUB":1960}}