{"schemaVersion":1,"dataKind":"ranking-year","indicatorId":"FI.RES.TOTL.CD","year":1976,"valuesByCountry":{"AFG":256505577.344225,"ARE":1979903725.58128,"ARG":1983316224.28094,"ATG":9665925.92599487,"AUS":3862096210.08845,"AUT":6374077148.29675,"BDI":49159844.2330086,"BEL":9173446261.19913,"BGD":288917105.667085,"BHR":456619581.369459,"BHS":47419157.5627205,"BLZ":5490665.587099,"BOL":206830669.181962,"BRA":6666854181.77381,"BRB":27977462.3357663,"BWA":72322792.6973461,"CAF":18828693.5356935,"CAN":7876981014.03464,"CHE":20828006899.9503,"CHL":585119225.425629,"CMR":43803725.9182906,"COD":85310633.9899451,"COG":12168224.1096616,"COL":1291230368.32769,"CPV":32695172.5897079,"CRI":103437863.325554,"CYP":332174705.579349,"DEU":45867199927.0954,"DMA":1172592.59260178,"DNK":1085798462.21781,"DOM":135082725.705515,"DZA":2502228024.97401,"ECU":529391109.861578,"EGY":567297179.704645,"ESP":6626926078.0785,"ETH":331791559.230676,"FIN":573064058.535593,"FJI":116321188.327452,"FRA":19232853329.8611,"GAB":116155039.786906,"GBR":6208263109.94223,"GHA":113297797.873544,"GMB":20635249.8569149,"GRC":1268118820.87712,"GRD":10886666.8069178,"GTM":557262955.654034,"GUY":27282883.5544061,"HND":131248196.823367,"HTI":28149129.3255547,"IDN":1504197785.94093,"IND":3728750637.4451,"IRL":1878730372.3754,"IRN":9184961806.8407,"IRQ":4986343059.38319,"ISL":83422178.4074539,"ISR":1476979092.58351,"ITA":14337537090.5835,"JAM":32394610.264659,"JOR":578862216.074829,"JPN":18590786440.724,"KEN":275522172.368629,"KOR":1985105840.18285,"KWT":2453404527.73625,"LBN":2544358607.53347,"LBR":17169646.9241552,"LBY":3434886396.17797,"LCA":5191851.85189819,"LKA":92329947.3857977,"MAR":549011047.730459,"MDG":42161006.613332,"MDV":10000,"MEX":1403804526.58856,"MLT":655371838.847585,"MMR":145252969.495335,"MRT":81982579.4999275,"MUS":89513781.7726107,"MWI":26217493.8190651,"MYS":2627815148.52637,"NGA":5256784369.24904,"NIC":148342305.348528,"NLD":12498495535.4082,"NOR":2321348340.0551,"NPL":145042574.241468,"NZL":493834469.150747,"OMN":225805068.078261,"PAK":684140446.77116,"PAN":78941523.8652293,"PER":424499912.306521,"PHL":1739096908.5706,"PNG":257201876.941074,"PRT":3904791953.99635,"PRY":157823528.614794,"QAT":155143483.872963,"ROU":932008735.482429,"RWA":62103139.7112396,"SAU":27314909463.7395,"SDN":23600000,"SGP":3363763124.64229,"SLE":25204166.3317542,"SLV":250830255.995553,"SOM":85230817.2658553,"SUR":130107634.607038,"SWE":3035642596.73134,"SWZ":73385784.6468796,"SYC":6490000,"SYR":399706243.246725,"TCD":23274483.268861,"THA":2112848141.32813,"TTO":1013547507.33818,"TUN":383275593.145719,"TUR":1471465349.52027,"TZA":112267249.138348,"UGA":44534030.0461643,"URY":653764394.911539,"USA":44162131646.1166,"VCT":4658148.14819336,"VEN":9630263781.96112,"WSM":5240000,"ZAF":2132510126.08571,"ZMB":115298691.780345,"ZWE":112348750}}