{"schemaVersion":1,"dataKind":"ranking-year","indicatorId":"FI.RES.TOTL.CD","year":1977,"valuesByCountry":{"AFG":431038896.524611,"ARE":894066095.315775,"ARG":3843942355.42708,"ATG":5103703.70373535,"AUS":3319307782.79878,"AUT":6813640726.05985,"BDI":95905709.7833383,"BEL":10958484438.875,"BGD":241498645.519865,"BHR":528660973.356273,"BHS":68502133.002373,"BLZ":8020500,"BOL":310364752.964207,"BRA":7441920872.37624,"BRB":37006128.4768428,"BWA":96693342.4073336,"CAF":26274569.6377114,"CAN":7301923098.27433,"CHE":24025728295.0846,"CHL":651475843.615936,"CHN":4456360000,"CMR":44862720.5208037,"COD":176753441.378014,"COG":14453694.4362124,"COL":2032781401.90254,"CPV":42023598.8212986,"CRI":202573247.180624,"CUB":144018160,"CYP":386060887.136415,"DEU":54220834449.6053,"DMA":2230370.37039185,"DNK":1906323390.9386,"DOM":197259158.396463,"DZA":2590691196.3561,"ECU":689065038.327669,"EGY":831886353.001224,"ESP":8357980885.84689,"ETH":260491690.487483,"FIN":680322458.407761,"FJI":148054220.954145,"FRA":22642593460.4077,"GAB":10960852.445259,"GBR":23778086730.6716,"GHA":181582891.516803,"GMB":24394652.8364082,"GRC":1476777090.22437,"GRD":12691851.908562,"GTM":752484050.521319,"GUY":22976165.3992957,"HND":182048539.731685,"HTI":34769239.5607594,"IDN":2536611976.01056,"IND":6085439869.41109,"IRL":2429145979.67679,"IRN":12729171532.242,"IRQ":7503115537.56725,"ISL":104776332.643267,"ISR":1713580566.85654,"ITA":21780300209.8104,"JAM":49646472.3127915,"JOR":776098876.444232,"JPN":25907718767.5808,"KEN":525784882.946834,"KOR":2991368743.26759,"KWT":3297330595.81075,"LBN":3089266497.60308,"LBR":27344992.9595804,"LBY":5190237333.19385,"LCA":5652962.9630127,"LKA":292587750.867411,"MAR":609585604.230039,"MDG":68920781.313251,"MDV":80000,"MEX":1938338554.76707,"MLT":778933824.524381,"MMR":140482275.25155,"MRT":50940400.43428,"MUS":67871962.2331011,"MWI":88549586.8638367,"MYS":3070865971.30345,"NGA":4335987601.42271,"NIC":152618166.503789,"NLD":14753248519.6945,"NOR":2373917179.52943,"NPL":161385891.190902,"NZL":449817030.260227,"OMN":306300206.275568,"PAK":715701866.633621,"PAN":70866206.7021357,"PER":522224574.021281,"PHL":1653546123.30713,"PNG":431365355.24409,"PRT":4342230245.35505,"PRY":268861123.076265,"QAT":191927824.832886,"ROU":760585078.439256,"RWA":84079011.0940977,"SAU":30410993714.0673,"SDN":23148588.504019,"SGP":3857669709.94044,"SLB":2870620.99998474,"SLE":33400597.6406644,"SLV":293868953.294113,"SOM":121754091.336404,"SUR":118372274.422493,"SWE":4392816298.95279,"SWZ":94706225.1633621,"SYC":11511471.2600475,"SYR":617512169.265023,"TCD":19707116.1180086,"THA":2208114609.30437,"TON":9001000,"TTO":1486150622.99487,"TUN":375924115.966232,"TUR":1237511839.64509,"TZA":281826684.814667,"UGA":47205471.072112,"URY":912237668.600015,"USA":53374370832.8974,"VCT":4810000.00003052,"VEN":9602436275.37194,"WSM":9126441.37801424,"ZAF":2019343736.22277,"ZMB":94022882.2673962,"ZWE":97632400},"yearsByCountry":{"CUB":1960}}