{"schemaVersion":1,"dataKind":"ranking-year","indicatorId":"FI.RES.TOTL.CD","year":1978,"valuesByCountry":{"AFG":605029119.75129,"ARE":942089886.92439,"ARG":5933322541.7813,"ATG":5973333.33337402,"AUS":3822366656.88824,"AUT":9804525357.23644,"BDI":83359466.4691419,"BEL":13591056962.6925,"BGD":321264479.580148,"BHR":527347411.354708,"BHS":61011359.6371955,"BLZ":13978000,"BOL":315441347.098242,"BRA":12190033177.1807,"BRB":59836293.0341154,"BWA":146934800.286139,"CAF":26054787.534211,"CAN":8558516041.94903,"CHE":36583417564.948,"CHL":1404231008.20356,"CHN":4449800000,"CMR":55673755.7935936,"COD":195357273.568513,"COG":11350150.538258,"COL":2809627387.39993,"CPV":39368391.7651466,"CRI":212000580.739993,"CUB":144018160,"CYP":445800925.572165,"DEU":75286223391.8784,"DMA":1925185.18519592,"DNK":3576473668.69511,"DOM":177553196.183002,"DZA":3229638827.87029,"ECU":727782749.578572,"EGY":1050567897.61415,"ESP":13394127224.5126,"ETH":217562055.916029,"FIN":1436537558.58222,"FJI":136595841.316602,"FRA":32328216861.7748,"GAB":24720653.9111842,"GBR":21184736971.547,"GHA":326657532.15608,"GMB":26072159.2556765,"GRC":2157055983.29951,"GRD":12313333.3378938,"GTM":857805069.178334,"GUY":58265716.4120948,"HND":187554521.373649,"HTI":40833162.0951539,"IDN":2676740696.84569,"IND":8316115827.72231,"IRL":2769407819.65184,"IRN":12840645493.3403,"IRQ":7776569568.79456,"ISL":145776004.484656,"ISR":2889778655.91513,"ITA":29895032078.1287,"JAM":58823497.2326318,"JOR":1068844177.6712,"JPN":37824760299.6901,"KEN":368830301.98426,"KOR":2826038817.68616,"KWT":3071067161.42502,"LBN":3918138374.42738,"LBR":18021337.9769553,"LBY":4658086314.36764,"LCA":6757037.03707886,"LKA":407115687.662989,"MAR":772082199.140679,"MDG":59221295.5148927,"MDV":571475.286252215,"MEX":2269381532.86607,"MLT":1006500092.27017,"MMR":150230451.908273,"MRT":81397329.1030237,"MUS":53255929.1984035,"MWI":76971900.1868811,"MYS":3670453192.26701,"NGA":2028808603.51189,"NIC":56876133.7784389,"NLD":17467545932.1739,"NOR":3116741415.9221,"NPL":178077053.551357,"NZL":465822281.966488,"OMN":295999060.36578,"PAK":795941588.071206,"PAN":150418499.713409,"PER":616609531.679181,"PHL":2104978569.08341,"PNG":414750082.194638,"PRT":5873321282.17082,"PRY":451139806.915465,"QAT":267732582.155854,"ROU":1132422000,"RWA":94967184.0255929,"SAU":20225550056.7885,"SDN":28355858.6829462,"SGP":5302666624.99944,"SLB":29185883.9997483,"SLE":34786615.0763264,"SLV":381320595.228302,"SOM":129691117.969583,"SUR":144644798.535675,"SWE":5479529145.95039,"SWZ":113608512.213578,"SYC":9260279.58014836,"SYR":565089746.850887,"TCD":13711275.9367726,"THA":2556904312.40344,"TON":10116000,"TTO":1813944908.01325,"TUN":479214071.231954,"TUR":1630117686.01986,"TZA":99860082.3470649,"UGA":52700057.3467262,"URY":1175048562.02169,"USA":69447964987.8909,"VCT":5256296.29632568,"VEN":8608724774.2041,"WSM":4782111.83205935,"ZAF":2635700791.12426,"ZMB":96515885.1139815,"ZWE":184406000},"yearsByCountry":{"CUB":1960}}