{"schemaVersion":1,"dataKind":"ranking-year","indicatorId":"FI.RES.TOTL.CD","year":1979,"valuesByCountry":{"AFG":934779039.41471,"ARE":1727429507.68921,"ARG":11626505760.127,"ATG":11232962.9630432,"AUS":5486014814.34887,"AUT":14883522738.0882,"BDI":96725113.6573312,"BEL":22959057237.077,"BGD":413645589.087291,"BHR":690672790.518466,"BHS":86298283.6251967,"BLZ":10463000,"BOL":527840704,"BRA":9838705354.82902,"BRB":66117378.520896,"BWA":261115114.418417,"CAF":49946033.1867308,"CAN":14219999489.2131,"CHE":59072607795.7553,"CHL":2718629156.19322,"CHN":8707600000,"CMR":140905982.416779,"COD":335712079.856882,"COG":48069339.8625596,"COL":5030068039.71988,"CPV":42321955.3162124,"CRI":163150481.68825,"CUB":144018160,"CYP":588072140.929594,"DEU":101318444090.897,"DMA":9835555.55563354,"DNK":4075276490.99919,"DOM":296467138.055764,"DZA":5517255564.78122,"ECU":934098834.291606,"EGY":1795125066.24924,"ESP":20702703861.5845,"ETH":319158932.856275,"FIN":2044853097.81794,"FJI":142167965.986635,"FRA":59520673560.722,"GAB":26585980.6548082,"GBR":29084847008.5124,"GHA":401235930.363199,"GMB":1928959.17707442,"GRC":3292536813.64208,"GRD":12219469.6222064,"GTM":963704547.929532,"GUY":17528049.9581458,"HND":216235743.613047,"HTI":64132937.5499931,"IDN":4205180824.73847,"IND":11815414018.5725,"IRL":2408210509.71448,"IRN":17207747366.5899,"IRQ":9037707524.9322,"ISL":187025540.02363,"ISR":3693704330.02837,"ITA":52353996728.7263,"JAM":69599359.5348682,"JOR":1583911654.63242,"JPN":31926247771.2228,"KEN":668545448.786228,"KOR":3110375729.00053,"KWT":4170019161.90453,"LBN":6253129755.95693,"LBR":54979005.5572829,"LBY":7605939809.85692,"LCA":8124074.0741272,"LKA":549102778.808891,"MAR":917484621.859858,"MDG":5039519.96422063,"MDV":712506.356578766,"MEX":3087692135.1823,"MLT":1200108612.91501,"MMR":331879514.418418,"MRT":117973811.818673,"MUS":48428425.9630057,"MWI":76080407.0290971,"MYS":5005509362.02125,"NGA":5899642026.01849,"NIC":155832346.642814,"NLD":30104387121.8532,"NOR":4821442649.03879,"NPL":235268995.169785,"NZL":473984277.373526,"OMN":511379506.751912,"PAK":1144047212.5687,"PAN":118717752.378993,"PER":2113581929.71649,"PHL":3121121356.15879,"PNG":530801852.207386,"POL":1223020000,"PRT":12262027702.8935,"PRY":627066485.676101,"QAT":425873866.27351,"ROU":2334697225.96301,"RWA":165104989.336127,"SAU":21611589270.7714,"SDN":67399668.0496894,"SGP":5818480919.81976,"SLB":36957073.3057768,"SLE":46700000,"SLV":402733307.45292,"SOM":51380005.0899503,"SUR":197214079.114839,"SWE":6621022419.20473,"SWZ":113704927.489369,"SYC":12147892.9278338,"SYR":1007330332.33106,"TCD":17103550.9818403,"THA":3099793502.45529,"TON":12560000,"TTO":2167600504.45759,"TUN":666557355.729435,"TUR":2586031059.0781,"TZA":68041223.2795527,"UGA":22839243.3389618,"URY":2017848536.12234,"USA":143259225732.736,"VCT":8901851.85189819,"VEN":13187812580.6409,"WSM":4820000,"ZAF":5569820236.37346,"ZMB":191063141.633702,"ZWE":432020000},"yearsByCountry":{"CUB":1960}}