{"schemaVersion":1,"dataKind":"ranking-year","indicatorId":"FI.RES.TOTL.CD","year":1980,"valuesByCountry":{"AFG":940035968.528784,"ARE":2354590963.61751,"ARG":9296756057.32018,"ATG":7816666.66671753,"AUS":6366460013.12231,"AUT":17725433544.0942,"BDI":104654105.620465,"BEL":27973532283.2125,"BGD":331184644.40916,"BHR":1041823487.37736,"BHS":92269277.8802251,"BLZ":12675500,"BOL":553358366,"BRA":6875231542.03419,"BRB":80572814.8922177,"BWA":334034873.363843,"CAF":61698156.5106728,"CAN":15461831431.7427,"CHE":64748106068.3943,"CHL":4127728480.68479,"CHN":10090779859.0454,"CMR":206367217.764678,"COD":379781000,"COG":92619325.6866554,"COL":6473763937.00077,"COM":6372623.77928044,"CPV":42401306.7352193,"CRI":196831741,"CUB":144018160,"CYP":638921698.388313,"DEU":104701722862.371,"DMA":5078148.14819336,"DNK":4347048284.62994,"DOM":279024500,"DZA":7063796833.31252,"ECU":1257167793.9145,"EGY":2479664000,"ESP":20473495450.3179,"ETH":262284691.650166,"FIN":2451468443.10174,"FJI":174050521.410691,"FRA":75592384526.1005,"GAB":114931035.908203,"GBR":31755311531.2903,"GHA":329581762.377928,"GMB":5670000,"GRC":3606607178.04871,"GRD":12908888.89367,"GTM":752585368.723426,"GUY":12700000,"HND":159257508.251952,"HTI":26723324.251952,"IDN":6802959429.32938,"IND":12009788667.4367,"IRL":3070963707.65793,"IRN":12783023465.4368,"IRQ":9441535402.30843,"ISL":202698218.432024,"ISR":4055275455.73542,"ITA":62427835828.1099,"JAM":105000000,"JOR":1744684397.63029,"JPN":38918853640.0868,"KEN":538712188.84167,"KOR":3100858988.15039,"KWT":5425248387.81931,"LBN":7024574525.09732,"LBR":5450000,"LBY":14904804398.6862,"LCA":8287427.03002546,"LKA":282580139.5,"LSO":50268480.6509681,"MAR":813620198.046849,"MDG":9100000,"MDV":949148.535136533,"MEX":4175319837.11204,"MLT":1245944943.77293,"MMR":408656873.901072,"MRT":146443450,"MUS":112825200,"MWI":75955673.877928,"MYS":5754999182.04393,"NGA":10639786873.239,"NIC":75131000,"NLD":37548929888.7949,"NOR":6745966630.79088,"NPL":271948973.975296,"NZL":365276663.060017,"OMN":704464288.948125,"PAK":1567771124.70579,"PAN":117382779.39403,"PER":2803966993.94478,"PHL":3977980295.38574,"PNG":457765897.618934,"POL":574441000,"PRT":13862932271.3392,"PRY":782720338.155806,"QAT":623165565.257221,"ROU":2511224000,"RWA":196075653.485348,"SAU":26128874848.1999,"SDN":48725508.251952,"SGP":6566785016.54948,"SLB":29604572.1897878,"SLE":30600000,"SLV":381705150,"SOM":25745934.8524461,"SUR":221129296.543836,"SWE":6995886855.43518,"SWZ":158744508.593417,"SYC":18439443.9208727,"SYR":827582464.647513,"TCD":11772888.8034879,"THA":3026261894.75063,"TON":13753000,"TTO":2812572060.51705,"TUN":700155211.39967,"TUR":3298027746.07359,"TZA":20300000,"UGA":3000000,"URY":2401057735.64165,"USA":171412607203.354,"VCT":7270066.92626679,"VEN":13359613704.5238,"WSM":2770000,"ZAF":7888263456.5095,"ZMB":206121500,"ZWE":419235500},"yearsByCountry":{"CUB":1960}}