{"schemaVersion":1,"dataKind":"ranking-year","indicatorId":"FI.RES.TOTL.CD","year":1981,"valuesByCountry":{"AFG":657880757.485989,"ARE":3471503445.10964,"ARG":5006226776.17426,"ATG":7336296.2963562,"AUS":4824242557.36492,"AUT":13676529640.2529,"BDI":68145841.3928337,"BEL":18539741073.8591,"BGD":159682645.465368,"BHR":1603748400.16344,"BHS":100205503.194829,"BLZ":10334500,"BOL":429267402.056925,"BRA":7479607844.25765,"BRB":102966357.516245,"BWA":236697667.91994,"CAF":73805739.525873,"CAN":11671918704.9565,"CHE":47081828163.6807,"CHL":3889887780.09863,"CHN":10106339042.8511,"CMR":96992136.0919779,"COD":293853190.78143,"COG":127900257.410641,"COL":6078498187.97345,"COM":8391639.54653681,"CPV":37829159.214284,"CRI":142904172.499928,"CUB":144018160,"CYP":608833224.91559,"DEU":81553651369.2457,"DMA":3056990.47980607,"DNK":3195167219.16502,"DOM":281642246.0855,"DZA":5914588650.26264,"ECU":797068778.048442,"EGY":1682922621.2587,"ESP":16610948552.6341,"ETH":370055128.398288,"FIN":1988162432.13069,"FJI":139492121.978373,"FRA":54798129412.4145,"GAB":203862515.213667,"GBR":22802299491.4455,"GHA":268425872.792209,"GMB":3948197.73268408,"GRC":2553564855.57045,"GRD":16097407.4133694,"GTM":357328890.235951,"GUY":6910512.8398288,"HND":107377896.968617,"HTI":31125238.1860996,"IDN":6248009714.47374,"IND":8108837891.29932,"IRL":2793881199.33689,"IRN":3331695371.72228,"IRQ":7007264890.77748,"ISL":249003654.077946,"ISR":3970880954.1526,"ITA":46635435135.1551,"JAM":85173841.2878854,"JOR":1510813967.55742,"JPN":37839021737.7978,"KEN":262828031.489195,"KNA":4015555.5570428,"KOR":2802003319.5766,"KWT":5076728716.35365,"LBN":5182114834.96214,"LBR":8336710.57251288,"LBY":10425318890.1671,"LCA":7611783.64444343,"LKA":352359461.981451,"LSO":43395441.1150538,"MAR":509516094.701301,"MDG":26521651.8852826,"MDV":1145419.14069351,"MEX":4971260746.35438,"MLT":1255104544.59639,"MMR":328874524.865822,"MRT":166215879.212123,"MUS":50005948.3279326,"MWI":54157160.3376563,"MYS":5024212852.13357,"NGA":4168449635.50454,"NIC":111429837.279221,"NLD":26805899276.2173,"NOR":6723509092.90229,"NPL":262066241.979069,"NZL":682774524.421037,"OMN":853184856.438353,"PAK":1455323108.8897,"PAN":119947433.483772,"PER":1755200116.05954,"PHL":2858396304.27165,"PNG":420885883.583206,"POL":574441000,"PRT":9334151674.05753,"PRY":819771072.310682,"QAT":649222460.653276,"ROU":1830923000.50108,"RWA":167713241.997512,"SAU":34051190079.9495,"SDN":16970337.780304,"SGP":7549238396.65926,"SLB":21589414.2240283,"SLE":15950187.3982706,"SLV":276930424.558442,"SOM":38252036.8533672,"SUR":228584490.622737,"SWE":6013375320.54551,"SWZ":96362337.4675517,"SYC":13800012.3387457,"SYR":622538269.636405,"TCD":11846216.0418528,"THA":2720399130.65486,"TON":13981000,"TTO":3368927214.93098,"TUN":610305754.870902,"TUR":2425976885.28438,"TZA":18827909.3073631,"UGA":30003003.0064984,"URY":1778309843.42004,"USA":123907234985.741,"VCT":9004963.56850511,"VEN":12719712433.4606,"VUT":8462712.56488038,"WSM":3281639.54653681,"ZAF":4358999340.92142,"ZMB":142426331.642886,"ZWE":354712719.592008},"yearsByCountry":{"CUB":1960,"POL":1980}}