{"schemaVersion":1,"dataKind":"ranking-year","indicatorId":"FI.RES.TOTL.CD","year":1982,"valuesByCountry":{"AFG":698660805.642209,"ARE":2588863919.62547,"ARG":4503960609.47171,"ATG":8520000,"AUS":9995391402.50795,"AUT":14949075030.3478,"BDI":37357560.7551025,"BEL":19545394587.8802,"BGD":208528928.652138,"BHR":1603323223.25702,"BHS":113488532.440932,"BLZ":9837496.64180636,"BOL":562569850.172806,"BRA":3997356017.94855,"BRB":124370268.889382,"BWA":276051668.358379,"CAF":51578531.9311706,"CAN":12269212045.8529,"CHE":53509635003.7043,"CHL":2597195846.44885,"CHN":17151500473.3587,"CMR":80796978.2138793,"COD":226201062.149098,"COG":42223139.3938073,"COL":5605396376.77893,"COM":10831267.4454765,"CPV":42738961.3361533,"CRI":249778697.821626,"CYP":732893597.192786,"DEU":88250228616.2791,"DMA":4329400.53089846,"DNK":3009958068.30173,"DOM":170562546.951104,"DZA":4972783276.10336,"ECU":493476335.460639,"EGY":1809313172.89459,"ESP":14328182502.4805,"ETH":277333074.930273,"FIN":2097669136.11325,"FJI":131991929.988814,"FRA":53929067047.0264,"GAB":317641899.132668,"GBR":21083020684.6915,"GHA":314337128.267335,"GMB":8386497.19278623,"GNQ":2773615.87655523,"GRC":2630216481.26957,"GRD":9232512.55944922,"GTM":350871963.223647,"GUY":10557048.308227,"HND":119538465.15151,"HTI":12361644.8039574,"IDN":4562680197.54433,"IND":8241561692.94602,"IRL":2786359820.33778,"IRN":7685456407.40761,"IRQ":6950021390.58313,"ISL":167561221.68618,"ISR":4334575278.02565,"ITA":44552893204.4945,"JAM":108969025.850517,"JOR":1377509701.38491,"JPN":34403722656.5231,"KEN":248102847.327518,"KNA":3329259.26049232,"KOR":2945853718.62759,"KWT":7073280386.52919,"LBN":6821644187.90665,"LBR":6473031.07454914,"LBY":8694455394.4998,"LCA":8211031.07454914,"LKA":380230471.073379,"LSO":47535431.3966519,"MAR":539242246.951104,"MDG":19959209.2954003,"MDV":8406398.35471126,"MEX":1777613441.72025,"MLT":1294711788.23185,"MMR":219116064.039737,"MRT":144182621.074549,"MUS":55135753.7479028,"MWI":28526412.1376627,"MYS":4832354977.84825,"NGA":1926433779.02942,"NIC":171170734.560324,"NLD":30209428278.0414,"NOR":7414476974.9192,"NPL":268378933.907406,"NZL":646131513.396946,"OMN":999747149.957833,"PAK":1812777232.67859,"PAN":100969746.179575,"PER":1988396019.67828,"PHL":1740333168.63728,"PNG":481383143.023957,"PRT":10540549467.0688,"PRY":755180186.311633,"QAT":796396713.258708,"ROU":2073349274.74434,"RWA":119120666.005233,"SAU":31649049103.4032,"SDN":20500000,"SGP":8479773882.97042,"SLB":37229915.3931915,"SLE":8429491.57835868,"SLV":344119829.449706,"SOM":15260308.8716208,"SUR":200464854.745069,"SWE":6285248817.83952,"SWZ":76124506.2000204,"SYC":13071864.4729484,"SYR":578680554.415279,"TCD":17613994.6341586,"THA":2673865471.94638,"TON":15561000,"TTO":3105153736.67725,"TUN":691731829.561632,"TUR":2802367063.36263,"TZA":4822062.14909828,"UGA":78324323.5359274,"URY":1422106513.7479,"USA":143444661762.222,"VCT":4783093.22364742,"VEN":11814610376.2838,"VUT":5668632.43010337,"WSM":3481031.07454914,"ZAF":3944050948.78197,"ZMB":157342358.096252,"ZWE":320466114.816859}}