{"schemaVersion":1,"dataKind":"ranking-year","indicatorId":"FI.RES.TOTL.CD","year":1983,"valuesByCountry":{"AFG":582311039.774342,"ARE":2384157753.81782,"ARG":2840273965.03204,"ATG":9930000,"AUS":11987781859.6967,"AUT":12575296676.6522,"BDI":33509004.7163326,"BEL":17754310163.1004,"BGD":545881210.093418,"BHR":1483581781.69413,"BHS":121973941.278934,"BLZ":9305511.47698691,"BOL":508816422.275502,"BRA":4561475256.47812,"BRB":125586462.582897,"BTN":35480122.7902268,"BWA":376231972.485412,"CAF":51141020.7951516,"CAN":11161317127.126,"CHE":46804207822.2135,"CHL":2036312762.399,"CHN":19831702777.5853,"CMR":170415619.353292,"COD":269424666.829246,"COG":11709254.94424,"COL":3512000376.01102,"COM":11014961.3318891,"CPV":45902521.06942,"CRI":344714207.03312,"CUB":144018160,"CYP":694186236.486497,"DEU":78986153756.2804,"DMA":1478782.39063894,"DNK":4242152680.06479,"DOM":200663774.101437,"DZA":4010232278.91347,"ECU":802512378.506105,"EGY":1698907670.24247,"ESP":12974277206.465,"ETH":205607305.168584,"FIN":1722253272.63098,"FJI":120053584.73114,"FRA":51077749562.1383,"GAB":191704655.540394,"GBR":18593267595.7146,"GHA":291305077.11062,"GMB":2917512.95625558,"GNQ":1300000,"GRC":2380722491.85029,"GRD":14141759.0273227,"GTM":409283288.882716,"GUY":6490000,"HND":119720761.772095,"HTI":15761647.0960835,"HUN":1815690371.97009,"IDN":4902569210.57414,"IND":8215732398.97451,"IRL":2776721568.68248,"IRN":7685456407.40761,"IRQ":6753651473.59991,"ISL":167980245.541943,"ISR":4038410758.42861,"ITA":45540036598.4987,"JAM":63200000,"JOR":1239990117.0243,"JPN":33844570858.7474,"KEN":406428158.505212,"KNA":3147777.77894362,"KOR":2462789215.83467,"KWT":6160745770.34154,"LBN":5420707181.03933,"LBR":20396000,"LBY":6583895510.73051,"LCA":8870469.55976597,"LKA":320947713.040676,"LSO":66677059.626642,"MAR":375256521.384788,"MDG":29225634.7171917,"MDV":4541130.18946881,"MEX":4793446679.03658,"MLT":1292365497.84076,"MMR":185192900.515479,"MRT":110167519.183618,"MUS":32229095.5976597,"MWI":20298652.9895351,"MYS":4672616248.25914,"NGA":1251986799.03879,"NIC":171170734.560324,"NLD":26934430695.3204,"NOR":7080876679.16001,"NPL":191064674.082262,"NZL":786180149.85026,"OMN":872445977.708088,"PAK":2682849896.94921,"PAN":206695890.707738,"PER":1899044234.46643,"PHL":857185290.819172,"PNG":463965452.038875,"POL":574441000,"PRT":8180649540.85888,"PRY":693701939.49359,"QAT":790573033.667164,"ROU":1906207982.51602,"RWA":111299731.946056,"SAU":29040756672.701,"SDN":16562817.3585958,"SGP":9264230225.75955,"SLB":47329546.6703864,"SLE":16204695.5976597,"SLV":339013745.59766,"SOM":16476672.9894171,"SUR":79778795.65235,"SWE":6348959344.78422,"SWZ":92498850.4458136,"SYC":9972347.79882987,"SYR":369971303.914759,"TCD":32348568.4065928,"THA":2555856562.97028,"TON":20953000,"TTO":2125106351.2543,"TUN":638499860.970733,"TUR":2728450850.85496,"TZA":19415165.1574257,"UGA":106496136.737262,"URY":1199578123.29343,"USA":123110064423.481,"VCT":5696904.15157505,"VEN":12014837512.1927,"VUT":6594660.00278979,"WSM":7229251.95040491,"ZAF":3794711938.28386,"ZMB":137306439.119532,"ZWE":300443309.696308},"yearsByCountry":{"CUB":1960,"IRN":1982,"NIC":1982,"POL":1980}}