{"schemaVersion":1,"dataKind":"ranking-year","indicatorId":"FI.RES.TOTL.CD","year":1984,"valuesByCountry":{"AFG":526217137.222426,"ARE":2538886189.4422,"ARG":2590505132.02895,"ATG":15440000,"AUS":9886483620.48083,"AUT":10759891540.7681,"BDI":25040939.7998759,"BEL":15102823617.1989,"BGD":408085833.850911,"BHR":1348689378.04276,"BHS":161141024.722199,"BLZ":6072200.27825424,"BOL":533100460.18279,"BRA":11960814096.9955,"BRB":134385154.862091,"BTN":43047367.9006903,"BWA":453826973.721029,"CAF":56097886.8305506,"CAN":8699532578.04879,"CHE":40970392723.1672,"CHL":2303197858.25336,"CHN":21281443729.6592,"CMR":63101789.2347197,"COD":281037800,"COG":7535939.86281927,"COL":1785514714.66988,"COM":3685178.1900273,"CPV":40990516.613325,"CRI":412066217.152674,"CUB":144018160,"CYP":682055893.360693,"DEU":69485148465.6059,"DJI":44933881.0436518,"DMA":5249802.09569766,"DNK":3511129160.54667,"DOM":259051285.923604,"DZA":3185336009.37503,"ECU":738907098.049307,"EGY":1485991444.00965,"ESP":16464821364.9284,"ETH":108775328.709299,"FIN":3145826967.05818,"FJI":120842689.125104,"FRA":46174644006.7021,"GAB":203334402.312198,"GBR":15306822447.5626,"GHA":437210812.574186,"GMB":2259208.38279067,"GNQ":1381000,"GRC":2220066693.69714,"GRD":14234419.0114749,"GTM":435385509.139533,"GUY":5850000,"HND":133089633.531163,"HTI":18468623.1655813,"HUN":2196042504.19139,"IDN":5729969488.11448,"IND":8535944481.20133,"IRL":2463224239.25052,"IRN":7685456407.40761,"IRQ":6744749010.47849,"ISL":142709820.011276,"ISR":3373868527.24407,"ITA":41349282775.6336,"JAM":96929406.287093,"JOR":841785311.202313,"JPN":33898635723.3565,"KEN":414388461.981152,"KNA":5650740.74283361,"KOR":2848932435.67708,"KWT":5372970179.84865,"LBN":3514703718.04591,"LBR":3476406.287093,"LBY":4758853012.42506,"LCA":12380000,"LKA":530159875.536855,"LSO":48576065.2448819,"LUX":160844597.513581,"MAC":67950522.5525978,"MAR":265729346.698837,"MDG":58899720.6417429,"MDV":5129802.09569767,"MEX":8018704802.99307,"MLT":1133890944.77227,"MMR":139557416.509878,"MOZ":55294036.6024478,"MRT":81044026.287093,"MUS":35170100.9569767,"MWI":60557705.4273214,"MYS":4441615350.732,"NGA":1674113904.67394,"NIC":171170734.560324,"NLD":22783967390.7852,"NOR":9730069918.23684,"NPL":128600057.717553,"NZL":1793573439.67011,"OMN":989190245.184965,"PAK":1610425669.5035,"PAN":215639208.382791,"PER":2061520792.86056,"PHL":844406804.173814,"PNG":454590614.851387,"POL":1251517600,"PRT":6773536263.17101,"PRY":677186019.453898,"QAT":751527147.803209,"ROU":1859571164.96663,"RWA":106494072.304913,"SAU":26165371829.2205,"SDN":17200000,"SGP":10415963053.0829,"SLB":44703981.4169753,"SLE":7749010.47848833,"SLV":310473964.191395,"SOM":6956602.87162736,"SUR":41541766.2447037,"SWE":5715950280.51136,"SWZ":80100442.4704618,"SYC":5399604.19139533,"SYR":524999208.624065,"TCD":47584282.5457782,"THA":2687314836.48102,"TON":26017000,"TTO":1373306758.47214,"TUN":463854160.820788,"TUR":2442157927.26788,"TZA":26868614.6698837,"UGA":67907171.2167412,"URY":941548072.997205,"USA":104855936881.377,"VCT":12820000,"VEN":12434220776.1349,"VUT":8086949.98151026,"WSM":10557031.435465,"ZAF":2510957151.89413,"ZMB":54826402.0956977,"ZWE":259960292.488952},"yearsByCountry":{"CUB":1960,"IRN":1982,"NIC":1982}}