{"schemaVersion":1,"dataKind":"ranking-year","indicatorId":"FI.RES.TOTL.CD","year":1985,"valuesByCountry":{"AFG":610761731.107205,"ARE":3471498477.32864,"ARG":4702644000,"ATG":16580000,"AUS":8361034036.62565,"AUT":11678513739.8945,"BDI":35103931.4340949,"BEL":16026466437.386,"BGD":356198543.655536,"BHR":1708764499.12126,"BHS":182475237.258348,"BLZ":14812996.7294922,"BOL":492491229.182776,"BRA":11617955161.6871,"BRB":141755187.662565,"BTN":53322920.2571644,"BWA":758347205.623901,"CAF":53253226.2512816,"CAN":9077363669.59578,"CHE":45247875298.2099,"CHL":2449907557.11775,"CHN":16881047188.0492,"CMR":142274709.699133,"COD":335223699.472759,"COG":7593095.02567169,"COL":2197344984.18277,"COM":11934096.1983381,"CPV":55357731.5780941,"CRI":525326850.365553,"CYP":745365407.732864,"DEU":75504358024.6045,"DJI":50941032.9199171,"DMA":3270984.1827768,"DNK":5961248202.10896,"DOM":345987493.848857,"DZA":4644533024.21647,"ECU":853631268.488961,"EGY":1587362857.64499,"ESP":15966405780.3163,"ETH":216340715.289982,"FIN":4375152168.9321,"FJI":134466185.061511,"FRA":53354349369.5139,"GAB":196666668.279435,"GBR":19081735746.9244,"GHA":552078778.558875,"GMB":1733936.73110721,"GNQ":3465531.60248607,"GRC":2216191386.64323,"GRD":20812465.6719625,"GTM":471692100,"GUY":6470000,"HND":111032000,"HTI":12211089.4622144,"HUN":2914082778.55888,"IDN":5989249388.4007,"IND":9493102974.01812,"IRL":3057068516.52021,"IRQ":6744710984.18278,"ISL":221567024.604569,"ISR":4012724905.09666,"ITA":37396565945.5184,"JAM":161300000,"JOR":769724328.646749,"JPN":34641191189.329,"KEN":416724735.061511,"KNA":7414814.81756104,"KOR":2971646465.68632,"KWT":6300968641.47627,"LBN":4089410432.33743,"LBR":1517968.3655536,"LBY":7081091228.99118,"LCA":12650000,"LKA":471725041.762742,"LSO":43520456.9420035,"LUX":173019101.353251,"MAC":64198331.4419683,"MAR":345295873.462214,"MDG":48443936.7311072,"MDV":4591968.3655536,"MEX":5678880167.02442,"MLT":1139325497.3638,"MMR":116064368.365554,"MOZ":45886268.1273836,"MRT":62846483.831283,"MUS":42240120.913884,"MWI":49146187.5764499,"MYS":5677019191.56415,"NGA":1891868244.28822,"NLD":25150912642.0865,"NOR":14303907455.1845,"NPL":105467401.731107,"NZL":1603038944.8594,"OMN":1184621071.20914,"PAK":1429436612.12654,"PAN":97962478.0316344,"PER":2480958000,"PHL":1098200551.84534,"PNG":463143686.989455,"POL":1024744000,"PRT":8008241510.1539,"PRY":545196402.383128,"QAT":797817433.669027,"ROU":1447486000,"RWA":113309498.230639,"SAU":26506763265.3778,"SDN":12200000,"SGP":12846550087.8735,"SLB":35605975.3954306,"SLE":10821968.3655536,"SLV":333072336.731107,"SOM":8786945.19909335,"SUR":41103145.4242727,"SWE":7777877858.87517,"SWZ":83418804.9209139,"SYC":8500984.1827768,"SYR":355444602.811951,"TCD":37090013.6435259,"THA":3003322374.34095,"TON":27509829.5254833,"TTO":1146123103.16344,"TUN":293749049.121265,"TUR":2317544642.7686,"TZA":16000000,"UGA":27288400.7029877,"URY":1030643931.4587,"USA":117981972231.986,"VCT":13800000,"VEN":13998194165.2021,"VUT":10610263.6203866,"WSM":14020984.1827768,"ZAF":1897240193.32162,"ZMB":201091984.182777,"ZWE":345468089.630931}}