{"schemaVersion":1,"dataKind":"ranking-year","indicatorId":"FI.RES.TOTL.CD","year":1986,"valuesByCountry":{"ABW":112720000,"AFG":635742142.31282,"ARE":3689328862.7994,"ARG":4427405700,"ATG":28260000,"AUS":10346341271.7329,"AUT":14426653335.3039,"BDI":75804855.8449157,"BEL":18899783761.0079,"BGD":434858727.396682,"BHR":1548021883.66176,"BHS":231498467.82381,"BLZ":26897012.7342972,"BOL":513310580.538568,"BRA":8184181031.96702,"BRB":154080958.876885,"BTN":61001773.7575379,"BWA":1161484390.41992,"CAF":69693551.8505149,"CAN":10961351034.6384,"CHE":54339288831.8316,"CHL":3052961211.47236,"CHN":16417429180.4582,"CMR":70742510.2763067,"COD":451170300,"COG":11157540.6695684,"COL":3481141715.03553,"COM":17769157.272328,"CPV":56359503.7621741,"CRI":550496782.967022,"CYP":932172124.500629,"DEU":88940673107.7929,"DJI":53615760.1430613,"DMA":9593021.29585458,"DNK":5601249773.13737,"DOM":383336200,"DZA":3842516471.51199,"ECU":806084056.626461,"EGY":1779681031.96702,"ESP":20548059804.0646,"ETH":332198100,"FIN":2534550392.22358,"FJI":175390088.919917,"FRA":63449998026.3323,"GAB":131275302.185599,"GBR":25853390487.5576,"GHA":623972714.723619,"GMB":13562845.8894475,"GNQ":2676436.58791487,"GRC":2811792216.69663,"GRD":20565185.1851852,"GTM":566267070,"GUY":9000000,"HND":117554400,"HTI":22839801.1943488,"HUN":3219088095.90107,"IDN":5264622147.9432,"IND":10480102587.5579,"IRL":3376761437.48376,"IRQ":6744700000,"ISL":328991526.149499,"ISR":5057145300,"ITA":46048953034.2214,"JAM":98415886.878769,"JOR":853055559.463261,"JPN":51727340939.9207,"KEN":444494690.152961,"KNA":10220000,"KOR":3443374519.14676,"KWT":6493639575.43209,"LBN":4092905137.29649,"LBR":2660463.93404523,"LBY":7360415899.35538,"LCA":25110000,"LKA":377188000.9,"LSO":60259785.2066591,"LUX":204104120.826331,"MAC":103053911.653807,"MAR":486544571.82978,"MDG":114524463.934045,"MDV":6914463.93404523,"MEX":6673540003.12227,"MLT":1327522982.98778,"MMR":131294080,"MOZ":56746936.2195835,"MRT":52714501.5907673,"MUS":150724974.417086,"MWI":29621598.8248125,"MYS":6942091429.28088,"NGA":1349903027.04366,"NLD":28368097880.5633,"NOR":12987382961.8093,"NPL":145886828.505027,"NZL":3779914173.39165,"OMN":1080834344.11327,"PAK":1464868890.78015,"PAN":170173635.21828,"PER":2242553300,"PHL":2611227692.61434,"PNG":450076851.619161,"POL":882302655.736181,"PRT":9336202501.91275,"PRY":460513338.049398,"QAT":949348773.051586,"ROU":1851399083.60427,"RWA":162658701.48032,"SAU":20120464281.7903,"SDN":58512231.9670226,"SGP":12938978724.9398,"SLB":29571754.064071,"SLE":13654727.0436559,"SLV":353110280,"SOM":20315495.040751,"SUR":42029395.843428,"SWE":8922761484.31062,"SWZ":96446656.514134,"SYC":7748927.86809047,"SYR":469864339.340452,"TCD":20248623.259573,"THA":3776532763.68941,"TON":22481861.4607415,"TTO":495212702.298753,"TUN":378244570.636001,"TUR":2912507102.56448,"TZA":61090008.9293359,"UGA":29205652.3919611,"URY":1499847276.04492,"USA":139883920728.389,"VCT":25832231.9670226,"VEN":10917160674.7398,"VUT":21419522.0970484,"WSM":23746325.3947867,"ZAF":2254162463.93404,"ZMB":71497163.9340452,"ZWE":316314907.280467}}