{"schemaVersion":1,"dataKind":"ranking-year","indicatorId":"FI.RES.TOTL.CD","year":1987,"valuesByCountry":{"ABW":127140000,"AFG":746832947.388954,"ARE":5120925342.79504,"ARG":3733969300,"ATG":25600000,"AUS":12583630026.5048,"AUT":17768883013.4545,"BDI":69068852.0226957,"BEL":25898989384.3385,"BGD":876251489.007675,"BHR":1221128525.51461,"BHS":170115271.744527,"BLZ":36414762.3033381,"BOL":530316463.410676,"BRA":8134599725.93879,"BRB":148145896.989516,"BTN":86949129.7612552,"BWA":2012954545.81565,"CAF":102100340.807346,"CAN":16241919191.6213,"CHE":67790689156.0947,"CHL":3380934165.52795,"CHN":22453016927.8894,"CMR":78283064.9884915,"COD":417014292.885414,"COG":8771600.58846964,"COL":3416294973.42564,"COM":30950319.4354351,"CPV":80730245.0812753,"CRI":519159164.610676,"CUB":144018160,"CYP":1095724272.28503,"DEU":124833918206.128,"DJI":63525625.0294989,"DMA":18427249.3580558,"DNK":10854481762.221,"DOM":190927986.610676,"DZA":4343099114.61444,"ECU":691666393.201317,"EGY":2555643305.43489,"ESP":36439290439.7565,"ETH":223865106.670544,"FIN":7363946495.54308,"FJI":132556887.17275,"FRA":72674290442.934,"GAB":18098132.6280505,"GBR":50917928958.4049,"GHA":331647763.790095,"GMB":25757394.9126814,"GNQ":568604.403598341,"GRC":4299295460.50873,"GRD":22740000,"GTM":540889873.281221,"GUY":8430000,"HND":113745600,"HTI":25620159.0747379,"HUN":2428677645.60286,"IDN":7094971196.7768,"IND":11511740598.8136,"IRL":4970115369.15788,"IRN":7685456407.40761,"IRQ":6751949358.05587,"ISL":335033560.131368,"ISR":6368457379.49609,"ITA":62488960742.923,"JAM":174304474.457007,"JOR":909726819.075317,"JPN":92701644565.96,"KEN":294401562.808027,"KNA":10560000,"KOR":3738510909.55533,"KWT":5370709617.40272,"LBN":4832307035.53462,"LBR":509559.83203053,"LBY":7580773263.06232,"LCA":30800000,"LKA":309506426.817445,"LSO":67531269.4179234,"LUX":250498072.63339,"MAC":174059038.741041,"MAR":751948890.317638,"MDG":185199306.274738,"MDV":8194186.61067684,"MEX":13691985453.9268,"MLT":1640190804.28719,"MMR":148847786.106768,"MOZ":118022757.851832,"MRT":77375508.7510108,"MUS":361672163.26292,"MWI":58045446.0489055,"MYS":8572963845.63549,"NGA":1497832058.99218,"NIC":113265986.610677,"NLD":37275387774.6472,"NOR":14849725175.2983,"NPL":251413397.249862,"NZL":3270435792.70648,"OMN":1541983749.50661,"PAK":1440835177.34739,"PAN":77814186.6106768,"PER":1370497700,"PHL":2312132635.19698,"PNG":467328123.643764,"POL":1723208692.88542,"PRT":13039014494.5336,"PRY":514163788.905486,"QAT":1021465656.81913,"ROU":2062340773.22135,"RWA":165386949.253822,"SAU":24909304907.7218,"SDN":11714186.6106768,"SGP":15227011369.1498,"SLB":36748876.1367022,"SLE":6328373.22135369,"SLV":413282279.83203,"SOM":16607370.5531532,"SUR":41275925.2013439,"SWE":11112081838.9299,"SWZ":127160624.21087,"SYC":13712559.8320305,"SYR":626283673.221354,"TCD":57481196.7360451,"THA":5205711201.07251,"TON":28880742.2434706,"TTO":213910399.808623,"TUN":615850811.510803,"TUR":3630665151.35595,"TZA":31799306.2747379,"UGA":54600000,"URY":1793011937.52359,"USA":161738455237.867,"VCT":20220000,"VEN":11510455565.4641,"VUT":40174522.975216,"WSM":37198445.9986665,"ZAF":3462962833.44919,"ZMB":110764773.221354,"ZWE":370440188.792578},"yearsByCountry":{"CUB":1960,"IRN":1982}}