{"schemaVersion":1,"dataKind":"ranking-year","indicatorId":"FI.RES.TOTL.CD","year":1988,"valuesByCountry":{"ABW":131945000,"AFG":657015441.573253,"ARE":4768739333.46745,"ARG":5157480786.56928,"ATG":28030000,"AUS":16852981546.3693,"AUT":16043317040.0277,"BDI":76449554.6181655,"BEL":23145049665.9574,"BGD":1076508569.83225,"BHR":1313227478.60343,"BHS":172036083.486967,"BLZ":51657192.8785778,"BOL":472580567.91584,"BRA":9114472122.65344,"BRB":137948751.890904,"BTN":95679182.9552322,"BWA":2217139522.95084,"CAF":113027529.273749,"CAN":22421917623.8679,"CHE":58367104163.8905,"CHL":3908809762.43086,"CHN":23751513805.8295,"CMR":188154480.853756,"COD":371552500,"COG":9257971.40363466,"COL":3699868158.15289,"COM":23775256.1179625,"CPV":81332707.8044599,"CRI":676709064.20792,"CUB":144018160,"CYP":1116203218.59818,"DEU":97575978902.4572,"DJI":64361014.9551914,"DMA":14063589.6435251,"DNK":11433249792.6922,"DOM":261424870.87376,"DZA":3190542198.91584,"ECU":567569792.212626,"EGY":2261158622.65344,"ESP":42835075929.0145,"ETH":149969163.91584,"FIN":7171276634.67334,"FJI":233691918.426612,"FRA":58944488670.5417,"GAB":72604240.1648836,"GBR":51899597618.1319,"GHA":310347216.990082,"GMB":19049152.7499293,"GNQ":5503322.41918525,"GRC":5012214144.75986,"GRD":16923333.3333333,"GTM":415722233.495041,"GUY":4040000,"HND":56564000,"HTI":20357775.9554407,"HUN":2120757018.28464,"IDN":6321735766.92549,"IND":9185839446.54077,"IRL":5234202886.90201,"IRN":7685456407.40761,"IRQ":6744726913.91584,"ISL":310844185.917966,"ISR":4433201784.7896,"ITA":62067048705.8477,"JAM":147200000,"JOR":414369577.83168,"JPN":106667696597.778,"KEN":296453946.226837,"KNA":10323456.9579201,"KOR":12477906377.4311,"KWT":2965163920.51311,"LAO":640883.977900552,"LBN":4761143788.00581,"LBR":380370.873760278,"LBY":5798482449.43548,"LCA":32650000,"LKA":247726247.871281,"LSO":56281272.4899409,"LUX":217220856.567164,"MAC":221365693.539563,"MAR":836286993.527203,"MDG":223721112.621281,"MDV":21586913.9158402,"MEX":6326668369.94167,"MLT":1555887182.1332,"MMR":180489369.579201,"MOZ":173596742.639969,"MRT":60285159.7896005,"MUS":463213985.304195,"MWI":150839665.977402,"MYS":7490586591.65534,"NGA":932989776.537121,"NIC":166098000,"NLD":34102033788.4156,"NOR":13753480639.4208,"NPL":282826477.677813,"NZL":2845129942.88304,"OMN":1172670763.91075,"PAK":1192694259.38085,"PAN":72213456.9579201,"PER":1213348000,"PHL":2168908187.18292,"PNG":419338020.212173,"POL":2248959112.62128,"PRT":11719331741.7214,"PRY":337994985.631777,"QAT":835680713.845679,"ROU":1374492620.87376,"RWA":118829750.761011,"SAU":22438214642.5025,"SDN":12113456.9579201,"SGP":17072512755.8504,"SLB":39619761.8118448,"SLE":7426913.91584019,"SLV":354102756.95792,"SOM":23187520.6970277,"SUR":34745300.689633,"SWE":10981551557.1996,"SWZ":140008662.782091,"SYC":8707284.78960046,"SYR":534765163.91584,"TCD":67636520.2003837,"THA":7112347031.65077,"TON":30509470.5494476,"TTO":149225931.95792,"TUN":975873145.005955,"TUR":3912434397.79567,"TZA":77713456.9579201,"UGA":49300000,"URY":1602322497.87717,"USA":144176820283.572,"VCT":21820000,"VEN":7793015712.54592,"VUT":40670278.9627377,"WSM":49196954.6904227,"ZAF":2203670970.54945,"ZMB":139360163.91584,"ZWE":340678140.938084},"yearsByCountry":{"CUB":1960,"IRN":1982}}