{"schemaVersion":1,"dataKind":"ranking-year","indicatorId":"FI.RES.TOTL.CD","year":1989,"valuesByCountry":{"ABW":127170000,"AFG":630659707.861329,"ARE":4776310581.99332,"ARG":3216875257.73385,"ATG":28070000,"AUS":16961258792.9022,"AUT":16881871851.2892,"BDI":106526906.432412,"BEL":22886849283.0949,"BGD":532096252.287959,"BHR":1110178756.53796,"BHS":146838360.448918,"BLZ":59880053.3550608,"BOL":563347083,"BRA":9678276000,"BRB":111894937.651326,"BTN":90027655.9863463,"BWA":2790999075.617,"CAF":117515572.061587,"CAN":22511818354.8505,"CHE":58670269176.654,"CHL":4331116601.67687,"CHN":23052566323.2317,"CMR":91892959.2079298,"COD":281700973.585302,"COG":10552482.3010929,"COL":3862357243.88256,"COM":31002075.5493856,"CPV":74738034.4246862,"CRI":745844325.562409,"CYP":1308045369.49036,"DEU":98876658479.0916,"DJI":59152645.843399,"DMA":11683674.1398796,"DNK":7053627355.27111,"DOM":171218000,"DZA":3085702760.44873,"ECU":706539001.118633,"EGY":2495363416.40602,"ESP":47769550563.7501,"ETH":123044566.562409,"FIN":5913980642.20435,"FJI":211914762.99314,"FRA":57433917021.7736,"GAB":39478564.0548376,"GBR":42381854893.7367,"GHA":435931374.011091,"GMB":20589297.1850606,"GNQ":5968313.45777246,"GRC":4584865249.954,"GRD":15442222.2222222,"GTM":523525190.233133,"GUY":13350000,"HND":27516000,"HTI":19828758.6090362,"HUN":1846298314.16406,"IDN":6699438101.00665,"IND":8048455918.16026,"IRL":4201462260.95093,"IRQ":6744726283.28121,"ISL":356971364.443977,"ISR":5684035274.76542,"ITA":73454774682.2877,"JAM":107500000,"JOR":770634411.543617,"JPN":93672792067.3337,"KEN":316624628.702657,"KNA":16393141.6406024,"KOR":15341828164.7563,"KWT":4120004424.34358,"LAO":8298779.84262462,"LBN":4636190478.46085,"LBR":7876424.92180724,"LBY":5776264606.93353,"LCA":38210000,"LKA":269432907.53928,"LSO":48997753.0422898,"LUX":212809593.085552,"MAC":354620866.342483,"MAR":770803382.342892,"MDG":245265708.203012,"MDV":24766283.2812048,"MEX":6740245010.71088,"MLT":1445774332.32581,"MMR":364109432.186506,"MOZ":203495525.249972,"MRT":87029774.7654217,"MUS":542375455.223014,"MWI":105459905.510001,"MYS":8733335043.236,"NGA":2041078373.82711,"NIC":163920000,"NLD":34129109684.3116,"NOR":14259623106.8941,"NPL":272846716.111809,"NZL":3027432006.8623,"OMN":1470103635.44411,"PAK":1302246971.95048,"PAN":119413141.640602,"PER":1597167000,"PHL":2398209046.94194,"PNG":409643480.181328,"POL":2503603416.40602,"PRT":16388652066.5791,"PRY":446557458.653875,"QAT":894894192.272602,"ROU":2730584760.37533,"RWA":70022315.3527652,"SAU":18590557936.5522,"SDN":15913141.6406024,"SGP":20371048592.5303,"SLB":26162215.1549399,"SLE":3726283.28120483,"SLV":454062341.640602,"SOM":23109678.975035,"SUR":30931083.6722555,"SWE":11992849969.076,"SWZ":180614472.888795,"SYC":12114849.8436145,"SYR":460059283.281205,"TCD":116184031.941454,"THA":10508203542.2504,"TON":24851181.0918075,"TTO":268155348.73446,"TUN":1036736149.82916,"TUR":6298197326.3684,"TZA":54213141.6406024,"UGA":14100000,"URY":1547554304.49181,"USA":168583563269.377,"VCT":22770000,"VEN":8701843814.75543,"VUT":35081469.761085,"WSM":55066198.1233737,"ZAF":2194854121.48133,"ZMB":123043283.281205,"ZWE":274210790.233133}}