{"schemaVersion":1,"dataKind":"ranking-year","indicatorId":"FI.RES.TOTL.CD","year":1990,"valuesByCountry":{"ABW":136430000,"AFG":637925667.36851,"ARE":4890564527.19409,"ARG":6222040362.99099,"ATG":27500000,"AUS":19318743724.0756,"AUT":17227717542.1462,"BDI":111668438.445462,"BEL":23788895634.1247,"BGD":659565596.029363,"BHR":1292613497.46055,"BHS":158165375.368112,"BLZ":69781501.8992474,"BOL":510931171.639825,"BRA":9997591007.59699,"BRB":117535619.353829,"BTN":88834210.6038084,"BWA":3331456029.64817,"CAF":122909404.284402,"CAN":23529517647.2094,"CHE":61284432314.7383,"CHL":6783811633.49504,"CHN":34475661158.612,"CMR":37075058.9640231,"COD":260650000,"COG":10192493.1610329,"COL":4868520136.43282,"COM":29914188.6473735,"CPV":76969365.0466756,"CRI":524889929.252678,"CUB":144018160,"CYP":1683639390.0357,"DEU":104547296415.899,"DJI":93639294.2803231,"DMA":14462984.5926221,"DNK":11225840672.0632,"DOM":68530000,"DZA":2703474408.40136,"ECU":1009075807.30825,"EGY":3619931742.61285,"ESP":57238070967.6203,"ETH":55191078.3030544,"FIN":10414929121.4891,"FJI":261102710.844916,"FRA":68290938861.6469,"GAB":278707082.300407,"GBR":43145747847.3062,"GHA":309313690.586277,"GMB":55386774.693773,"GNQ":706734.793331144,"GRC":4721071253.78782,"GRD":17578888.8888889,"GTM":361810500,"GUY":28679759.2863951,"HKG":24655780000,"HND":46574226.5723919,"HTI":10167737.8619596,"HUN":1184510086.63983,"IDN":8656792855.20195,"IND":5637446363.83185,"IRL":5361690181.89384,"IRN":7685456407.40761,"IRQ":6744700000,"ISL":454982426.128523,"ISR":6598156851.73066,"ITA":88595441116.0035,"JAM":168155250.316541,"JOR":1138743539.78461,"JPN":87828344748.001,"KEN":236115155.443087,"KNA":16284226.5723919,"KOR":14916134692.5271,"KWT":4120004424.34358,"LAO":8375549.36175207,"LBN":4210389197.33679,"LBR":7876424.92180724,"LBY":7225218009.41799,"LCA":44589868.4042054,"LKA":447030481.606109,"LSO":72373876.7409768,"LUX":212608853.950435,"MAC":520624844.411252,"MAR":2337533790.10115,"MDG":92084945.4410949,"MDV":24378453.1447838,"MEX":10216845193.6425,"MLT":1492208124.72436,"MMR":409508688.053947,"MOZ":231744264.266615,"MRT":58538414.6263391,"MUS":761194246.136063,"MWI":142103069.714402,"MYS":10658831703.2052,"NGA":4128789618.08766,"NIC":165533453.144784,"NLD":34401209143.9927,"NOR":15788119113.9691,"NPL":354107095.132094,"NZL":4129354287.05595,"OMN":1783597593.42604,"PAK":1046429500.63308,"PAN":343513777.012704,"PER":1890650000,"PHL":2036231453.24437,"PNG":427289975,"POL":4673859367.77112,"PRT":20578947935.3467,"PRY":674873064.92467,"QAT":951656596.257737,"ROU":1374053812.57913,"RWA":44514230.2782154,"SAU":13437132418.9441,"SDN":11414226.5723919,"SGP":27789982289.34,"SLB":17599672.6465693,"SLE":5428453.14478383,"SLV":595456226.572392,"SOM":23109678.975035,"SUR":41887843.425981,"SWE":20324328881.439,"SWZ":216466813.105518,"SYC":16638359.4343515,"SYR":446790359.434352,"TCD":132064062.902088,"THA":14258318641.9314,"TON":31338618.0876641,"TTO":512775399.218961,"TUN":866664126.740977,"TUR":7626099813.58548,"TZA":192800000,"UGA":43986075.0309428,"URY":1445585539.04483,"USA":173093564607.845,"VCT":26490000,"VEN":12732617576.9302,"VUT":37691806.7746938,"WSM":69045292.0003983,"YEM":441445657.765575,"ZAF":2582983157.87227,"ZMB":201213453.144784,"ZWE":295117984.592622},"yearsByCountry":{"CUB":1960,"IRN":1982,"KWT":1989,"LBR":1989,"SOM":1989}}