{"schemaVersion":1,"dataKind":"ranking-year","indicatorId":"FI.RES.TOTL.CD","year":1991,"valuesByCountry":{"ABW":154950000,"AFG":576118920.253472,"ARE":5646813747.13069,"ARG":7462543636.08691,"ATG":32540000,"AUS":19339711736.4717,"AUT":17414573769.7864,"BDI":147473748.750129,"BEL":22868663721.0972,"BGD":1307945065.41429,"BGR":670207829.90459,"BHR":1567656863.35092,"BHS":181313537.598878,"BLZ":53016557.6678253,"BOL":422359443.149442,"BRA":9391631540.11071,"BRB":87245215.4944284,"BTN":101300000.860305,"BWA":3718662683.63157,"CAF":106910593.975109,"CAN":20836199991.0054,"CHE":58450951447.3392,"CHL":7700029232.73398,"CHN":48165019103.1197,"CMR":53628537.0697255,"COD":193104400,"COG":8694635.00650788,"COL":6838512018.92746,"COM":29376988.2307479,"CPV":65100093.7251868,"CRI":930999963.30766,"CUB":144018160,"CYP":1552478636.24998,"DEU":96657198481.9808,"DJI":99996799.5051345,"DMA":17768608.6197771,"DNK":7990191789.56643,"DOM":448222017.239554,"DZA":3459969140.77629,"ECU":1080977277.89411,"EGY":6185285500.81963,"ESP":71344881792.6618,"ETH":106436547.408774,"FIN":8316763636.31688,"FJI":271708384.441488,"FRA":60227056601.882,"GAB":332016185.575922,"GBR":48572195808.5626,"GHA":644302479.772275,"GIN":145115266.890871,"GMB":67615345.6636485,"GNQ":9473863.03710651,"GRC":6400005237.09394,"GRD":17472962.962963,"GTM":880813440,"GUY":124416126.678968,"HKG":28888620800,"HND":112325600,"HTI":41497494.3494428,"HUN":4025559100.81964,"IDN":10357989011.2346,"IND":7615987475.11472,"IRL":5867444594.69539,"IRN":7685456407.40761,"IRQ":6744700000,"ISL":466776862.744425,"ISR":6427966120.67688,"ITA":72254305371.7032,"JAM":106057217.239554,"JOR":1104763223.24164,"JPN":80625862247.2161,"KEN":145138376.123246,"KNA":16634304.3098886,"KOR":13814693350.5375,"KWT":4306647353.15097,"LAO":34708285.698946,"LBN":4536363879.79802,"LBR":1307912.92966571,"LBY":6967998374.17214,"LCA":48746647.3558483,"LKA":724220186.327437,"LSO":115039950.793174,"LUX":201722868.203728,"MAC":650685700.737487,"MAR":3349097140.1336,"MDG":88857217.2395543,"MDV":23468608.6197771,"MEX":18052066981.6101,"MLT":1374657834.05284,"MMR":347210276.028551,"MOZ":240557217.239554,"MRT":71680834.4791086,"MUS":914948850.986053,"MWI":157742197.573257,"MYS":11716563985.1807,"NGA":4678023330.16922,"NIC":169488608.619777,"NLD":33335401712.0125,"NOR":13650691818.2437,"NPL":450982959.605704,"NZL":2950278020.55426,"OMN":2640633703.41389,"PAK":1219792227.00139,"PAN":499075403.939407,"PER":3090441600,"PHL":4436166962.74299,"PNG":345327807.819777,"POL":3799891431.64972,"PRT":26239358014.1283,"PRY":974467429.602437,"QAT":960456460.663476,"ROU":1969442786.09049,"RWA":110211742.87711,"SAU":13298434203.7563,"SDN":7614304.30988857,"SGP":34186648637.5145,"SLB":8542562.90320273,"SLE":9628608.61977714,"SLV":453109120,"SOM":23109678.975035,"SUR":20221809.4426672,"SVN":112252402.588776,"SWE":20477292580.9968,"SWZ":171931836.67339,"SYC":27650738.7889971,"SYR":420691843.098886,"TCD":123724750.817937,"THA":18392698554.7269,"TON":32282037.8635083,"TTO":357676077.863508,"TUN":866047319.14371,"TUR":6616201216.04496,"TZA":203908582.585933,"UGA":58913407.4296585,"URY":1135960005.02367,"USA":159272850288.003,"VCT":22684304.3098886,"VEN":14718563242.2721,"VUT":39836948.1754853,"WSM":67807729.1908052,"YEM":696933259.80918,"ZAF":3186551430.11629,"ZMB":192407808.619777,"ZWE":295014164.648328},"yearsByCountry":{"CUB":1960,"IRN":1982,"SOM":1989}}