{"schemaVersion":1,"dataKind":"ranking-year","indicatorId":"FI.RES.TOTL.CD","year":1992,"valuesByCountry":{"ABW":175435000,"ARE":5977160986.47751,"ARG":11447031156.7334,"ARM":1293750.05156269,"ATG":50520000,"AUS":13852416773.1172,"AUT":19025543787.0185,"BDI":179911767.284509,"BEL":22146931620.7312,"BGD":1853480850.25527,"BGR":1241109201.35231,"BHR":1448449006.73065,"BHS":155332535.372007,"BLZ":52942515.7781841,"BOL":479572082.597047,"BRA":23750647504.125,"BRB":139962500.721877,"BTN":85120004.6922051,"BWA":3793418942.07103,"CAF":103830263.763413,"CAN":14744867435.11,"CHE":61006849704.2768,"CHL":9789837752.475,"CHN":24852636915.1071,"CMR":30352645.0823242,"COD":166061000,"COG":7714245.89928596,"COL":7907619824.97559,"COM":27281155.2116821,"CPV":75755926.1666368,"CRI":1031845245.64079,"CYP":1180838131.53643,"DEU":122685815300.301,"DJI":83401905.6752595,"DMA":20410000.4125015,"DNK":11596802126.6517,"DOM":505794750.360938,"DZA":3317517177.46836,"ECU":1015827333.20143,"EGY":11620220747.8378,"ESP":50708513479.3061,"EST":197501539.806399,"ETH":270054785.99076,"FIN":5880752713.93197,"FJI":317136684.562817,"FRA":54305667500.9537,"GAB":75487379.4295402,"GBR":42844142573.8515,"GHA":411555106.167586,"GIN":98619458.7513226,"GMB":94033759.9515998,"GNQ":13408610.6225858,"GRC":5937644102.6132,"GRD":25880000,"GTM":805843233.57522,"GUY":188080001.237505,"HKG":35249981000,"HND":204581800.81719,"HRV":166800000,"HTI":33250204.5078135,"HUN":4458714298.9605,"IDN":11482019252.7913,"IND":9538786025.16566,"IRL":3559520524.18944,"IRQ":6744700000,"ISL":514653054.089265,"ISR":5130401751.13438,"ITA":49861589540.5455,"JAM":324147546.303299,"JOR":1030115563.67993,"JPN":79696681098.0409,"KEN":79549253.3971222,"KNA":26243750.0515627,"KOR":17228143547.925,"KWT":5992939029.20489,"LAO":46019622.6342319,"LBN":4569657895.97398,"LBR":977250.15468808,"LBY":7382035579.63343,"LCA":55461256.7547128,"LKA":979865100.612891,"LSO":157486270.573515,"LTU":107287429.898456,"LUX":188412838.674066,"MAC":1301729869.41305,"MAR":3818642196.37824,"MDA":2452050.05156269,"MDG":84427500.1031254,"MDV":28193754.5890797,"MEX":19171357434.3236,"MLT":1308331551.28082,"MMR":363826150.051563,"MNG":22824548.3531254,"MOZ":233365000.206251,"MRT":65014875.3093762,"MUS":840552500.528587,"MWI":44227441.985669,"MYS":18023989163.2062,"NAM":49717500.1031254,"NGA":1196052750.4125,"NIC":288776250.309376,"NLD":36580975408.2822,"NOR":12334939897.6446,"NPL":518336213.56105,"NZL":3079489189.99742,"OMN":2420918738.43051,"PAK":1523790725.72188,"PAN":504386328.323731,"PER":3456209000.10313,"PHL":5335691450.96732,"PNG":259575830.971878,"POL":4256740151.67338,"PRT":24481230706.2906,"PRY":573168996.654654,"QAT":970357653.863278,"ROU":2324630290.73453,"RWA":78638180.7738075,"SAU":7466618402.50526,"SDN":27518806.6515627,"SGP":39941405839.6469,"SLB":23497502.9906362,"SLE":18925006.393774,"SLV":578474650.051563,"SUR":35321332.0044368,"SVN":715649933.71807,"SWE":24646790230.1686,"SWZ":309055045.581421,"SYC":31257754.1765782,"SYR":403611000.051563,"TCD":84189961.925617,"THA":21183085549.8439,"TON":31769008.0437802,"TTO":190205926.289067,"TUN":923751016.323607,"TUR":7507926869.1292,"TZA":327336301.511131,"UGA":94420033.8251269,"UKR":468913725.051563,"URY":1185192329.35498,"USA":147525874735.105,"VCT":33381253.0421989,"VEN":13381434153.9593,"VUT":42458761.8078568,"WSM":57646263.1484868,"YEM":337116264.901618,"ZAF":3207728532.39078,"ZWE":404469001.804694}}