{"schemaVersion":1,"dataKind":"ranking-year","indicatorId":"FI.RES.TOTL.CD","year":1993,"valuesByCountry":{"ABW":220304999,"AFG":576118920.253472,"ALB":166509702.57138,"ARE":6415331634.69035,"ARG":15499431243.9719,"ARM":13586867.7923463,"ATG":37806867.7923463,"AUS":14188550691.4827,"AUT":21878103248.0458,"AZE":590075.584692729,"BDI":169711841.577048,"BEL":21197694511.7277,"BGD":2446571611.35799,"BGR":1052450306.21187,"BHR":1360774758.8412,"BHS":172283366.874486,"BLZ":38746495.1016733,"BOL":572438127.381548,"BRA":32247610989.3312,"BRB":150453016.885195,"BTN":97959126.3119321,"BWA":4097336692.1388,"CAF":116326746.95329,"CAN":14845679468.3132,"CHE":65167423128.0391,"CHL":10368846508.5187,"CHN":27348104116.5518,"CMR":14152080.7963373,"COD":54794299.78,"COG":5684242.05310167,"COL":8048472525.36074,"COM":39023655.7320819,"CPV":57690218.286324,"CRI":1037650453.2867,"CUB":144018160,"CYP":1276350833.97737,"CZE":4551181360.14625,"DEU":114821960532.99,"DJI":75101449.7334421,"DMA":19915109.143162,"DNK":10941474546.7796,"DOM":658256133.767187,"DZA":3655668337.88779,"ECU":1541717569.37447,"EGY":13854276438.8218,"ESP":47145829668.5165,"EST":389247542.786044,"ETH":499938564.082642,"FIN":6192945394.77967,"FJI":269769155.661975,"FRA":54624424138.9885,"GAB":5765214.98441806,"GBR":43982206193.9429,"GHA":516970166.319489,"GIN":133290226.113614,"GMB":105752905.657864,"GNQ":480802.137519329,"GRC":9135322990.04867,"GRD":26900000,"GTM":949519630.536382,"GUY":247450000,"HKG":43012564199.32,"HND":105511001.21762,"HRV":616200823.710927,"HTI":39307976.7956273,"HUN":6744523276.31811,"IDN":12474062370.5058,"IND":14674627089.9414,"IRL":6065811300.86494,"IRN":7685456407.40761,"IRQ":6744700000,"ISL":445582069.697466,"ISR":6386155658.38842,"ITA":53589806323.8636,"JAM":417049933.96549,"JOR":1946380519.70699,"JPN":107988991686.206,"KAZ":711198429.32819,"KEN":436745055.962517,"KGZ":48245777.0909644,"KHM":24181917.043689,"KNA":29420603.3770391,"KOR":20354785675.5358,"KWT":5205819228.26153,"LAO":69653376.322047,"LBN":5862881281.06081,"LBR":2362459.63713964,"LBY":5883950865.8219,"LCA":60037821.2318872,"LKA":1653805493.1912,"LSO":252685722.758019,"LTU":422943337.67033,"LUX":186694494.516631,"LVA":526398066.088121,"MAC":1569065634.34806,"MAR":3929934565.35333,"MDA":76335740.6815103,"MDG":80642850.0808044,"MDV":26149829.0638764,"MEX":25298703698.2609,"MKD":120503199.512557,"MLT":1401662958.65609,"MMR":401045513.074261,"MNG":66017364.3594011,"MOZ":187240821.663363,"MRT":49051951.4073351,"MUS":781068454.157873,"MWI":61890325.7801308,"MYS":28182868224.2061,"NAM":133694471.169385,"NGA":1640443738.8763,"NIC":58899669.2723167,"NLD":45035662182.0165,"NOR":20084954186.128,"NPL":699898113.279624,"NZL":3337384444.4833,"OMN":1916720395.63857,"PAK":1995445624.14359,"PAN":597409903.032404,"PER":3917582864.50545,"PHL":5933972261.34181,"PNG":166063203.448388,"POL":4276726019.05823,"PRT":22115180394.544,"PRY":644825493.529172,"QAT":1033371489.20667,"ROU":1921318130.7275,"RUS":9817681551.19222,"RWA":47404713.2006829,"SAU":9223544328.28464,"SDN":37430695.743162,"SGP":48416241487.7072,"SLB":20068807.6520777,"SLE":28965193.532534,"SLV":719512205.12657,"SMR":119862147.401424,"SOM":23109678.975035,"SUR":38828127.9641101,"SVK":919587370.951195,"SVN":787924742.251979,"SWE":21420634045.1913,"SWZ":264288572.765613,"SYC":35650570.8278653,"SYR":451438912.839386,"TCD":43281878.4978926,"THA":25439320807.7465,"TKM":799006867.792346,"TON":37060900.3049149,"TTO":228176389.207403,"TUN":937958411.69452,"TUR":7846358556.78459,"TZA":203345199.602014,"UGA":146356315.89724,"UKR":166106210.469693,"URY":1422523149.97963,"USA":164620171357.293,"VCT":31510399.496871,"VEN":13692654316.5161,"VUT":45586194.3588805,"WSM":50705976.0725565,"YEM":164809060.448312,"ZAF":2879214919.10976,"ZMB":192326097.610916,"ZWE":628149929.648391},"yearsByCountry":{"AFG":1991,"CUB":1960,"IRN":1982,"SOM":1989}}