{"schemaVersion":1,"dataKind":"ranking-year","indicatorId":"FI.RES.TOTL.CD","year":1994,"valuesByCountry":{"ABW":215915000,"ALB":223594867.335971,"ARE":6963509610.43121,"ARG":16003265688.1889,"ARM":36108082.6908787,"ATG":45808258.3579925,"AUS":14313163752.8351,"AUT":23852061060.4833,"AZE":2034228.47621105,"BDI":211303503.340123,"BEL":23474024353.9273,"BGD":3174800835.43057,"BGR":1396927155.27121,"BHR":1227157593.41564,"BHS":176619981.956283,"BLR":100987552.590762,"BLZ":34521492.1816793,"BOL":793388690.272345,"BRA":38810777748.0861,"BRB":195765859.521783,"BTN":121399997.681132,"BWA":4401465617.844,"CAF":214276441.951393,"CAN":13774515278.0772,"CHE":66645253531.2277,"CHL":13801961380.9487,"CHN":57781337884.3961,"CMR":13740919.6525948,"COD":131421000,"COG":54626028.2798339,"COL":8102672454.23282,"COM":44412092.8102104,"CPV":42078709.1881349,"CRI":906223458.268508,"CYP":1640273756.64829,"CZE":6948563349.61379,"DEU":113840942069.166,"DJI":73758752.5894047,"DMA":15414832.0518304,"DNK":9680246576.60018,"DOM":259100074.739564,"DZA":4813488033.45637,"ECU":2002942790.09083,"EGY":14412967684.9265,"ESP":47531541939.9557,"EST":446418559.448644,"ETH":587541810.724551,"FIN":11429608314.5552,"FJI":273445494.747906,"FRA":57627249047.8557,"GAB":180108557.78406,"GBR":48079032624.0768,"GHA":689267656.97559,"GIN":87847083.129527,"GMB":98016031.71081,"GNQ":390332.767301749,"GRC":15809339689.2247,"GRD":31231150.2285392,"GTM":943368756.060411,"GUY":247126598.204679,"HKG":49277061000,"HND":179216200.154817,"HRV":1404995142.26945,"HTI":58174903.9609502,"HUN":6777626140.28333,"IDN":13321136813.0136,"IND":24220928468.8194,"IRL":6252748204.32903,"IRQ":6744700000,"ISL":311693227.749003,"ISR":6795646821.45604,"ITA":57817130022.3973,"JAM":735930634.902329,"JOR":1996868732.10993,"JPN":135145568170.879,"KAZ":1216175913.02958,"KEN":588142007.171739,"KGZ":26186043.3234453,"KHM":118495162.502938,"KNA":31821472.8986588,"KOR":25763879675.1376,"KWT":4473605357.76523,"LAO":67495870.261612,"LBN":7418500690.93785,"LBR":5069083.03175315,"LBY":5968745583.59598,"LCA":57790724.1282155,"LKA":2069716925.84899,"LSO":372621134.593571,"LTU":596691606.990845,"LUX":192791166.125754,"LVA":640693740.240108,"MAC":1966349230.24805,"MAR":4621504413.5033,"MDA":179920345.917025,"MDG":71640029.0217707,"MDV":31220395.6245447,"MEX":6441390536.10355,"MKD":166364466.383332,"MLT":1890025681.18249,"MMR":518318937.804362,"MNG":94180773.0384465,"MOZ":177505720.92385,"MRT":44081264.0472013,"MUS":771186075.474994,"MWI":47716452.4458807,"MYS":26338865720.8837,"NAM":202621731.256651,"NGA":1649172399.19862,"NIC":145990233.90664,"NLD":47858721614.9784,"NOR":19479286659.5008,"NPL":752158918.905465,"NZL":3708505758.36894,"OMN":1756912566.38205,"PAK":3715827396.79534,"PAN":704267833.469342,"PER":7420192724.50044,"PHL":7146366451.96736,"PNG":120208370.975822,"POL":6023061697.80534,"PRT":21670533104.749,"PRY":1044122430.89164,"QAT":969736639.654215,"ROU":3092362866.7373,"RUS":7206227228.19572,"RWA":51343323.8468,"SAU":9138918507.29267,"SDN":78155912.5220221,"SGP":58295758863.2458,"SLB":17418038.8407058,"SLE":40639713.6070937,"SLV":829222306.855152,"SMR":176306358.817599,"SUR":60427797.5437246,"SVK":2185568698.64439,"SVN":1499101295.61061,"SWE":25579504410.2307,"SWZ":296970645.340239,"SYC":30154867.7421851,"SYR":445255185.731668,"TCD":80278305.578426,"THA":30280316600.0463,"TKM":929007299.238106,"TON":35538621.28779,"TTO":373083170.068635,"TUN":1544397769.68065,"TUR":8633212505.74044,"TZA":332066143.505941,"UGA":321367624.521353,"UKR":664538694.999876,"URY":1621668140.4519,"USA":163590579764.938,"VCT":31254260.4922898,"VEN":12459340632.2819,"VUT":43576128.703086,"WSM":50800685.1940794,"YEM":273977660.955499,"ZAF":3294868535.33399,"ZMB":268127772.141144,"ZWE":585403253.9748}}