{"schemaVersion":1,"dataKind":"ranking-year","indicatorId":"FI.RES.TOTL.CD","year":1995,"valuesByCountry":{"ABW":255345000,"AFG":576118920.253472,"AGO":228335521.177058,"ALB":265298057.9789,"ARE":7778376180.61088,"ARG":15979453701.6387,"ARM":111182285.173205,"ATG":59438706.341939,"AUS":14951886130.3736,"AUT":23368742794.5261,"AZE":120884190.931728,"BDI":216108467.542699,"BEL":24120462999.8406,"BGD":2376175210.15566,"BGR":1635187896.10957,"BHR":1337941165.96901,"BHS":179199375.081756,"BLR":377020387.881761,"BLZ":37608482.6699033,"BOL":1005482847.42788,"BRA":51842389630.8017,"BRB":219099891.129847,"BTN":130457701.238666,"BWA":4695481047.02049,"CAF":237946017.450278,"CAN":16369362023.5161,"CHE":68620316792.5668,"CHL":14859706880.9617,"CHN":80288427869.5104,"CMR":15372103.2588021,"COD":157429000,"COG":63605442.7976744,"COL":8451976393.01173,"COM":44871592.0588579,"CPV":36891764.1660585,"CRI":1059760042.09359,"CUB":144018160,"CYP":1294935135.54007,"CZE":14612514154.3982,"DEU":121816082182.873,"DJI":72155533.8264499,"DMA":22123442.2827651,"DNK":11652290057.9194,"DOM":372632170.279792,"DZA":4164319964.09365,"ECU":1787782198.96367,"EGY":17121798673.9484,"ERI":40490517.0778783,"ESP":40530652088.1069,"EST":583006266.294847,"ETH":815019143.286737,"FIN":10657228465.0454,"FJI":349341745.375842,"FRA":58509689574.9647,"FSM":69499661.3787445,"GAB":153050967.705736,"GBR":49144184297.8559,"GEO":198511606.963488,"GHA":803820975.119216,"GIN":86759318.8428217,"GMB":106146503.014591,"GNQ":40812.3155034427,"GRC":16118557930.3879,"GRD":36734880.7839127,"GTM":783330201.748106,"GUY":268938846.606652,"HKG":55423912250,"HND":269727725.801421,"HRV":1895723866.40663,"HTI":198778526.312486,"HUN":12017181273.1059,"IDN":14907558865.922,"IND":22864636916.1009,"IRL":8769756415.99131,"IRN":7685456407.40761,"IRQ":6744700000,"ISL":327060134.476341,"ISR":8122625601.01527,"ITA":60690107044.3537,"JAM":681258961.125447,"JOR":2279459582.32807,"JPN":192619707815.154,"KAZ":1659893118.71197,"KEN":384262966.053888,"KGZ":133632964.172741,"KHM":191983699.801406,"KNA":33471864.7060922,"KOR":32804280495.0553,"KWT":4542636861.76615,"LAO":98743357.0983238,"LBN":8099940555.45183,"LBR":28088832.6574782,"LBY":6022971792.46293,"LCA":63090887.4909324,"LKA":2111952624.93954,"LSO":456739363.843931,"LTU":828984702.114376,"LUX":193112067.8993,"LVA":602076773.401434,"MAC":2256563500.53362,"MAR":3873508557.29941,"MDA":257008835.963421,"MDG":108960783.853207,"MDV":47951938.1027696,"MEX":17045558632.9877,"MKD":275093143.655086,"MLT":1620329632.05634,"MMR":650646171.556573,"MNG":157522372.510162,"MOZ":195318936.152501,"MRT":89903817.1014139,"MUS":887180814.047996,"MWI":114971822.039944,"MYS":24698750841.4396,"NAM":220986649.546325,"NGA":1709113521.06349,"NIC":142003674.456838,"NLD":47161826300.3048,"NOR":22975738603.7626,"NPL":645536746.146163,"NZL":4409840589.36152,"OMN":1943066112.58692,"PAK":2527544035.20383,"PAN":781372879.380671,"PER":8653281585.95034,"PHL":7780874730.47056,"PNG":266687775.109704,"POL":14957023986.8743,"PRT":22063365760.0001,"PRY":1106423689.09326,"QAT":847608698.236546,"ROU":2624348053.98616,"RUS":18023640709.9987,"RWA":99096536.8797331,"SAU":10399125055.2735,"SDN":163360977.820456,"SGP":68816102850.1861,"SLB":15905273.4537584,"SLE":34618040.6940101,"SLV":939802924.713703,"SMR":198546105.581715,"SOM":23109678.975035,"STP":5137290.88414708,"SUR":169080965.592513,"SVK":3862773475.84759,"SVN":1820915494.4255,"SWE":25869764854.6977,"SWZ":298195460.691394,"SYC":27095250.0267567,"SYR":448176754.174049,"TCD":146818545.097414,"THA":36938829792.4213,"TKM":1168007399.72173,"TON":28709990.1535242,"TTO":379080862.043203,"TUN":1689070729.45179,"TUR":13890900401.5819,"TZA":299209720.644897,"UGA":458850278.567266,"UKR":1068754171.72765,"URY":1813383774.91097,"USA":175995426883.436,"VCT":29831248.52838,"VEN":10715241770.5819,"VNM":1323681930.28787,"VUT":48289716.6165226,"WSM":55312671.451166,"YEM":638374456.987074,"ZAF":4463556727.10403,"ZMB":222702264.273228,"ZWE":887899728.603537},"yearsByCountry":{"AFG":1991,"CUB":1960,"IRN":1982,"SOM":1989}}