{"schemaVersion":1,"dataKind":"ranking-year","indicatorId":"FI.RES.TOTL.CD","year":1996,"valuesByCountry":{"ABW":224545000,"AFG":576118920.253472,"AGO":555691254.403969,"ALB":323376838.747385,"ARE":8350159123.92297,"ARG":19719017351.0623,"ARM":168201671.082147,"ATG":47738676.6211505,"AUS":17402141301.7261,"AUT":26833509076.3266,"AZE":213661231.432484,"BDI":145960526.577454,"BEL":22609776070.2498,"BGD":1869479672.24746,"BGR":864262294.007178,"BHR":1373829388.7828,"BHS":171391392.400694,"BLR":469150024.053593,"BLZ":58401982.7843742,"BOL":1301661210.80997,"BRA":60152476087.5829,"BRB":289685885.665313,"BTN":190071378.054328,"BWA":5027655243.07193,"CAF":236343697.89685,"CAN":21562298749.7584,"CHE":69182548684.4613,"CHL":15659156323.5519,"CHN":111728900039.4,"CMR":13833208.9058914,"COD":82500000,"COG":95102838.9249265,"COL":9938020380.18382,"COM":50918859.3899778,"CPV":27566288.8051844,"CRI":1000948786.72982,"CUB":144018160,"CYP":1704484026.17826,"CZE":13084766354.7406,"DEU":118323129017.474,"DJI":76970779.6592621,"DMA":22894379.5511279,"DNK":14754070655.4947,"DOM":357007063.780119,"DZA":6296459575.24063,"ECU":2011360128.31461,"EGY":18296476060.6246,"ERI":81319532.6809483,"ESP":63699008717.0449,"EST":639770386.76391,"ETH":843310624.080735,"FIN":7507184580.02272,"FJI":427533360.864613,"FRA":57020073080.4882,"FSM":89600207.5601928,"GAB":253455805.994779,"GBR":46700021359.8396,"GEO":191373447.232935,"GHA":930268682.128519,"GIN":87340118.2620842,"GMB":102133831.517675,"GNQ":516467.205190443,"GRC":18782300412.3394,"GRD":35728931.7143876,"GTM":947831661.881536,"GUY":329676783.984631,"HKG":63832739750,"HND":257091853.304999,"HRV":2313998603.45799,"HTI":223092904.64431,"HUN":9757457991.38665,"IDN":19396148967.3555,"IND":24889364657.4122,"IRL":8338374031.06673,"IRN":7685456407.40761,"IRQ":6744700000,"ISL":471824526.674067,"ISR":11417780234.896,"ITA":70566438037.7751,"JAM":879966322.803667,"JOR":2054682671.67163,"JPN":225593968189.507,"KAZ":1960072974.38777,"KEN":775927062.16745,"KGZ":140200583.791082,"KHM":265780085.184461,"KNA":32731150.8817541,"KOR":34157940704.1216,"KWT":4452441460.89987,"LAO":175827945.581995,"LBN":9337093844.18894,"LBR":376466.932784226,"LBY":6025287388.27089,"LCA":56140803.4142806,"LKA":1984681032.68698,"LSO":460505560.802494,"LTU":841037129.778037,"LUX":186468100.989083,"LVA":746119784.010227,"MAC":2422172297.80611,"MAR":4054079031.06418,"MDA":311957990.338417,"MDG":240880919.486017,"MDV":76166932.7152044,"MEX":19526913035.8727,"MKD":267527141.454902,"MLT":1636086724.37276,"MMR":314633168.954549,"MNG":160999006.274912,"MOZ":344062454.704414,"MRT":145464313.777623,"MUS":918954281.684018,"MWI":225277396.236479,"MYS":27891908787.2574,"NAM":193866390.030945,"NGA":4329391828.01769,"NIC":202863225.433975,"NLD":39606547278.1015,"NOR":26953896227.8296,"NPL":627771666.021696,"NZL":5953469109.84827,"OMN":2068956002.6694,"PAK":1307463615.27223,"PAN":866521776.429765,"PER":10989953425.981,"PHL":11775610818.0325,"PNG":607155822.237111,"POL":18018685657.574,"PRT":21850466132.0663,"PRY":1062185356.30789,"QAT":785283330.386017,"ROU":3143305778.26157,"RUS":16257617319.2203,"RWA":106744696.045402,"SAU":16017714791.0019,"SDN":106782702.9225,"SGP":76963971491.1019,"SLB":32583561.8723326,"SLE":26591784.8474042,"SLV":1110180407.87194,"SMR":215015643.401901,"SOM":23109678.975035,"STP":5030364.6651552,"SUR":145619416.774105,"SVK":3895192593.29453,"SVN":2297475266.36859,"SWE":20843371292.358,"SWZ":253999529.961233,"SYC":21760021.4542903,"SYR":433607811.51572,"TCD":168587618.719332,"THA":38644717230.5617,"TKM":1169007159.57851,"TON":30615940.1350527,"TTO":563761634.692393,"TUN":1977688419.74186,"TUR":17819437052.0218,"TZA":467780725.002588,"UGA":528370205.282472,"UKR":1971655947.3904,"URY":1892121944.56511,"USA":160660160546.204,"VCT":30186054.8838707,"VEN":16019843786.826,"VNM":1735897756.92245,"VUT":43923909.5123607,"WSM":60804917.2888219,"YEM":1035696160.45853,"ZAF":2341014432.71495,"ZMB":222709084.988899,"ZWE":834393882.519067},"yearsByCountry":{"AFG":1991,"CUB":1960,"IRN":1982,"SOM":1989}}