{"schemaVersion":1,"dataKind":"ranking-year","indicatorId":"FI.RES.TOTL.CD","year":1997,"valuesByCountry":{"ABW":201350001,"AGO":392514285.939726,"ALB":342425753.029904,"ARE":8603051266.48806,"ARG":22424600096.7817,"ARM":239225950.40288,"ATG":50698392.3405725,"AUS":17588261223.5229,"AUT":22021086580.2562,"AZE":467319243.469369,"BDI":118039205.611467,"BEL":20635950073.3991,"BGD":1610776837.04072,"BGR":2485359967.63858,"BHR":1333801422.74692,"BHS":227046333.545615,"BIH":80406088.8620726,"BLR":393699160.773386,"BLZ":59415503.247215,"BOL":1359051283.44007,"BRA":52208520617.4321,"BRB":264917582.833211,"BTN":188716779.038473,"BWA":5675003355.80285,"CAF":181786252.890697,"CAN":18718498839.7577,"CHE":63195012603.3216,"CHL":18112424930.7211,"CHN":146448007873.157,"CMR":9555390.85371142,"COD":98304292.5446,"COG":63149533.6213228,"COL":9906526424.77727,"COM":40648724.4244727,"CPV":19323245.8510308,"CRI":1262391834.99256,"CYP":1525648592.50048,"CZE":10035803025.8864,"DEU":105207935384.78,"DJI":66567644.2079357,"DMA":23892440.0932602,"DNK":19613799546.8514,"DOM":396257894.564957,"DZA":9666874794.88809,"ECU":2212962682.55717,"EGY":19370588197.9807,"ERI":229576077.046883,"ESP":72934647813.444,"EST":760039371.063549,"ETH":588431597.616811,"FIN":8881026947.69044,"FJI":360519079.236444,"FRA":54693127781.6158,"FSM":85801084.25802,"GAB":286326931.459436,"GBR":37662299516.2776,"GEO":201708671.35291,"GHA":617628952.493103,"GIN":121631871.064812,"GMB":96038245.6500151,"GNQ":4933006.0588921,"GRC":13652307050.7874,"GRD":42666395.4492466,"GTM":1172972876.9883,"GUY":315505363.434221,"HKG":92823443400.67,"HND":586584252.561166,"HRV":2539059849.80139,"HTI":212775657.657421,"HUN":8437175640.21815,"IDN":17486799642.8985,"IND":28385372945.8609,"IRL":6630587554.20083,"IRQ":6744700000,"ISL":397889829.040149,"ISR":20334584789.8474,"ITA":75086486574.6997,"JAM":682126514.938906,"JOR":2435932079.65291,"JPN":226679071029.626,"KAZ":2222793379.79723,"KEN":811092756.22234,"KGZ":194284986.586228,"KHM":298634409.136048,"KNA":36069846.1314278,"KOR":20465115654.8758,"KWT":4188465732.43833,"LAO":117154326.289224,"LBN":8652574859.21624,"LBR":419970.618712491,"LBY":5997016463.55943,"LCA":60981753.4864643,"LKA":2042319936.5303,"LSO":571737996.47036,"LTU":1064038337.56108,"LUX":152705859.78632,"LVA":832492440.426322,"MAC":2532769529.53705,"MAR":4197122871.2574,"MDA":365985641.666855,"MDG":281600527.28725,"MDV":98305132.2373818,"MEX":28852477361.1884,"MKD":280386381.434733,"MLT":1490757930.43252,"MMR":316969699.333407,"MNG":200365024.520306,"MOZ":537469866.510394,"MRT":204088936.486487,"MUS":711321496.656723,"MWI":145904846.708418,"MYS":21470190357.5205,"NAM":250531564.969129,"NGA":7781250308.62295,"NIC":382292004.294899,"NLD":32720064044.6209,"NOR":23743940555.0938,"NPL":670587740.146122,"NZL":4451316559.89595,"OMN":2153955339.73834,"PAK":1794513746.87746,"PAN":1147778004.2069,"PER":11305742353.6552,"PHL":8744996384.9303,"PNG":380957689.060982,"POL":20669498321.1293,"PRT":20322803840.8481,"PRY":845814980.731445,"QAT":836347202.838188,"ROU":4679435903.12511,"RUS":17624090269.7076,"RWA":153343615.439199,"SAU":16210181642.4455,"SDN":81584278.559589,"SGP":71390079571.8017,"SLB":36339715.362031,"SLE":38464889.7931868,"SLV":1444072841.89635,"SMR":182944575.93988,"STP":12426781.346536,"SUR":164989208.730905,"SVK":3604685676.86097,"SVN":3314759617.37735,"SWE":12195506285.5058,"SWZ":294839207.126203,"SYC":26323862.5814947,"SYR":367754380.662801,"TCD":139051268.152912,"THA":26897418424.6493,"TJK":38865839.9447527,"TKM":1256006716.57096,"TON":27493103.7519969,"TTO":723242005.200132,"TUN":2041032930.46966,"TUR":19746043484.197,"TZA":643830444.815455,"UGA":633473685.829627,"UKR":2358910867.247,"URY":2067120137.86672,"USA":134836033327.141,"VCT":31188954.2765856,"VEN":17703782561.6338,"VNM":1985854205.99896,"VUT":37303887.2997712,"WSM":64205877.1749924,"YEM":1217640805.57102,"ZAF":5957312964.3435,"ZMB":239085489.886015,"ZWE":383550560.363961}}