{"schemaVersion":1,"dataKind":"ranking-year","indicatorId":"FI.RES.TOTL.CD","year":1998,"valuesByCountry":{"ABW":250969999,"AGO":202442614.084956,"ALB":417921457.174903,"ARE":9305872456.3249,"ARG":24855741222.2541,"ARM":293162998.658431,"ATG":59367608.1802758,"AUS":15377553384.6145,"AUT":25207674037.3337,"AZE":448540667.457412,"BDI":70480623.6839841,"BEL":21012750278.4705,"BGD":1935771266.1379,"BGR":3056953865.99045,"BHR":1122372720.21103,"BHS":346518164.921889,"BIH":174530374.663959,"BLR":702756649.059353,"BLZ":44084978.804573,"BOL":1218866920.23489,"BRA":44487193726.0979,"BRB":365945246.439458,"BTN":256803120.584635,"BWA":5940671350.99934,"CAF":148903855.747506,"CAN":24023245895.1668,"CHE":65157795246.4751,"CHL":16221026833.4084,"CHN":152842955596.126,"CMR":9911701.41281911,"COD":82500000,"COG":4043309.95571956,"COL":8753946805.52858,"COM":39309122.0355877,"CPV":8316973.76702968,"CRI":1063939793.94032,"CYP":1512684036.37322,"CZE":12624991439.2551,"DEU":108265125242.492,"DJI":66454891.898932,"DMA":27665292.7100851,"DNK":15880864794.6195,"DOM":507121243.385004,"DZA":8452272524.78386,"ECU":1738909755.15918,"EGY":18823907998.2298,"ERI":68154685.287095,"ESP":60881358763.0986,"EST":812906422.575111,"ETH":598411583.423911,"FIN":10270793472.7741,"FJI":385903314.131521,"FRA":73773200168.1186,"FSM":101601919.397647,"GAB":19102566.6572459,"GBR":38829795838.1208,"GEO":132881224.190738,"GHA":456699772.55015,"GIN":236706990.911203,"GMB":106362060.432404,"GNQ":803295.411914716,"GRC":18501070728.0752,"GRD":46840916.0662808,"GTM":1396986433.00272,"GUY":276599938.610139,"HKG":89669416282.7921,"HND":824230862.50812,"HRV":2815737659.72276,"HTI":263934070.113309,"HUN":9347792438.71177,"IDN":23605842945.521,"IND":30646563663.4809,"IRL":9527216732.63996,"IRQ":6744700000,"ISL":442513292.051392,"ISR":22674295628.7885,"ITA":53879698134.0784,"JAM":709452691.086502,"JOR":1988259781.70728,"JPN":222443261241.454,"KAZ":1965445685.70853,"KEN":783051364.305175,"KGZ":187664170.489941,"KHM":439450908.219338,"KNA":46798422.6218553,"KOR":52099586440.8599,"KWT":4677696259.513,"LAO":117148077.152724,"LBN":9210344448.08681,"LBR":616574.620713446,"LBY":8598135874.97937,"LCA":70614752.0453442,"LKA":1997795167.96533,"LSO":575080928.099238,"LTU":1462691406.9514,"LVA":872976182.586307,"MAC":2462574718.98144,"MAR":4637702509.73286,"MDA":143562514.448296,"MDG":171378012.996065,"MDV":118535050.808558,"MEX":31863181979.6295,"MKD":334778266.442397,"MLT":1664437667.07178,"MMR":381515598.648807,"MNG":103157873.516093,"MOZ":628447253.962865,"MRT":52065473.5662578,"MUS":576760518.609151,"MWI":259135383.999934,"MYS":26235700001.07,"NAM":260253246.031131,"NGA":7298545693.37429,"NIC":354722885.391702,"NLD":31155152363.6688,"NOR":19388853820.2512,"NPL":800272085.381315,"NZL":4203708705.11042,"OMN":2021367593.17949,"PAK":1625676185.12263,"PAN":954498535.443711,"PER":9882068017.27313,"PHL":10837475985.6313,"PNG":211012775.397682,"POL":28276350177.7805,"PRT":21606105340.8307,"PRY":874793675.919083,"QAT":1058940812.26675,"ROU":3795239426.86464,"RUS":12042972907.5766,"RWA":168751121.095544,"SAU":15542900630.162,"SDN":90623304.6109594,"SGP":75077193404.11,"SLB":49034706.4758362,"SLE":43857037.5168083,"SLV":1748114999.62134,"SMR":170672592.029482,"STP":9682286.74057098,"SUR":143047987.380392,"SVK":3240043059.73293,"SVN":3638608124.47766,"SWE":15457236697.6273,"SWZ":358611455.474751,"SYC":21589896.3694093,"SYR":365812595.657525,"TCD":123289615.942238,"THA":29537081212.2066,"TJK":55881641.420969,"TKM":1376007009.14512,"TON":28656375.8499965,"TTO":800041440.633641,"TUN":1912569271.07092,"TUR":20567605388.6419,"TZA":620743979.840385,"UGA":725384316.016981,"UKR":792954526.712001,"URY":2586514007.25118,"USA":146006089507.341,"VCT":38765934.5805944,"VEN":14728840876.6402,"VNM":2002261884.51771,"VUT":44669038.4601846,"WSM":61422641.8056504,"YEM":1009918206.02901,"ZAF":5508053230.71678,"ZMB":69382429.8275874,"ZWE":309771240.506695}}