{"schemaVersion":1,"dataKind":"ranking-year","indicatorId":"FI.RES.TOTL.CD","year":1999,"valuesByCountry":{"ABW":248935000,"AGO":491400189.57731,"ALB":523112274.341877,"ARE":10790300349.0116,"ARG":26350163486.3723,"ARM":303511811.181036,"ATG":69730255.8351667,"AUS":21955814712.2323,"AUT":18923059530.5771,"AZE":672589591.859642,"BDI":52981473.911967,"BEL":13346240662.3448,"BGD":1634375949.12566,"BGR":3264673603.23939,"BHR":1412574532.29932,"BHS":410499712.197927,"BIH":452403157.491563,"BLR":294270277.250556,"BLZ":71305511.2910369,"BOL":1248580099.5968,"BRA":36342324443.4703,"BRB":301944450.75495,"BRN":516845011.531986,"BTN":292285630.243815,"BWA":6228827033.43851,"CAF":139507412.455046,"CAN":28650287867.4575,"CHE":60492112040.3757,"CHL":14970636411.651,"CHN":161414049491.998,"CMR":13121977.8772397,"COD":82500000,"COG":42583558.4675994,"COL":8103046538.69516,"COM":37315507.3479098,"CPV":43483582.8206316,"CRI":1460959448.45855,"CYP":1967461146.58934,"CZE":12935556425.9461,"DEU":93407192492.0088,"DJI":70605911.8353095,"DMA":31574051.1669784,"DNK":22908487683.7656,"DOM":699283161.340443,"DZA":6146079211.16344,"ECU":1887630504.49257,"EGY":15190021676.7155,"ERI":58866380.3293099,"ESP":37999943735.8126,"EST":855813709.230556,"ETH":546583393.607956,"FIN":8677453197.40313,"FJI":428919685.914594,"FRA":67926850858.0092,"FSM":92668897.7533349,"GAB":21672801.0598187,"GBR":46188288221.5174,"GEO":144363950.634223,"GHA":534753901.89043,"GIN":199679963.642153,"GMB":111246412.788519,"GNQ":3353991.19149578,"GRC":19352094677.8738,"GRD":50839905.6834356,"GTM":1251693023.56377,"GUY":268276095.793113,"HKG":96255446750,"HND":1263788828.14533,"HRV":3024996087.37961,"HTI":264421954.53134,"HUN":10983333391.8656,"IDN":27345097667.3645,"IND":36005295926.4425,"IRL":5376069595.93105,"IRQ":6744700000,"ISL":494669751.635691,"ISR":22604867902.2936,"ITA":45301890068.1781,"JAM":554524512.106243,"JOR":2770018266.18145,"JPN":293948150986.321,"KAZ":2000928642.42326,"KEN":791589617.767127,"KGZ":253802267.81706,"KHM":509239611.175074,"KNA":49575620.0636571,"KOR":74114183445.9695,"KWT":5560511602.66632,"LAO":135188366.223713,"LBN":10452318025.3812,"LBR":431082.305644592,"LBY":8621831419.8995,"LCA":74515079.3235162,"LKA":1653729058.41689,"LSO":499556717.197989,"LTU":1249084977.15841,"LUX":99459012.9057317,"LVA":944355647.655646,"MAC":2857387350.24797,"MAR":5893811630.50826,"MDA":185700972.170736,"MDG":227186728.905518,"MDV":127116487.326909,"MEX":31828401325.2095,"MKD":459592967.899424,"MLT":1789768524.62699,"MMR":332626824.837735,"MNG":136907231.881884,"MOZ":671348917.026746,"MRT":38617875,"MUS":748884129.784471,"MWI":250151586.790579,"MYS":30930646965.9178,"NAM":305489557.293461,"NGA":5649725440.52047,"NIC":514067507.787291,"NLD":19049512246.5715,"NOR":24150928580.0503,"NPL":889429673.443094,"NZL":4455337955.03925,"OMN":2851826330.40187,"PAK":2117468754.80146,"PAN":822912159.879705,"PER":9049757351.68977,"PHL":15068981177.4675,"PNG":223426645.727232,"POL":27314254942.6242,"PRT":14088450971.3841,"PRY":988188778.03141,"QAT":1309747493.01441,"ROU":2490772933.159,"RUS":12325102379.0529,"RWA":174181741.830184,"SAU":18330921206.1348,"SDN":188738166.783306,"SGP":77047140631.9869,"SLB":51143527.1707584,"SLE":39474579.5926658,"SLV":1955987489.99411,"SMR":144125713.198154,"STP":10877242.6432456,"SUR":109790274.716136,"SVK":3745098699.54131,"SVN":3168097651.56673,"SWE":16749337014.9286,"SWZ":375930168.654293,"SYC":30345524.7319827,"SYR":367856227.905299,"TCD":98247717.7012828,"THA":34780926366.224,"TJK":57433087.0060535,"TKM":1513006832.36548,"TON":24490343.6783019,"TTO":962755102.763022,"TUN":2324618303.64422,"TUR":24432663963.6654,"TZA":797229732.224595,"UGA":763115699.754732,"UKR":1093527812.21646,"URY":2603646552.6928,"USA":136450101867.481,"UZB":1242300740.61785,"VCT":42584157.4178105,"VEN":15110150345.5848,"VNM":3326147673.21608,"VUT":41353799.4567597,"WSM":68199386.610595,"YEM":1485966624.72841,"ZAF":7496680479.60889,"ZMB":45429575.7564944,"ZWE":480423302.144825}}