{"schemaVersion":1,"dataKind":"ranking-year","indicatorId":"FI.RES.TOTL.CD","year":2000,"valuesByCountry":{"ABW":235455000,"AGO":1198212373.02401,"ALB":646305676.491804,"ARE":13631620189.1667,"ARG":25152117244.4133,"ARM":314200332.802207,"ATG":63558884.5284906,"AUS":18821546023.5147,"AUT":17649557521.9085,"AZE":679605504.08201,"BDI":37646865.1651182,"BEL":12271745172.0012,"BGD":1515788656.4122,"BGR":3507198891.18447,"BHR":1605306697.72147,"BHS":349644583.160698,"BIH":496626475.424899,"BLR":350495841.300001,"BLZ":122898988.202728,"BOL":1184108227.67536,"BRA":33015297295.6899,"BRB":472693479.363242,"BRN":408340574.417856,"BTN":317632400.62607,"BWA":6318214000.31791,"CAF":136311955.642756,"CAN":32427268296.4521,"CHE":53620270122.4935,"CHL":15055115211.0232,"CHN":171763098225.843,"CMR":220219413.043293,"COD":82500000,"COG":225059391.973169,"COL":9005870484.66314,"COM":43370718.713776,"CPV":28196818.8690417,"CRI":1318296304.08344,"CYP":1868515473.45376,"CZE":13141569747.9339,"DEU":87496869035.2706,"DJI":67804571.8253999,"DMA":29372786.7374406,"DNK":15695951232.7906,"DOM":632133042.125821,"DZA":13556106802.2148,"ECU":1178958455.54318,"EGY":13785040867.624,"ERI":36131624.5351441,"ESP":35607623344.835,"EST":922839655.587259,"ETH":362554236.557216,"FIN":8409731733.14766,"FJI":412013921.196277,"FRA":63728079967.5087,"FSM":113047175.64761,"GAB":193613824.335929,"GBR":50939389681.351,"GEO":115965903.57973,"GHA":308900898.386218,"GIN":167593505.228716,"GMB":109431118.885128,"GNQ":23008388.6354032,"GRC":14594006578.5544,"GRD":57660000,"GTM":1805677836.93431,"GUY":304956640.973324,"HKG":107560388150,"HND":1318911702.08956,"HRV":3524350092.11558,"HTI":182507938.09891,"HUN":11217315165.5179,"IDN":29352929561.4768,"IND":41059061574.6632,"IRL":5407973929.95672,"IRQ":6744700000,"ISL":405074266.016599,"ISR":23281206067.5375,"ITA":47201146787.795,"JAM":1053690047.86883,"JOR":3441302675.1737,"JPN":361639097011.665,"KAZ":2098969798.52754,"KEN":897865882.028211,"KGZ":261849461.304369,"KHM":611415267.593156,"KNA":45199214.9459163,"KOR":96250965793.1312,"KOS":57409059,"KWT":7779055735.12478,"LAO":144286276.317585,"LBN":8474638463.32523,"LBR":267707.367815772,"LBY":13729870472.1936,"LCA":78828583.5046657,"LKA":1131355289.18666,"LSO":417891096.032125,"LTU":1362679200.14878,"LUX":97465747.9509169,"LVA":919162856.263873,"MAC":3323014302.25176,"MAR":5016934754.82376,"MDA":222490325.115233,"MDG":285182984.805489,"MDV":122801161.555359,"MEX":35577279053.6649,"MKD":460208291.007042,"MLT":1471281813.84209,"MMR":286495285.090852,"MNG":202077115.561911,"MOZ":742321151.033547,"MRT":49402252.9554015,"MUS":914366133.679955,"MWI":246503870.879229,"MYS":28650936563.5298,"NAM":259836317.576792,"NGA":10099448197.5379,"NIC":492485081.971073,"NLD":17688007846.9298,"NOR":27922060281.5661,"NPL":987342047.009884,"NZL":3952081062.22381,"OMN":2459611528.57575,"PAK":2087167574.18215,"PAN":722595056.913888,"PER":8675891763.57695,"PHL":15074070180.8192,"PNG":304157921.747747,"POL":27469379417.1752,"PRT":14262113156.7969,"PRY":772414513.758737,"QAT":1163240534.55416,"ROU":3395672575.31485,"RUS":27656266696.1263,"RWA":190641890.700649,"SAU":20846854711.0682,"SDN":137814239.250023,"SGP":81084978988.8664,"SLB":32044869.2772408,"SLE":49207274.4210529,"SLV":1901335075.18711,"SMR":135161372.533955,"STP":11639663.8147926,"SUR":133306155.826373,"SVK":4376328677.41435,"SVN":3196099145.64647,"SWE":16498728321.8885,"SWZ":351794140.719257,"SYC":43752074.0468578,"SYR":354635059.439828,"TCD":113752750.287429,"THA":32665494240.0387,"TJK":94280831.9251688,"TON":24642268.2072333,"TTO":1402802249.32216,"TUN":1871427065.05158,"TUR":23514529510.39,"TZA":994821489.507032,"UGA":808042388.803331,"UKR":1477202335.54994,"URY":2775536525.06834,"USA":128399516602.723,"VCT":55179038.167382,"VEN":15898851162.5221,"VNM":3416511105.0847,"VUT":38922820.4827534,"WSM":63657900.5985559,"YEM":2913976400.77575,"ZAF":7702061131.77162,"ZMB":244824131.796944,"ZWE":321301858.310207}}