{"schemaVersion":1,"dataKind":"ranking-year","indicatorId":"FI.RES.TOTL.CD","year":2001,"valuesByCountry":{"ABW":321360614.52514,"AGO":731866198.100654,"ALB":770581227.384292,"ARE":14256130113.4801,"ARG":14555552759.6102,"ARM":329632780.091137,"ATG":79718831.0402203,"AUS":18663980677.4371,"AUT":15598207438.845,"AZE":724979353.94087,"BDI":17974678.2401183,"BEL":13560301157.335,"BGD":1305630681.37667,"BGR":3646131847.83261,"BHR":1725453561.44654,"BHS":319252843.728164,"BIH":1233132927.04397,"BLR":390676493.5288,"BLZ":112041498.811027,"BOL":1146023735.30062,"BRA":35866445530.2453,"BRB":690373663.970562,"BRN":381821178.372171,"BTN":323362186.673919,"BWA":5897250157.19176,"CAF":121827806.687418,"CAN":34252695467.5386,"CHE":51549537913.3508,"CHL":14399463580.6192,"CHN":220056777617.139,"CMR":340115355.120411,"COD":82500000,"COG":71990506.358346,"COL":10244081684.9202,"COM":62479684.9742351,"CPV":45479478.0687326,"CRI":1330363591.32033,"CYP":2396061101.36782,"CZE":14463996053.1848,"DEU":82131887553.9413,"DJI":70308696.570133,"DMA":31224517.7425111,"DNK":17702199723.0594,"DOM":1104534582.92325,"DZA":19625060612.8963,"ECU":1073533298.23221,"EGY":13598234040.4968,"ERI":50449873.4005355,"ESP":34235520830.3691,"EST":822453577.648306,"ETH":489895094.883337,"FIN":8419388662.79124,"FJI":366383704.088453,"FRA":58637344263.961,"FSM":98330197.784134,"GAB":13399793.737124,"GBR":47417467709.4427,"GEO":161941585.492552,"GHA":375936405.544189,"GIN":208565056.912718,"GMB":106013174.398906,"GNQ":70851809.3335505,"GRC":6244166654.25855,"GRD":63941398.7402541,"GTM":2352244046.49423,"GUY":287255329.338608,"HKG":111173525500,"HND":1421477787.98415,"HRV":4703235109.76278,"HTI":141791473.952002,"HUN":10755092580.6117,"IDN":28103636180.3382,"IND":49050841138.7213,"IRL":5635200931.02061,"IRQ":6744700000,"ISL":355376118.48792,"ISR":23378584659.0995,"ITA":46215583156.0919,"JAM":1900541274.65785,"JOR":3174221852.98524,"JPN":401957624245.241,"KAZ":2505883853.35119,"KEN":1064987676.82776,"KGZ":286507193.633658,"KHM":697362969.703221,"KNA":56429365.4519954,"KOR":102875399954.157,"KOS":261071775,"KWT":10599228051.4041,"LAO":156822241.427009,"LBN":7563692926.9086,"LBR":480275.980603404,"LBY":16079034167.688,"LCA":88936538.4132027,"LKA":1357451866.36814,"LSO":386488996.575835,"LTU":1669177340.95004,"LUX":126635650.6442,"LVA":1217482763.04159,"MAC":3508440974.68654,"MAR":8669348376.9561,"MDA":228532262.248502,"MDG":398349960.538685,"MDV":93075478.3340346,"MEX":44804667773.015,"MKD":798842469.930248,"MLT":1667548381.29433,"MMR":464440901.130051,"MNG":206545596.96037,"MOZ":726979118.825017,"MRT":39833320.3715736,"MUS":852678482.51268,"MWI":206054632.902403,"MYS":29845803173.9213,"NAM":234251046.833656,"NGA":10646598366.0477,"NIC":384021946.51415,"NLD":16897428707.9626,"NOR":23604634336.1791,"NPL":1079959913.87279,"NZL":3564653927.06515,"OMN":2445296351.99359,"PAK":4218132004.43274,"PAN":1091760797.80153,"PER":8980104804.36401,"PHL":15682884964.9252,"PNG":440065781.569706,"POL":26563086839.5156,"PRT":15060281506.1228,"PRY":723168663.884361,"QAT":1317979112.40082,"ROU":4857637360.90263,"RUS":36302524269.37,"RWA":212109512.511183,"SAU":18866525322.4819,"SDN":49736273.1571601,"SGP":76599880561.2857,"SLB":18070277.3465433,"SLE":51311629.2747664,"SLV":1723445184.95644,"SMR":133005013.095355,"STP":15481933.6221487,"SUR":192538818.541789,"SVK":4453132136.27224,"SVN":4397212830.73067,"SWE":15625206244.7363,"SWZ":271776570.233601,"SYC":37133887.9198106,"SYR":356737907.547416,"TCD":125450913.473422,"THA":33040506129.7247,"TJK":94282905.7069105,"TON":23759782.4929206,"TTO":1923855111.96432,"TUN":2049572900.90431,"TUR":19911331846.7119,"TZA":1177357651.66215,"UGA":983357418.978631,"UKR":3088921702.57906,"URY":3099292334.44093,"USA":130076677027.985,"VCT":61439397.1215861,"VEN":12264400222.6423,"VNM":3674565622.65934,"VUT":37658099.7240221,"WSM":56635259.6655088,"YEM":3671925615.7976,"ZAF":7626856919.15025,"ZMB":183446871.748212,"ZWE":119459329.273258}}