{"schemaVersion":1,"dataKind":"ranking-year","indicatorId":"FI.RES.TOTL.CD","year":2002,"valuesByCountry":{"ABW":374002932.960894,"AFG":576118920.253472,"AGO":375545950.307128,"ALB":866478231.283188,"ARE":15355431325.3937,"ARG":10492424818.7374,"ARM":430974325.401014,"ATG":87648341.4624844,"AUS":21567012300.1783,"AUT":13182007409.3469,"AZE":720471772.469666,"BDI":59105712.3092969,"BEL":14697923742.2017,"BGD":1721734791.67036,"BGR":4846429934.1631,"BHR":1777159820.10789,"BHS":380645829.417906,"BIH":1336266925.26077,"BLR":687361275.148582,"BLZ":114506518.223208,"BOL":892729137.789947,"BRA":37832146718.419,"BRB":668514868.724441,"BRN":448994000.486639,"BTN":354949465.105834,"BWA":5473918813.89759,"CAF":127052247.633006,"CAN":37189390323.6644,"CHE":61276111966.1962,"CHL":15343862166.6231,"CHN":297739475705.211,"CMR":639930327.323176,"COD":73858396.5161329,"COG":35447852.8913809,"COL":10844467604.5962,"COM":80135345.6663708,"CPV":77123428.2731056,"CRI":1502388943.15006,"CUB":144018160,"CYP":3181358209.38614,"CZE":23707071208.3115,"DEU":89142540697.4245,"DJI":73707750.587314,"DMA":45497423.6565735,"DNK":27719142484.447,"DOM":474683747.711389,"DZA":25151012703.1373,"ECU":1004402765.69837,"EGY":14076054422.9979,"ERI":30282531.9211627,"ESP":40303470181.2951,"EST":1003157301.27033,"ETH":965896480.119228,"FIN":9825470847.61376,"FJI":358935030.765189,"FRA":61696755317.4324,"FSM":117391173.137997,"GAB":144051938.52431,"GBR":54959281998.9798,"GEO":202176074.067156,"GHA":636059799.997825,"GIN":263312234.455712,"GMB":106877406.671452,"GNQ":88540317.1327289,"GRC":9431530975.46333,"GRD":87842777.412338,"GTM":2373309197.37449,"GUY":284472829.483164,"HKG":111918964250,"HND":1531434578.91108,"HRV":5884888203.90455,"HTI":82171313.9951751,"HUN":10383091414.6763,"IDN":32033585247.4441,"IND":71607865093.6969,"IRL":5475153289.17602,"IRN":7685456407.40761,"IRQ":6744700000,"ISL":461532295.232005,"ISR":24082878018.1415,"ITA":55621728398.7297,"JAM":1645099135.07986,"JOR":4116412745.00553,"JPN":469618129427.641,"KAZ":3140845035.29359,"KEN":1068140537.34882,"KGZ":317331858.0288,"KHM":913189870.797355,"KNA":65752273.1110241,"KOR":121497596257.726,"KOS":353572354,"KWT":10078199079.2847,"LAO":226409478.102904,"LBN":10404665641.9342,"LBR":3298470.65155747,"LBY":15892271986.3199,"LCA":93892175.2611735,"LKA":1705155736.72707,"LSO":406370215.02663,"LTU":2413140713.55608,"LUX":177769574.077699,"LVA":1326623371.85243,"MAC":3800343591.27577,"MAR":10375315951.7256,"MDA":268855942.32755,"MDG":363272345.666928,"MDV":133146756.138827,"MEX":50671452144.9585,"MKD":789942743.503613,"MLT":2210545703.41871,"MMR":549300678.504307,"MNG":267337072.582122,"MOZ":824689975.178826,"MRT":74083411.0217224,"MUS":1248516028.91042,"MWI":165874400.372773,"MYS":33761683387.9318,"NAM":323133447.622758,"NGA":7566806239.09119,"NIC":453205838.918311,"NLD":18948439732.8091,"NOR":32404966342.7747,"NPL":1070003807.33951,"NZL":4962816762.42559,"OMN":3173684750.84952,"PAK":8795802481.46045,"PAN":1182833360.77351,"PER":9721160042.62848,"PHL":16321045088.483,"PNG":343099525.379361,"POL":29783862625.3915,"PRT":17700956382.113,"PRY":641167536.795789,"QAT":1573357086.57437,"ROU":7285846580.42939,"RUS":48325637167.0147,"RWA":243728532.498222,"SAU":22185731358.2289,"SDN":248935516.455669,"SGP":83413380412.0008,"SLB":18687274.5467029,"SLE":84690145.2514574,"SLV":1633634982.7743,"SMR":182564953.192803,"SOM":23109678.975035,"STP":17352535.2577729,"SUR":113194031.160952,"SVK":9195618259.20125,"SVN":7063482625.72202,"SWE":19170723588.9644,"SWZ":275844476.909858,"SYC":69794569.4340033,"SYR":411551014.99826,"TCD":222510578.661822,"THA":38903305773.6231,"TJK":89508809.9390934,"TKM":1513006832.36548,"TLS":43468355.213188,"TON":25120530.7470288,"TTO":2048593954.45554,"TUN":2364944045.85817,"TUR":28348030216.9613,"TZA":1554545483.08318,"UGA":934009575.937527,"UKR":4462353859.41443,"URY":772025423.559993,"USA":157762914914.241,"UZB":1242300740.61785,"VCT":53198488.5016967,"VEN":12106510810.7652,"VNM":4121051660.52162,"VUT":36521984.7950927,"WSM":62493668.5199687,"YEM":4427672645.30584,"ZAF":7816784858.41019,"ZMB":535132846.101975,"ZWE":131685657.802575},"yearsByCountry":{"AFG":1991,"CUB":1960,"IRN":1982,"SOM":1989,"TKM":1999,"UZB":1999}}