{"schemaVersion":1,"dataKind":"ranking-year","indicatorId":"FI.RES.TOTL.CD","year":2003,"valuesByCountry":{"ABW":336945700,"AGO":634199422.3308,"ALB":1038294231.23301,"ARE":15087811903.6615,"ARG":14157284136.3644,"ARM":501977062.059943,"ATG":113767366.731073,"AUS":33258076239.1011,"AUT":12729301826.6791,"AZE":802839749.214126,"BDI":67366291.2726551,"BEL":14448826871.3605,"BGD":2624623706.05726,"BGR":6825720112.56369,"BHR":1840973997.58306,"BHS":491108558.163103,"BIH":1813519793.37355,"BLR":636538852.309087,"BLZ":84684001.2302938,"BOL":1096941369.79827,"BRA":49297286966.3088,"BRB":737943173.036773,"BRN":474743404.01791,"BTN":366596385.792882,"BWA":5339775869.80523,"CAF":137053605.720032,"CAN":36267581049.3033,"CHE":69563022240.0611,"CHL":15842927419.0005,"CHN":416199411548.592,"CMR":652135227.569221,"COD":97757335.8478699,"COG":39441158.0588261,"COL":10920223457.177,"COM":94540111.9561427,"CPV":92617800.6630991,"CRI":1840008317.69764,"CYP":3450932654.51066,"CZE":26955067823.7587,"DEU":96835206408.4991,"DJI":100129582.486949,"DMA":47735245.631936,"DNK":37997724766.1119,"DOM":279543949.783489,"DZA":35454600266.1695,"ECU":1165340428.48351,"EGY":14603576021.3741,"ERI":24707771.9703722,"ESP":26809451669.0027,"EST":1376698670.15844,"ETH":955608348.106304,"FIN":11172946882.4705,"FJI":423606706.258186,"FRA":70762382918.7419,"FSM":89607067.3768614,"GAB":201927545.206198,"GBR":56349681040.0796,"GEO":196198029.710394,"GHA":1470061309.67805,"GIN":281862972.114615,"GMB":59306559.0279377,"GNQ":237691328.605159,"GRC":5801377074.94914,"GRD":83225917.7043554,"GTM":2924966747.99472,"GUY":276387312.120453,"HKG":118388035750,"HND":1438959955.79707,"HRV":8190523097.99716,"HTI":62581880.5006275,"HUN":12793544668.5651,"IDN":36256203641.5962,"IND":103737208055.967,"IRL":4151959058.80564,"IRQ":6744700000,"ISL":818644873.119899,"ISR":26315098306.4398,"ITA":63263645220.8155,"JAM":1194860262.03599,"JOR":5365764578.60337,"JPN":673554461758.647,"KAZ":4962118089.70349,"KEN":1482117158.64118,"KGZ":399268624.124879,"KHM":982362875.129201,"KNA":64802098.3125229,"KOR":155471714191.457,"KOS":535598272,"KWT":8636260734.28501,"LAO":283273040.748973,"LBN":16367322525.1835,"LBR":7376738.87371289,"LBY":21513345090.3657,"LCA":106902191.800399,"LKA":2333781502.23926,"LSO":460333705.204936,"LTU":3449667625.09856,"LUX":311200498.444402,"LVA":1536170567.92942,"MAC":4343370556.09048,"MAR":14146568780.7636,"MDA":302270799.145864,"MDG":414272747.15771,"MDV":159492039.076649,"MEX":59026700311.4513,"MKD":934744444.052249,"MLT":2730176875.47353,"MMR":646775820.680025,"MNG":203558127.168395,"MOZ":947825068.839433,"MRT":31821258.3001081,"MUS":1603024427.16079,"MWI":127393412.936597,"MYS":44309888490.9861,"NAM":325217778.017771,"NGA":7415087386.00119,"NIC":508236348.462427,"NLD":21596597093.5686,"NOR":37712335260.0565,"NPL":1286240899.83774,"NZL":6085430341.53138,"OMN":3593748666.69828,"PAK":11815604886.3329,"PAN":1010969630.50074,"PER":10241971443.4071,"PHL":17083609599.8159,"PNG":520462532.69766,"POL":33958963963.2397,"PRT":12813462307.6531,"PRY":983433631.4114,"QAT":2952140936.48057,"ROU":9449445049.34238,"RUS":78409347970.6866,"RWA":214698552.288102,"SAU":24537673815.334,"SDN":529445721.883466,"SGP":97742808490.4118,"SLB":37005791.5982839,"SLE":66617191.3528421,"SLV":1986451866.18496,"SMR":251247772.877332,"STP":25470020.0019815,"SUR":114370366.439774,"SVK":12149157811.6938,"SVN":8598243635.71987,"SWE":22168538425.3524,"SWZ":277512201.613466,"SYC":67387801.9996701,"SYR":473633099.16808,"TCD":191745202.611172,"THA":42161780759.8806,"TJK":117567950.058852,"TLS":61303449.3702122,"TON":39771012.5925288,"TTO":2476582262.09186,"TUN":3036243871.63543,"TUR":35548509276.1176,"TZA":2038411250.71436,"UGA":1080256630.13831,"UKR":6946076993.56649,"URY":2086675964.76736,"USA":184024332193.35,"VCT":51191684.0484642,"VEN":20820560020.6513,"VNM":6224181087.75992,"VUT":43816496.3348545,"WSM":83909636.5316861,"YEM":5007811167.81285,"ZAF":8154089032.58033,"ZMB":247729406.935735,"ZWE":136092039.396785}}