{"schemaVersion":1,"dataKind":"ranking-year","indicatorId":"FI.RES.TOTL.CD","year":2004,"valuesByCountry":{"ABW":339224000,"AGO":1379588147.35471,"ALB":1387912853.56431,"ARE":18529923697.6481,"ARG":19659591803.9788,"ARM":547758869.582332,"ATG":120139161.912642,"AUS":36925537509.3118,"AUT":12188419360.202,"AZE":1075084292.67503,"BDI":66173617.2508293,"BEL":13990812128.097,"BGD":3221759632.8579,"BGR":9337108132.85169,"BHR":2006203184.74825,"BHS":674401942.812061,"BIH":2427266571.09408,"BLR":836974642.741323,"BLZ":48253483.7920366,"BOL":1271422924.6815,"BRA":52934865185.6721,"BRB":579857104.076333,"BRN":488889689.086051,"BTN":398620011.692809,"BWA":5661431014.73493,"CAF":153195695.517303,"CAN":34476385087.8753,"CHE":74567877421.4051,"CHL":15997301155.2013,"CHN":622948544349.6,"CMR":842430190.035234,"COD":236242009.298167,"COG":124471455.266243,"COL":13536934555.3752,"COM":103991907.504963,"CPV":139362725.667799,"CRI":1922625761.23684,"CYP":4113824037.25478,"CZE":28451131102.2748,"DEU":97169968440.5446,"DJI":93939056.7034004,"DMA":42321834.555994,"DNK":40020822397.2049,"DOM":826423250.96892,"DZA":45691652467.4963,"ECU":1439913954.63565,"EGY":15338514716.8957,"ERI":34746846.5868961,"ESP":19758627233.3238,"EST":1791730276.65347,"ETH":1496784362.17874,"FIN":12913570496.8032,"FJI":483077920.013932,"FRA":77353273268.9504,"FSM":54838730.4103666,"GAB":449046100.892114,"GBR":62138194998.7523,"GEO":386676416.886773,"GHA":1749729259.35718,"GIN":111780254.653341,"GMB":83774361.4655419,"GNQ":944982405.389843,"GRC":2707782609.03229,"GRD":121728059.742647,"GTM":3522289948.24634,"GUY":231844788.060818,"HKG":123569257524,"HND":1979756033.05793,"HRV":8758177307.55766,"HTI":189071925.394247,"HUN":15965389147.5829,"IDN":36310733909.3168,"IND":131631143125.845,"IRL":2907974283.48967,"IRQ":7906697188.07561,"ISL":1074203553.34615,"ISR":27094382252.5438,"ITA":62386140318.1329,"JAM":1846479130.37806,"JOR":5446636728.33555,"JPN":844667163385.489,"KAZ":9276665297.36289,"KEN":1519538696.93683,"KGZ":564545759.325871,"KHM":1118336324.43469,"KNA":78469063.538565,"KOR":199195487365.144,"KOS":423533771,"KWT":9353825022.43273,"LAO":296221795.438601,"LBN":15773807067.1425,"LBR":18742650.4077665,"LBY":27714111996.5342,"LCA":132539594.875514,"LKA":2204868879.49586,"LSO":501504280.465691,"LTU":3593962685.5297,"LUX":330783823.042776,"LVA":2020863043.46184,"MAC":5436107122.79169,"MAR":16646737348.8154,"MDA":470258874.786485,"MDG":503524275.988023,"MDV":203594899.341915,"MEX":64201699862.8694,"MKD":991429584.921662,"MLT":2733736057.53772,"MMR":773487465.912112,"MNG":207833968.241407,"MOZ":1159312550.08723,"MRT":38764016.7291556,"MUS":1632941132.54706,"MWI":133673449.224174,"MYS":66393546884.2326,"NAM":345060355.267101,"NGA":17256543969.1635,"NIC":668198634.906633,"NLD":21603050011.4761,"NOR":44307531918.0843,"NPL":1529099985.77965,"NZL":6947354918.07845,"OMN":3597609064.5638,"PAK":10718170456.621,"PAN":630646276.79381,"PER":12664710327.2194,"PHL":16234405945.6323,"PNG":660156570.997279,"POL":36772763413.3981,"PRT":11684065090.9578,"PRY":1168046778.98545,"QAT":3414202840.55407,"ROU":16095478768.38,"RUS":126257956295.73,"RWA":314640045.452476,"SAU":29303891020.4748,"SDN":1337996807.7002,"SGP":114161298698.232,"SLB":79812571.6179988,"SLE":125104244.368796,"SLV":1935975149.50117,"SMR":355512155.778873,"STP":19503428.3234182,"SUR":138383053.367401,"SVK":14911965832.3249,"SVN":8899759020.47717,"SWE":24768805295.0333,"SWZ":323561615.646859,"SYC":34591085.9657841,"SYR":547669435.960193,"TCD":226603535.300678,"THA":49846608741.8778,"TJK":172081994.761396,"TLS":182433882.007243,"TON":55262356.5109295,"TTO":3195021782.02602,"TUN":4031139050.31146,"TUR":37304121308.7358,"TZA":2295701465.88251,"UGA":1308101595.45735,"UKR":9718436095.67767,"URY":2512109312.05214,"USA":190464790633.305,"VCT":74981667.1411139,"VEN":23408050057.2128,"VNM":7041460609.52428,"VUT":61813729.4176844,"WSM":86133747.2822373,"YEM":5686685058.21904,"ZAF":14886243628.1943,"ZMB":337106225.049386,"ZWE":234290933.911466}}