{"schemaVersion":1,"dataKind":"ranking-year","indicatorId":"FI.RES.TOTL.CD","year":2005,"valuesByCountry":{"ABW":324813400,"AFG":576118920.253472,"AGO":3196850749.33725,"ALB":1439592137.1131,"ARE":21010295842.2662,"ARG":28081718501.5579,"ARM":669480407.701408,"ATG":127320746.176332,"AUS":43257063108.6613,"AUT":11827977057.728,"AZE":1177743664.23387,"BDI":100575245.808507,"BEL":11996383512.5918,"BGD":2825004863.68236,"BGR":8697081081.81402,"BHR":2051923931.62393,"BHS":586297936.226167,"BIH":2547614646.93942,"BLR":1341819426.53213,"BLZ":71357473.8645495,"BOL":1794984952.80819,"BRA":53799284976.6774,"BRB":603465289.140439,"BRN":491885270.08917,"BTN":467426180.776746,"BWA":6309056417.68859,"CAF":144923649.427182,"CAN":33018041276.0769,"CHE":57575300181.4139,"CHL":16933297690.4239,"CHN":831409619695.566,"CMR":964745492.908923,"COD":131200257.922624,"COG":737537427.530678,"COL":14954554923.0026,"COM":86095117.2184942,"CPV":174391987.426298,"CRI":2313689169.31565,"CUB":144018160,"CYP":4429824566.75242,"CZE":29553532656.2902,"DEU":101675919831.832,"DJI":89264770.3170111,"DMA":49172196.7264099,"DNK":34028012496.5422,"DOM":1929853894.76764,"DZA":59167068864.0544,"ECU":2147944603.19674,"EGY":21856784928.5555,"ERI":27944199.0527693,"ESP":17227460742.3577,"EST":1947311946.75442,"ETH":1042595212.18723,"FIN":11331633301.0062,"FJI":321301681.977878,"FRA":74359915676.4761,"FSM":49953309.0358174,"GAB":675149856.166232,"GBR":59135108205.0069,"GEO":478637800.597655,"GHA":1897057040.26241,"GIN":96326734.1634157,"GMB":98312848.5390224,"GNQ":2102494662.13149,"GRC":2287009892.67273,"GRD":94252920.2097209,"GTM":3777008774.18746,"GUY":251872586.363899,"HKG":124278371000,"HND":2338186932.81308,"HRV":8800316451.1043,"HTI":219055947.35269,"HUN":18602833677.5891,"IDN":34730799049.2525,"IND":137824828256.285,"IRL":868977916.826458,"IRN":7685456407.40761,"IRQ":12200841776.8325,"ISL":1068602214.11431,"ISR":28059414574.2218,"ITA":65954006492.1648,"JAM":2169806025.78395,"JOR":5461160795.78652,"JPN":846895906145.13,"KAZ":7069707373.51453,"KEN":1799087912.82813,"KGZ":612352822.699198,"KHM":1158091688.68102,"KNA":71611722.8579596,"KOR":210552008738.697,"KOS":328569606,"KWT":10165102734.7153,"LAO":327051177.281925,"LBN":16617970571.4448,"LBR":25395460.7689592,"LBY":41879958087.0983,"LCA":116387878.787697,"LKA":2734967767.26121,"LSO":519110911.299774,"LTU":3815556164.65712,"LUX":279062530.928451,"LVA":2359714949.18389,"MAC":6689436716.70569,"MAR":16550639873.5961,"MDA":597448067.48296,"MDG":481286830.746363,"MDV":186354315.295944,"MEX":74109703346.0659,"MKD":1340486932.46754,"MLT":2578480779.69299,"MMR":889437362.736186,"MNG":333150649.734728,"MOZ":1102663442.62952,"MRT":70367752.9793491,"MUS":1371551307.82123,"MWI":165231252.485267,"MYS":70458190074.6077,"NAM":312104907.411467,"NGA":28632051717.2055,"NIC":727807750.907584,"NLD":20447919846.697,"NOR":46985905052.1739,"NPL":1565203519.98396,"NZL":8892727557.55881,"OMN":4358381770.0032,"PAK":11109358834.068,"PAN":1210531905.83646,"PER":14171339683.0385,"PHL":18474495450.4456,"PNG":750418379.435726,"POL":42560656301.1177,"PRT":10364170168.4847,"PRY":1297088538.07535,"QAT":4552170762.09192,"ROU":21601177535.0141,"RUS":182272103917.674,"RWA":256882287.17377,"SAU":157386678400.961,"SDN":1868587865.83723,"SGP":118061328490.524,"SLB":94825566.293426,"SLE":170505508.389789,"SLV":1851759755.47837,"SMR":347709671.699278,"SOM":23109678.975035,"STP":26702730.9769363,"SUR":141874019.080815,"SVK":15479863359.0887,"SVN":8159730011.99654,"SWE":24867578418.1736,"SWZ":243897157.253523,"SYC":56244154.2963725,"SYR":17774179269.9883,"TCD":231282856.164012,"THA":52075784293.7999,"TJK":188914218.257725,"TKM":1513006832.36548,"TLS":153299848.265643,"TON":46864163.2271085,"TTO":4992257912.04651,"TUN":4548431873.5589,"TUR":52493941950.0754,"TZA":2048775519.3419,"UGA":1344201156.70341,"UKR":19388177690.8784,"URY":3078376701.73893,"USA":188259141662.468,"UZB":1242300740.61785,"VCT":69511994.4150968,"VEN":29802940547.6946,"VNM":9050561631.2151,"VUT":67197553.9261927,"WSM":77256900.7477346,"YEM":6141048031.6436,"ZAF":20624460695.2026,"ZMB":559788508.275448,"ZWE":97191584.4838922},"yearsByCountry":{"AFG":1991,"CUB":1960,"IRN":1982,"SOM":1989,"TKM":1999,"UZB":1999}}