{"schemaVersion":1,"dataKind":"ranking-year","indicatorId":"FI.RES.TOTL.CD","year":2006,"valuesByCountry":{"ABW":401389600,"AGO":8149079645.64961,"ALB":1812802559.88129,"ARE":27617445822.5768,"ARG":32022297112.9805,"ARM":1071917964.48804,"ATG":142632588.752235,"AUS":55078716457.7347,"AUT":12911210327.5257,"AZE":2500372956.08951,"BDI":131138494.759736,"BEL":13436681104.332,"BGD":3877163419.29565,"BGR":11756001867.2857,"BHR":2895643505.16611,"BHS":461331327.062986,"BIH":3671010361.24336,"BLR":1386410520.73253,"BLZ":113721680.976537,"BOL":3193982720.12097,"BRA":85842861115.1295,"BRB":636089800.395958,"BRN":513570258.749096,"BTN":545324764.562266,"BWA":7992391904.99401,"CAF":132419817.111539,"CAN":35063091947.1936,"CHE":64461048829.5392,"CHL":19396987006.6215,"CHN":1080755682869.89,"CMR":1735263262.18996,"COD":154503797.163646,"COG":1848005218.09028,"COL":15437167995.6523,"COM":93890572.0897278,"CPV":254525770.70586,"CRI":3117011524.08567,"CYP":5942554137.32535,"CZE":31456871274.5685,"DEU":111637059518.339,"DJI":120326699.173782,"DMA":63047100.2578611,"DNK":31083835098.452,"DOM":2275420935.3092,"DZA":81462730475.3241,"ECU":2026480313.69129,"EGY":26006845068.1543,"ERI":23576837.334928,"ESP":19339948067.0764,"EST":2786325227.45501,"ETH":867438393.591877,"FIN":7498639358.46346,"FJI":313300288.992362,"FRA":98239163382.5086,"FSM":46622757.9357199,"GAB":1121592475.619,"GBR":63823577313.6433,"GEO":930833393.916797,"GHA":2268926566.51141,"GIN":39685709.6499568,"GMB":120615997.843097,"GNQ":3066739318.60916,"GRC":2849953559.42375,"GRD":99961392.6337931,"GTM":4055245980.59448,"GUY":279636390.847379,"HKG":133210591900,"HND":2642084905.68856,"HRV":11487840810.6564,"HTI":367815246.98156,"HUN":21589904536.919,"IDN":42597040281.5939,"IND":178049790065.97,"IRL":831899692.260454,"IRQ":20051759952.3188,"ISL":2342225223.0951,"ISR":29153237863.99,"ITA":75773325816.1903,"JAM":2318429013.89466,"JOR":6982163598.46786,"JPN":895321278049.835,"KAZ":19127059971.5814,"KEN":2416073242.93319,"KGZ":817170020.005819,"KHM":1411426995.28171,"KNA":88697803.0782002,"KOR":239148089520.925,"KOS":471097660,"KWT":14179782169.7327,"LAO":483003280.421735,"LBN":19238867061.3302,"LBR":71989512.763969,"LBY":62228722605.3908,"LCA":134538725.293094,"LKA":2832098098.88232,"LSO":658401554.709079,"LTU":5772525484.49407,"LUX":265117813.93371,"LVA":4511469902.07914,"MAC":9132102574.35142,"MAR":20790794061.3579,"MDA":775478571.97928,"MDG":583182459.275841,"MDV":231550005.623125,"MEX":76329367204.2543,"MKD":1889352310.43791,"MLT":2980333080.26694,"MMR":1382707355.35429,"MNG":719617928.6269,"MOZ":1216256985.54241,"MRT":194495586.06378,"MUS":1308850537.14132,"MWI":141932272.746069,"MYS":82876090883.1742,"NAM":449578847.200303,"NGA":42735039033.3081,"NIC":921891810.938807,"NLD":23902294463.5363,"NOR":56841568846.0479,"NPL":1935487672.74692,"NZL":14068475834.3701,"OMN":5014439182.011,"PAK":12878021928.1544,"PAN":1334983347.81531,"PER":17442093800.3961,"PHL":22963020101.7326,"PNG":1440728433.19493,"POL":48473948178.8457,"PRT":9882747256.04138,"PRY":1702147178.6523,"QAT":5394808792.02756,"ROU":30206004058.7066,"RUS":303773185900.098,"RWA":381762789.729147,"SAU":228956885016.288,"SDN":1659926271.61073,"SGP":138652617421.388,"SLB":104075013.506124,"SLE":183927216.134409,"SLV":1970971556.97128,"SMR":479069768.427949,"SRB":11888907220.3041,"STP":34181487.4676944,"SUR":237361004.178972,"SVK":13364307419.1005,"SVN":7139432999.07756,"SWE":28017219694.0134,"SWZ":372529356.202649,"SYC":112923278.381745,"SYR":16996900531.0078,"TCD":632157876.917181,"THA":67007805167.6806,"TJK":203823197.160821,"TLS":83755117.6418799,"TON":47972473.597744,"TTO":6607231897.34595,"TUN":6911623380.49484,"TUR":63264841173.6432,"TZA":2259345786.15223,"UGA":1810879485.55993,"UKR":22359564313.3789,"URY":3090608691.74437,"USA":221088725058.691,"VCT":78691580.8543465,"VEN":36715128120.2438,"VNM":13384067982.157,"VUT":104661394.460191,"WSM":75906873.4668761,"YEM":7543297619.00255,"ZAF":25593361431.1639,"ZMB":719716911.583293,"ZWE":154593586.734786}}