{"schemaVersion":1,"dataKind":"ranking-year","indicatorId":"FI.RES.TOTL.CD","year":2007,"valuesByCountry":{"ABW":455457100,"AGO":11196800894.0338,"ALB":2161936583.38147,"ARE":77238765358.1158,"ARG":46149456855.7802,"ARM":1659090453.02799,"ATG":143848808.510004,"AUS":26907894338.85,"AUT":18193955715.2108,"AZE":4273114882.33472,"BDI":177130962.895465,"BEL":16485311239.2754,"BGD":5277479281.25888,"BGR":17544560019.9978,"BHR":4342187749.57617,"BHS":464482895.393892,"BIH":5041780928.68635,"BLR":4178575862.32941,"BLZ":108512535.020952,"BOL":5313631986.14594,"BRA":180333622535.832,"BRB":839429792.734651,"BRN":667491396.601975,"BTN":699049465.438374,"BWA":9789741087.58999,"CAF":91867874.1209709,"CAN":41082108778.8237,"CHE":75172320982.2309,"CHL":16843397511.3295,"CHN":1546364660543.36,"CMR":2931745509.79895,"COD":180677436.98623,"COG":2183569352.93452,"COL":20951442986.8657,"COM":117643066.371414,"CPV":364462266.13089,"CRI":4115350419.03503,"CYP":6506542487.54211,"CZE":34907225299.1542,"DEU":135932292207.151,"DJI":132137437.938871,"DMA":60522068.624978,"DNK":34318338718.0696,"DOM":3044764601.31634,"DZA":114972269711.741,"ECU":3520672992.45779,"EGY":32214421786.3476,"ERI":32407629.6596726,"ESP":19028952268.3672,"EST":3269362367.43125,"ETH":1289865496.28638,"FIN":8380474053.47306,"FJI":528272571.075916,"FRA":115487080914.377,"FSM":48479465.9772571,"GAB":1237944497.62597,"GBR":77715465906.5662,"GEO":1361156503.59962,"GHA":2218311347.67966,"GIN":46811611.5648928,"GMB":142784444.74383,"GNQ":3845916299.732,"GRC":3647605325.12089,"GRD":110569734.763708,"GTM":4314534130.36889,"GUY":313007749.406008,"HKG":152692861250,"HND":2545868542.49309,"HRV":13674518992.7938,"HTI":582010074.440742,"HUN":24052210871.1505,"IDN":56935744023.296,"IND":276578100117.408,"IRL":925477308.062552,"IRQ":31454864112.3409,"ISL":2631913597.34891,"ISR":28518505747.3626,"ITA":94108647218.6732,"JAM":1878513938.68574,"JOR":7924938971.1265,"JPN":973296740492.651,"KAZ":17641023629.5821,"KEN":3355419015.79063,"KGZ":1176500793.52509,"KHM":2140273311.26087,"KNA":95790629.9072359,"KOR":262532669802.854,"KOS":959856438,"KWT":18776552864.7304,"LAO":730865696.307765,"LBN":20598783915.2772,"LBR":119359165.225347,"LBY":83259979623.8923,"LCA":153719597.544505,"LKA":3518418228.00438,"LSO":1002760338.36274,"LTU":7711952180.98187,"LUX":205249437.983951,"LVA":5760724075.1811,"MAC":13229919966.1443,"MAR":24713570214.4397,"MDA":1333684646.72926,"MDG":846677005.492943,"MDV":308403900.253519,"MEX":87208175923.3125,"MKD":2264233635.6536,"MLT":3798767062.06583,"MMR":3283726256.68998,"MNE":688838319.209949,"MNG":1001846766.06474,"MOZ":1524073650.14614,"MRT":207413837.520998,"MUS":1831736327.40601,"MWI":227314279.617936,"MYS":101994768944.723,"NAM":896022010.407354,"NGA":51906164585.6826,"NIC":1103322447.10909,"NLD":26928024023.4142,"NOR":60839629829.3958,"NPL":2014032856.18907,"NZL":17247175110.1585,"OMN":9523990109.93137,"PAK":15798067447.2965,"PAN":1935051624.52824,"PER":27786002524.9928,"PHL":33740202689.2617,"PNG":2106234946.89102,"POL":65724834524.5349,"PRT":11512068377.0956,"PRY":2461472077.25277,"QAT":9749045696.11503,"ROU":39974195968.9892,"RUS":478822286132.05,"RWA":783926885.383969,"SAU":309287347097.369,"SDN":1377921603.31558,"SGP":166160593181.672,"SLB":120530168.359389,"SLE":216555180.811995,"SLV":2302871088.9261,"SMR":647733471.513031,"SRB":14214276004.6201,"STP":39331621.0517574,"SUR":403278663.513958,"SVK":18973379149.3287,"SVN":1065303786.0383,"SWE":31033035734.4712,"SWZ":774192962.828771,"SYC":40768609.3993161,"SYR":17707471673.8149,"TCD":964338636.974652,"THA":87472466803.2528,"TJK":85217536.0208877,"TLS":230271660.438162,"TON":65238721.718125,"TTO":6745220697.57387,"TUN":8032361912.05129,"TUR":76496127491.481,"TZA":2886381413.93065,"UGA":2559789963.82403,"UKR":32483841812.7738,"URY":4121414262.81292,"USA":277548941768.855,"VCT":86976851.9636046,"VEN":33759218864.9235,"VNM":23479392779.8197,"VUT":119623134.384304,"WSM":90264699.1001182,"YEM":7757119856.4048,"ZAF":32919403650.564,"ZMB":1089952022.63547,"ZWE":163198334.210503}}