{"schemaVersion":1,"dataKind":"ranking-year","indicatorId":"FI.RES.TOTL.CD","year":2008,"valuesByCountry":{"ABW":691873900,"AFG":3042274496.10725,"AGO":17869411576.4836,"ALB":2363791896.73249,"ARE":31694454694.0485,"ARG":46385380206.9801,"ARM":1406800823.43427,"ATG":138022502.55788,"AUS":32923506492.0435,"AUT":16741449884.8454,"AZE":6467239211.36657,"BDI":266537169.938559,"BEL":15680647981.3649,"BGD":5787356027.09449,"BGR":17930378434.452,"BHR":4050919098.60004,"BHS":567909087.744537,"BIH":4479825860.3902,"BLR":3063153364.72563,"BLZ":166162897.207629,"BOL":7719766413.09899,"BRA":193783363540.648,"BRB":738527014.772725,"BRN":751159763.901468,"BTN":764803120.5196,"BWA":9118637749.14695,"CAF":131466500.98142,"CAN":43872316563.9077,"CHE":74145636040.695,"CHL":23079229513.8107,"CHN":1966037431070.11,"CMR":3112861315.14642,"COD":77733370.4394543,"COG":3881458050.91579,"COL":23670593274.4211,"COM":112663906.888917,"CPV":361467111.500192,"CRI":3800532461.63338,"CYP":1004746547.28045,"CZE":37021634956.8126,"DEU":138564426162.198,"DJI":175495410.942988,"DMA":55150083.3599292,"DNK":42326707926.7705,"DOM":2694510025.16655,"DZA":148098646076.637,"ECU":4472854631.28031,"EGY":34330505048.3925,"ERI":56020972.2337436,"ESP":20288388623.6605,"EST":3971834388.52858,"ETH":870502510.194579,"FIN":8353577867.12109,"FJI":322181205.007235,"FRA":103306201680.133,"FSM":39986224.5220158,"GAB":1934656663.35387,"GBR":64785716443.2505,"GEO":1480157559.2564,"GHA":2014205287.49439,"GIN":55670498.0675828,"GMB":116517122.951593,"GNQ":4431191816.06264,"GRC":3489670238.03477,"GRD":105341634.311796,"GTM":4653932355.47204,"GUY":355913639.674072,"HKG":182527273250,"HND":2491985114.90881,"HRV":12957286637.2186,"HTI":705361460.24731,"HUN":33873898857.8996,"IDN":51640625721.3198,"IND":257422725614.879,"IRL":1038963263.28527,"IRQ":50101816705.6195,"ISL":3570697294.05494,"ISR":42513241646.733,"ITA":105649105827.66,"JAM":1772712407.05834,"JOR":8918475754.26497,"JPN":1030762755205.19,"KAZ":19883105671.2443,"KEN":2878951355.48375,"KGZ":1225137055.69584,"KHM":2639301421.06125,"KNA":110411464.623506,"KOR":201544913438.771,"KOS":932825224,"KWT":19320771658.4914,"LAO":901686245.323899,"LBN":28265312109.5729,"LBR":160860063.211478,"LBY":96334974982.7632,"LCA":142774402.813669,"LKA":2616559583.33783,"LSO":971530251.526022,"LTU":6442845969.40104,"LUX":398118062.615824,"LVA":5243938989.04795,"MAC":15930121266.7869,"MAR":22719558203.8162,"MDA":1672406461.42833,"MDG":982306552.811993,"MDV":240580313.574776,"MEX":95299838182.8513,"MKD":2110178285.64156,"MLT":373422724.326502,"MMR":3920716171.43089,"MNE":435670237.195004,"MNG":656677378.546504,"MOZ":1660542080.42931,"MRT":198598074.427061,"MUS":1796126154.22182,"MWI":253908648.999834,"MYS":92166457064.9209,"NAM":1292948220.14149,"NGA":53598093556.5368,"NIC":1140842519.60378,"NLD":28602644275.0888,"NOR":50949819414.8049,"NPL":2457914115.29929,"NZL":11052155510.1672,"OMN":11582398508.9704,"PAK":9024013987.18211,"PAN":2423782838.73722,"PER":31241123023.427,"PHL":37497616849.3423,"PNG":2008196049.41046,"POL":62183606683.5405,"PRT":12006451708.5586,"PRY":2863012061.51468,"QAT":9996578243.98446,"ROU":39768375684.0995,"RUS":426278773721.659,"RWA":769313046.836517,"SAU":451278977577.857,"SDN":1399041059.55575,"SGP":177543472508.271,"SLB":88829534.5674311,"SLE":220167661.341698,"SLV":2644386458.68893,"SMR":706793198.064613,"SRB":11477985605.7394,"STP":61292170.2180379,"SUR":602541474.423838,"SVK":18836137092.7208,"SVN":957648182.549978,"SWE":29727344091.6924,"SWZ":751935734.699347,"SYC":63833877.5195002,"SYR":17783782583.9648,"TCD":1355146208.38943,"THA":111009214971.921,"TJK":163514355.01099,"TLS":210423736.879578,"TON":69753902.8457779,"TTO":9478682838.77815,"TUN":9038905598.88531,"TUR":73674684815.6172,"TZA":2862895993.28886,"UGA":2300539404.85552,"UKR":31543343236.6617,"URY":6360194479.33838,"USA":294045673779.627,"VCT":83690185.4348018,"VEN":43065463087.2778,"VNM":23890250550.2909,"VUT":115230049.975587,"WSM":81946109.9817463,"YEM":8154861549.00909,"ZAF":34070371606.9593,"ZMB":1095608609.0688,"ZWE":81875982.8372812}}