{"schemaVersion":1,"dataKind":"ranking-year","indicatorId":"FI.RES.TOTL.CD","year":2009,"valuesByCountry":{"ABW":686970110,"AFG":4265888740.23845,"AGO":13664098153.6474,"ALB":2368942443.29456,"ARE":26104201597.7901,"ARG":48006988635.3253,"ARM":2003623407.8546,"ATG":127860399.429427,"AUS":41742190606.7947,"AUT":17903949014.9959,"AZE":5363850354.15112,"BDI":323088641.078175,"BEL":23861674312.7943,"BGD":10341543873.7536,"BGR":18522121029.1316,"BHR":4008299045.06263,"BHS":1009823819.80338,"BIH":4575111866.53329,"BLR":5640214197.2805,"BLZ":213683331.633225,"BOL":8574579206.49636,"BRA":238539464848.441,"BRB":871145394.006875,"BRN":1357268956.60247,"BTN":890893416.551034,"BWA":8703960321.12572,"CAF":210590013.326623,"CAN":54356329766.8961,"CHE":134565689169.636,"CHL":25292079030.7077,"CHN":2452899062067.79,"CMR":3675521655.97273,"COD":1035381387.91634,"COG":3806250383.75172,"COL":24987458715.7224,"COM":150899368.041146,"CPV":397876708.938471,"CRI":4066199745.09496,"CUB":144018160,"CYP":1281245251.30564,"CZE":41608025692.2174,"DEU":179040277106.548,"DJI":241831914.389104,"DMA":75464032.6940291,"DNK":76617709422.3138,"DOM":3580178695.74603,"DZA":155111906771.678,"ECU":3792122231.63489,"EGY":34896678266.342,"ERI":90010612.7740804,"ESP":28051366380.3609,"EST":3980641012.81398,"ETH":1780874214.24058,"FIN":11428834791.927,"FJI":570005077.946111,"FRA":131785833333.227,"FSM":55718614.2195801,"GAB":1993241390.30824,"GBR":79453490100.2467,"GEO":2110323626.28935,"GHA":3691822335.02409,"GIN":414058705.546063,"GMB":224175097.050901,"GNQ":3251937926.22841,"GRC":5486122597.59939,"GRD":129078999.922631,"GTM":5204831199.87506,"GUY":631410304.731452,"HKG":255840862500,"HND":2109755373.29455,"HRV":14894514532.2478,"HTI":1092529058.80375,"HUN":44181292716.986,"IDN":66118917968.1398,"IND":284682887897.586,"IRL":2150685637.46953,"IRN":7685456407.40761,"IRQ":44332623237.8471,"ISL":3882623015.92261,"ISR":60611355180.6685,"ITA":131496916615.743,"JAM":2075840757.89434,"JOR":12135159071.4804,"JPN":1051654952502.29,"KAZ":23183086500.6457,"KEN":3849500808.92698,"KGZ":1584332498.17031,"KHM":3285950771.83634,"KNA":136408154.171007,"KOR":270437145807.698,"KOS":830415016.302636,"KWT":23028171515.8341,"LAO":1023354193.77418,"LBN":39131823320.779,"LBR":372457051.883517,"LBY":103753849656.653,"LCA":174798934.462151,"LKA":5353610216.22721,"LSO":1502248532.21839,"LTU":6623187500.76033,"LUX":808815187.176778,"LVA":6902262691.31899,"MAC":18350321740.6545,"MAR":23568387092.7924,"MDA":1480265227.43451,"MDG":982078789.679611,"MDV":260981130.107897,"MEX":99888815494.3453,"MKD":2288279742.85335,"MLT":538508889.961921,"MMR":5505842339.24314,"MNE":572613016.575366,"MNG":1327038037.27796,"MOZ":2181058182.59662,"MRT":237857971.083112,"MUS":2315555503.10442,"MWI":163276594.709464,"MYS":96704054214.866,"NAM":2050927526.8344,"NGA":43129830238.1048,"NIC":1573082251.39172,"NLD":39284466011.1936,"NOR":48859300062.3353,"NPL":2819466153.51634,"NZL":15594002509.4738,"OMN":12203595445.786,"PAK":13606125133.5603,"PAN":3028272377.96829,"PER":33225062118.6704,"PHL":44205983462.3944,"PNG":2629121235.36278,"POL":79521599625.5025,"PRT":15781930170.534,"PRY":3861718922.52784,"QAT":18803758797.5506,"ROU":44383053889.5597,"RUS":439341754765.015,"RWA":1009885490.217,"SAU":420983696036.328,"SDN":1094176669.31606,"SGP":192046029172.212,"SLB":145987707.520229,"SLE":404964508.63092,"SLV":3120881836.06699,"SMR":790271922.067666,"SOM":23109678.975035,"SRB":15227935668.5302,"STP":66659123.448409,"SUR":657026656.390323,"SVK":1803647039.12467,"SVN":1078161602.59062,"SWE":47255415701.1354,"SWZ":958869319.489231,"SYC":190546677.641739,"SYR":18300334790.1589,"TCD":616701392.110048,"THA":138419119047.989,"TJK":254940310.793792,"TKM":1513006832.36548,"TLS":249928530.792892,"TON":95702573.8593442,"TTO":8823426554.27755,"TUN":11294387681.3622,"TUR":74933099954.2986,"TZA":3470413229.48011,"UGA":2994459465.38175,"UKR":26500887342.1218,"URY":8037871915.97406,"USA":404098925258.352,"UZB":1242300740.61785,"VCT":87815455.4273306,"VEN":34317956993.5458,"VNM":16447104123.628,"VUT":148612899.92884,"WSM":144476857.502779,"YEM":6989929590.72352,"ZAF":39602644576.4755,"ZMB":1892077713.20001,"ZWE":821891029.988351},"yearsByCountry":{"CUB":1960,"IRN":1982,"SOM":1989,"TKM":1999,"UZB":1999}}