{"schemaVersion":1,"dataKind":"ranking-year","indicatorId":"FI.RES.TOTL.CD","year":2010,"valuesByCountry":{"ABW":708713690,"AFG":5162440806.75156,"AGO":19678661657.2158,"ALB":2540673823.18044,"ARE":32785291883.4008,"ARG":52207549724.0928,"ARM":1865824296.86232,"ATG":136600155.264423,"AUS":42267797177.4332,"AUT":22241623425.0212,"AZE":6409059730.22348,"BDI":332085022.471922,"BEL":26779063929.1965,"BGD":11174828666.952,"BGR":17223204558.8009,"BHR":5299463737.03105,"BHS":1044153800.49773,"BIH":4411161779.56729,"BLR":5025440611.53054,"BLZ":217999757.441087,"BOL":9730683978.92494,"BRA":288574623536.621,"BRB":833540950.447842,"BRN":1563162507.49248,"BTN":1002139101.89679,"BWA":7885211136.02874,"CAF":181175454.945793,"CAN":57151157771.2186,"CHE":270479819574.103,"CHL":27827450636.1977,"CHN":2913711711315.37,"CMR":3642642765.84441,"COD":1299652041.01224,"COG":4446850565.67434,"COL":28076156124.4625,"COM":146075888.489772,"CPV":382190200.497035,"CRI":4627252201.99218,"CUB":144018160,"CYP":1141718898.06676,"CZE":42482660898.3127,"DEU":215977935889.943,"DJI":248997896.289132,"DMA":76099741.2908615,"DNK":76510022325.9157,"DOM":3874458746.7753,"DZA":170461132878.607,"ECU":2622493356.38252,"EGY":37028506134.5559,"ERI":114149602.728927,"ESP":31871836372.9594,"EST":2567138087.1289,"ETH":2241164555.88825,"FIN":9547427724.74527,"FJI":720523356.765858,"FRA":165852088071.189,"FSM":55763850.8999963,"GAB":1735883130.08267,"GBR":98025460114.4246,"GEO":2263794873.28055,"GHA":5158151628.84547,"GIN":301523167.014616,"GMB":201627626.678787,"GNQ":2346355216.01319,"GRC":6352405963.38906,"GRD":119154979.881368,"GTM":5948553459.3899,"GUY":782063529.783998,"HKG":255840862500,"HND":2701658713.56721,"HRV":14132506400.1205,"HTI":1934159446.98169,"HUN":44988182851.216,"IDN":96210980584.0428,"IND":300480168786.346,"IRL":2113857313.58187,"IRN":7685456407.40761,"IRQ":50622117150.4267,"ISL":5788562800.11708,"ISR":70907310771.311,"ITA":158478306213.386,"JAM":2501094875.87813,"JOR":13632983538.0758,"JPN":1104563760972.06,"KAZ":28264709322.8924,"KEN":4320858499.01272,"KGZ":1720378724.05245,"KHM":3817077827.48335,"KNA":168859133.54094,"KOR":292143494466.557,"KOS":813352079.514421,"KWT":24801842016.4147,"LAO":1208082725.82125,"LBN":44475631354.516,"LBR":442033413.934885,"LBY":106144249630.96,"LCA":206256181.499736,"LKA":7195358507.00001,"LSO":1485976652.76529,"LTU":6598353673.96232,"LUX":848320495.372996,"LVA":7605713123.87978,"MAC":23726490181.8908,"MAR":23709466593.9932,"MDA":1717685352.56472,"MDG":1022970696.36859,"MDV":350103579.326899,"MEX":120584016515.123,"MKD":2276767089.7281,"MLT":540154074.409551,"MMR":6045321166.89603,"MNE":556155216.851417,"MNG":2287769451.70851,"MOZ":2265088387.79537,"MRT":287851716.196257,"MUS":2618620802.5817,"MWI":325348538.602841,"MYS":106528123469.784,"NAM":1695691125.42722,"NGA":33305051215.6973,"NIC":1798981293.19797,"NLD":46146883950.9493,"NOR":53215083706.0825,"NPL":3002724838.43341,"NZL":16722654735.8853,"OMN":13025235620.4615,"PAK":17255570039.5703,"PAN":2714469855.81081,"PER":44214818032.5469,"PHL":62326286864.5526,"PNG":3121182845.40448,"POL":93472504101.0455,"PRT":20936757462.4983,"PRY":4166639316.00527,"QAT":31181698262.5165,"ROU":48047830952.6969,"RUS":479222324221.266,"RWA":806395755.959934,"SAU":459313194915.439,"SDN":1036244170.70595,"SGP":231259743357.534,"SLB":265834982.908909,"SLE":408971756.317222,"SLV":2881775238.84522,"SMR":449159685.672526,"SOM":23109678.975035,"SRB":13307506858.4548,"STP":48170349.065802,"SUR":690815612.851081,"SVK":2155733869.47611,"SVN":1070760883.00257,"SWE":48246149255.6655,"SWZ":756344144.775586,"SYC":255584702.553665,"SYR":20631907296.8694,"TCD":632405291.277491,"THA":172027935376.446,"TJK":403106833.866534,"TKM":1513006832.36548,"TLS":406188383.994682,"TON":104527450.867601,"TTO":9180991459.69022,"TUN":9764265037.07788,"TUR":85959461665.9826,"TZA":3904676571.71261,"UGA":2706005010.33156,"UKR":34571298928.1666,"URY":7655538208.89576,"USA":488928508742.44,"UZB":1242300740.61785,"VCT":112702057.854892,"VEN":29665473906.3905,"VNM":12466600610.9074,"VUT":161382135.428761,"WSM":173039792.834033,"YEM":5938628775.49031,"ZAF":43819545749.0238,"ZMB":2093753266.11924,"ZWE":731779021.646729},"yearsByCountry":{"CUB":1960,"HKG":2009,"IRN":1982,"SOM":1989,"TKM":1999,"UZB":1999}}