{"schemaVersion":1,"dataKind":"ranking-year","indicatorId":"FI.RES.TOTL.CD","year":2011,"valuesByCountry":{"ABW":689775980,"AFG":6344641959.56007,"AGO":27039761554.0849,"ALB":2471402724.94025,"ARE":37269318422.5757,"ARG":46265800525.8806,"ARM":1932471998.58388,"ATG":147868733.577765,"AUS":46714016758.386,"AUT":24768999165.1789,"AZE":10273925784.8398,"BDI":295447213.888203,"BEL":29114266148.2486,"BGD":9174749651.1268,"BGR":17215731650.4486,"BHR":4774194828.72021,"BHS":1070217424.65299,"BIH":4247540639.15232,"BLR":7863285897.42622,"BLZ":237114250.351975,"BOL":11994673114.8231,"BRA":352010222755.829,"BRB":812596875.611227,"BRN":2583674787.86635,"BTN":789643751.580541,"BWA":8081886824.17054,"CAF":154510967.212474,"CAN":65818985667.1988,"CHE":330585879227.201,"CHL":41943889984.8961,"CHN":3254674063563.49,"CMR":3198717752.74849,"COD":1267500302.99162,"COG":5641136195.74762,"COL":31895547050.8777,"COM":156064553.741794,"CPV":338617823.352149,"CRI":4755830027.91208,"CYP":1187122352.56289,"CZE":40283016690.7131,"DEU":234104084887.409,"DJI":244112095.169796,"DMA":81120934.2699266,"DNK":84955222078.4164,"DOM":4114429337.35282,"DZA":191369111470.406,"ECU":2957999383.6445,"EGY":18637541110.4777,"ERI":115328815.906209,"ESP":46704835356.6883,"EST":207115695.548505,"ETH":2837310958.49349,"FIN":10276057418.071,"FJI":833453464.169775,"FRA":168490291143.589,"FSM":75062413.2091201,"GAB":2157316878.94114,"GBR":109733899591.288,"GEO":2818191101.12737,"GHA":5913600037.24248,"GIN":947127105.96962,"GMB":223241852.815921,"GNQ":3053840571.59284,"GRC":6743416891.38217,"GRD":120710917.736335,"GTM":6174185213.17611,"GUY":801777696.093639,"HKG":285398502220.272,"HND":2783412545.8905,"HRV":14483805261.8585,"HTI":1923168994.80294,"HUN":48831918088.5214,"IDN":110136597662.435,"IND":298739463090.872,"IRL":1694805970.72862,"IRQ":61033121083.648,"ISL":8548042323.47084,"ISR":74874110293.4968,"ITA":169872360984.741,"JAM":2281909630.03741,"JOR":12094960533.4281,"JPN":1295838676317.29,"KAZ":29215275560.7757,"KEN":4265145709.81446,"KGZ":1831422015.50304,"KHM":4061810700.02449,"KNA":244261262.258249,"KOR":306934526876.42,"KOS":717327041.234403,"KWT":29681701459.822,"LAO":1192801276.69501,"LBN":47859468419.4962,"LBR":506827130.971263,"LBY":110538560730.736,"LCA":213433689.006085,"LKA":6739196545.08981,"LSO":903895914.949344,"LTU":8201664834.38473,"LUX":1010733835.02253,"LVA":6378031224.81066,"MAC":34026184616.5378,"MAR":20167412691.7066,"MDA":1965325534.73495,"MDG":1134559589.73412,"MDV":334913163.216004,"MEX":149208113907.362,"MKD":2667393348.62602,"MLT":515097920.742163,"MMR":7361702603.01112,"MNE":392694640.346939,"MNG":2447811909.14304,"MOZ":2591541583.2071,"MRT":502324710.555567,"MUS":2775245692.87377,"MWI":217026444.13814,"MYS":133571684231.728,"NAM":1786689867.90836,"NGA":33691784435.7376,"NIC":1892248423.80235,"NLD":50411044069.4659,"NOR":49397087253.2418,"NPL":3702502162.26324,"NZL":17011945022.1814,"OMN":14366193706.0241,"PAK":17697925812.3776,"PAN":2303727320.10768,"PER":48913125192.9625,"PHL":75123089217.1415,"PNG":4352806335.28355,"POL":97712435349.2055,"PRT":20801304306.6758,"PRY":4982545969.05874,"QAT":16809490742.533,"ROU":48044368558.6277,"RUS":497410212789.354,"RWA":717570235.836789,"SAU":556570950256.256,"SDN":192529339.697522,"SGP":243798272471.038,"SLB":412272152.61395,"SLE":439130952.881157,"SLV":2493022511.76904,"SMR":341857697.19973,"SRB":15583042919.9853,"STP":52125217.7863105,"SUR":816878191.094628,"SVK":2417985582.87202,"SVN":986893174.497991,"SWE":50213891950.8524,"SWZ":600507428.767504,"SYC":279115073.987238,"TCD":951097160.643999,"THA":174891021491.419,"TJK":518942135.239755,"TLS":461610880.986764,"TON":143294510.36368,"TTO":9980126113.5272,"TUN":7785305507.43057,"TUR":87937253858.338,"TZA":3726158402.29752,"UGA":2617450463.11354,"UKR":31788750906.6251,"URY":10301678592.7052,"USA":537267041107.474,"VCT":89626356.9120155,"VEN":27934651458.8556,"VNM":13539119001.0033,"VUT":173789321.593301,"WSM":128020438.747895,"YEM":4525488820.12166,"ZAF":48748260246.0381,"ZMB":2324018126.65836,"ZWE":660229297.319734}}