{"schemaVersion":1,"dataKind":"ranking-year","indicatorId":"FI.RES.TOTL.CD","year":2012,"valuesByCountry":{"ABW":768622300,"AFG":7152304397.72645,"AGO":31161778888.6796,"ALB":2599863597.31882,"ARE":47035150430.9523,"ARG":43223270863.843,"ARM":1799374398.90816,"ATG":162045101.996445,"AUS":49138172006.1934,"AUT":27211429627.7746,"AZE":11277345749.0186,"BDI":308757013.647553,"BEL":30768939403.7021,"BGD":12754226899.6071,"BGR":20507099695.0265,"BHR":5454261306.90609,"BHS":846941347.755789,"BIH":4389987070.50249,"BLR":8094992776.16544,"BLZ":288924768.784865,"BOL":13924289443.0799,"BRA":373160977539.731,"BRB":839722748.012762,"BRN":3449167916.72604,"BTN":954678385.085581,"BWA":7627970305.74516,"CAF":157902473.531175,"CAN":68546343361.9692,"CHE":531302252827.224,"CHL":41649256237.5881,"CHN":3387512973773.81,"CMR":3380703262.12092,"COD":1632551644.22763,"COG":5549563315.43624,"COL":36997795799.9643,"COM":195019557.081483,"CPV":375841714.655623,"CRI":6856696345.86029,"CUB":144018160,"CYP":1191085645.63035,"CZE":44884691026.5824,"DEU":248856490285.756,"DJI":248630000.267239,"DMA":94562315.3820092,"DNK":89697829678.4591,"DOM":3558641726.41412,"DZA":200586904241.375,"ECU":2486036143.68356,"EGY":15672467970.7727,"ERI":132764717.792848,"ESP":50588475476.9984,"EST":300659803.183268,"ETH":2301655547.62419,"FIN":11082344912.0094,"FJI":918737740.198407,"FRA":184521825603.75,"FSM":76796329.9889957,"GAB":2351562306.82131,"GBR":117156976864.591,"GEO":2872949024.40383,"GHA":5835098328.20187,"GIN":762924793.394676,"GMB":236241441.119079,"GNQ":4396979377.35143,"GRC":7255024354.91007,"GRD":119485006.792475,"GTM":6693770270.58643,"GUY":864028135.128365,"HKG":317362272179.561,"HND":2531802698.50519,"HRV":14807134321.34,"HTI":2210669134.4783,"HUN":44670620404.4239,"IDN":112797627833.066,"IND":300425517446.546,"IRL":1707531869.31488,"IRN":7685456407.40761,"IRQ":70327019949.4173,"ISL":4191506843.5824,"ISR":75907618700.9338,"ITA":181670318701.146,"JAM":1996447947.35127,"JOR":8830598045.45112,"JPN":1268085524238.3,"KAZ":28299368221.4887,"KEN":5711831324.95431,"KGZ":2066679059.29408,"KHM":4759658458.02489,"KNA":263485328.014723,"KOR":327724415843.319,"KOS":958335407.209021,"KWT":33109896469.2245,"LAO":1293088589.02477,"LBN":52530986898.8942,"LBR":574181706.182312,"LBY":124647554175.811,"LCA":231967199.010973,"LKA":7106460348.66884,"LSO":999498707.573326,"LTU":8529340677.06854,"LUX":990807493.374707,"LVA":7524707959.69827,"MAC":16600225450.9018,"MAR":17138210439.2506,"MDA":2515016645.01264,"MDG":1052810915.82789,"MDV":304506181.012498,"MEX":167075785316.037,"MKD":2891478810.61011,"MLT":704900045.960483,"MMR":7352900705.37492,"MNE":458665566.358864,"MNG":4125992250.74685,"MOZ":2961916696.09886,"MRT":968635710.793157,"MUS":3053007539.14535,"MWI":244599528.364783,"MYS":139730782665.941,"NAM":1745866242.29235,"NGA":44973806131.6587,"NIC":1887214938.20452,"NLD":54816126189.2563,"NOR":51856399587.6548,"NPL":4417738496.0606,"NZL":17582960687.9069,"OMN":14401122657.9676,"PAK":13688479776.3039,"PAN":2466273019.84038,"PER":64155414233.6095,"PHL":83788600500.6134,"PNG":4035177908.45073,"POL":108902203543.974,"PRT":22658232425.8407,"PRY":4994947872.79258,"QAT":33185072530.0802,"ROU":46711176509.7631,"RUS":537816372807.129,"RWA":474526025.973946,"SAU":673739616018.359,"SDN":192632614.669593,"SGP":265910197708.28,"SLB":498913804.248604,"SLE":477987067.655213,"SLV":3176161719.68548,"SMR":384949652.80134,"SOM":23109678.975035,"SRB":14402950144.2862,"SSD":1282090260.28818,"STP":51587491.1367281,"SUR":1008868435.43632,"SVK":2519014757.96747,"SVN":951915167.042351,"SWE":52245310612.4755,"SWZ":740960093.303333,"SYC":308093541.248072,"SYR":20631907296.8694,"TCD":1155659286.59738,"THA":181481264053.903,"TJK":630690451.23968,"TKM":1513006832.36548,"TLS":883551410.78244,"TON":152403989.217978,"TTO":9370784004.2165,"TUN":8717830200.54899,"TUR":119182965975.41,"TZA":4052224337.93442,"UGA":3167158060.13695,"UKR":24552796496.6833,"URY":13604619913.6442,"USA":574268084132.446,"UZB":1242300740.61785,"VCT":111021926.087627,"VEN":29468789162.686,"VNM":25573282232.2766,"VUT":182228490.812076,"WSM":128350848.550635,"YEM":6150781007.79467,"ZAF":50688078405.0297,"ZMB":3042223849.42812,"ZWE":575552811.073803},"yearsByCountry":{"CUB":1960,"IRN":1982,"SOM":1989,"SYR":2010,"TKM":1999,"UZB":1999}}