{"schemaVersion":1,"dataKind":"ranking-year","indicatorId":"FI.RES.TOTL.CD","year":2013,"valuesByCountry":{"ABW":653170670,"AFG":7288702710.90528,"AGO":31500815461.6598,"ALB":2773278107.16847,"ARE":68202650660.2746,"ARG":30533919650.6263,"ARM":2251610255.35403,"ATG":202580586.969295,"AUS":52837027749.6144,"AUT":23316756962.0136,"AZE":15175270232.0001,"BDI":329308184.126303,"BEL":26946175032.3353,"BGD":18087689200.0619,"BGR":19883353048.1463,"BHR":5527718440.19012,"BHS":807408405.007461,"BIH":4984005030.66018,"BLR":6654216939.69032,"BLZ":402752296.213006,"BOL":14429068711.377,"BRA":358816422466.117,"BRB":680957827.153573,"BRN":3575273901.90556,"BTN":991306676.488434,"BWA":7726052443.97927,"CAF":193663724.475369,"CAN":71937085415.7951,"CHE":536235288240.2,"CHL":41093252538.7589,"CHN":3880368265252.92,"CMR":3471999831.39101,"COD":1678465311.80224,"COG":5245011451.13999,"COL":43158795571.8365,"COM":174071467.956822,"CPV":475334069.480303,"CRI":7330880578.95383,"CUB":144018160,"CYP":916261841.409656,"CZE":56217652210.6232,"DEU":198535165663.607,"DJI":424961509.881339,"DMA":87050886.0260665,"DNK":88676584007.3309,"DOM":4700626508.01792,"DZA":201436604411.914,"ECU":4345840333.46757,"EGY":16536236826.4074,"ERI":133338047.506369,"ESP":46335465037.6452,"EST":314406126.749955,"ETH":2363513607.3673,"FIN":11272356806.1603,"FJI":941999998.251962,"FRA":145161108178.662,"FSM":84343095.8002683,"GAB":3003573133.33984,"GBR":118750193779.676,"GEO":2823383516.08606,"GHA":5587739126.3869,"GIN":853882934.802791,"GMB":210553598.677805,"GNQ":4566537481.10375,"GRC":5763071364.05671,"GRD":150571015.878707,"GTM":7269204343.62925,"GUY":783621040.872284,"HKG":311209660700.802,"HND":3008344136.25706,"HRV":17766773440.2298,"HTI":2444136223.79645,"HUN":46508013997.58,"IDN":99386826239.0833,"IND":298092478740.581,"IRL":1635949833.04167,"IRN":7685456407.40761,"IRQ":77747258749.8263,"ISL":4237652258.59372,"ISR":81785518232.8201,"ITA":145724509188.872,"JAM":1818363782.17835,"JOR":13826035948.1698,"JPN":1266851401020.24,"KAZ":24691645318.1413,"KEN":6598881868.91412,"KGZ":2238390587.93532,"KHM":4997891277.02916,"KNA":301952572.319684,"KOR":345694098075.172,"KOS":956742702.963359,"KWT":32410244556.9514,"LAO":1083878167.71889,"LBN":47855927547.6784,"LBR":589723179.795312,"LBY":119714241460.03,"LCA":192222634.629787,"LKA":7500000871.53903,"LSO":1060172209.08261,"LTU":8072525980.62758,"LUX":963140967.448114,"LVA":7895272079.61742,"MAC":16145878199.0284,"MAR":18797794939.8508,"MDA":2820638985.97329,"MDG":776146662.956508,"MDV":368315038.589918,"MEX":180200033349.658,"MKD":2747604655.47163,"MLT":596933291.286176,"MMR":8835555373.11893,"MNE":584205748.261537,"MNG":2247857983.84785,"MOZ":3353349471.52203,"MRT":997902480.460926,"MUS":3490767903.76468,"MWI":428566508.155299,"MYS":134853702251.859,"NAM":1511161812.62397,"NGA":43675023637.5804,"NIC":1992960773.02599,"NLD":46309213046.113,"NOR":58283142155.4752,"NPL":5434181403.11911,"NZL":16317764962.7089,"OMN":15951037291.2884,"PAK":7651260101.72058,"PAN":2847991008.35912,"PER":65766057258.3036,"PHL":83182370907.1603,"PNG":2850601817.14749,"POL":106221491035.509,"PRT":17589253884.7934,"PRY":5872875217.83582,"QAT":42082172537.965,"ROU":48827640845.6875,"RUS":509692074388.888,"RWA":654417583.464105,"SAU":737796355078.29,"SDN":192956941.623251,"SGP":277797711589.929,"SLB":520474136.787696,"SLE":532538016.704371,"SLV":2744899175.7377,"SMR":539285341.235863,"SOM":23109678.975035,"SRB":15431775005.6913,"SSD":947810456.615822,"STP":63787766.5841619,"SUR":778764877.889551,"SVK":2152916324.50638,"SVN":922155291.790942,"SWE":65363359246.0776,"SWZ":762540937.776334,"SYC":425902438.873118,"SYR":20631907296.8694,"TCD":1183031943.77765,"THA":167230223498.308,"TJK":661311872.523758,"TKM":1513006832.36548,"TLS":686998202.842836,"TON":155520937.735289,"TTO":10176864833.5733,"TUN":7550027499.83122,"TUR":131053847400.859,"TZA":4673729809.18131,"UGA":3337539363.36546,"UKR":20413621998.9497,"URY":16280547228.7409,"USA":448508920737.711,"UZB":22501939340.8419,"VCT":135096711.23141,"VEN":20275216409.4457,"VNM":25893489673.0736,"VUT":179199339.275513,"WSM":128930588.626755,"YEM":5344296754.57831,"ZAF":49708174893.5691,"ZMB":2683813403.45786,"ZWE":474968710.14602},"yearsByCountry":{"CUB":1960,"IRN":1982,"SOM":1989,"SYR":2010,"TKM":1999}}