{"schemaVersion":1,"dataKind":"ranking-year","indicatorId":"FI.RES.TOTL.CD","year":2014,"valuesByCountry":{"ABW":680351000,"AFG":7528549879.63682,"AGO":27032344084.4907,"ALB":2665215805.2185,"ARE":78424381665.0826,"ARG":31410813269.5239,"ARM":1489443370.96658,"ATG":297046137.541925,"AUS":53910325023.2377,"AUT":25001493235.2233,"AZE":15603217172.1229,"BDI":317139256.456431,"BEL":25444391272.9201,"BGD":22319788312.4797,"BGR":20129698078.3467,"BHR":6229406002.51976,"BHS":874337064.77897,"BIH":4860208933.35913,"BLR":5067715364.28753,"BLZ":486876774.541703,"BOL":15129277524.0077,"BRA":363570226084.66,"BRB":632258680.138621,"BRN":3648818757.27272,"BTN":1245086666.63096,"BWA":8322771529.48769,"CAF":259571697.529108,"CAN":74699962252.5788,"CHE":545787281753.12,"CHL":40447379051.6686,"CHN":3900039302991.08,"CMR":3168216856.18041,"COD":1556982977.84139,"COG":4926098059.12832,"COL":46809443348.4248,"COM":171159502.43982,"CPV":510930777.488312,"CRI":7211431939.58833,"CUB":144018160,"CYP":893890213.595586,"CZE":54495067818.3816,"DEU":193484758847.919,"DJI":393148391.657683,"DMA":101447737.686139,"DNK":75391887669.079,"DOM":4861785571.88809,"DZA":186350590140.833,"ECU":3941357097.57337,"EGY":14926998051.7397,"ERI":151753160.388457,"ESP":50411846511.544,"EST":436832954.504529,"ETH":3525244981.05226,"FIN":10679250780.1177,"FJI":916228000.745633,"FRA":143977104333.434,"FSM":114124949.546814,"GAB":2478480387.52702,"GBR":124487425221.296,"GEO":2699169280.07028,"GHA":5563709271.19552,"GIN":983969561.325927,"GMB":159330829.415719,"GNQ":2906843390.77255,"GRC":6236284818.73247,"GRD":169949409.726941,"GTM":7330866098.16639,"GUY":667925088.815999,"HKG":328516955803.693,"HND":3458313625.72098,"HRV":15423620715.6123,"HTI":1960922745.72932,"HUN":42019881301.2031,"IDN":111862594561.997,"IND":325081035127.891,"IRL":1749390343.43075,"IRN":7685456407.40761,"IRQ":66281655807.2322,"ISL":4177067541.46937,"ISR":86101256622.4878,"ITA":142756493254.503,"JAM":2473010904.82092,"JOR":16047206176.5456,"JPN":1260680310062.82,"KAZ":29250310667.5371,"KEN":7874414432.36248,"KGZ":1957488936.70541,"KHM":6108231224.38956,"KNA":327252698.805102,"KOR":362834692845.466,"KOS":783153103.764853,"KWT":35175442351.7033,"LAO":1233427355.6935,"LBN":50668863616.6926,"LBR":498992032.99135,"LBY":93615450486.7895,"LCA":257658514.613209,"LKA":8210750127.74159,"LSO":1081271062.14794,"LTU":8729460563.48084,"LUX":863655853.977501,"LVA":3228078824.94263,"MAC":16444386287.6882,"MAR":20272045638.8487,"MDA":2156677861.04442,"MDG":773817323.366608,"MDV":614684246.485376,"MEX":195681624545.922,"MKD":2964236411.99583,"MLT":619373096.554371,"MMR":4509489138.8808,"MNE":662568377.651563,"MNG":1651791011.42218,"MOZ":3221260726.78887,"MRT":635387343.480939,"MUS":3920880590.24131,"MWI":616100759.686287,"MYS":115958875075.857,"NAM":1177201629.8477,"NGA":35070259874.4871,"NIC":2276176780.7117,"NLD":43054391590.6256,"NOR":64800723856.6031,"NPL":6216255070.07087,"NZL":15861069905.1322,"OMN":16324457251.6461,"PAK":14306811155.4783,"PAN":4032196741.33615,"PER":62529703139.4597,"PHL":79629428309.078,"PNG":2329505233.38802,"POL":100452420334.113,"PRT":19700737012.1143,"PRY":6986586468.56047,"QAT":43215459717.5334,"ROU":43186336127.8466,"RUS":386216337149.112,"RWA":945137111.233455,"SAU":744440513643.462,"SDN":181457168.977028,"SGP":261582777243.075,"SLB":495902580.255375,"SLE":600784544.071815,"SLV":2693299223.48455,"SMR":392044349.567832,"SOM":23109678.975035,"SRB":12051956986.1277,"SSD":416808670.07584,"STP":63523954.9791131,"SUR":625144169.129016,"SVK":2620751837.79851,"SVN":1016368870.65301,"SWE":62579168750.6963,"SWZ":690755431.118014,"SYC":465010215.592435,"SYR":20631907296.8694,"TCD":1075906114.58729,"THA":157162740027.006,"TJK":512645031.16602,"TKM":1513006832.36548,"TLS":311471064.613909,"TON":158784814.420293,"TTO":11493196340.5523,"TUN":7498010302.87675,"TUR":127421921235.759,"TZA":4390430240.97061,"UGA":3316363815.29631,"UKR":7538804512.33223,"URY":17554713318.1913,"USA":434416188744.626,"UZB":24195780634.2289,"VCT":157371371.547547,"VEN":21454894042.4243,"VNM":34189368832.6688,"VUT":183998594.875318,"WSM":101674433.293393,"YEM":4357504076.77657,"ZAF":49121568380.4854,"ZMB":3078362296.84348,"ZWE":363832802.383277},"yearsByCountry":{"CUB":1960,"IRN":1982,"SOM":1989,"SYR":2010,"TKM":1999}}