{"schemaVersion":1,"dataKind":"ranking-year","indicatorId":"FI.RES.TOTL.CD","year":2015,"valuesByCountry":{"ABW":815800560,"AFG":6976966153.82053,"AGO":23790543425.2351,"ALB":3138517990.165,"ARE":93929134196.4175,"ARG":25520565580.4894,"ARM":1775293493.7543,"ATG":355728253.383607,"AUS":45406035070.596,"AUT":22239731667.6359,"AZE":7070555994.33956,"BDI":136134382.176262,"BEL":24101851039.0629,"BGD":27493077971.9949,"BGR":22153050488.9051,"BHR":3546207932.1998,"BHS":895475136.251959,"BIH":4790984890.64006,"BLR":4172797260.41231,"BLZ":437151657.938584,"BOL":13049620686.0687,"BRA":356464980327.488,"BRB":553604323.881265,"BRN":3366322585.18654,"BTN":1103179128.57933,"BWA":7546144960.24367,"CAF":213800567.288047,"CAN":79753521149.8993,"CHE":602402585638.351,"CHL":38641176606.0314,"CHN":3405253363888.13,"CMR":3536255065.98644,"COD":1215934551.45167,"COG":2221497219.19563,"COL":46222893468.5249,"COM":200562427.653927,"CPV":494495560.716106,"CRI":7833931554.67419,"CYP":807868870.831618,"CZE":64490290734.1552,"DEU":173730930555.424,"DJI":364857284.064062,"DMA":126225919.300594,"DNK":65185093406.2788,"DOM":5266043354.25313,"DZA":150595236894.627,"ECU":2487276599.56404,"EGY":15858887325.7755,"ERI":145070693.229695,"ESP":53973842235.8776,"EST":414798362.438981,"ETH":3835287576.46953,"FIN":10016275637.3124,"FJI":918959350.36862,"FRA":138198984338.294,"FSM":135114898.29569,"GAB":1863120980.87031,"GBR":148109299505.898,"GEO":2520721328.46961,"GHA":5742645886.29529,"GIN":654264223.613139,"GMB":111040203.229818,"GNQ":1205154515.65311,"GRC":6027606781.10376,"GRD":197973503.320903,"GTM":7745916506.07283,"GUY":531887027.917001,"HKG":358772789814.908,"HND":3754265677.88215,"HRV":14966894623.4156,"HTI":1902499197.97709,"HUN":33124288325.6273,"IDN":105928847088.719,"IND":353319061013.224,"IRL":2203153449.1223,"IRQ":53992019678.9023,"ISL":5040573412.30604,"ISR":90575018408.045,"ITA":130592432979.515,"JAM":2913835195.89151,"JOR":16571894982.6299,"JPN":1233097790281.8,"KAZ":27854795818.7629,"KEN":7514864907.05536,"KGZ":1777941002.20899,"KHM":7375682885.24626,"KNA":288394872.297999,"KOR":366707257929.029,"KOS":770550134.507563,"KWT":30960893267.6336,"LAO":1068907282.66709,"LBN":48531390536.9734,"LBR":560742588.406987,"LBY":77649594284.0862,"LCA":317540361.620252,"LKA":7302096590.22385,"LSO":997431660.022089,"LTU":1697150153.84852,"LUX":770747330.38965,"LVA":3445996161.48029,"MAC":18890787008.0417,"MAR":22749566243.6606,"MDA":1756772270.0972,"MDG":832008813.363757,"MDV":563873734.60286,"MEX":177596632552.624,"MKD":2470701359.60007,"MLT":571697422.679453,"MMR":4598610942.14029,"MNE":681847411.617033,"MNG":1322495172.72512,"MOZ":2581229792.39729,"MRT":822269358.346095,"MUS":4259691508.3633,"MWI":681580478.271052,"MYS":95282342267.7486,"NAM":1688180787.14781,"NGA":29011450144.31,"NIC":2492262791.93881,"NLD":38213751383.3571,"NOR":57455936481.5608,"NPL":8145463907.87798,"NZL":14699798262.9867,"OMN":17543980312.7005,"PAK":20027864211.2597,"PAN":3378098353.89896,"PER":61594854517.8208,"PHL":80640411491.447,"PNG":1758569679.62188,"POL":94902630299.2186,"PRT":19402623792.0829,"PRY":5938523046.9591,"QAT":37257529105.0352,"ROU":38700983240.8315,"RUS":368042950258.841,"RWA":917982055.127134,"SAU":626989686477.742,"SDN":173516490.886743,"SGP":251875782494.842,"SLB":519562129.906361,"SLE":579013520.60832,"SLV":2786587496.10091,"SMR":378976113.953944,"SRB":11344953319.4664,"SSD":229880518.366327,"STP":72864704.9867351,"SUR":330244649.262198,"SVK":2892029439.91285,"SVN":856213889.025238,"SWE":58098544752.6552,"SWZ":547997264.064542,"SYC":536145674.407411,"TCD":368916823.816674,"THA":156459956382.606,"TJK":493391433.036105,"TLS":437752180.980057,"TON":156107668.817026,"TTO":9927294618.75719,"TUN":7559201960.29189,"TUR":110489628113.015,"TZA":4080762377.72074,"UGA":2908876773.27382,"UKR":13300880765.1311,"URY":15633854333.4106,"USA":383728497570.133,"UZB":24287333269.6036,"VCT":166009602.198323,"VEN":15625329211.5224,"VNM":28250254960.181,"VUT":269167136.176373,"WSM":112244940.954545,"YEM":1442757093.53636,"ZAF":45887065756.7249,"ZMB":2967626716.43206,"ZWE":434586085.852928}}