{"schemaVersion":1,"dataKind":"ranking-year","indicatorId":"FI.RES.TOTL.CD","year":2016,"valuesByCountry":{"ABW":922550890,"AFG":7281910524.1067,"AGO":23672191989.4346,"ALB":3108607051.81759,"ARE":85390832746.3077,"ARG":38414518491.6131,"ARM":2204113991.25511,"ATG":330090979.265026,"AUS":52480791522.7772,"AUT":23255493380.5846,"AZE":6698545432.89916,"BDI":95158477.530626,"BEL":23480922147.4559,"BGD":32283838538.9037,"BGR":25176065815.9196,"BHR":2611989314.00793,"BHS":1001933945.18352,"BIH":5136418168.10228,"BLR":4907608003.26984,"BLZ":376735092.705476,"BOL":10053627485.0797,"BRA":364984039092.456,"BRB":431758241.990471,"BRN":3487053368.54429,"BTN":1127277331.66277,"BWA":7188821774.82295,"CAF":239797985.500412,"CAN":82718110857.6298,"CHE":678909680869.54,"CHL":40493293729.5296,"CHN":3097658421378.4,"CMR":2225708778.07818,"COD":708160749.155332,"COG":714352000.79598,"COL":46173772892.6654,"COM":159412124.098012,"CPV":572736752.547996,"CRI":7573806767.99203,"CUB":144018160,"CYP":812488586.049062,"CZE":85725304288.2449,"DEU":184031339953.396,"DJI":407414266.733581,"DMA":221907763.515911,"DNK":64215805619.9462,"DOM":6134227406.75062,"DZA":120788088861.402,"ECU":4215553160.05677,"EGY":23642691705.9677,"ERI":145371150.939987,"ESP":63039926528.9472,"EST":352140743.414626,"ETH":3030943950.63995,"FIN":10465361380.0017,"FJI":908823039.760341,"FRA":145866068770.183,"FSM":156984836.357184,"GAB":789346604.519222,"GBR":134931850848.279,"GEO":2756383662.9152,"GHA":5866729596.16504,"GIN":840496671.437212,"GMB":87635582.4178872,"GNQ":62307444.1358488,"GRC":6851247713.21209,"GRD":207689282.825893,"GTM":9152627961.3824,"GUY":580981472.737257,"HKG":386293451174.891,"HND":3813545536.14649,"HRV":14244345198.2049,"HTI":2081778585.31217,"HUN":25824253667.337,"IDN":116369601851.059,"IND":361694321972.036,"IRL":3589332627.17956,"IRN":7685456407.40761,"IRQ":45298562240.8151,"ISL":7225621330.32653,"ISR":95446290281.5568,"ITA":135133283786.776,"JAM":3291468022.15921,"JOR":15543454210.4578,"JPN":1216518779919.68,"KAZ":29603056785.2248,"KEN":7553884912.6237,"KGZ":1967811282.96594,"KHM":9113957299.04389,"KNA":320542568.31894,"KOR":370154204332.626,"KOS":637797614.527441,"KWT":33936274928.4313,"LAO":916030473.782855,"LBN":53905512885.564,"LBR":586024559.973529,"LBY":70191441968.8814,"LCA":305519500.768958,"LKA":6008199165.17799,"LSO":925195318.767947,"LTU":2599864854.6003,"LUX":973176553.118615,"LVA":3511946854.90789,"MAC":19491696000,"MAR":25096263443.799,"MDA":2205927462.61469,"MDG":1183690792.01019,"MDV":467323386.048191,"MEX":177973637254.61,"MKD":2751929520.8021,"MLT":677039187.752482,"MMR":4886384703.75254,"MNE":793654021.992476,"MNG":1304052963.0909,"MOZ":2046671563.87338,"MRT":848467104.487379,"MUS":4962069842.12085,"MWI":610774217.598916,"MYS":94481267074.1533,"NAM":1833673822.03675,"NGA":28020197619.3379,"NIC":2447771381.81086,"NLD":35905772878.2734,"NOR":60445172369.6599,"NPL":8734510298.83136,"NZL":17808384489.6379,"OMN":20262241805.121,"PAK":22027605269.5237,"PAN":3846753359.06372,"PER":61801163825.775,"PHL":80666223156.9831,"PNG":1656817794.83772,"POL":114328539232.702,"PRT":24989773864.5767,"PRY":6880868043.64371,"QAT":31887349772.9792,"ROU":39953479392.8854,"RUS":377052204307.945,"RWA":1013798070.46449,"SAU":547266635919.121,"SDN":168284353.053784,"SGP":251058293461.882,"SLB":513960963.295802,"SLE":497242646.676568,"SLV":3238334348.81609,"SMR":450983493.470616,"SOM":23109678.975035,"SRB":10748918412.8601,"SSD":68159818.6400242,"STP":63203006.4164723,"SUR":381050648.917497,"SVK":2879889589.86374,"SVN":742060176.083082,"SWE":59361642625.4786,"SWZ":564314115.627588,"SYC":523503786.87859,"SYR":20631907296.8694,"TCD":8184292.08845216,"THA":171772074486.519,"TJK":644763434.415511,"TKM":1513006832.36548,"TLS":280953720.723143,"TON":176497315.495875,"TTO":9464961137.25085,"TUN":6137077790.03259,"TUR":104810530764.478,"TZA":4350687047.93764,"UGA":3097848069.80846,"UKR":15537256304.3675,"URY":13471669447.4569,"USA":405942428719.749,"UZB":26284410686.6739,"VCT":192255789.768022,"VEN":10150000483.5116,"VNM":36527291044.3307,"VUT":267345975.934803,"WSM":88868313.1645828,"YEM":877442199.453389,"ZAF":47180127300.8565,"ZMB":2352719004.10271,"ZWE":407193244.098736},"yearsByCountry":{"CUB":1960,"IRN":1982,"SOM":1989,"SYR":2010,"TKM":1999}}