{"schemaVersion":1,"dataKind":"ranking-year","indicatorId":"FI.RES.TOTL.CD","year":2017,"valuesByCountry":{"ABW":907111452.513966,"AFG":8097280955.90196,"AGO":17455327770.6619,"ALB":3588583656.82779,"ARE":95377648625.516,"ARG":55314409205.2188,"ARM":2314113951.27386,"ATG":313645370.808951,"AUS":65653718118.1817,"AUT":21565331649.262,"AZE":7026285830.44112,"BDI":97402580.4255521,"BEL":26151437584.4711,"BGD":33431482893.1712,"BGR":28375830876.2925,"BHR":2823123079.34136,"BHS":1413972940.8557,"BIH":6473729518.60967,"BLR":7315236708.51959,"BLZ":312140148.194318,"BOL":10245969449.673,"BRA":373955518686.487,"BRB":265841633.120924,"BRN":3488124299.73021,"BTN":1206238190.85106,"BWA":7490512373.36877,"CAF":362717270.49893,"CAN":86677706696.7064,"CHE":811030675725.884,"CHL":38981539753.7984,"CHN":3235681607213.04,"CMR":3196791410.74603,"COD":695398161.997956,"COG":379984138.830498,"COL":47131104746.7563,"COM":207879895.509357,"CPV":617362329.826462,"CRI":7149834513.74318,"CUB":144018160,"CYP":887692448.704109,"CZE":147976372277.251,"DEU":199983070123.869,"DJI":556097628.852464,"DMA":212292574.606832,"DNK":75244445865.8039,"DOM":6872905749.30284,"DZA":104852543743.411,"ECU":2169697856.6482,"EGY":36400242555.8255,"ERI":143412422.685211,"ESP":69400198866.0331,"EST":345036507.941262,"ETH":3045571314.7978,"FIN":10506846391.9314,"FJI":1116363704.4475,"FRA":156322431109.247,"FSM":203718873.504125,"GAB":965054219.212038,"GBR":150857673778.943,"GEO":3038762324.25157,"GHA":7015187159.64987,"GIN":980319295.402435,"GMB":169969976.48625,"GNQ":45502925.1067976,"GRC":7803722132.38225,"GRD":199125887.285472,"GTM":11765104230.8297,"GUY":565363504.401139,"HKG":431441967070.678,"HND":4708097401.41206,"HRV":18818215998.8714,"HTI":2316457386.78663,"HUN":28002680652.4484,"IDN":130215330382.957,"IND":412613792019.924,"IRL":4412516406.9231,"IRN":7685456407.40761,"IRQ":49315419400.3988,"ISL":6566175919.51031,"ISR":113009532488.062,"ITA":151120440050.073,"JAM":3781167558.10295,"JOR":15571115321.1352,"JPN":1264140980383.63,"KAZ":30746770568.3835,"KEN":7325420063.33911,"KGZ":2177013757.29635,"KHM":12201741896.4868,"KNA":365098328.465168,"KOR":388804901513.924,"KOS":819582674.409873,"KWT":36889754716.8625,"LAO":1125475868.42048,"LBN":55411532096.3304,"LBR":585997776.606726,"LBY":79417877682.1686,"LCA":321767417.204396,"LKA":7959047614.93675,"LSO":657668309.28208,"LTU":4449678813.3316,"LUX":878080634.297167,"LVA":4613455660.77037,"MAC":20169663000,"MAR":26189585939.2967,"MDA":2803268841.80309,"MDG":1600175022.31326,"MDV":587346816.807916,"MEX":175469669183.544,"MKD":2801853318.34827,"MLT":832991850.76218,"MMR":5213962530.80223,"MNE":1015962460.25023,"MNG":3016698322.0815,"MOZ":3361224769.14469,"MRT":873822720.854328,"MUS":5984338261.63058,"MWI":768401046.225973,"MYS":102446599680.702,"NAM":2432221196.06343,"NGA":40499220796.3652,"NIC":2757785586.66498,"NLD":38421990800.0802,"NOR":65923863904.4306,"NPL":9435255966.98232,"NZL":20683740690.7906,"OMN":16088803822.7708,"PAK":18455861310.286,"PAN":2703336161.52673,"PER":63819289822.9382,"PHL":81413504334.4498,"PNG":1735798651.35536,"POL":113267368075.15,"PRT":26096701287.2382,"PRY":7877536165.92124,"QAT":15007730964.8132,"ROU":44429296937.0156,"RUS":432730507964.11,"RWA":1179023818.21496,"SAU":509457096430.156,"SDN":177933851.813136,"SGP":285000274600.258,"SLB":574230569.143112,"SLE":549121050.851389,"SLV":3567268275.79971,"SMR":359153967.380821,"SOM":23109678.975035,"SRB":11906315333.2437,"SSD":33820210.9558201,"STP":58950229.500284,"SUR":424603963.080103,"SVK":3620878540.50759,"SVN":889788337.683432,"SWE":62191481193.5854,"SWZ":563119751.253452,"SYC":545203276.387118,"SYR":20631907296.8694,"TCD":8575237.41520016,"THA":202538295197.399,"TJK":1291955730.80213,"TKM":1513006832.36548,"TLS":544434360.995242,"TON":198522418.422513,"TTO":8369757249.16876,"TUN":6143986079.65126,"TUR":107657025384.516,"TZA":5887869884.67437,"UGA":3720863721.20488,"UKR":18810931196.5576,"URY":15959345500.7884,"USA":451285263406.24,"UZB":28070940955.3947,"VCT":182046079.244525,"VEN":9794062064.62109,"VNM":49075567812.4586,"VUT":395101633.946324,"WSM":123656063.041719,"YEM":920558927.722887,"ZAF":50722891363.2361,"ZMB":2082083919.53427,"ZWE":292621249.111637},"yearsByCountry":{"CUB":1960,"IRN":1982,"SOM":1989,"SYR":2010,"TKM":1999}}