{"schemaVersion":1,"dataKind":"ranking-year","indicatorId":"FI.RES.TOTL.CD","year":2018,"valuesByCountry":{"ABW":980247680,"AFG":8206682106.31945,"AGO":15410405365.4699,"ALB":3893560031.0668,"ARE":99503335478.7452,"ARG":66221501691.4418,"ARM":2259321868.53196,"ATG":328659747.502548,"AUS":53909533420.3006,"AUT":23190665221.0656,"AZE":6696420864.42018,"BDI":68126200.7714545,"BEL":26856799008.9528,"BGD":32028383716.5949,"BGR":28711039864.6648,"BHR":2334278370.00966,"BHS":1345344674.14448,"BIH":6808433501.27295,"BLR":7157559690.48716,"BLZ":294468435.057293,"BOL":8929614182.53613,"BRA":374709673447.827,"BRB":533906813.039013,"BRN":3407126454.77294,"BTN":987247035.583982,"BWA":6656913637.84624,"CAF":361797180.317651,"CAN":83925602808.0081,"CHE":787021335043.724,"CHL":39858824174.8114,"CHN":3168216331199.08,"CMR":3459329760.96425,"COD":665272094.992907,"COG":423617388.256643,"COL":47887623364.3511,"COM":199213183.261238,"CPV":606003781.270022,"CRI":7500924411.18613,"CYM":162073506,"CYP":924201541.467493,"CZE":142511752519.564,"DEU":198027061675.403,"DJI":454193909.718601,"DMA":191323608.30539,"DNK":70942078373.7473,"DOM":7717561574.1843,"DZA":87382910154.0941,"ECU":2158694032.41429,"EGY":41839242990.7097,"ERI":163033689.39269,"ESP":70633189427.7056,"EST":755005588.304242,"ETH":3987464165.90058,"FIN":10309164187.4717,"FJI":947653331.857671,"FRA":166483400196.79,"FSM":203528219.216567,"GAB":1321051088.57443,"GBR":172657749536.315,"GEO":3289463516.7195,"GHA":6294851564.02725,"GIN":1242328572.91057,"GMB":191773260.9803,"GNQ":48929813.6121629,"GRC":7578500698.89502,"GRD":233815853.807382,"GTM":12583121641.7733,"GUY":518509369.454311,"HKG":424619925347.188,"HND":4769082161.53781,"HRV":19991304927.8836,"HTI":2273981843.67693,"HUN":31366581856.0416,"IDN":120660974090.95,"IND":399167159226.682,"IRL":5222681912.93714,"IRQ":64719421423.3098,"ISL":6321213331.79507,"ISR":115265900520.851,"ITA":152361936421.553,"JAM":3532039680.05605,"JOR":14580237971.8722,"JPN":1270467038786.78,"KAZ":30976612438.5176,"KEN":8164380806.22987,"KGZ":2156976620.3674,"KHM":14630894025.9984,"KNA":363216830.554272,"KOR":403082233385.987,"KOS":881167306.173397,"KWT":40282453060.4129,"LAO":980441052.937056,"LBN":52380608542.3956,"LBR":332150947.81251,"LBY":85335649782.1665,"LCA":285824309.747523,"LKA":6920825566.09992,"LSO":728527649.979486,"LTU":5770956096.50459,"LUX":938890223.596831,"LVA":4370730735.82853,"MAC":20281241000,"MAR":24461023093.2087,"MDA":2995238116.31008,"MDG":1739588290.28962,"MDV":712157733.781107,"MEX":176390278595.584,"MKD":3284003546.93106,"MLT":1024613729.12179,"MMR":5646407387.45813,"MNE":1202486372.13988,"MNG":3549666961.87949,"MOZ":3105757331.8387,"MRT":934291833.830821,"MUS":6353096296.20215,"MWI":766154761.931253,"MYS":101452531755.37,"NAM":2149813974.088,"NGA":42838869124.791,"NIC":2261143360.12993,"NLD":38431677254.824,"NOR":63145471060.2408,"NPL":8335473017.41812,"NZL":17656593019.6171,"OMN":17388370607.2955,"PAK":11837177725.8521,"PAN":2121303718.10741,"PER":60333192028.0169,"PHL":79195598849.54,"PNG":2213546838.5573,"POL":116956636327.589,"PRT":24920338987.3177,"PRY":7697884446.2912,"QAT":30358280804.0766,"ROU":42129061937.9341,"RUS":468645216082.719,"RWA":1354679758.16221,"SAU":509468527336.473,"SGP":292715632357.011,"SLB":617115407.092056,"SLE":501210759.592547,"SLV":3568810597.97393,"SMR":338919975.008338,"SRB":12874374086.5037,"SSD":36396368.1998606,"STP":43683545.117539,"SUR":580780344.590911,"SVK":5229297354.833,"SVN":933092542.00726,"SWE":60566144400.5195,"SWZ":440685903.013845,"SYC":549521831.728019,"TCD":147750165.909777,"THA":205640628937.522,"TJK":1284070863.38126,"TLS":673903564.681158,"TON":215149318.603045,"TTO":7575050348.59938,"TUN":5661370258.89029,"TUR":92997230040.5605,"TZA":5049646420.4773,"UGA":3233114649.90299,"UKR":20817897004.1028,"URY":15556520867.2273,"USA":449907088828.546,"UZB":27077105981.1617,"VCT":169562298.93521,"VNM":55452622582.5609,"VUT":431976166.443576,"WSM":162559147.904381,"YEM":2983208349.3994,"ZAF":51642041966.6735,"ZMB":1569229906.13102,"ZWE":86951094.0294849}}