{"schemaVersion":1,"dataKind":"ranking-year","indicatorId":"FI.RES.TOTL.CD","year":2019,"valuesByCountry":{"ABW":982300000,"AFG":8497655795.34729,"AGO":16334853784.0603,"ALB":3763661058.67743,"ARE":108359358451.76,"ARG":44880566052.3702,"ARM":2849645182.4783,"ATG":279133212.713698,"AUS":57994685703.4779,"AUT":23616397437.8114,"AZE":7069418581.86676,"BDI":111373704.053543,"BEL":28969986952.2764,"BGD":32696936140.2925,"BGR":27901750798.6159,"BHR":3902650742.43905,"BHS":1757782753.50027,"BIH":7207699940.37336,"BLR":9393817368.90426,"BLZ":277578761.136721,"BOL":6455449941.67879,"BRA":356886386911.978,"BRB":772118649.502051,"BRN":4272696957.80614,"BTN":1238371618.29551,"BWA":6170221067.31237,"CAF":350305401.821499,"CAN":85297110783.6887,"CHE":854928999231.113,"CHL":40655524238.3282,"CHN":3222894578036.36,"CMR":3720172167.11585,"COD":1194373484.64689,"COG":988316008.036768,"COL":52652707434.7901,"COM":202031707.232998,"CPV":737990665.417386,"CRI":8937069411.20633,"CUB":144018160,"CYM":183500000,"CYP":1033463563.89138,"CZE":149855634729.53,"DEU":224027961016.415,"DJI":501857934.384135,"DMA":155172395.26019,"DNK":66835547933.6663,"DOM":8870942286.35981,"DZA":71795950714.9484,"ECU":2939049266.08468,"EGY":44568837112.0669,"ERI":191694416.403147,"ESP":74731427284.1399,"EST":1426439025.48627,"ETH":2992704274.8405,"FIN":11426621292.5879,"FJI":1043304264.01736,"FRA":189006435295.488,"FSM":397158244.634291,"GAB":1371973832.67956,"GBR":173569199262.767,"GEO":3505823162.30974,"GHA":7563210340.92838,"GIN":1379136556.90392,"GMB":256957421.665427,"GNQ":40816834.5967152,"GRC":8507452886.82209,"GRD":236325345.085472,"GTM":14784046764.6684,"GUY":573446281.433525,"HKG":441349592235.762,"HND":5744253369.31693,"HRV":20770636599.6909,"HTI":2355488437.86306,"HUN":31831003374.707,"IDN":129186464020.188,"IND":463469902152.507,"IRL":5732541811.18075,"IRN":7685456407.40761,"IRQ":68017647833.6447,"ISL":6782387111.82889,"ISR":126007828810.341,"ITA":175397954131.108,"JAM":3631089258.40452,"JOR":15400591352.5233,"JPN":1322443255598.64,"KAZ":28957509931.0023,"KEN":9115806005.21186,"KGZ":2428567693.63364,"KHM":18771430900.2127,"KNA":362798006.089721,"KOR":408819161841.749,"KOS":965831893.179934,"KWT":43668410965.0783,"LAO":1110905148.66408,"LBN":52213484574.221,"LBR":297070852.933414,"LBY":84663589516.8684,"LCA":260870367.109565,"LKA":7648305273.42442,"LSO":774095190.47731,"LTU":5085045225.2078,"LUX":1054874472.69212,"LVA":4479621403.97313,"MAC":22214954000,"MAR":26412762236.8499,"MDA":3059660617.37019,"MDG":1693147648.47775,"MDV":753496279.806938,"MEX":183056094117.556,"MKD":3650514750.41521,"MLT":937615561.122227,"MMR":5824261144.05248,"MNE":1529177036.35033,"MNG":4363699115.81581,"MOZ":3889883054.9102,"MRT":1028702420.51919,"MUS":7362471785.78251,"MWI":846839844.266183,"MYS":103629721168.985,"NAM":2049134995.15919,"NGA":39382191478.7729,"NIC":2397444668.92872,"NLD":43320049622.8042,"NOR":66946037549.8517,"NPL":8713166195.10835,"NZL":17813501891.014,"OMN":16661756725.189,"PAK":16586046186.2171,"PAN":3423477098.41293,"PER":68440494635.2458,"PHL":89515298355.7402,"PNG":2308231641.55446,"POL":128392157887.295,"PRT":25002862227.513,"PRY":7717366750.62534,"QAT":39718464943.2827,"ROU":42006529633.5014,"RUS":555179461638.925,"RWA":1464534537.8348,"SAU":514962537825.302,"SDN":177933851.813136,"SGP":285477830549.322,"SLB":571632111.089413,"SLE":530137881.482077,"SLV":4445830632.52269,"SMR":473069834.537933,"SOM":23109678.975035,"SRB":14994710381.1554,"SSD":378281747.007865,"STP":47148376.7357912,"SUR":647934729.692427,"SVK":7168770088.19532,"SVN":1015426218.95745,"SWE":55509629819.8897,"SWZ":440314152.603377,"SYC":580545515.11504,"SYR":20631907296.8694,"TCD":310032032.850238,"THA":224355506654.641,"TJK":1466304531.22901,"TKM":1513006832.36548,"TLS":656221032.73923,"TON":218448401.776129,"TTO":6928951713.59145,"TUN":7919981404.82365,"TUR":105619672447.934,"TZA":5049646420.4773,"UGA":3246999026.90564,"UKR":25317002926.8886,"URY":14504021740.9161,"USA":516700583371.247,"UZB":29291325502.0694,"VCT":193357067.381966,"VEN":9794062064.62109,"VNM":78334835182.609,"VUT":511546284.1172,"WSM":177244065.937656,"YEM":1653643445.98599,"ZAF":55055893656.867,"ZMB":1448624290.19899,"ZWE":151240506.889991},"yearsByCountry":{"CUB":1960,"IRN":1982,"SDN":2017,"SOM":1989,"SYR":2010,"TKM":1999,"TZA":2018,"VEN":2017}}