{"schemaVersion":1,"dataKind":"ranking-year","indicatorId":"FI.RES.TOTL.CD","year":2020,"valuesByCountry":{"ABW":1212578720,"AFG":9748946326.71795,"AGO":13781988139.5961,"ALB":4817386149.20461,"ARE":106701571777.291,"ARG":39403734630.1228,"ARM":2615530571.20173,"ATG":221808945.85044,"AUS":42544629264.9892,"AUT":30439562425.1269,"AZE":7775084753.01305,"BDI":90319165.5391624,"BEL":33296227564.6939,"BGD":43171735335.8,"BGR":37860001348.6184,"BHR":2523073657.45374,"BHS":2382077961.01193,"BIH":8707117939.31001,"BLR":7468343228.01747,"BLZ":348090076.019869,"BOL":5247234668.79634,"BRA":355614251456.139,"BRB":1358013876.0884,"BRN":3997356505.31302,"BTN":1426914817.73783,"BWA":4940893802.78156,"CAF":432524260.923721,"CAN":90428136419.3485,"CHE":1083404341999.88,"CHL":39166118109.4101,"CHN":3357240875433.71,"CMR":3961753887.4114,"COD":747655324.338113,"COG":1140500574.79267,"COL":58499477956.7248,"COM":294339897.889329,"CPV":735084797.415375,"CRI":7231533677.41304,"CYM":216800000,"CYP":1237326347.35602,"CZE":166125554207.071,"DEU":268408603348.678,"DJI":686339280.942119,"DMA":165824163.308941,"DNK":72823350926.5648,"DOM":10844812012.4981,"DZA":59434389109.5108,"ECU":7136589071.47074,"EGY":38972812936.6707,"ESP":81287702460.7526,"EST":1996892748.8784,"ETH":3046114358.80765,"FIN":13479975777.3892,"FJI":1081812964.94674,"FRA":224236417867.711,"FSM":451912609.039125,"GAB":1386494674.6587,"GBR":180054101389.553,"GEO":3913274194.81288,"GHA":7884091538.70727,"GIN":1499116032.51595,"GMB":387046403.563775,"GNQ":60833004.0225613,"GRC":11931180004.6485,"GRD":293320432.166449,"GTM":18463562201.5352,"GUY":680634183.680422,"HKG":491775722027.416,"HND":8138457727.65673,"HRV":23253815166.0319,"HTI":2590258526.98275,"HUN":41349416012.5512,"IDN":135915917616.263,"IND":590227359928.896,"IRL":7463044894.51104,"IRQ":54424472658.0154,"ISL":6419314385.06349,"ISR":173292120893.254,"ITA":210687330553.17,"JAM":3938028780.65402,"JOR":16961505361.5263,"JPN":1390808939303.36,"KAZ":35638096635.119,"KEN":8297263558.90541,"KGZ":2811615193.09799,"KHM":21328475092.6612,"KNA":373502419.388162,"KOR":443462937570.176,"KOS":1095367616.61861,"KWT":52918606999.3546,"LAO":1894600080.96868,"LBN":42440403086.5713,"LBR":340965880.534905,"LBY":79656428064.8913,"LCA":231361279.00078,"LKA":5663994385.32784,"LSO":730280379.220373,"LTU":4846519049.92043,"LUX":1119076142.01965,"LVA":5289640347.50005,"MAC":25144935000,"MAR":35997639773.4544,"MDA":3783579237.84116,"MDG":1980766598.34546,"MDV":984930745.339245,"MEX":199069188921.046,"MKD":4126254083.78,"MLT":930464309.381045,"MMR":7670070785.09329,"MNE":2134820419.92713,"MNG":4545276809.36506,"MOZ":4075392951.36618,"MRT":1493184646.02741,"MUS":7291065336.38291,"MWI":594498493.623211,"MYS":107643865229.363,"NAM":2171055563.07623,"NGA":38028751517.615,"NIC":3211903361.95717,"NLD":53971404675.3332,"NOR":75258813465.0281,"NPL":11467799301.6084,"NZL":13733288688.8516,"OMN":15007356725.394,"PAK":18521734363.9531,"PAN":9613847648.57363,"PER":74961659711.1288,"PHL":109990274218.874,"PNG":2686185780.88876,"POL":154219192491.435,"PRT":29459811842.7908,"PRY":9202411639.30502,"QAT":40972506521.4797,"ROU":52190562712.0396,"RUS":596769862769.564,"RWA":1719664098.77361,"SAU":472850970844.846,"SGP":369834181899.806,"SLB":660995997.34991,"SLE":707703898.12545,"SLV":3082859548.1397,"SMR":781674169.94328,"SRB":16586724160.6969,"SSD":183614816.68196,"STP":75287733.6769769,"SUR":584929135.567322,"SVK":9343714002.21729,"SVN":1311110695.57558,"SWE":58260344659.2008,"SWZ":545564174.123745,"SYC":559681941.832234,"TCD":390675163.109219,"THA":258104429788.605,"TJK":2238305810.05378,"TLS":667685724.209921,"TON":298947629.788317,"TTO":6953756951.24419,"TUN":9810630874.82627,"TUR":93584577917.0715,"UGA":3912651478.07551,"UKR":29137541200.0461,"URY":16250371651.3164,"USA":628369715338.322,"UZB":34903111839.0572,"VCT":205195146.794269,"VNM":94833616150.4504,"VUT":613636752.088083,"WSM":277056415.241412,"YEM":969612981.567713,"ZAF":55008491995.5568,"ZMB":1203448374.22209,"ZWE":33405021.0134395}}