{"schemaVersion":1,"dataKind":"ranking-year","indicatorId":"FI.RES.TOTL.CD","year":2021,"valuesByCountry":{"ABW":1512960280,"AGO":14468113825.809,"ALB":5634561133.54084,"ARE":131116705892.304,"ARG":39653498610.7828,"ARM":3229848044.69344,"ATG":367511735.686638,"AUS":57877502314.3513,"AUT":33957000220.5267,"AZE":8290112834.95498,"BDI":266164087.470182,"BEL":42216681553.4969,"BGD":46165532457.1555,"BGR":39187742752.2235,"BHR":4993195962.86457,"BHS":2432716261.37974,"BIH":9475044026.14547,"BLR":8424740406.10704,"BLZ":420102782.499484,"BOL":4730168839.86019,"BRA":362210079181.317,"BRB":1672884485.22112,"BRN":4982141345.76779,"BTN":1049605755.17505,"BWA":4801608912.27108,"CAF":483872115.778418,"CAN":106615119570.1,"CHE":1109821661884.4,"CHL":51252167799.6881,"CHN":3427931394628.85,"CMR":4299788713.29081,"COD":3467115960.59407,"COG":828560334.612028,"COL":58018679406.6872,"COM":329671751.96892,"CPV":769650450.739641,"CRI":6921168830.74903,"CYM":228300000,"CYP":1611044560.40988,"CZE":173617578519.974,"DEU":295736219413.597,"DJI":588417559.788355,"DMA":190843317.142588,"DNK":82235844735.9223,"DOM":13124643488.9252,"DZA":56211005199.3665,"ECU":7912190379.51527,"EGY":39824388217.3615,"ESP":92201269194.6399,"EST":2371477144.82894,"ETH":1644005887.02272,"FIN":16744106303.3566,"FJI":1517816546.24939,"FRA":244280333397.895,"FSM":497434120.418255,"GAB":1304391855.46928,"GBR":194181397315.03,"GEO":4270945063.01792,"GHA":9916916899.67781,"GIN":2183067127.24737,"GMB":652670952.247777,"GNQ":44271185.5880532,"GRC":14447242598.1807,"GRD":348259248.620045,"GTM":20934881434.6135,"GUY":790784502.119024,"HKG":496867134129.408,"HND":8666862380.88312,"HRV":28308830585.9313,"HTI":2457439221.85644,"HUN":43483375179.1178,"IDN":144907809744.209,"IND":638484779930.836,"IRL":13246996093.19,"IRQ":64231022302.7097,"ISL":7078849095.85852,"ISR":212933655186.265,"ITA":227478327159.257,"JAM":4837564537.17809,"JOR":19089364753.8241,"JPN":1405748991418.92,"KAZ":34377998805.6455,"KEN":9490896580.9297,"KGZ":2982533267.78709,"KHM":20269721097.822,"KNA":337532614.294912,"KOR":463281305723.059,"KOS":1244319385.1658,"KWT":49525016980.8271,"LAO":1950518267.75273,"LBN":35239219335.7146,"LBR":700828780.06308,"LBY":82262074686.351,"LCA":433117473.472593,"LKA":3136991506.34787,"LSO":798207194.327049,"LTU":5579844284.24645,"LUX":2920761393.10535,"LVA":5491144972.57496,"MAC":26664872000,"MAR":35648269520.1527,"MDA":3901933744.98529,"MDG":2334564597.58187,"MDV":805808189.424559,"MEX":207799490381.042,"MKD":4129287737.28112,"MLT":1149326794.25072,"MMR":9103432838.71698,"MNE":1981678244.50269,"MNG":4380126028.64883,"MOZ":3780829521.5612,"MRT":2038562789.40175,"MUS":8562656039.81864,"MYS":116915867599.997,"NAM":2763919782.17434,"NGA":41727503547.2316,"NIC":4046556203.71439,"NLD":64469433091.3701,"NOR":84270941751.0846,"NPL":9638842483.90472,"NZL":16113750239.6804,"OMN":19730879938.0596,"PAK":22811522857.5295,"PAN":8832242051.03447,"PER":78589897922.7032,"PHL":108754857244.204,"PNG":3240131311.16525,"POL":166030186476.158,"PRT":32535115418.1482,"PRY":9661226172.74015,"QAT":42212542110.0839,"ROU":51885588481.0885,"RUS":632241824796.464,"RWA":1867245803.70416,"SAU":473889603512.936,"SGP":425097835210.8,"SLB":694515407.823578,"SLE":945907747.182478,"SLV":3426052270.22409,"SMR":954382643.359993,"SRB":18616661464.3849,"SSD":341932479.973586,"STP":75017386.4624661,"SUR":992256911.851907,"SVK":9609533728.63927,"SVN":2266987091.84422,"SWE":62053165556.5423,"SWZ":572281510.898637,"SYC":702584737.676732,"TCD":211590754.917343,"THA":246025242648.57,"TJK":2498779540.05517,"TLS":979959343.84168,"TON":361811847.800967,"TTO":6879594621.96588,"TUN":8845557076.37304,"TUR":111184882382.134,"UGA":4878616030.6679,"UKR":30966674653.8888,"URY":16962770286.5533,"USA":716152260973.711,"UZB":35375443899.6491,"VCT":311902934.999223,"VNM":109371353442.833,"VUT":664751367.261715,"WSM":294681800.100088,"YEM":1687999721.249,"ZAF":57597149617.2517,"ZMB":2753875454.2912,"ZWE":838780244.641997}}