{"schemaVersion":1,"dataKind":"ranking-year","indicatorId":"FI.RES.TOTL.CD","year":2022,"valuesByCountry":{"ABW":1543940590,"AFG":9748946326.71795,"AGO":13654715740.4528,"ALB":5266463583.50312,"ARE":138433303844.914,"ARG":44795335171.5152,"ARM":4111690218.3518,"ATG":396505745.512242,"AUS":56701901829.646,"AUT":33077693776.3888,"AZE":11338378376.1943,"BDI":158530300.559316,"BEL":42101229345.1949,"BGD":33747202271.7021,"BGR":40989114449.5133,"BHR":4774898054.78218,"BHS":2609421074.79741,"BIH":8761700726.02153,"BLR":7923329893.42426,"BLZ":482145605.528776,"BOL":3752070996.50723,"BRA":324673449781.4,"BRB":1519660179.91511,"BRN":5034739047.43322,"BTN":825755411.679767,"BWA":4278950590.03447,"CAF":374404781.268038,"CAN":106952377364.743,"CHE":923627520640.527,"CHL":39102338845.0328,"CHN":3306839412813.77,"CMR":5133480338.41129,"COD":4378100481.591,"COG":835649476.998537,"COL":56703971712.5605,"COM":283746116.067475,"CPV":729566303.82411,"CRI":8554013584.20952,"CUB":144018160,"CYM":225400000,"CYP":1670555054.09173,"CZE":139981275466.869,"DEU":293913690186.796,"DJI":589437241.827389,"DMA":204343039.949667,"DNK":96072552269.3926,"DOM":14522975012.3239,"DZA":71852290093.8577,"ECU":8459270681.86545,"EGY":32143926008.4606,"ERI":191694416.403147,"ESP":92905070059.7299,"EST":2216592399.41163,"ETH":1191712941.06265,"FIN":16036363939.0545,"FJI":1556777405.71405,"FRA":242415618842.022,"FSM":497434120.418255,"GAB":1415483890.94364,"GBR":176409966646.608,"GEO":4886343005.58234,"GHA":5205457212.278,"GIN":2109566460.25546,"GMB":568244498.422457,"GNQ":1457611930.34543,"GRC":12061425398.4158,"GRD":371767322.523094,"GTM":20414938168.4224,"GUY":917877051.389658,"HKG":424029810371.016,"HND":8410394831.45325,"HRV":29726299387.3297,"HTI":2173397186.29319,"HUN":41218685384.2451,"IDN":137222356128.227,"IND":567298153917.14,"IRL":13039213740.6945,"IRN":7685456407.40761,"IRQ":97009236971.5221,"ISL":5887412717.94843,"ISR":194231433877.693,"ITA":224580577612.139,"JAM":4520481084.67503,"JOR":18198223674.0612,"JPN":1227573263129.26,"KAZ":35076053023.0673,"KEN":7969488013.00049,"KGZ":2798508309.69425,"KHM":17801364792.3965,"KNA":293979512.215724,"KOR":423365991593.016,"KOS":1247751320.33903,"KWT":52461721622.8115,"LAO":1576038534.74606,"LBN":32512880021.5268,"LBR":599660417.529907,"LBY":86683417844.2693,"LCA":389083414.445693,"LKA":1896231717.15846,"LSO":771278260.396463,"LTU":5365254190.36888,"LUX":2873502278.71075,"LVA":4460033442.8517,"MAC":25970915000,"MAR":32314245660.4383,"MDA":4474190590.35256,"MDG":2159914363.96649,"MDV":832094352.898169,"MEX":201118689946.087,"MKD":4120124979.25763,"MLT":1199148720.77094,"MMR":8181951380.6341,"MNE":2040827973.50695,"MNG":3398458522.32196,"MOZ":2938739967.66209,"MRT":2038562789.40175,"MUS":7792807407.92421,"MWI":594498493.623211,"MYS":114658812345.11,"NAM":2803462864.6202,"NGA":36809762970.197,"NIC":4404430742.32312,"NLD":63352655591.2206,"NOR":72077375478.9292,"NPL":9319150273.48101,"NZL":14399554617.1628,"OMN":17606348634.1578,"PAK":9926587077.28489,"PAN":6876072133.54101,"PER":72328123071.4846,"PHL":96040188240.9305,"PNG":3982557795.83284,"POL":166663927036.393,"PRT":32231572058.7869,"PRY":9518826116.61083,"QAT":47389335669.7513,"ROU":55810109299.0554,"RUS":581709956946.206,"RWA":1725586898.68952,"SAU":478231707665.7,"SDN":177933851.813136,"SGP":296628740109.38,"SLB":661603757.979699,"SLE":624496474.631726,"SLV":2694849266.61349,"SMR":716066334.08873,"SOM":23109678.975035,"SRB":20679650165.5243,"SSD":94914465.1760948,"STP":64476467.0374442,"SUR":1194597643.59574,"SVK":10280260081.4338,"SVN":2267946375.45725,"SWE":64288785008.4922,"SWZ":452351748.185594,"SYC":638960849.807493,"SYR":20631907296.8694,"TCD":1013220923.95659,"THA":216500525687.125,"TJK":3847356746.4018,"TKM":1513006832.36548,"TLS":873769544.845485,"TON":375564012.935228,"TTO":6832392604.5144,"TUN":8094326708.95378,"TUR":128735003395.893,"TZA":5049646420.4773,"UGA":4080407824.1636,"UKR":28505931892.0519,"URY":15126762057.5326,"USA":706644215998.894,"UZB":35773956817.6684,"VCT":320193327.161331,"VEN":9794062064.62109,"VNM":86539530966.6451,"VUT":638537154.34393,"WSM":321163283.656377,"YEM":1250826378.53556,"ZAF":60553113006.2544,"ZMB":2967565317.1942,"ZWE":598621573.627058},"yearsByCountry":{"AFG":2020,"CUB":1960,"ERI":2019,"FSM":2021,"IRN":1982,"MRT":2021,"MWI":2020,"SDN":2017,"SOM":1989,"SYR":2010,"TKM":1999,"TZA":2018,"VEN":2017}}