{"schemaVersion":1,"dataKind":"ranking-year","indicatorId":"FI.RES.TOTL.CD","year":2023,"valuesByCountry":{"ABW":1468151730,"AFG":9748946326.71795,"AGO":13942114198.8827,"ALB":6455445543.45667,"ARE":189490945175.27,"ARG":23080560550.2946,"ARM":3607482711.24984,"ATG":364367020.1964,"AUS":61703347652.0138,"AUT":31212271321.9899,"AZE":13748751031.513,"BDI":90349885.1781752,"BEL":41674679631.4111,"BGD":21859709190.8892,"BGR":46333887862.1794,"BHR":5117552034.50774,"BHS":2511681591.43478,"BIH":9204916833.8925,"BLR":8117798862.30498,"BLZ":473729034.128495,"BOL":1799951502.87318,"BRA":355021395541.562,"BRB":1605919490.51552,"BRN":4482741926.02545,"BTN":654480752.429944,"BWA":4755831848.94262,"CAF":479592712.605638,"CAN":117550899244.64,"CHE":863891876435.068,"CHL":46377347796.8251,"CHN":3449544415518.98,"CMR":4882047276.67738,"COD":5104181646.55259,"COG":715391052.357981,"COL":59040690523.7904,"COM":324560634.116794,"CPV":837880565.130437,"CRI":13225042447.0424,"CUB":144018160,"CYM":234000000,"CYP":1789231286.1808,"CZE":148378918433.596,"DEU":322700066274.527,"DJI":502033555.759361,"DMA":183530007.089389,"DNK":109370841823.917,"DOM":15546714438.2443,"DZA":81216738411.6242,"ECU":4441563798.69096,"EGY":33070180836.1374,"ERI":191694416.403147,"ESP":103088770527.743,"EST":2593038273.75935,"ETH":2028214254.61106,"FIN":16928837296.6914,"FJI":1548302837.62548,"FRA":240792007784.254,"FSM":497434120.418255,"GAB":1447408422.70298,"GBR":177915356242.234,"GEO":5002255638.46392,"GHA":3623904994.58702,"GIN":1887171051.40105,"GMB":577028229.488264,"GNQ":1538461553.77119,"GRC":13608620628.7708,"GRD":404129916.314621,"GTM":21311089849.3863,"GUY":895275181.194153,"HKG":425554111033.182,"HND":7543352779.92798,"HRV":3176284868.24805,"HTI":2583016532.68436,"HUN":45718623573.4135,"IDN":146358992701.848,"IND":627792750126.715,"IRL":12904794778.1845,"IRN":7685456407.40761,"IRQ":112232897713.46,"ISL":5808710368.479,"ISR":204660857567.016,"ITA":247396384253.983,"JAM":4868643492.7225,"JOR":19068901690.6261,"JPN":1294636035263.82,"KAZ":35964591353.82,"KEN":7341776189.84466,"KGZ":3236844683.24645,"KHM":19983916474.9418,"KNA":286074596.982653,"KOR":420930029064.025,"KOS":1245423955.07842,"KWT":52619359334.9437,"LAO":1769745792.21118,"LBN":27489698131.497,"LBR":441429534.738618,"LBY":92427294786.8624,"LCA":424323643.897079,"LKA":4405117005.00662,"LSO":854088923.807729,"LTU":6168341355.74637,"LUX":2977407185.9864,"LVA":4956772380.01986,"MAC":27770639000,"MAR":36327701787.7523,"MDA":5453111013.53607,"MDG":2631980575.49645,"MDV":590522550.56534,"MEX":214316827085.02,"MKD":5014981540.03403,"MLT":1222820471.48281,"MMR":9337819633.15963,"MNE":1573580964.08645,"MNG":4915514836.40429,"MOZ":3637000551.83482,"MRT":2038562789.40175,"MUS":7247890260.49611,"MWI":594498493.623211,"MYS":113462632023.729,"NAM":2956284637.81427,"NGA":33452495121.7329,"NIC":5446998877.80189,"NLD":69829689143.2849,"NOR":80459096008.3425,"NPL":12456122668.8948,"NZL":15487380827.5418,"OMN":17454630668.5072,"PAK":13730353485.3454,"PAN":6756683681.74504,"PER":71394387239.6392,"PHL":103742233308.668,"PNG":3901331641.41289,"POL":193783277723.378,"PRT":35243055047.801,"PRY":9885683629.59266,"QAT":51538727785.639,"ROU":72999646521.5027,"RUS":597217063819.197,"RWA":1834052909.65197,"SAU":457948635287.488,"SDN":177933851.813136,"SGP":359834756845.917,"SLB":688220066.972769,"SLE":495698793.817761,"SLV":3079168947.08155,"SMR":836088074.053394,"SOM":23109678.975035,"SRB":27569406103.6015,"SSD":72880855.2161365,"STP":46247347.8884686,"SUR":1346122670.63627,"SVK":11288019853.7365,"SVN":2369992496.30558,"SWE":60862760991.0537,"SWZ":479261051.167947,"SYC":682793969.314271,"SYR":20631907296.8694,"TCD":1049788251.30153,"THA":224470464418.923,"TJK":3303825209.68631,"TKM":1513006832.36548,"TLS":825304004.273166,"TON":396530126.417996,"TTO":6255633381.74802,"TUN":9239745488.47506,"TUR":140868480001.696,"TZA":5049646420.4773,"UGA":3939109256.17839,"UKR":40510106307.8863,"URY":16256769466.6151,"USA":773426187289.127,"UZB":34557511091.0994,"VCT":280564003.843077,"VEN":9794062064.62109,"VNM":92237540812.2468,"VUT":643768389.576285,"WSM":447089817.094158,"YEM":1250826378.53556,"ZAF":62491675820.3129,"ZMB":3173177777.1366,"ZWE":115529709.859095},"yearsByCountry":{"AFG":2020,"CUB":1960,"ERI":2019,"FSM":2021,"IRN":1982,"MRT":2021,"MWI":2020,"SDN":2017,"SOM":1989,"SYR":2010,"TKM":1999,"TZA":2018,"VEN":2017,"YEM":2022}}