{"schemaVersion":1,"dataKind":"ranking-year","indicatorId":"FI.RES.TOTL.CD","year":2024,"valuesByCountry":{"ABW":1902250220,"AFG":9748946326.71795,"AGO":14242892504.6249,"ALB":6515581527.6007,"ARE":237931339945.396,"ARG":29559610350.783,"ARM":3685220142.94538,"ATG":358440631.721894,"AUS":60404058269.2777,"AUT":35405523062.0747,"AZE":12699124299.9099,"BDI":90349885.1781752,"BEL":42330768016.1493,"BGD":21394795733.0405,"BGR":43698277895.9664,"BHR":4948702759.13155,"BHS":2632098082.6404,"BIH":9418858050.22744,"BLR":8912194598.43983,"BLZ":498087320.739572,"BOL":1977025889.30984,"BRA":329732443813.377,"BRB":1653675115.4119,"BRN":4414307817.04607,"BTN":941017689.206036,"BWA":3455661776.33964,"CAF":489286576.286085,"CAN":119778473396.957,"CHE":909365744096.394,"CHL":44403009394.3695,"CHN":3456024808739.12,"CMR":5061511549.89538,"COD":5104181646.55259,"COG":758550233.065436,"COL":61897968642.4239,"COM":323945586.380687,"CPV":783105557.825453,"CRI":14177018013.5178,"CUB":144018160,"CYM":252096650.4,"CYP":2087252552.47629,"CZE":146281239761.97,"DEU":377935141356.242,"DJI":348725427.269845,"DMA":155971242.017245,"DNK":108405100882.539,"DOM":13471257812.8679,"DZA":83007108429.3211,"ECU":6907743954.50086,"EGY":44921341018.4659,"ERI":191694416.403147,"ESP":107774094168.875,"EST":2074505152.71103,"ETH":3784387425.1912,"FIN":17992892153.4528,"FJI":1599606710.18293,"FRA":282857363313.825,"FSM":497434120.418255,"GAB":638788434.429856,"GBR":174597843325.182,"GEO":4447216641.42079,"GHA":4472457558.56406,"GIN":1345598715.8962,"GMB":628849157.476695,"GNQ":1076807833.41514,"GRC":15221750195.0005,"GRD":423263143.568031,"GTM":24412418011.7846,"GUY":1009772163.61402,"HKG":425554111033.182,"HND":8036257488.95927,"HRV":3335632832.65449,"HTI":2714226653.6402,"HUN":46422357553.8952,"IDN":155708275547.574,"IND":643042560625.541,"IRL":12698067021.8083,"IRN":7685456407.40761,"IRQ":100690954781.588,"ISL":6402950468.75603,"ISR":214543676669.814,"ITA":290547420426.359,"JAM":5632916052.14541,"JOR":21939099361.5116,"JPN":1230666979042.45,"KAZ":45807523139.2563,"KEN":10066607177.351,"KGZ":5088723593.73523,"KHM":22505568572.5432,"KNA":294747744.694362,"KOR":418218648901.669,"KOS":1310096686.95658,"KWT":50727942998.1333,"LAO":2213001000.16953,"LBN":33301277509.6206,"LBR":367711666.748042,"LBY":92893708178.1604,"LCA":406063791.484465,"LKA":6093946546.37437,"LSO":1007862057.19677,"LTU":7407101582.10623,"LUX":2789187309.62034,"LVA":5140826261.28181,"MAC":29391736000,"MAR":37133907722.7893,"MDA":5483515866.86942,"MDG":2784591092.62259,"MDV":673885912.694607,"MEX":232035392464.815,"MKD":5251936213.50666,"MLT":1417609467.81291,"MMR":9337819633.15963,"MNE":1741494536.63686,"MNG":5507944030.50837,"MOZ":3842807100.82527,"MRT":2038562789.40175,"MUS":8506134285.10038,"MWI":594498493.623211,"MYS":116229205257.758,"NAM":3355524014.61227,"NGA":40405994024.7986,"NIC":6104867094.02533,"NLD":79129609286.1887,"NOR":81241559661.5009,"NPL":15846781298.75,"NZL":22065156553.5373,"OMN":18286526117.9972,"PAK":18407745860.6666,"PAN":6855505288.43603,"PER":79246042707.9259,"PHL":106195050244.098,"PNG":3708907022.18138,"POL":223114909804.172,"PRT":42434283510.5071,"PRY":9567715594.05829,"QAT":53987415590.4034,"ROU":73391248091.2734,"RUS":608360767884.902,"RWA":2406465191.3504,"SAU":463869589071.029,"SDN":177933851.813136,"SGP":383945953550.791,"SLB":685807870.563439,"SLE":433270129.080483,"SLV":3704746691.22734,"SMR":758942003.435389,"SOM":23109678.975035,"SRB":30484164151.2486,"SSD":15961778.4894403,"STP":58787511.7763146,"SUR":1632317813.39707,"SVK":14451891658.1508,"SVN":2832429184.62504,"SWE":62569356006.7168,"SWZ":536572585.913259,"SYC":773677575.743445,"SYR":20631907296.8694,"TCD":1547604928.86707,"THA":236933974075.014,"TJK":3630709354.49572,"TKM":1513006832.36548,"TLS":780435177.882018,"TON":377298748.746431,"TTO":5601120709.15512,"TUN":9343597097.75793,"TUR":155548682878.169,"TZA":5049646420.4773,"UGA":3482906765.58962,"UKR":43780549772.8406,"URY":17377698943.2229,"USA":910036546651.5,"UZB":41236890133.3347,"VCT":316823948.572001,"VEN":9794062064.62109,"VNM":83081854928.1161,"VUT":614649778.922429,"WSM":507740280.935857,"YEM":1250826378.53556,"ZAF":65434957159.2265,"ZMB":4089834507.97439,"ZWE":484972804.72655},"yearsByCountry":{"AFG":2020,"BDI":2023,"COD":2023,"CUB":1960,"ERI":2019,"FSM":2021,"HKG":2023,"IRN":1982,"MMR":2023,"MRT":2021,"MWI":2020,"SDN":2017,"SOM":1989,"SYR":2010,"TKM":1999,"TZA":2018,"VEN":2017,"YEM":2022}}